tier,appid,name,release,has_date,developers,publishers,dog,hunting,online_coop,stealth,horror,tags,short_description,url,why_close
A,5213150,Cat Fiesta,2026-10-08,True,Mango30,Mango30,False,True,False,False,False,"Casual, Multiplayer, Party Game, Action, Hidden Object, Funny, Hunting, PvP, First-Person, Indie","Online prop hunt. Hiders turn into any object they can see - a crate, a candy cane - and win by collecting every fish on the map. The catch: your disguise has eyes. They blink at a random time you cannot stop, and the blink is seen and heard. Hunters carry guns and win by shooting them all first.",https://store.steampowered.com/app/5213150/,
A,3064040,Bluey's Happy Snaps,2026-10-15,True,Gameloft,Gameloft,True,False,False,False,False,"Adventure, Casual, Education, Action-Adventure, Puzzle, Exploration, Colorful, Cute, Family Friendly, Cartoon","Time to play! Explore, have fun and capture your favorite moments with Bluey and Bingo in this photo-powered game. Look out for familiar spots from the show, create your own scrapbook and turn in-game memories into playful moments for real life.",https://store.steampowered.com/app/3064040/,
A,2434930,Blue Ridge Hunting,2026-10-20,True,Jade Meadows,Jade &amp; Company,False,True,True,False,True,"Horror, Online Co-Op, First-Person, Multiplayer, Survival Horror, Exploration, PvE, Team-Based, Mythology, Co-op Campaign","Blue Ridge Hunting is a co-op horror game set in the Appalachian Mountains. Solo or with friends, investigate, document, and hunt cryptids based on real sightings, legends, and eerie phenomena from the region. Are you brave enough to uncover the truth?",https://store.steampowered.com/app/2434930/,кооп-хоррор: охота на криптидов
A,5155810,PupRacers,2026-10-22,True,Jean-Yves Quentel,Jean-Yves Quentel,True,False,False,False,False,"Racing, Action, Adventure, Casual, Action-Adventure, Arcade, Exploration, Third Person, Dogs, Free to Play","🐕 Race on hoverboards as cute dogs in Hawaiian shirts! 🏄 Complete quests, explore tropical islands, destroy alien Troll oil rigs, and save the planet 🌍 Solo story, online multiplayer, cross-platform. Free to play, no ads!",https://store.steampowered.com/app/5155810/,
A,2174060,Sincognito,2026-10-26,True,Knockback Games,Knockback Games,False,True,False,True,True,"Investigation, Detective, Survival Horror, Stealth, Horror, Exploration, Multiplayer, Dark Fantasy, Strategy, Physics",A social deduction investigation horror game where one of you is secretly possessed by a Deadly Sin. Use stealth and proximity chat to cooperate or deceive as you gather clues and compare findings to deduce which Sin is haunting the castle.,https://store.steampowered.com/app/2174060/,
A,2482760,Hunting Simulator 3,2026-10-29,True,Nacon Studio Ghent,Nacon,False,True,True,False,False,"Hunting, Open World, Simulation, Realistic, First-Person, Singleplayer, Exploration, Nature, Adventure, Action","This open-world game lets you experience the thrill of the hunt, with your faithful dog by your side! Choose your equipment from official brands, and explore the wilderness in search of your next game.",https://store.steampowered.com/app/2482760/,"реалистичная охота с собакой, открытый мир"
A,5211690,Ghillie Wars,2026-10-31,True,J2LRG Games,J2Large Games LLC,False,True,False,True,False,"Sniper, Stealth, Tactical, PvP, Third-Person Shooter, Multiplayer, Shooter, Atmospheric, Realistic, Military","Ghillie Wars is a multiplayer sniper hunt built around camouflage, patience, and the tension of being watched. Match your camo to the terrain, find the other snipers, and choose when to fire. One life per round. Everyone has access to the same rifle and camouflage choices.",https://store.steampowered.com/app/5211690/,
A,4927030,Last Buzz,2026-11-10,True,"Vincentnerv, Zabyvajko",FewCoolGames,False,True,True,True,False,"Party Game, Multiplayer, Stealth, Co-op, Survival, Flight, Funny, Comedy, Hunting, Team-Based","Last Buzz is a 2–6 player Humans vs. Flies multiplayer game. Steal food, crawl on ceilings, hide in stupid places, and rescue your friends as a fly—or grab the bug spray, lock down the house, and hunt the little bastards before they take over.",https://store.steampowered.com/app/4927030/,
A,4634930,Cow Online World,2026-11-11,True,Pajama Bee Entertainment,Pajama Bee Entertainment,True,False,False,False,False,"RPG, MMORPG, LGBTQ+, Cute, 2D, Massively Multiplayer, Adventure, Point & Click, Sandbox, Exploration","Design your own animal self and meet other creatures in this colourful MMO! Graze with your friends and level skills like Basket Weaving, Trivia, Kindness, and more in a world that humans have left behind.",https://store.steampowered.com/app/4634930/,
A,5200400,Meat Safari,2026-12-07,True,GoblinRunt Games,GoblinRunt Games,False,True,True,False,False,"Online Co-Op, Party Game, Cooking, Driving, Co-op, Physics, Multiplayer, Hunting, Team-Based, Time Management","Meat Safari is a multiplayer open-world restaurant simulator! Hunt ingredients, cook meat, stack cargo, and race across Meat World solo or in 4-player online co-op. Choose your driver and vehicle, and get out on the safarI!",https://store.steampowered.com/app/5200400/,"кооп: охота на ингредиенты + готовка, пати"
A,4682910,Hide or Seek: Container Island,2026-12-31,True,Thia Studio,Thia Studio; Ozz Games,True,False,True,False,True,"Early Access, Online Co-Op, PvE, Adventure, PvP, Action-Adventure, Action, Casual, Family Friendly, Exploration","Hide or Seek: Container Island is COOP, PVP or solo game where you can hide as a cat or seek as a dog. While hiding, you have to hide through multiple areas in Container Island using magic potions from Dhugs, while evading creatures. While seeking, you have to capture all cats.",https://store.steampowered.com/app/4682910/,"прятки: кошки против собак, кооп/PvP"
A,4685480,PAWTENTIAL DISASTER,2026-12-31,True,Yummy Games,Yummy Games,True,False,True,False,False,"Multiplayer, Adventure, Physics, Online Co-Op, Action-Adventure, Co-op, Singleplayer, Exploration, Dogs, Action",A chaotic physics co-op game where a pack of dogs must get one very unlucky baby back home and a avoid Pawtential Disaster.,https://store.steampowered.com/app/4685480/,хаотичный физический кооп за стаю собак
A,4644500,Fearless Crew,2026-12-31,True,Wise Bu,Wise Bu,False,True,True,True,True,"Exploration, Collectathon, Creature Collector, Hunting, Party Game, Action-Adventure, 3D, First-Person, Horror, Procedural Generation","Fearless Crew is a  monster-hunter  co-op game where you and up to 3 friends hunt monsters and bring them back to the ship. Each monster is caught in a unique way, with different tools - so be smart about what items you use and when. Even you might get caught off guard by the very tools you use",https://store.steampowered.com/app/4644500/,кооп-охота на монстров с выносом добычи на корабль
A,1728620,IKUMA - The Frozen Compass,2026-12-31,True,Mooneye Studios,Mooneye Studios,True,False,False,False,False,"Adventure, Exploration, Atmospheric, Emotional, Indie, Open World, LGBTQ+, Third Person, Action-Adventure, Survival","Embark on a haunting journey into the cold in this narrative adventure - either alone or with a friend. IKUMA tells the story of Sam, a teenage boy who finds himself stranded in the Arctic with his dog. He must face not only its harsh environment, but also something lurking deeper in the shadows.",https://store.steampowered.com/app/1728620/,
A,5035940,Barkyard Blitz,2026-12-31,True,Automata Games,Automata Games,True,False,False,False,False,"PvP, Party Game, Competitive, Physics, Third Person, Funny, Dogs, Fast-Paced, Animals, Arcade","Herd sheep, steal points, and blast your rivals with weaponized barking! Gain unique abilities, defend your base, survive chaotic events, and play different roles in the ultimate farmyard battle.",https://store.steampowered.com/app/5035940/,
A,5080060,Africa Survival,2026-12-31,True,Lion Studio,Lion Studio,True,True,False,False,False,"Survival, Base Building, Crafting, Hunting, Adventure, Simulation, Animals, RPG, Casual, Archery","As an explorer, you travel to Africa, hunt in the savanna, Avoid attacks from various ferocious beasts, gather resources, build shelter, and survive.",https://store.steampowered.com/app/5080060/,
A,5068870,America Survival,2026-12-31,True,Crazy Horse ,Crazy Horse ,False,True,False,False,False,"Survival, Female Protagonist, Base Building, Crafting, RPG, Western, Multiplayer, Co-op, Singleplayer, Trading","You are the last Native Americans, the masters of the ancient land of the Americas, hunting, building homes, fighting off invaders, and surviving.",https://store.steampowered.com/app/5068870/,
A,5025110,Australian Hunter,2026-12-31,True,Kangaroo Bro ,Kangaroo Bro ,True,True,False,False,False,"Hunting, Survival, Adventure, Base Building, Simulation, Archery, RPG, Automobile Sim, Casual, Motorbike","Australia is facing a wildlife overpopulation crisis. You will play as a hunter, surviving, hunting, and working in the Australian wilderness to help the Australian people solve this ecological disaster.",https://store.steampowered.com/app/5025110/,
A,5268480,Goblin Apocalypse: Open World Survival,2026-12-31,True,Nons Games,Nons Games,False,True,True,False,False,"Exploration, Outbreak Sim, Third-Person Shooter, Sandbox, Simulation, RPG, Colony Sim, Hunting, Fishing, Multiplayer","The human king is dead, and the fragile peace of Turtek died with him. Survive as a goblin in an open world, solo or in co-op: sneak past raiders, fight with stamina-based combat, rescue goblins and peaceful humans, and build a colony that keeps working while you explore.",https://store.steampowered.com/app/5268480/,
A,5254220,Pawtings! Hidden Dogs,2026-12-31,True,Raman &amp; Rey Games,Raman &amp; Rey Games,True,False,True,False,False,"Casual, Hidden Object, Puzzle, Point & Click, Dogs, Relaxing, Cozy, Hand-drawn, Cute, Colorful","Find hidden dogs in real museum paintings. Explore dozens of artworks, spot the hand-drawn dogs hiding in the details, and watch the color come back into each canvas. Play solo or hunt with up to three friends in a split screen or online. Enjoy a relaxing hidden-object game set to classical music.",https://store.steampowered.com/app/5254220/,
A,4782240,Dog Man: Bark in Action,2026-12-31,True,Floor 84,Mindscape,True,False,False,False,False,"Adventure, Action, Casual, Platformer, 2D Platformer, Collectathon, Puzzle Platformer, 2D, Cartoon, Cartoony","Join Dog Man and his Supa Buddies for a supa-new adventure! Packed with boss fights, awesome gadgets and up to 10 playable characters, each with unique abilities. ",https://store.steampowered.com/app/4782240/,
A,4986260,Cover Up!,2026-12-31,True,Arctic Heatwave,Smidd Games,False,True,False,True,False,"Hidden Object, PvP, Hunting, Party Game, Character Customization, Casual, 3D, Cute, First-Person, Third Person","Hide in plain sight. Cover Up! is an online 30-players hide-and-seek where you are the camouflage: paint your body to melt into the world, hold your nerve as seekers stalk past, and win by being invisible in full view. ",https://store.steampowered.com/app/4986260/,
A,4998160,Lost Land,2026-12-31,True, Cute Cat Studio, Cute Cat Studio,False,True,False,False,False,"Survival, Base Building, Dinosaurs, Hunting, Action, Adventure, Building, RPG, Crafting, Fishing","Survival on a mysterious island, Hunting, fishing, farming, enjoying a free life",https://store.steampowered.com/app/4998160/,
A,3664440,Red Rust Pioneers,2026-12-31,True,fish in a bottle,Rusty Robot,False,True,True,False,False,"Survival, Open World Survival Craft, Co-op, Western, Open World, Online Co-Op, Adventure, Action, Crafting, Base Building","Build a new life in the Wild West open world of Red Rust Valley, alone or with up to 4 players in co-op. Hunt, farm, raise animals and craft through the changing seasons in this survival game as your camp grows from a canvas tent to a homestead. Free land, open skies, and a world worth exploring.",https://store.steampowered.com/app/3664440/,
A,3620610,Primal Survival,2026-12-31,True,Quantum Box,Quantum Box,False,True,True,False,False,"Open World Survival Craft, Survival, Open World, Base Building, Crafting, Online Co-Op, Co-op, Exploration, Third Person, Sandbox","A realistic prehistoric survival game where you play as Homo habilis or Homo erectus. Craft primitive tools, build shelter, hunt massive beasts, and survive the harsh forces of nature in a vast multiplayer world.",https://store.steampowered.com/app/3620610/,
A,3064500,DOBA - Dogs Battle Arena,2026-12-31,True,Artax Games,Artax Games,True,False,False,False,False,"Action, Battle Royale, MOBA, 3D, Cartoony, Colorful, Third Person, Split Screen, Dogs, Funny","All urban packs of dogs need an alpha, and when it comes to rule over parks, dogs have their own ways! Splat pee all around to claim territory or knock out your rivals using your crafted set of the craziest skills ever found in a battle arena.",https://store.steampowered.com/app/3064500/,
A,2982710,Barely Alive,2026-12-31,True,Sauce Games,Sauce Games,False,True,True,False,False,"Action, Party Game, Casual, Online Co-Op, Multiplayer, Survival, Exploration, First-Person, Nature, Snow",A co-op survival party game. Hunt your friends or survive until sunrise.,https://store.steampowered.com/app/2982710/,"кооп-выживание, пати: «охоться на друзей»"
A,3266120,Plush Party,2026-12-31,True,Jugacogi,Jugacogi,True,False,False,False,False,"Cute, Family Friendly, Funny, Casual, Indie, Local Multiplayer, 4 Player Local, Party Game, Cats, Local Co-Op","Get ready to challenge family and friends in PLUSH PARTY, the ultimate party game for all ages! Customize your cat, escape the claw, and be the last plushie standing!",https://store.steampowered.com/app/3266120/,
A,3828740,"Chicken Jump, Puppy Jump",2026-12-31,True,All In Studio,All In Studio,True,False,True,False,False,"Party Game, Multiplayer, PvP, Physics, Funny, Online Co-Op, Co-op, Comedy, Action, Casual","An online multiplayer party game for 4–8 players. Build your crew of robo-animal thieves, roam across insane locations to snatch treasures, or simply STEAL goodies from rival players — all to become the MOST WANTED crew on the Bounty Board!",https://store.steampowered.com/app/3828740/,
A,3701830,Barks and Bytes,2026-12-31,True,ThePhantomGames,ThePhantomGames,True,False,True,False,True,"Multiplayer, Casual, Horror, Card Game, PvP, Online Co-Op, Co-op, Robots, Dogs, First-Person",Barks & Bytes is a 4-players social deduction card game where robot prototypes undergo a testing program designed to measure stability through decision-making. Only one makes it through. The others are recycled.,https://store.steampowered.com/app/3701830/,
A,2209340,Have You Herd?,2026-12-31,True,Tideturners,Tideturners,True,False,False,False,False,"Co-op, Local Co-Op, Colorful, Local Multiplayer, Multiplayer, 4 Player Local, Character Customization, Dogs, Family Friendly, Cute","Woolbeard the bad pirate sheep set the critters loose across the country! Only Cowboy Maloy and his pups - Duke, Hazel, Rusty, Nugget and Bear - can round 'em up. Herd, bark and howl through levels solo or co-op for 4 players. End the Herdpocalypse and earn everyone their much-needed vacation!",https://store.steampowered.com/app/2209340/,
A,3990510,Hop & Seek,2026-12-31,True,Les jeux bleus,Les jeux bleus,False,True,True,False,False,"Multiplayer, Party Game, Hidden Object, Hunting, Casual, Cute, First-Person, PvP, Family Friendly, Physics",A cozy two-player hidden-object game where you hide objects for each other on a small Mediterranean island.,https://store.steampowered.com/app/3990510/,
A,4625300,STAFFUP,2027-03-31,True,Abubu Dance,The Bueno Interactive,False,True,False,False,False,"Top-Down Shooter, Collectathon, Adventure, Hand-drawn, Action, Resource Management, Casual, Simulation, Local Co-Op, Arena Shooter","Two friends turn their new startup into a quadrillionaire corp by hunting candidates in this local co-op cozy incremental top-down shooters. Suck candidates, collect blueprints, register patents, and renovate the office into a massive corporate cashing machine while firing employees along the way.",https://store.steampowered.com/app/4625300/,
A,5085900,Pupmancer,2027-03-31,True,SuspiciousCosmos,SuspiciousCosmos,True,False,True,False,False,"Action Roguelike, RPG, Dungeon Crawler, Action, PvE, PvP, Action RPG, Character Customization, 3D, Top-Down","Pupmancer is a top-down 3D action roguelite where you fight through dangerous dungeons as a magic-wielding pup. Discover powerful spells, loot, craft potions, and build your pup’s abilities to survive each run. Adventure solo or team up online with friends to take on enemies or fight in PvP battles.",https://store.steampowered.com/app/5085900/,
A,5219680,Dirty Dogs,2027-03-31,True,Zedstar Games,Zedstar Games,True,False,True,False,False,"Social Deduction, Party Game, Multiplayer, Online Co-Op, PvP, Team-Based, Casual, Funny, Cute, Hand-drawn","An online party game for 3 to 10 players. Among Us meets Cluedo, in a dog park. Mark your territory, sniff out the strays in disguise, and argue it out at the pack meeting.",https://store.steampowered.com/app/5219680/,социальная дедукция за собак (пати)
A,4796520,Counter Ducks,2027-03-31,True,SandZ Studio,SandZ Studio,False,True,False,False,False,"PvP, Multiplayer, Comedy, Team-Based, FPS, Shooter, First-Person, Third Person, Third-Person Shooter, Animals","An asymmetric FPP/TPP shooter with two different game modes. In PvE, hunt ducks solo or in co-op, earn money, and upgrade your gear. In PvP, switch roles and play as a duck against hunters in chaotic 4v4 battles!",https://store.steampowered.com/app/4796520/,
A,2751070,Paleokin,2027-03-31,True,Accept Permadeath,Accept Permadeath,False,True,True,False,False,"Open World Survival Craft, Dinosaurs, Survival, Action, Base Building, Crafting, Adventure, Open World, Stylized, Simulation","Paleokin is a brutal prehistoric survival game set in an infinite procedural world. Fight mammoths and dinosaurs, build a settlement, farm the land, breed your own dinos, and stay alive. Alone or with friends.",https://store.steampowered.com/app/2751070/,
A,3606840,Evolution Of The Ancients,2027-03-31,True,Ancient Tide Studios ,Ancient Tide Studios,False,True,True,False,False,"Survival, Open World, Multiplayer, Dinosaurs, Crafting, Building, Sandbox, PvP, Singleplayer, PvE","Dinosaurs never went extinct. Now they’re taking their first steps towards civilisation. Grow from a vulnerable hatchling into a herd leader. Recruit NPC dinosaurs, team up with other players and craft bone armour for your herd. Build nests and raise young in a persistent prehistoric world.",https://store.steampowered.com/app/3606840/,
A,2397360,Arctic Unrest,2027-03-31,True,RadMods Studios,RadMods Studios,False,True,True,False,False,"Action, Adventure, RPG, Co-op, Online Co-Op, Multiplayer, Singleplayer, Base Building, Building, Crafting","Arctic Unrest is an intense experience of survival set in a hand-crafted frozen arctic world.   Hunting, fishing, building, crafting &  fighting are required to survive.  Vehicles & Parkour & Traversal system enable you to explore the vast frigid world.  Wishlist it  Today.  Keep frosty & Keep Alive",https://store.steampowered.com/app/2397360/,
A,5136890,Kennel Chaos: Daycare Simulator,2027-06-30,True,Watashi Games,Watashi Games,True,False,False,False,False,"Casual, Job Simulator, Dogs, Shop Keeper, Animals, Management, Party Game, Cozy, 3D, Life Sim","You and your friends run a dog daycare. It goes badly. Feed them, wash them, walk them, and scoop what they leave behind, before somebody props a gate open and eleven dogs discover the front door. Co-op chaos with very good pups.",https://store.steampowered.com/app/5136890/,
A,3319450,Armada Pet Wars,2027-06-30,True,Longshot Games,Longshot Games,True,False,False,False,False,"Strategy, 4X, Asynchronous Multiplayer, Turn-Based Strategy, Auto Battler, 2D, Futuristic, Space, Sci-fi, War","Armada Pet Wars is a 4X-lite asynchronous turn based space-themed strategy game... with pets.  Design Starships, make or break alliances, setup your fleets for victory in this strategic, space-themed, auto-battler.",https://store.steampowered.com/app/3319450/,
A,4713940,Monster Fantasy,2027-12-31,True,Jotoyo,Jotoyo,False,True,True,False,False,"Hunting, Action-Adventure, Life Sim, Online Co-Op, Creature Collector, Character Customization, Dragons, Multiplayer, Action RPG, RPG","Hunt giant monsters and build a beautiful home! Monster Fantasy is an action RPG with cozy life-sim elements. As an amnesiac hero, explore Eldoras, battle monsters with companions, befriend villagers, and enjoy fishing, cooking, gathering, and crafting.",https://store.steampowered.com/app/4713940/,
A,4393700,Elderfeast,2027-12-31,True,Lurker Entertainment,Lurker Entertainment,False,True,True,False,True,"Cooking, Action, Online Co-Op, Hunting, Sci-fi, PvE, Extraction Shooter, Atmospheric, Third Person, RPG","Hunt. Carve. Cook. Elderfeast is a co-op action game where the monsters are the menu. Hunt Lovecraftian horrors across the galaxy and slice them apart for ingredients to make your next meal. The better you cook, the stronger you become, but there's always something more terrifying to hunt next.",https://store.steampowered.com/app/4393700/,
A,5088770,Arctic Shop Simulator,2027-12-31,True,PotDev,PlayWay S.A.,True,True,False,False,False,"Action, Adventure, Simulation, Singleplayer, Animals, Casual, Cats, Cleaning, Colorful, Cute","Run a small shop at the edge of the Arctic wilderness. Ride your snowmobile into frozen regions, track and sedate wildlife, fish, survive brutal weather, and return home to sell your finds. Negotiate with customers, expand your shop, and build a thriving business in the far north.",https://store.steampowered.com/app/5088770/,
A,5043650,Gribble Space,2027-12-31,True,CryDream,CryDream,False,True,True,False,False,"Exploration, Creature Collector, Action, Space, Simulation, Management, Hunting, Adventure, Economy, Trading","A cube planet, a bubble gun and a pet shop to run. Catch the local wildlife alive, give every species the right pen, set your own prices and serve the aliens stepping out of the portal. Solo or up to four online.",https://store.steampowered.com/app/5043650/,
A,1334440,Rise & Reign,2027-12-31,True,Saivs Team,JEG Studios,False,True,False,False,False,"Medieval, Multiplayer, RPG, PvP, Open World Survival Craft, Sandbox, Character Customization, Base Building, Hunting, Crafting","Washed ashore on a strange medieval land, it's up to you to choose your destiny. Harvest resources, craft weapons, and build your kingdom. Raid other players or form alliances. Serve the king or take the throne for yourself. This land is harsh, can you survive?",https://store.steampowered.com/app/1334440/,
A,4801280,Visitant,2027-12-31,True,Condemned Entertainment,Condemned Entertainment LLC,False,True,True,False,True,"Horror, Online Co-Op, Exploration, Multiplayer, Psychological Horror, Simulation, Co-op, Supernatural, Indie, First-Person","Hire & level-up hunters, accept contracts to investigate paranormal activity at haunted locations and collect evidence using an arsenal of tools in this psychological horror ghost-hunting simulator, alone or with friends. But it won't be easy! The tormented spirit terrorizes those who meddle with it",https://store.steampowered.com/app/4801280/,
A,2564480,Nomad: Steppeborn Saga,2027-12-31,True,gamegine,gamegine,False,True,True,False,False,"Open World, Survival, Base Building, Online Co-Op, Crafting, RPG, Adventure, Exploration, Building, Fantasy","Nomad: Steppeborn Saga is an open world co-op survival crafting adventure set in a vast, ever changing world of nomadic culture. Explore, trade, forge alliances, and face threats while packing up camp, migrating, and forging your legacy.",https://store.steampowered.com/app/2564480/,
A,1940080,Rooted,2027-12-31,True,Headlight Studio,Headlight Studio,True,False,False,False,True,"Crafting, Open World, Multiplayer, Base Building, Dogs, Open World Survival Craft, Survival, Singleplayer, Horror, Survival Horror","In this solo and multiplayer survival game, explore an ancient overgrown world full of dangers. Salvage, build, craft, hunt,.. and try to survive alone or with your friends in an evolving and fascinating post-apocalyptic environment. Powered by Unreal Engine 5.",https://store.steampowered.com/app/1940080/,
A,3999950,Frozen Echo,2027-12-31,True,Silent Wish Games,Silent Wish Games,False,True,False,False,True,"Survival, Open World Survival Craft, Multiplayer, Co-op, Adventure, Crafting, Open World, Building, Isometric, Action","Venture into the endless frozen wastelands alone or with friends. Stay warm, manage and upgrade your camp, hunt, and learning your skills to survive the harsh cold and wolf attacks.",https://store.steampowered.com/app/3999950/,
A,3851160,Principal Panic,2028-10-31,True,Magenta Games,Magenta Games,False,True,True,False,False,"Casual, RPG, Party-Based RPG, Comedy, Tactical RPG, Funny, Stylized, Hunting, Detective, Social Deduction","Principal Panic is a multiplayer school party game filled with chaotic humor. Each round, one player becomes the principal, while the others try to create chaos by completing mischievous tasks, dancing, and managing energy. Distinguish real students from bots and survive.",https://store.steampowered.com/app/3851160/,
A,1504940,We Can Make It,Coming soon,False,ViciousAfro,ViciousAfro,False,True,False,False,False,"Action, Survival, Shooter, Realistic, PvE, Third-Person Shooter, Dystopian , Zombies, Looter Shooter, Co-op","You and your friends will team up to face the world in this third person challenge. Do your best to stay alive and try to be stealthy. This game has permadeath and relies on planning ahead so you can stay alive. Whether it be zombies, players, or AI, they are all out to get your blood.",https://store.steampowered.com/app/1504940/,
A,4513470,Under Us,Coming soon,False,Skills Issue Entertainment,Skills Issue Entertainment,False,True,True,False,False,"Action, Adventure, Simulation, Action RPG, Sandbox, Shooter, FPS, Outbreak Sim, Third-Person Shooter, Multiplayer","After several small meteors struck the surface of the Earth for more than 48 hours, a strange phenomenon occurred. An unknown and terrifying form of life emerged from the depths. The world is no longer the same.

This is a survival horror game where every night becomes a true nightmare.",https://store.steampowered.com/app/4513470/,
A,1400560,Priest vs. Poltergeist,Coming soon,False,The Defiant Twos,The Defiant Twos,False,True,False,False,True,"Action, PvP, Hunting, Asymmetric VR, VR, Flight, Action RPG, Experimental, First-Person, Demons",Priest vs. Poltergeist is an action-packed VR vs PC local multiplayer duel between the battle-hardened Priest and a powerful Poltergeist. Play on one PC locally or via Remote Play online.,https://store.steampowered.com/app/1400560/,
A,1474500,Flow's Island,Coming soon,False,Videolud,Videolud,True,True,True,False,False,"Dogs, Multiplayer, Massively Multiplayer, Online Co-Op, Survival, Combat, Open World, Character Customization, PvP, PvE","You are one of the strays created by a multinational company determined to seize the power that hides on a mysterious island. Collaborate, survive, fight for your place in the pack and discover the magical secret of the tribes living on the Flow's Island.",https://store.steampowered.com/app/1474500/,кооп-выживание за бродячих зверей
A,1441560,Beast Nature,Coming soon,False,KreizLand Games,KreizLand Games,False,True,True,False,True,"Survival Horror, Co-op, Hunting, Open World, Survival, Horror, Online Co-Op, Mystery, Atmospheric, Multiplayer","You have to fight your fears and solve a mystery of this area. We dont know what lives here aliens, ghosts, bigfoot or just some wild coyotes, when night comes something weird used to happen. Better find something more powerfull then your old shotgun...",https://store.steampowered.com/app/1441560/,
A,4353520,Macro Furry Online,Coming soon,False,No.899,No.899,True,False,True,False,False,"Online Co-Op, PvE, RPG, Sci-fi, Action RPG, Dogs, Singleplayer, Multiplayer, 3D, Exploration","This is an online game where furries battle while growing gigantic or shrinking to tiny sizes!
Fight alongside your allies against enemies that are bigger than buildings or smaller than beans.
Giant allies can even carry you around.
But be careful. If you shrink too much, you might get stepped on.",https://store.steampowered.com/app/4353520/,
A,4361870,Arctic Farmer Life Simulator,Coming soon,False,One Slice of Pizza Games,One Slice of Pizza Games,True,False,True,False,False,"Simulation, Open World, Multiplayer, Online Co-Op, Farming Sim, Life Sim, Immersive Sim, Agriculture, Sandbox, Building","On a remote Arctic island, fresh produce arrives only by air until you decide to grow your own. Farm in harsh conditions, raise poultry for eggs, and supply local schools, shops, and restaurants. Expand with sleds, snowmobiles, hangars, and new air routes to nearby islands and the mainland.",https://store.steampowered.com/app/4361870/,
A,1756230,"Light, Dark or Hrak?",Coming soon,False,Erudition Games,Erudition Games,False,True,True,False,True,"Action, Horror, Online Co-Op, Creature Collector, 3D, Multiplayer, Atmospheric, Co-op, Survival Horror, Exploration","A simple hard worker living in the village is doing his job, when suddenly there are power outages in the village, by a lucky chance our hero has an electrician pig and the right tool, taking a tractor, they went to look for a malfunction at the substation, what could go wrong?",https://store.steampowered.com/app/1756230/,
A,4447410,Sheep & Socks,Coming soon,False,Breakfirst Games,Breakfirst Games,True,False,False,False,False,"Casual, Action, Arcade, Party Game, Time Management, 3D, Cute, Top-Down, Indie, Dogs",Guide goofy flocks of sheep and produce fancy socks in this frantic couch coop game! Good coordination with your fellow shepherd dogs is key to meet the animal clients demand. Get ready and bark away!,https://store.steampowered.com/app/4447410/,
A,4487560,Scruffle,Coming soon,False,Webal,Webal,False,True,False,False,False,"Action, Creature Collector, Top-Down, Multiplayer, PvE, Twin Stick Shooter, Character Customization, Mythology, Casual, Arcade","Scruffle Corp is hiring, and you are set to train up their new star! Enter a Roguelike cooperative battle where you and your friends hassle monsters on their own turf. Personalize your cuddly diva, round up your team, and start a real scruffle. Prove the spotlight deserves to be. On. You!",https://store.steampowered.com/app/4487560/,
A,4456030,Hauntrap,Coming soon,False,Scherzade,Scherzade,False,True,True,False,True,"Action, Multiplayer, Online Co-Op, Action-Adventure, PvP, Old School, First-Person, Realistic, Horror, 3D",Asymmetric PvP horror where a player-controlled monster hunts survivors through dark experimental halls. Fix fuses. Trigger the Hunt. Escape.,https://store.steampowered.com/app/4456030/,
A,4502820,Station: ZERO,Coming soon,False,stationzerogamedev,stationzerogamedev,False,True,False,True,True,"Social Deduction, Investigation, Psychological Horror, Horror, Psychological, Multiplayer, Indie, Action, Exploration, Strategy","In the heart of the Arctic, one of you is a cursed ""Shifter."" Complete objectives, solve puzzles, and manage your heat to survive—but the Shifter is always hunting. Even if you kill it, the curse finds a new host. It could be anyone. In Station: ZERO, trusting your friends is a death sentence.",https://store.steampowered.com/app/4502820/,
A,4444220,Prince of Egypt,Coming soon,False,Family Devs,Family Devs,False,True,False,True,False,"Exploration, Sandbox, Survival, Stealth, Crafting, RPG, Economy, Hunting, Action RPG, Action-Adventure","Rise from a dying slave to a powerful noble in Ancient Egypt. Survive the desert, master trade, forge alliances, fight or steal your way to influence, and help build monuments that will shape an empire. ",https://store.steampowered.com/app/4444220/,
A,1606970,Ronin Trail,Coming soon,False,devpachi,devpachi,False,True,False,False,False,"Exploration, Souls-like, Voxel, PvP, Nature, Swordplay, Hack and Slash, Open World, Multiplayer, Historical","The war ends and your skills are no longer needed. Aimless and starving, you set out on a journey to Edo, the City of Opportunity. Travel through the countryside and find your purpose as a wandering nobody. Can you make a name for yourself?",https://store.steampowered.com/app/1606970/,
A,5104280,Glow Tail,Coming soon,False,KaashFusionStudio,KaashFusionStudio,False,True,False,False,False,"Casual, Party Game, Runner, Time Management, Colorful, Cute, Animals, Comedy, Destruction, Family Friendly","Glow Tail is a 5-player asymmetric horror party game. One Hunter stalks a house in the dark, hunting Mice who must complete objectives while hiding — with nothing but a glowing tail to give them away. Survive, sabotage, or get caught.",https://store.steampowered.com/app/5104280/,
A,5106700,Keep Swimming,Coming soon,False,NestHex Games,NestHex Games,False,True,True,True,False,"Social Deduction, Party Game, Hidden Object, Multiplayer, PvP, Stealth, Hunting, Underwater, First-Person, Funny","One or two Divers hunt up to six friends hiding among schools of fish in an underwater game of hide-and-seek. Copy the locals, stay fed and don’t give the hunters a clean shot. Just keep swimming...",https://store.steampowered.com/app/5106700/,
A,5068220,NooN,Coming soon,False,BISC8,BISC8,False,True,False,True,True,"Hidden Object, Multiplayer, Party Game, Horror, Action, Investigation, Casual, Class-Based, Stealth, Funny","Hide in the shadows or light up the darkness in this game of hide-and-seek! NooN is an asymmetrical multiplayer game where Fire and Shadow face off in fast-paced, chaotic, and strategic matches.",https://store.steampowered.com/app/5068220/,
A,4948090,GOHAN a little dreamer,Coming soon,False,YGGDRAZIL GROUP PUBLIC COMPANY LIMITED,YGGDRAZIL GROUP PUBLIC COMPANY LIMITED,True,False,True,False,False,"Casual, Software, Idler, Cute, Dogs, Animals, Relaxing, Desktop Companion, Character Customization, Singleplayer","Long day at work? Too many assignments? Let Gohan be your cozy desktop companion and make the day feel lighter.

Keep Gohan by your side while you type, click, work, study, or play. Dress Gohan up, collect cute items, and share your collection.

Your screen feels a little cozier with Gohan around.",https://store.steampowered.com/app/4948090/,
A,777210,Vulpine,Coming soon,False,"Clockwork Giant Games, LLC","Clockwork Giant Games, LLC",False,True,True,False,False,"Open World, Multiplayer, Fantasy, Exploration, Hack and Slash, Nature, Co-op, Action, Cute, Hunting","Vulpine is a charming action exploration game where you venture through a living world as animals armed to the teeth. Enter a world reclaimed by nature with wildlife, discoveries, and mysteries abound. Encounter eccentric characters, fearsome monsters, and engage in heart pounding combat.",https://store.steampowered.com/app/777210/,
A,5231840,Hideout Rush,Coming soon,False,Horizon Games,Horizon Games,False,True,True,True,False,"Action, Casual, Party Game, Puzzle, Exploration, 3D, First-Person, Minimalist, Hunting, Survival","The small white players have tasks around the map. Once they complete all of their tasks, they win.

The big orange player has to find tools around the house to help hunt down the small white players. If he manages to hunt down all of them, he wins.",https://store.steampowered.com/app/5231840/,
A,5235520,How to Hunt,Coming soon,False,Rocky Games,Rocky Games,False,True,True,False,True,"Multiplayer, Online Co-Op, Fishing, Co-op, Action, Hunting, Shooter, First-Person, Physics, Adventure",A 1-4 player physics based hunting simulator. While drinking and boating you suddenly crash into a small island. To work your way back home you have to learn How to Hunt.,https://store.steampowered.com/app/5235520/,физический кооп-симулятор охоты на 1–4 игроков
A,5241470,City Scramble,Coming soon,False,A. Kerem Guvenli,A. Kerem Guvenli,False,True,False,False,False,"Multiplayer, 4 Player Local, Casual, Party Game, Minigames, Funny, FPS, 3D, Cartoon, Colorful","Is a chaotic multiplayer party game where up to 4 players compete across a variety of fast-paced minigames throughout the city. Race, fight,  shoot, and outsmart your opponents as you battle for the highest score. ",https://store.steampowered.com/app/5241470/,
A,5303570,Fading Day,Coming soon,False,Ferroclast Games,Ferroclast Games,True,False,True,False,True,"Survival Horror, Crafting, RPG, Open World Survival Craft, Adventure, Online Co-Op, Post-apocalyptic, Action, Character Customization, Casual","Fading Day is an open-world co-op survival horror game. Explore a world changed by an ancient virus, build your shelter, craft, hunt, and survive The Hollowed and mysterious anomalies. Watch your infection, trust your friends, and uncover what lies beneath the ice.",https://store.steampowered.com/app/5303570/,"кооп-хоррор выживание, есть собака"
A,5161180,Voxel Wild,Coming soon,False,Tero Games,Tero Games,False,True,True,False,False,"Open World Survival Craft, Voxel, Adventure, Open World, Survival, Online Co-Op, Building, Resource Management, Physics, Crafting","Explore a procedurally generated voxel wilderness in this third-person open-world survival crafting action RPG. Gather resources, build a home, customize gear voxel by voxel, hunt, cook, and battle powerful enemies alone or with friends in online co-op.",https://store.steampowered.com/app/5161180/,
A,1294480,Deranged Park Rangers,Coming soon,False,Skunk Software,Skunk Software,False,True,True,False,False,"Gore, Shoot 'Em Up, Casual, Massively Multiplayer, Online Co-Op, Third-Person Shooter, Realistic, Relaxing, Nature, Beautiful","Free to play massively multiplayer online Shoot ‘Em Up with instant play.   
Kill sapsuckers in an over-the-top blood and guts filled manner.  ",https://store.steampowered.com/app/1294480/,
A,1289180,Trail of Nanook,Coming soon,False,Sakari Games,Sakari Games,False,True,False,False,False,"Adventure, RPG, Indie, Casual, Survival, Co-op, Local Co-Op, Action-Adventure, Cute, Family Friendly","Trail of Nanook is a co-op game that takes you on an arctic survival adventure. Team up with your Inuit twin and build igloos, raise your huskies to sled over ice plains, fish, hunt and craft your tools to survive the harsh environment.",https://store.steampowered.com/app/1289180/,
A,1329490,Virus Remedium,Coming soon,False,Atomic Jelly,Atomic Jelly,False,True,False,False,False,"Indie, Casual, Action, Relaxing, FPS, Open World, Crafting, Tactical, Shooter, Multiplayer","Virus Remedium is a high-adrenaline fast-paced action shooter taking place in an incredible rich biological environment full of deadly viruses, pathogens and bacteria mutating in real time.",https://store.steampowered.com/app/1329490/,
A,1299520,The Fallen,Coming soon,False,Templarius Studios,Templarius Studios,False,True,False,False,False,"RPG, Massively Multiplayer, MMORPG, Casual, Fantasy, Open World, Sandbox, Action, PvP, Hunting","The better free-to-play fantasy MMORPG! Fight, craft, and explore your way. Combine unique abilities and weapons to create your own style of play and become what you were always meant to be!",https://store.steampowered.com/app/1299520/,
A,4872770,I See Monsters,Coming soon,False,Bird Box Games,Bird Box Games,False,True,True,False,True,"Action, Adventure, Simulation, Action Roguelike, Action-Adventure, FPS, 3D, First-Person, Realistic, Alternate History","Hunt, explore, hide, and survive Dinotraz; the dinosaur infested island that has been in use for current studies and discoveries regarding incubating extinct live. Can you retrieve all the items your superiors have ordered you to retrieve to prove yourself worthy and keep your life?",https://store.steampowered.com/app/4872770/,
A,4978260,SHEEP HAPPENS,Coming soon,False,Lampoon Eclipse,Lampoon Eclipse,False,True,False,False,False,"Action, Adventure, Casual, Simulation, Strategy, Action-Adventure, Party Game, Exploration, 3D, Cartoon","This is coop multiplayer for 2 to 4 players, and every match the game decides who's who — one of you holds the ranch together, the rest exist purely to take it apart.",https://store.steampowered.com/app/4978260/,
A,1042620,Enersify,Coming soon,False,VERKME,VERKME,False,True,False,False,False,"Crafting, Post-apocalyptic, Open World, Multiplayer, Survival, PvP, First-Person, FPS, Open World Survival Craft, Action","Fight against other survivors for limited resources, beware of mutants, survive. You are the creators of your story at Enersify and everyone has their own path.",https://store.steampowered.com/app/1042620/,
A,5004550,Good Boy Heaven,Coming soon,False,Hoodie Weather Games,Hoodie Weather Games,True,False,True,False,False,"Relaxing, Management, Automation, Decorating, Cozy, Dogs, Online Co-Op, Multiplayer, Cute, Casual","Run a cozy dog shelter in heaven, alone or with friends. Sort toys off the daily train and earn paw points for tools and decorations. Use your lighthouse to reunite the good boys who were loved, and find a loving home for the ones who never had one.",https://store.steampowered.com/app/5004550/,
A,4904190,Land Farm,Coming soon,False,INTEGRA-IT,INTEGRA-IT,True,False,True,False,False,"Simulation, Farming Sim, Online Co-Op, Multiplayer, Co-op, Singleplayer, Resource Management, Inventory Management, 3D, Organizing","From a handful of seeds to an agro-industrial complex! Grow, extract, process, and sell. At your disposal — the full cycle of agriculture, livestock, forestry, and production recipes. Become the one who manages the land, not just works on it.",https://store.steampowered.com/app/4904190/,
A,1187270,Territory,Coming soon,False,Praetorian Gaming,Praetorian Gaming,True,True,False,True,False,"Action, Adventure, RPG, Action RPG, Action-Adventure, Exploration, Hack and Slash, 3D, Colorful, Cute","Engage in intense interspecies conflict 
Expand your territory! Begin your journey as a tiny rodent struggling to solidify your place in this world. Avoid predators, grow, mark territory, and breed your way to the top of the food chain!",https://store.steampowered.com/app/1187270/,
A,1137980,Spirit,Coming soon,False,.Life Gaming Studio,.Life Gaming Studio,False,True,True,False,False,"Casual, Survival, Open World, Life Sim, Hunting, Exploration, PvE, PvP, Simulation, Nature","Take control of the helpless beings on the island and guide them. Survive, grow and continue the course of life. Don't let the harsh reality of mother nature take you down.",https://store.steampowered.com/app/1137980/,
A,1141920,FLAT FORM FIGHTER,Coming soon,False,𝙅𝘼𝙄𝙇,𝙅𝘼𝙄𝙇,True,False,False,False,True,"Action, Indie, Violent, 2D Fighter, 2D Platformer, 2D, 3D, Noir, Pixel Graphics, Stylized","chaotic slapdown in a dark universe ///
fight as your favorite characters, including: Goblin, and POOPY ///
drive your enemies before you",https://store.steampowered.com/app/1141920/,
A,3582500,Medieval Contrast,Coming soon,False,Two Sided; Noral Creaitve,Two Sided; Noral Creative,False,True,False,False,False,"Crafting, Building, Co-op, Medieval, Survival, Open World, Sandbox, Base Building, City Builder, Exploration","Build your own settlement and create your own dynasty in the Medieval world. Lush and harsh forests, enemy guards, allied cities and trade, resource extraction, crafting and construction - all the tools are in your hands. Play alone or with friends to conquer the vastness of this unimaginable world.",https://store.steampowered.com/app/3582500/,
A,2707540,Archaic,Coming soon,False,Wildclaw Interactive,Wildclaw Interactive,False,True,True,False,False,"Adventure, Action-Adventure, Exploration, 3D, Cinematic, First-Person, VR, Alternate History, Crafting, Dinosaurs","Stranded on an unknown island, you must quickly learn to survive. You will be hunted down by about 50 different prehistoric creatures roaming around the island and its waters! Strive by gathering resources to craft tools and defenses, and by taming dangerous dinosaurs alone or with your friends!",https://store.steampowered.com/app/2707540/,
A,2688190,XenoWild: Survival Beyond,Coming soon,False,DG Studio,DG Studio,False,True,False,False,False,"Immersive Sim, Hunting, Dinosaurs, Survival, Science, Nature, PvP, PvE, Walking Simulator, MMORPG","Experience open world survival gameplay immerses players in a dynamic alien beast survival simulation. Choose to be a herbivore or carnivore, starting as a vulnerable hatchling and evolving to conquer the planet.",https://store.steampowered.com/app/2688190/,
A,2688270,Skiers Landing,Coming soon,False,Platypus Peak,Platypus Peak,True,False,False,False,False,"Sports, Singleplayer, Competitive, Racing, Funny, Skiing, Snow, Controller, Cinematic, Dogs","With a pair of Skis or a Snowboard, survive the fast trails in Europe, Japan and Australia. Rescue people while you find lost animals to help you carve, jump and race down the mountain to the finish line!",https://store.steampowered.com/app/2688270/,
A,2762970,Palhalla,Coming soon,False,Post-Capital Games,Post-Capital Games,True,False,False,False,False,"2D Fighter, Deckbuilding, Action, Multiplayer, Roguelite, Strategy, PvP, Action Roguelike, 2D, Top-Down Shooter",Palhalla is a 1v1 rogue-lite shooter with dozens of crazy upgrades! Build your perfect power-up combo in this hectic top-down shooter. Turn the tides with a new power each time you lose - or overcome the odds and defeat your OP opponent!,https://store.steampowered.com/app/2762970/,
A,3651960,Spider Macro Survivors,Coming soon,False,Wovkulaka Games,Wovkulaka Games,False,True,False,False,True,"Arena Shooter, Bullet Hell, Third-Person Shooter, Souls-like, 3D Platformer, PvE, Shooter, Co-op, Multiplayer, Procedural Generation","Dive into the world of ruthless insects. Test yourself as a spider, a skilled hunter. Your web is your weapon. Wrap your prey in a cocoon to immobilize and eat it. Defeat the swarm of insects and become the top predator!",https://store.steampowered.com/app/3651960/,
A,3682950,B.O.O. Squad,Coming soon,False,Revolt Games,Revolt Games,False,True,True,True,True,"Exploration, Third-Person Shooter, Perma Death, Hunting, Action-Adventure, Funny, 3D, First-Person, Third Person, Horror","A co-op horror-comedy where you hunt ghosts with professional gear, friends, and zero qualifications. Scream, laugh, and fail your way through Polter Squad!",https://store.steampowered.com/app/3682950/,
A,2526300,Cube RPG,Coming soon,False,Nyckos,Nyckos,False,True,False,False,False,"Multiplayer, Voxel, Sandbox, Base Building, Exploration, Crafting, Swordplay, Magic, Archery, PvP",cube,https://store.steampowered.com/app/2526300/,
A,2550530,The Legend of California,Coming soon,False,Kintsugiyama,Kintsugiyama,False,True,True,False,False,"Open World Survival Craft, Survival, Multiplayer, Western, FPS, Online Co-Op, Open World, PvE, PvP, Mining","The Legend of California is an open world, action-survival shooter set on the mythical Island of California during the gold rush era. Explore a vast, untamed frontier and forge your legacy alone or with friends. ",https://store.steampowered.com/app/2550530/,
A,3576380,Beast Siege,Coming soon,False,Lumidia Games,Lumidia Games,False,True,True,False,False,"Hunting, Action RPG, Multiplayer, Online Co-Op, Fantasy, Souls-like, Party-Based RPG, Action, Physics, RPG","An online co-op action RPG for up to 8 players. Raid fully physics-based gigantic beasts, climb onto them to smash their heads, and experience full-physics intense next-gen action battles with your party.",https://store.steampowered.com/app/3576380/,
A,3642500,Liv: Nordic Survival,Coming soon,False,Sascha Strack,Code Strack,False,True,True,False,False,"Simulation, Survival, Open World, Sandbox, Exploration, First-Person, Third Person, Atmospheric, Building, Cooking","You are LIV. Naked and with no memory, you awaken on a mysterious island. Discover who you are. Hunt, build, craft – survive cold, hunger, and madness. Learn, evolve, and uncover the secret that seems to slumber beneath the surface.",https://store.steampowered.com/app/3642500/,
A,3018090,Zenith Heroes,Coming soon,False,Dog Food Games,Pragma Platform,True,False,False,False,False,"Arena Shooter, Action, Top-Down Shooter, PvP, Battle Royale, 3D, Top-Down, Post-apocalyptic, Dogs, Magic","Rise to the challenge in Zenith Heroes, the ultimate Battle Royale experience! Dynamic environments, diverse heroes, intense firefights—prove your skills solo or team up to dominate. Constant updates keep the adrenaline pumping. Are you ready for the zenith of gaming?",https://store.steampowered.com/app/3018090/,
A,3169450,Pokopoko Party Pack,Coming soon,False,Flatball,Flatball,True,False,False,False,False,"Party Game, Action, Controller, Physics, Funny, Family Friendly, Character Customization, PvP, Casual, Cute","Blast your friends, create burgers, evade crocodiles, and chase highscores in chaotic co-op and competetive challenges! A fun collection of five highly replayable minigames. All playable solo, locally or online with Remote Play Together. It's party time!",https://store.steampowered.com/app/3169450/,
A,5353370,Animal Farm,Coming soon,False,WITHCENTER,WITHCENTER,True,False,True,False,False,"Exploration, Animals, Farming, Casual, PvE, Simulation, Life Sim, MMORPG, 3D, Cute","A colorful online farm game about growing up and protecting others. Hatch from an egg or be born as a kitten or puppy, grow with players around the world, and become a guardian who protects the little ones on the farm.",https://store.steampowered.com/app/5353370/,
A,3373440,Everybody Herds,Coming soon,False,Orbiting Disco,indie.io,True,False,False,False,False,"Dogs, Casual, Funny, Local Co-Op, Arcade, Multiplayer, Top-Down, Cartoony, Score Attack, Minimalist","Feeling sheepish? You've goat to try herding - after all, Everybody Herds! Grab your trusty dog, buy the farm in Ireland, then see if you can bring some order to the chaos. Hundreds of sheep await to be herded, corralled, sheared, and otherwise sorted in the definitive herd-'em-up!",https://store.steampowered.com/app/3373440/,
A,2875260,Wolves in Sheep's Clothing,Coming soon,False,TYC Games,TYC Games,False,True,False,True,False,"Casual, Multiplayer, Party Game, Social Deduction, Shooter, Arcade, Thriller, Hunting, Stealth, Arena Shooter","In this asymmetrical multiplayer game, players are either cunning wolves, disguising themselves among sheep to hunt, or vigilant farmers tasked with protecting their flock. Master deception and strategy in a tense battle of wits.",https://store.steampowered.com/app/2875260/,
A,2934340,Guru Guru,Coming soon,False,Round Engine,Round Engine,True,False,True,False,False,"Action, PvP, Multiplayer, Physics, Cute, Cats, Dogs, Cartoon, Online Co-Op, Co-op","《Guru Guru》 is a fun 8-player online party game with physics! You play as a round Guru Guru critter. On different maps, use skills, items, and anything you can to knock out enemies (or even teammates!) and win however you can—no rules, just chaos and fun with friends!",https://store.steampowered.com/app/2934340/,
A,3297250,Lost Whispers,Coming soon,False,ZANE IRL Games,ZANE IRL Games,False,True,False,False,True,"Atmospheric, Dark, Horror, Hunting, Psychological Horror, Supernatural, Survival, Story Rich, Co-op, Multiplayer","Lost Whispers is a horror game where up to 4 players must rescue trapped survivors in a dark, haunted forest while being hunted by a creature. Use your microphone to guide survivors to safety.",https://store.steampowered.com/app/3297250/,
A,4081760,Bucket Tag,Coming soon,False,Game Alchemy Studio,Game Alchemy Studio,False,True,True,True,False,"Multiplayer, Online Co-Op, PvP, Casual, First-Person, Local Co-Op, Stealth, Party Game, Party, Score Attack","A chaotic multiplayer party game of hide-and-seek where a group of silly workers let loose and play with buckets, brooms, and air compressors. One blindfolded player hunts by sound alone in this hilarious, stress-relieving experience that’s also fully playable by blind and sighted players alike.",https://store.steampowered.com/app/4081760/,
A,4123960,Definitely Not NPC,Coming soon,False,Absam Studios,Game Alchemy Studio,False,True,False,True,False,"Casual, Party Game, Simulation, Multiplayer, Strategy, Investigation, Hunting, 3D, Collectathon, Real Time Tactics","Laugh at your friends’ bad acting while you observe, pretend, and survive. In this world, everyone hunts and gets hunted. Outsmart your friends, fuel their paranoia, and climb the leaderboard to victory",https://store.steampowered.com/app/4123960/,
A,1998280,Astrophobia,Coming soon,False,Anonymous,Anonymous,False,True,True,False,False,"Multiplayer, Singleplayer, Investigation, Artificial Intelligence, Physics, Sci-fi, Co-op, Online Co-Op, Adventure, 3D",Astrophobia is a low poly 4 player co-op alien hunting game. Use the equipment to find out what type of alien you and your team are dealing with and capture it from the premises.,https://store.steampowered.com/app/1998280/,
A,4026290,MrDogCat,Coming soon,False,Broken Atom,Broken Atom,True,False,False,False,False,"Co-op, Adventure, Platformer, Co-op Campaign, Multiplayer, Funny, Cartoony, Third Person, Comedy, 3D Platformer","Control the duo Mr. DogCat, a dog and cat tied by a rope, in this 2-player co-op platformer. Play through levels while bound together, using it to overcome obstacles and enemies. Most importantly, agree on where to go and try not to fight each other!",https://store.steampowered.com/app/4026290/,
A,2099570,City Massacre,Coming soon,False,Evil Dwarf Games,Evil Dwarf Games,False,True,True,False,False,"Action, Shooter, FPS, 3D, First-Person, Survival, Zombies, Hunting, Dark Humor, Combat","City Massacre is a free-to-play zombie-survival FPS. Take part in survival competition in the locked city. Play solo or as a team, earn money and popularity. To win in the “City Massacre” means to get right for worthy and carefree life.",https://store.steampowered.com/app/2099570/,
A,2068680,Wilderness Survival: The Conservationist,Coming soon,False,Invisible Ghost Studios LLC,Invisible Ghost Studios LLC,False,True,False,False,False,"Adventure, Simulation, Strategy, Building, Crafting, Hunting, Co-op, Early Access, Casual, Action","Become a wildlife protector in Wilderness Survival: The Conservationist! Breed, manage, and defend thriving animal populations on your land. Balance predator threats, improve genetics, and maintain ecological harmony in this innovative simulation.",https://store.steampowered.com/app/2068680/,
A,4041340,Happy Owner Happy Life,Coming soon,False,Tili Games,Tili Games,True,False,False,False,False,"Strategy, PvP, Action, 3D, Casual, Isometric, Cute, Funny, Cats, Dogs","The struggle of a cat and a dog to return from death begins now. Guard your home with traps, unleash chaos in your rival’s, and remember to fix up your own house before time runs out. Put those paws to work to snatch the second chance the Grim Reaper offers in this 1v1 arena action-strategy.",https://store.steampowered.com/app/4041340/,
A,1904830,Wildscape,Coming soon,False,Sympact; eatenpancreas,Aero Solutions,False,True,True,False,True,"Horror, Action, Online Co-Op, Co-op, Psychological Horror, First-Person, Investigation, Psychological, Perma Death, Hunting","Paranormalized is a psychological horror game, designed to catch ghosts in breathtaking situations. Squad up with up to 4 of your friends and terminate one of them.
In the game, 1 player haunts the spooky locations, while the others hunt it down.",https://store.steampowered.com/app/1904830/,
A,4213930,Salty Dogs,Coming soon,False,Crossbridge Game Studios,Polden Publishing,True,False,True,False,True,"Action, Adventure, Co-op, Casual, 2D, Multiplayer, Underwater, Cute, Pixel Graphics, Dogs","Salty Dogs is a co-op 2D physics-based action game about a squad of badass dogs who arm up and dive into a corrupted ocean. Blast mutated sea life, haul loot back to your submarine, upgrade it between runs, and fight your way down through the dark toward dreadful Cat-o-Cthulhu.",https://store.steampowered.com/app/4213930/,"кооп-отряд вооружённых собак, 2D-экшен"
A,4252280,Quack Hunters,Coming soon,False,Vampire Squid,Polden Publishing,False,True,True,False,True,"Multiplayer, Co-op, Funny, Hunting, Online Co-Op, Adventure, Exploration, Action, First-Person, Atmospheric","A 1-4 player physics based hunting simulator. A UFO has abducted your grandpa’s beloved goat and irradiated the wildlife in the forest. Gear up, lock and load, and blast your way through the wild to bring your favorite pet home!",https://store.steampowered.com/app/4252280/,физический кооп-симулятор охоты на 1–4 игроков с юмором и хоррором
A,4254650,Ember in the Frost,Coming soon,False,Xiang Yu,Xiang Yu,False,True,False,True,True,"Survival Horror, Multiplayer, Survival, Open World, Exploration, Post-apocalyptic, 3D Platformer, Sandbox, FPS, Third-Person Shooter","This is a one-or three-person online survival game for the end of the world. The contents of the game include but are not limited to: pets, horseback riding, fishing, hunting, building, making, searching, killing zombies, bonfires, cooking, planting, mining, vehicles, furniture and firearms.",https://store.steampowered.com/app/4254650/,
A,1946600,theBestiary,Coming soon,False,DreamDeveloper-Studio,DreamDeveloper-Studio,False,True,False,False,False,"Medieval, Survival, Combat, Werewolves, Open World, Exploration, Vampires, RPG, Supernatural, Hunting","Risk and fight with vampiers and other creatures ,explore a medieval world and find hidden secrets .theBestiary is about survive and explore ruined Kingdom of Toprak ,upgrade your safe place and make quests in the chase after money and power  .Be the best mercenary and find the lost book.",https://store.steampowered.com/app/1946600/,
A,1965070,Tactic Legends,Coming soon,False,Cameron Wills,Cameron Wills,True,False,False,False,False,"Turn-Based Tactics, PvP, Multiplayer, 2.5D, Isometric, Pixel Graphics, Character Customization, Quick-Time Events, Turn-Based Combat, Turn-Based Strategy","Tactic Legends is a cross platform, player-vs-player, turn based tactical strategy game. With 10 playable characters and over 100 items to customize them with, you can form the ultimate team and strategy to fit your playstyle and test your wits against players all over the globe.",https://store.steampowered.com/app/1965070/,
A,1916560,Feisty Fauna,Coming soon,False,Atas Fun,Atas Fun,True,False,False,False,False,"Bullet Heaven, Action Roguelike, Story Rich, Female Protagonist, LGBTQ+, Cute, Local Co-Op, Roguelite, Bullet Hell, Choices Matter","Ridiculously cute survivors-like / bullet heaven with an engaging storyline, where you're a mom rescuing her kidnapped chicks. You'll have to survive as you hunt other cute animals in this eat-or-be-eaten animal world, and learn the backstories of the other characters.",https://store.steampowered.com/app/1916560/,
A,3803670,Combat Pay,Coming soon,False,John Damouni,John Damouni,False,True,True,False,False,"Dystopian , PvE, Destruction, War, Tactical, Post-apocalyptic, Capitalism, Third-Person Shooter, Action Roguelike, Hunting","In this Co-op tactical shooter, you will complete dangerous jobs for warring factions in a perpetual warzone. Purchase upgrades, equipment and friendly units to assist you in completing more difficult jobs.  ",https://store.steampowered.com/app/3803670/,
A,2499750,Starstride,Coming soon,False,Parallel Universe DE HK Ltd.,Parallel Universe DE HK Ltd.,False,True,True,False,False,"Mechs, Action, MMORPG, Sci-fi, Mythology, RPG, Third Person, 3D, Action RPG, Online Co-Op","You need to decide the faction you are born into and fight for it, gradually becoming the most powerful Star Warrior. Power armor and energy core will be one of the most important cores that accompany players' growth. You can freely create your own mecha set and conquer the entire vast universe.",https://store.steampowered.com/app/2499750/,
A,3701330,Evolve - First Age,Coming soon,False,Evolve,Evolve,False,True,False,False,False,"Action, Sandbox, Exploration, 3D, First-Person, Third Person, Voxel, Atmospheric, Crafting, Dinosaurs","Humanity has been erased from history. As one of its last survivors, knap stone, master fire, hunt dinosaurs and carve a home into a fully destructible voxel world. Endure the seasons, rebuild what was lost and prove humanity was here.",https://store.steampowered.com/app/3701330/,
A,2193510,Way Of Animals,Coming soon,False,Gnu Cremoso,Way Of Creations,True,True,False,False,False,"Exploration, Immersive Sim, Hunting, Nature, Survival, PvP, Life Sim, Action-Adventure, 3D, Third Person","Way Of Animals is a game where you have to survive the dangers and challenges of the African savannah in the shoes of different animals.
Protect your herd from the dangers of the night. Heat and drought are also your enemies.
Survive, if you can.",https://store.steampowered.com/app/2193510/,
A,2196020,Disquiet,Coming soon,False,rivs,rivs,False,True,True,False,True,"Horror, Multiplayer, Online Co-Op, Psychological Horror, Co-op, Supernatural, Dark, Action-Adventure, Cinematic, Realistic","Disquiet is a multiplayer co-op game (up to 4 players) where you and your friends became ghost hunters.
The main goal of each mission is to identify and potentially exterminate the ghost using hunting equipment that is upgradable with experience points.",https://store.steampowered.com/app/2196020/,
A,2329070,POSTFROST,Coming soon,False,Arkuda Inc.,Arkuda Inc.,True,False,True,False,False,"Third-Person Shooter, Sandbox, Survival, Shooter, Post-apocalyptic, Character Customization, Snow, Action, Open World, RPG","Welcome to the frozen wasteland of our post-apocalyptic world! In this multiplayer game, you and your friends will have to work together to brave the harsh winter conditions and fight off dangerous enemies to survive.",https://store.steampowered.com/app/2329070/,
A,2265370,The Risen Survival,Coming soon,False,Black Engine,Black Engine,False,True,False,False,False,"Choose Your Own Adventure, Sandbox, Crafting, Survival, Base Building, PvE, Building, Hunting, 3D, First-Person","The Risen Survival is an open-world survival game featuring intense PvE & PvP, base building, crafting, and relentless zombies. Gather resources, expand your base, fight for valuable loot, and compete with other players in a persistent online world",https://store.steampowered.com/app/2265370/,
A,2293400,Moleshine Cooking Simulator,Coming soon,False,GosDev Production,GosDev Production,False,True,False,False,False,"Simulation, Cooking, Farming Sim, Co-op, Memes, 3D, First-Person, Funny, Arcade, Family Friendly","Moonshine? BORING! You will cook MOLESHINE! Grow ingredients in your garden, make moonshine and upgrade it with the main ingredient - a pesky mole that wants to eat your crop!",https://store.steampowered.com/app/2293400/,
A,1376880,Ultimate Hunting®,To be announced,False,Wildlands Interactive,Ultimate Games S.A.,True,True,True,False,False,"Hunting, Simulation, Nature, Open World, Dogs, Adventure, First-Person, Exploration, Relaxing, Singleplayer","Where each virtual action captures the true essence of hunting: REAL, BRUTAL, UNFORGETTABLE. Embark on a hunting expedition, returning with valuable trophies and memorable experiences. Customize your gear and adapt your hunting techniques to explore vast, realistic environments.",https://store.steampowered.com/app/1376880/,"реалистичная охота, есть собака"
A,1483770,Primal Man Simulator,To be announced,False,RD Games,RD Games,False,True,True,False,False,"Survival, Open World Survival Craft, Open World, Crafting, Singleplayer, Simulation, Realistic, Indie, First-Person, Adventure","Primal Man Simulator is a complex survival simulator where the player becomes one of the evolutionary precursors of modern homo sapiens, trying to live through another day in an unwelcoming forests of Europe.",https://store.steampowered.com/app/1483770/,
A,4313710,Pizzah!,To be announced,False,Nial Petzold,Nial Petzold,False,True,False,True,False,"Casual, Adventure, Creature Collector, Exploration, Roguelite, 3D, Colorful, First-Person, Cooking, Funny",Join with your friends in this co-op game about catching creatures to use for pizza toppings! Just make sure to keep away from the monsters lurking in the darkness...,https://store.steampowered.com/app/4313710/,
A,4341910,Pupper Rescuer,To be announced,False,HoneyBeeGames,HoneyBeeGames,True,True,False,False,False,"Cute, Cozy, Singleplayer, Multiplayer, Dogs, Action, Party Game, PvP, 3D, Third Person","Find puppers. Build a train. Race to camp. In this cozy drop-in multiplayer rescue game, anyone can wander in and play — and anyone can poach your pupper train before you reach base. No fights. Just fast paws and friendly theft.",https://store.steampowered.com/app/4341910/,
A,1699180,Cyber War APOCALYPSE,To be announced,False,North Star Game Development,North Star Game Development,False,True,True,False,True,"Action, Survival, Crafting, Multiplayer, Open World, Action RPG, Action-Adventure, Hunting, Shooter, Exploration","This unique open-world game is a 1st/3rd person shooter, survival/horror role-playing game. The goal is to Survive. Overcome struggles such as hunger, thirst & exhaustion. Build shelter. Use Advanced Crafting. Clear enemy Outpost. Survive solo in Campaign Mode or with friends in Multiplayer Mode.",https://store.steampowered.com/app/1699180/,
A,4270860,Furmageddon,To be announced,False,Xlab Digital,Xlab Digital,True,False,False,False,False,"Action, Adventure, Action Roguelike, Roguelike, Bullet Hell, Roguelite, 3D, Cartoon, Colorful, Third Person","Ha-ha! I'm a genius! I hacked the devs Steam page! 🦝
Raccoon Rizzo in da house. If you want in on the craziest co-op adventure around, toss a few coins my way! Pick your Furmate, build ridiculous loadouts, and unleash total fury & mayhem! ",https://store.steampowered.com/app/4270860/,
A,1792460,We Kill Monsters,To be announced,False,Glass Revolver,Annapurna Interactive,False,True,False,False,False,"Adventure, Action, Action RPG, Action-Adventure, Cinematic, Third Person, Atmospheric, Dark, Hunting, Magic","We Kill Monsters is a solo or co-op adventure set in a mysterious and massive pit. You are a Husk of Edinu, homunculi created to explore the depths and kill Angels.",https://store.steampowered.com/app/1792460/,
A,4455810,WPCA: World Phasebound Control Authority,To be announced,False,5minlab Corp.,5minlab Corp.,False,True,True,False,True,"Co-op, Hunting, Boss Rush, Supernatural, Horror, Action, Multiplayer, Online Co-Op, Character Customization, Singleplayer","Step into the city's shadows as defenders against the paranormal. Your mission: Contain the Phasebound Horrors, the manifested fictions encroaching upon our world and the survival of humanity.",https://store.steampowered.com/app/4455810/,
A,1545020,WAR LAB,To be announced,False,NestorVG,NestorVG,False,True,False,False,False,"Action, Building, Sandbox, FPS, VR, Puzzle, Multiplayer, Arena Shooter, Shooter, Physics","Be yourself without restrictions in this physics-based VR sandbox shooter. Fight for the future of humankind, rise an empire, defeat the mightiest tyrants, explore new horizons, enjoy unmatched experiences with friends, and build your weapons, vehicles, and bases with your own hands.",https://store.steampowered.com/app/1545020/,
A,1550520,Sons of Shadows,To be announced,False,Conservation&amp;Ruin,Conservation&amp;Ruin,False,True,False,False,True,"Action, Action-Adventure, Shooter, Puzzle, Exploration, Hidden Object, First-Person, Realistic, Survival Horror, Atmospheric","Sons of Shadows is an action survival horror, puzzle solving and investigation game.
You're a paranormal entity hunter. You'll go to places where these entities live and have to detect what type of beings they're and kill them. To achieve this task you'll have a base, tools and special weapons.",https://store.steampowered.com/app/1550520/,
A,1563250,Beast Hour,To be announced,False,BH Studio,BH Studio,False,True,False,True,True,"Horror, Multiplayer, Survival Horror, PvP, Parkour, Battle Royale, Stealth, Survival, Third-Person Shooter, Hunting","Beast Hour is a 3rd person asymmetric PvP-horror with parkour & monsters. As Raider – level up and get abilities to fight or escape from the haunted city. As Beast – compete with other monsters, track down & kill everyone to become Alpha. No allies!",https://store.steampowered.com/app/1563250/,
A,5026050,Schit Hunter,To be announced,False,9E Game Studio,9E Game Studio,False,True,True,False,False,"Adventure, Third-Person Shooter, Action, Roguelike, Multiplayer, Funny, Space, Looter Shooter, Shooter, Stylized","Space is huge. Monsters are nasty. Alien poop sells for a fortune. SCHIT HUNTER is an absurd co-op sci-fi roguelite shooter where you hunt, fuse, fire, and occasionally eat alien poop. Mutate, weaponize your weirdness, and extract before the whole mission goes to shit.",https://store.steampowered.com/app/5026050/,
A,5082010,StarScalers,To be announced,False,SwordSwipe Studios,SwordSwipe Studios,True,False,False,False,False,"Action, Arcade, Rhythm, Shooter, Shoot 'Em Up, 2D, Cartoon, Cartoony, Colorful, Comic Book","Shrink for speed. Grow for power. Blast through waves of enemies in a frantic, feature-packed shoot-'em-up where every second is a choice. Wield enemies as weapons, unleash giant mech allies, build impossible loadouts, and experience a fresh take on rhythm combat—all solo or with a friend.",https://store.steampowered.com/app/5082010/,
A,3129180,Michiball,To be announced,False,Nokorpo,Nokorpo,True,False,False,False,False,"Sports, 4 Player Local, Local Multiplayer, Top-Down, Baseball, 3D, Dogs, Cats, PvP, Action","Michiball is a local multiplayer party video game, about a fictional sport that mixes baseball and dodgeball. Push your friends out of the ring, and be the last one standing to win! Discover new arenas, unique game modes, and play as cute pets.",https://store.steampowered.com/app/3129180/,
A,5219000,Mountain Rescue: Caucasus,To be announced,False,Lutor Games,Lutor Games,False,True,True,False,False,"Online Co-Op, Co-op, Mythology, Comedy, Physics, Singleplayer, Hunting, First-Person, Resource Management, Combat","A 1–4 player co-op first-person rescue adventure in the Georgian Caucasus. Rescue the lost, survive the mountains, and uncover the creatures and ancient legends hiding within them.",https://store.steampowered.com/app/5219000/,
A,5168140,Castaway Slime,To be announced,False,AZS,AZS,False,True,True,False,False,"Survival, Farming, Mining, Crafting, Hunting, Fantasy, Online Co-Op, Action-Adventure, Adventure, Cozy","Castaway Slime is a survival game where a shipwrecked slime must survive 30 days until a rescue ship arrives.
The game features survival elements such as hunting, farming, cooking, and mining, along with RPG-style equipment, stats, and skills.
Online co-op supports up to 4 players.",https://store.steampowered.com/app/5168140/,
A,1257610,Prison Architect 2,To be announced,False,Double Eleven; Kokku,Paradox Interactive,True,False,False,False,True,"Management, Strategy, Building, Sandbox, Economy, Base Building, Simulation, 3D, Top-Down, Funny","Welcome Architects! Design and develop your own personalized penitentiary in Prison Architect 2. The classic prison-builder has broken out into 3D, and it’s up to you to contain it!",https://store.steampowered.com/app/1257610/,
A,4909050,Animal,To be announced,False,Animal Master,Animal Master,True,True,False,False,False,"Action, Adventure, Casual, Animals, Simulation, Dogs, Sandbox, Life Sim, Immersive Sim, Exploration",Animal is a unique open-world survival game. Choose one of the animals and survive in the open world alongside your group.,https://store.steampowered.com/app/4909050/,
A,2794480,Man and Dog,To be announced,False,Tetrao Studio,Ultimate Games S.A.; PlayWay S.A.; Ultimate Publishing,True,True,True,False,False,"Adventure, Hunting, Multiplayer, Dogs, Immersive Sim, Nature, Open World, Realistic, 3D, Online Co-Op","Man & Dog is a hunting simulation game situated in Finland. Together with your companion dog, use real Nordic hunting methods to seek grouse bird hiding in the trees, or get into a thrilling chase with a fox or rabbit. Immerse yourself in authentic Finnish wilderness in autumm or winter.",https://store.steampowered.com/app/2794480/,"симулятор охоты с собакой, онлайн-кооп"
A,2813510,Exorkízein,To be announced,False,Plauth Studios,Plauth Studios,False,True,False,False,True,"Action, FPS, 3D, First-Person, Realistic, VR, Atmospheric, Dark, Horror, Hunting","Exorkízein is an entity-hunting multiplayer co-op game, immerse yourself in real-life haunted locations replicas as well as folklore entities each with its unique behavior and aspects. Join Theo's paranormal crew in the mission to investigate and capture entities around the world.",https://store.steampowered.com/app/2813510/,
A,2744100,Pokini Kagura,To be announced,False,Pokini Games,Pokini Games,False,True,True,False,False,"Spectacle fighter, Female Protagonist, Parkour, Martial Arts, Hunting, Anime, Stylized, Hack and Slash, Beat 'em up, 3D",Parkour around an abandoned city defending cute animals from evil monsters. Style on the baddies with expressive shmovement and customizable combos. Rebuild your hometown with the help of your friends and relax in a soothing hot spring.,https://store.steampowered.com/app/2744100/,
A,2773660,Noodle Dog's TwizGame,To be announced,False,YaBoyTwiz,YaBoyTwiz,True,False,True,False,False,"Casual, Multiplayer, Comedy, Online Co-Op, Local Multiplayer, Funny, Trivia, Minigames, Cartoony, Word Game","Noodle Dog's TwizGame is a party-game collection built for playing with friends — and built to stream. Everyone joins from their phone or web browser with a room code (no app, no downloads), one screen runs
  the show.  A growing lineup of quick, hilarious games for game nights and live audiences.",https://store.steampowered.com/app/2773660/,
A,3577240,Northern Waters - Fishing & Restaurant Simulator,To be announced,False,Cat Soul Studios,Cat Soul Studios,False,True,False,False,False,"Simulation, Sports, Fishing, Hunting, Life Sim, Exploration, Management, Farming Sim, FPS, 3D","Run your own restaurant in the snowy Alaskan town of Northpointis Bay and experience an immersive fishing and restaurant simulator. Catch fish in first-person, manage your restaurant, cook and sell your catch, and become the town’s top angler and restaurateur.",https://store.steampowered.com/app/3577240/,
A,3629640,Snout About,To be announced,False,Carina Voß; Erik Nitsche; Konstantin Sergeev; Johann Neudeck; Linda Hahnemann; Xeno Boecker,Broken Paternoster Games,True,False,False,False,False,"Dogs, Tabletop, Local Co-Op, Team-Based, Collectathon, Character Customization, Cute, Multiplayer, Funny, Stylized","Snout About is a chaotic co-op game where you and your friends play as dogs dragging your human through a stylized 3D park to catch the bus - avoid obstacles, collect treats, and work together to be the best buddies!",https://store.steampowered.com/app/3629640/,
A,3193580,Salty Sea Dogs,To be announced,False,Galaslayo,Galaslayo,True,False,False,False,False,"Local Co-Op, Local Multiplayer, 4 Player Local, Dogs, Cats, Action, Pirates, Cute, Casual, Co-op",All paws on deck!  Salty Sea Dogs battle against Cursed Cats in this chaotic couch co-op.  Work together with up to four players for thrilling -- yet silly -- pirate ship combat!,https://store.steampowered.com/app/3193580/,
A,3031450,Visceral Abyss,To be announced,False,ErgoRun,ErgoRun,False,True,False,False,True,"Action, Action-Adventure, Exploration, 3D, First-Person, Atmospheric, Horror, Hunting, Mystery, Psychological Horror","Visceral Abyss is a cooperative survival horror game centered around exploration, and documentation. You and your friends play the role of a group of Mercenary Scientists who are tasked with exploring new areas, acquiring rare items, and documenting anything of interest inside a flesh cave.",https://store.steampowered.com/app/3031450/,
A,2990920,"Stop, Pawssport Check",To be announced,False,Mezcla Estudio,Mezcla Estudio,True,False,False,False,False,"Action, Casual, Simulation, Arcade, Time Management, 3D, Cartoon, Cartoony, Colorful, Cute","Stop, Pawssport Check is a fun couch co-op simulation game. Bring your friends and take your place at the border crossings to maintain order and security. Be on the lookout for false documents, suspicious passengers or even smuggling, you can't let anything slip through.. or can you?",https://store.steampowered.com/app/2990920/,
A,3268910,Dear Brother: Beware of the Witch,To be announced,False,Chapter3; Maximilian Witsch; Felix Huber,,False,True,False,False,True,"Extraction Shooter, PvP, Shooter, Action, FPS, Multiplayer, Hunting, Dark Fantasy, Magic, Horror","Dear Brother an immersive FPS adventure set in a world steeped in witchcraft and magic. Traverse bewitched forests, shadowy dungeons, and enigmatic villages as you uncover arcane mysteries and embark on a journey of brotherhood and betrayal.",https://store.steampowered.com/app/3268910/,
A,3111960,Fortress Warfare,To be announced,False,Lesser Imp Studio,Lesser Imp Studio,False,True,False,False,False,"PvP, Action-Adventure, First-Person, Action, Medieval, Fantasy, War, Multiplayer, Team-Based, Exploration",A 16-player first-person party game set in a medieval fantasy universe. Pledge allegiance to your fortress and conquer the realm through brutal and engaging activities against the opposing fortress.,https://store.steampowered.com/app/3111960/,
A,3148930,SPEARS,To be announced,False,Studio Outlaws,Studio Outlaws,False,True,True,False,False,"Hunting, Exploration, Co-op, Survival, PvE, Action-Adventure, Character Customization, Action, Crafting, First-Person","SPEARS is a co-op caveman game of hunting, exploration and survival. Your small tribe will have to hunt prehistoric creatures, discover new tools and explore a harsh primeval landscape full of unique and secret locations. Do all this and your tribe might just survive and migrate.",https://store.steampowered.com/app/3148930/,
A,2822720,Echoes of Extinction,To be announced,False,Burning Rock Studios,Burning Rock Studios,False,True,False,False,True,"Dinosaurs, Survival, Action, Adventure, Multiplayer, Simulation, PvP, Exploration, Crafting, Building","Open World Prehistoric Horror Survival set on a mysterious island inhabited by dinosaurs and tribal humans. Survival is a test of resilience and adaptability. Players must carve their path in this challenging world, competing for territory, resources and ultimately, their own survival.",https://store.steampowered.com/app/2822720/,
A,2861080,Haunted Paws,To be announced,False,LazyFlock,LazyFlock,True,False,True,False,True,"Local Multiplayer, Multiplayer, Online Co-Op, Horror, Co-op, Casual, Puzzle, Cute, Cozy, Dogs","A cozy and spooky co-op adventure where two puppies rescue their owner from a haunted mansion. Customize your puppy, solve puzzles together, and defeat evil creatures. Play locally or invite a friend for free with Friend’s Pass.",https://store.steampowered.com/app/2861080/,
A,2866470,Horizon's Edge,To be announced,False,HUMEYStudios,HUMEYStudios,False,True,False,False,False,"Multiplayer, Action, Survival, Open World, Adventure, Building, RPG, Realistic, Hunting, MMORPG","In Horizon’s Edge it's simple: survive! Whether it's the environment, animals, or other players, everything's a threat. Just stay alive, no matter what.",https://store.steampowered.com/app/2866470/,
A,3288340,KLIKFEST: Medieval,To be announced,False,SalmonSnake,I'm Digi ry,False,True,False,False,False,"Incremental, Automation, Medieval, City Builder, Trading Card Game, Hand-drawn, Pixel Graphics, 2D, Resource Management, Fishing","KLIKFEST is a medieval clicker game where you develop villages as the king’s advisor. Build mines, craft unique items, and manage resources in a 3-day loop. Early Access focuses on mining, with multiplayer and 14 parts coming. Shape the game with feedback!",https://store.steampowered.com/app/3288340/,
A,2957900,Fur-Fighters Frenzy,To be announced,False,Validosik,Validosik,True,False,True,False,False,"Online Co-Op, PvP, Funny, Battle Royale, Score Attack, Satire, Casual, Third Person, Combat, Retro","IK-driven brawler with street animals. Aim left/right punches by leaning your torso (low-to-high), dodge, grab, and kick for ring-outs. Use street items to heal or throw for ranged damage. Fight 1v1 or in teams and win by KO.",https://store.steampowered.com/app/2957900/,
A,1994650,Element Fighters,To be announced,False,SIXTYSIXTY,SIXTYSIXTY,False,True,True,False,False,"Action, Arena Shooter, Multiplayer, Online Co-Op, Battle Royale, Shooter, Hero Shooter, 3D Fighter, Dragons, Action-Adventure","Element Fighters is the only third person multiplayer Arena-Shooter where you fight against players around the world using the four elements: Air, Earth, Water and Fire. Chose your nation and decide your destiny!",https://store.steampowered.com/app/1994650/,
A,2175180,Primitive,To be announced,False,Wildlands Interactive,Wildlands Interactive; Ultimate Games S.A.,False,True,False,True,False,"Adventure, Open World, Survival, Action, Hunting, First-Person, Singleplayer, Open World Survival Craft, Simulation, Crafting","Welcome to the brutal reality of the Stone Age. Fight, conquer, dominate! 
An open world full of traps and unexpected events, breathtaking views, dynamic changes in weather conditions, deadly beasts, and hostile tribes - welcome to ""Primitive"" and dare to survive.",https://store.steampowered.com/app/2175180/,
A,2084190,A Catchy Game: IntraTag,To be announced,False,Yet Another Indie Game Studio (YAIGS),Yet Another Indie Game Studio (YAIGS),False,True,False,True,False,"Stealth, PvP, Multiplayer, First-Person, Hunting, Ninja, Tactical, 3D, Procedural Generation, Short","A quick first-person online multiplayer game, where you catch other players in a randomly generated maze. You are chasing some players and chased yourself by others. Catching someone means you get half their points and they get your tag - nobody dies in this unique game.",https://store.steampowered.com/app/2084190/,
A,4262850,Stray Wars,To be announced,False,CocoGnome,CocoGnome,True,False,False,False,False,"Action, Casual, PvP, Arcade, Dogs, Cats, Multiplayer, Arena Shooter, Party Game, Character Customization","Stray Wars is a chaotic online PvP brawler for up to 6 players. Play as stray cats and dogs. Fight, sneak, and outplay rivals to steal the bone and win.",https://store.steampowered.com/app/4262850/,
A,1940360,ReTAKE,To be announced,False,KU Games,GAMER Plan,True,False,False,False,False,"Action, 2D, Pixel Graphics, Fantasy, Co-op, 4 Player Local, Local Multiplayer, Local Co-Op, Action-Adventure, Action RPG","""ReTAKE"" is the latest fantasy 2D side scrolling combat game! Upgrade your favorite characters, collect rare items that allow you to unlock special skills and spells, get monsters as pets, and join your friends to defeat the hordes of enemies and numerous giant bosses!",https://store.steampowered.com/app/1940360/,
A,1929980,Pogan,To be announced,False,FYE Game Studios,FYE Game Studios,False,True,True,False,False,"Sandbox, Survival, Exploration, Open World, RPG, Building, Medieval, Crafting, Tactical RPG, Base Building","Embark on a journey to bring peace to Wyraj in this Slavic mythology-inspired adventure. Explore endless, generated lands as you strive for victory over powerful gods and demons. Alone or with friends, embrace the unknown yet to come.",https://store.steampowered.com/app/1929980/,
A,3847920,Wild n Chill,To be announced,False,Wombat Brawler,Wombat Brawler,False,True,True,False,False,"Survival, Crafting, Relaxing, Pixel Graphics, Hunting, Simulation, Adventure, Fishing, Exploration, Sandbox","Wild n Chill is a laid-back wilderness escape where ya forage, hunt, and craft the off-grid cabin of your dreams. Far from the noise and nonsense, it’s just you, your trusty companion, and a pal or two.",https://store.steampowered.com/app/3847920/,
A,3976520,Meme Wars,To be announced,False,YoYo Studios,YoYo Studios,True,False,False,False,False,"Physics, Beat 'em up, Fighting, Cats, Action, 3D Fighter, PvP, Multiplayer, 3D Platformer, Combat","Skill-based 1v1 3D arena fighter based on memes. Dash, block, and combo through quick 3-minute duels. Climb ranked online PvP or train against bots. Manage Stamina & Mana, stack status effects and outplay with skill. Easy to learn, hard to master
",https://store.steampowered.com/app/3976520/,
B,2254990,Permafrost,2026-10-09,True,SpaceRocket Games,Toplitz Productions,False,False,True,False,False,"Open World Survival Craft, Online Co-Op, Survival, Exploration, Crafting, Building, Action, Multiplayer, Co-op, Post-apocalyptic","Permafrost is a story-driven survival sandbox set in a frozen, post-apocalyptic world. Discover a vast lore-rich open world, alone or in co-op with up to 4 players. Explore, scavenge, craft, and build a network of shelters to outlast the cold.",https://store.steampowered.com/app/2254990/,
B,5259850,Holy Shroom!,2026-10-23,True,GameWood,GameWood,False,False,True,False,True,"Co-op, Online Co-Op, Horror, Simulation, Survival Horror, Multiplayer, Exploration, First-Person, Realistic, Singleplayer","Holy Shroom! is a photorealistic mushroom-foraging game for solo or co-op. Pick mushrooms by day and earn money to repair your van. At night, the forest fills with the most valuable mushrooms, but ghosts, monsters, and other strange residents wake up too. The bigger the reward, the greater the risk.",https://store.steampowered.com/app/5259850/,
B,4147720,Salmon Jump,2026-10-31,True,welbeebee,welbeebee,False,False,True,False,False,"3D Platformer, Action, Party Game, Action-Adventure, Adventure, Online Co-Op, Third Person, Stylized, Nature, Survival","On the verge of extinction, you must make your salmon jump up-stream to the spawning pool at the top of this remote island while avoiding the wide array of bear-like predators home to the island.",https://store.steampowered.com/app/4147720/,
B,4132210,Zombie Hamsters,2026-11-06,True,Rogue Biscuit,BLACKBALANCE GAMES,False,False,True,True,True,"Co-op, Action, Funny, Zombies, Online Co-Op, 3D, Party Game, First-Person, Stealth, Survival",A 4-player cooperative online game. Escape from a scientific laboratory while playing as zombie hamsters and infect everyone around you.,https://store.steampowered.com/app/4132210/,
B,4981810,Escape the Flood!,2026-11-11,True,Platuro; Orys,Frosthain ,False,False,True,False,False,"Online Co-Op, Exploration, Procedural Generation, Casual, Team-Based, Colorful, Party Game, Survival, Crafting, Cartoon","A first person survival crafting game with a deadline. The ocean is rising, the procedurally generated island is going under, and your only way out is a boat you have not built yet. Escape alone, or with up to nine others.",https://store.steampowered.com/app/4981810/,
B,5290350,No Light at Sea,2026-11-20,True,Bluehood Games,Bluehood Games,False,False,True,False,False,"Open World Survival Craft, Survival, Online Co-Op, Base Building, Crafting, Adventure, Simulation, Co-op, Lovecraftian, Atmospheric","Turn an abandoned lighthouse into your last refuge. Salvage, fish and craft alone or in online co-op for up to 4 players. Brave the storms, rebuild floor by floor and uncover what lurks behind the legends of Brittany. Bring back the light. Before you lose your bearings.",https://store.steampowered.com/app/5290350/,
B,4132460,CATpitalist Cafe Simulator,2026-12-02,True,Anonvision,Anonvision,False,False,True,False,True,"Simulation, Cooking, Online Co-Op, Cats, Psychological Horror, Capitalism, Job Simulator, Animals, RPG, Casual",Play as Humanoid CATS in this chaotic 4 player co-op simulator as you takeover the coastal city of Los Nyangeles in pursuit of becoming true CATpitalists while helping rebuild the city along the way (kinda).,https://store.steampowered.com/app/4132460/,
B,2507690,Thalassophobia,2026-12-31,True,Varattu Valo Games,Varattu Valo Games,False,False,True,False,True,"Underwater, Nature, Multiplayer, Sandbox, Exploration, Psychological Horror, PvE, Atmospheric, Online Co-Op, Party Game","Thalassophobia is a 4-player co-op horror diving game set in the crushing darkness of the deep ocean. Complete high-risk objectives and uncover long-forgotten secrets. The further you descend, the less safe you are.",https://store.steampowered.com/app/2507690/,
B,3672980,Fishing Nightmares,2026-12-31,True,Nabokov,Nabokov,False,False,True,False,True,"Fishing, Simulation, Psychological Horror, Online Co-Op, Horror, Nature, Immersive Sim, Survival Horror, Physics, 3D","A co-op horror fishing sim for 1–4 players. Play as SWAT operatives to retrieve a lost item deep in the Amazon jungle. Fish, sell, buy, and upgrade to achieve your mission. ",https://store.steampowered.com/app/3672980/,
B,4033720,Loam,2026-12-31,True,WildRoot,WildRoot,False,False,True,False,False,"Fishing, PvE, Base Building, Building, Survival, Crafting, Open World, First-Person, Cooking, Relaxing","Loam is a cooperative game in an infinite world where players gather resources, craft equipment, build structures on the land or at sea, explore and fight dangerous creatures alone or with friends.",https://store.steampowered.com/app/4033720/,
B,4294330,Simple World Beta,2026-12-31,True,ZetGen,ZetGen,False,False,True,False,False,"Action, Adventure, Survival, Party Game, PvE, Singleplayer, Multiplayer, Funny, Magic, Arcade","Simple World is a relaxing, safe, open-world survival game where you explore, gather resources, and build at your own pace – alone or in co-op (at least during the day).",https://store.steampowered.com/app/4294330/,
B,4335960,The 4 Masked,2026-12-31,True,Yuka Factory,Yuka Factory,False,False,True,False,False,"Co-op, Co-op Campaign, Adventure, Online Co-Op, Platformer, Parkour, 3D Platformer, First-Person, Survival, Action-Adventure","A 4-player co-op FPS adventure where you swing through trees using vines, escape wild animals, and survive dangerous biomes. Each player has a unique role, and teamwork is the key to survival.",https://store.steampowered.com/app/4335960/,
B,4480150,Boonies,2026-12-31,True,TheTrueDuck Studios,TheTrueDuck Studios,False,False,True,False,True,"Multiplayer, Survival Horror, Atmospheric, Horror, Team-Based, Online Co-Op, Dark, 3D, Survival, PvP","A One vs. Many survival horror game with proximity chat. A group of rednecks have crashed their car in dark woods. They must search for parts to fix their car and escape. But watch out! Through his countless cameras, the Observer sees all. He controls the monster, and must ""protect"" his forest.",https://store.steampowered.com/app/4480150/,
B,4519930,Clifton,2026-12-31,True,OverLimits Games,OverLimits Games,False,False,True,False,True,"Survival Horror, Open World, Survival, First-Person, Online Co-Op, Exploration, Multiple Endings, Horror, Adventure, Co-op","Clifton is an open-world survival game set on a remote tropical island. 
Explore, survive its dangers, and find a way to escape before the island’s unsolved mysteries find you. 
Play alone or in online co-op with up to 4 players.",https://store.steampowered.com/app/4519930/,
B,4883760,Wrong Landing: Reborn,2026-12-31,True,BigUpdate Games,BigUpdate Games,False,False,True,False,True,"Action, Adventure, Sandbox, FPS, Exploration, 3D, Realistic, First-Person, Crafting, Survival","Wrong Landing: Reborn is a new, improved open-world survival game. Explore a mysterious island full of surprises alone or with friends! Discover its rich story, fight hunger, extreme cold, and try to stay alive.",https://store.steampowered.com/app/4883760/,
B,5011760,CHUM Fishing,2026-12-31,True,Village Games,Village Games,False,False,True,False,True,"Action Roguelike, Creature Collector, Fishing, Action, Party Game, 3D, Noir, Horror, Team-Based, Simulation","CHUM Fishing is a cooperative multiplayer horror fishing game. As alien caretakers assigned to these terrifying waters, you and your friends must catch enough monstrous fish to feed the unknown beings lurking beneath the surface.
But their appetites grow larger with each passing day.",https://store.steampowered.com/app/5011760/,
B,5013410,TIDE OR HIDE,2026-12-31,True,FIVE DUCK GAMES,FIVE DUCK GAMES,False,False,True,True,True,"Survival, Online Co-Op, Crafting, Survival Horror, Indie, PvE, Co-op, Action-Adventure, Exploration, Stealth","Three minutes of daylight. Ninety seconds of night. TIDE OR HIDE is a 1-4 player co-op survival game where the deep water guarding your camp drains away every night - zone by zone - and armed hunters come for what you stockpiled. Gather, arm up, and hold until dawn.",https://store.steampowered.com/app/5013410/,
B,3980790,Red Tide,2027-03-31,True,Team Monumental,Team Monumental,False,False,True,False,True,"Inventory Management, Psychological Horror, Fishing, Exploration, Extraction Shooter, Online Co-Op, Post-apocalyptic, Open World, Old School, Looter Shooter","Radioactive fish? Heavily armed Game Wardens? Exploring a vast open world with a rod in one hand and a rifle in the other? Red Tide is an extraction fisher set in the irradiated wastelands. Scavenge what's left of the former nuclear site among the Calem Islands, alone or with friends.",https://store.steampowered.com/app/3980790/,
B,4925790,Wilds of Lumithra,2027-03-31,True,Dream Parable,Dream Parable,False,False,True,False,False,"Casual, Survival, Crafting, Building, Adventure, Open World, Open World Survival Craft, Multiplayer, Co-op, Nature","Explore the hand-crafted open-world of Wilds of Lumithra, where every cliff, chasm, and hidden path is yours to discover. Turn natural obstacles into shortcuts as you gather, craft, build, and fight your way to survival - solo or online with friends.",https://store.steampowered.com/app/4925790/,
B,1043460,Anchor,2027-12-31,True,Fearem,Fearem,False,False,True,False,False,"Underwater, Survival, Multiplayer, Crafting, Open World, PvP, Base Building, Action, Open World Survival Craft, Sandbox","Anchor is a large-scale underwater multiplayer survival game. Build your base, craft tools and weapons, explore, loot and prepare for battle. Every player is a potential threat in a persistent world where bases can be raided, alliances broken, and the ocean itself hunts you.",https://store.steampowered.com/app/1043460/,
B,3847390,Ötzi,2027-12-31,True,Morpho Games,Morpho Games,False,False,True,False,False,"Open World Survival Craft, Crafting, 2D, Pixel Graphics, Survival, Simulation, Open World, Sandbox, Science, Historical","Ötzi is a Neolithic survival and crafting game. Hunt, fish and forage so you don't starve. Craft tools, clothing and shelter to withstand the cold, wind and rain in a living ecosystem, solo or in co-op for up to four.",https://store.steampowered.com/app/3847390/,
B,4887280,Marrowood,2027-12-31,True,Our Home Studio,Our Home Studio,False,False,True,False,True,"Horror, Psychological Horror, Incremental, Mystery, Exploration, Simulation, Animals, Management, Survival Horror, Physics","Haunted by the suppressed memories of your childhood, you receive a letter from the town you grew up in. They need you to rebuild your family's farm. It's time to remember, welcome home. ",https://store.steampowered.com/app/4887280/,
B,2319410,WhyTaoism,2080-02-22,True,Dust,Dust,False,False,True,False,False,"Roguelite, Sandbox, RPG, Third Person, Singleplayer, Base Building, Open World, Building, Survival, Nature","Why Taoism Is an adventure game that explores spirituality and transcendence. In this game, players will take on the role of a group of beings who follow the legends of the ancient immortals and hope to ascend in order to transcend.",https://store.steampowered.com/app/2319410/,
B,1663330,Street Boy,Coming soon,False,Hemiogenic Interactive; Willow Tree Studios Collective,Hemiogenic Interactive,False,False,True,False,False,"RPG, Action-Adventure, Survival, Adventure, Multiplayer, Online Co-Op, Action RPG, Sandbox, Choose Your Own Adventure, Exploration","One summer. One handcart. One big race. Help Arlinton hustle around a Jamaican seaside town to build a motorised cart for race day, look after Granny and his friends, and quietly expose the gangster hiding in his community. Play alone, or host and join friends online.",https://store.steampowered.com/app/1663330/,
B,1805740,Snowstorm of despair,Coming soon,False,Game red,Game red,False,False,True,False,True,"Horror, Survival Horror, Online Co-Op, Co-op, Team-Based, Nature, Exploration, First-Person, Hidden Object, Action",Snowstorm of despair is a cooperative survival-horror for up to 8 people. Try to survive in a storm and escape. But who knows what despair can make with people… Communicate and help or betray and deceive!,https://store.steampowered.com/app/1805740/,
B,1805820,Moonhaven,Coming soon,False,Arcbound Games,Arcbound Games,False,False,True,False,False,"Farming Sim, Survival, RPG, Open World Survival Craft, Open World, Crafting, Pixel Graphics, Online Co-Op, Life Sim, Farming","You awake on the beach of a haunted island, hungry and alone. Farm, fish, hunt, gather, build and defend in this unique combination of farming, survival, tower defense, and role-playing games. Help rebuild the town of Moonhaven. Build a home and life for yourself.",https://store.steampowered.com/app/1805820/,
B,2056510,THE HUNTED: SHADOWS OF DESPAIR,Coming soon,False,#LOL STUDIOS,#LOL Entertainment,False,False,True,False,True,"Strategy, Horror, Simulation, Singleplayer, Multiple Endings, Story Rich, 3D, Exploration, Action-Adventure, Multiplayer","Explore the buildings, forests and grave yards to gather as much information as possible to solve the case(s) with our Paranormal Investigator & Psychic Medium Alex Walker. But be cautious not everything is as it seems.",https://store.steampowered.com/app/2056510/,
B,2268260,Samhain,Coming soon,False,Collins Game Company,Collins Game Company,False,False,True,False,True,"Online Co-Op, Investigation, Horror, Atmospheric, Mystery, PvE, Psychological Horror, 3D, First-Person, Logic","Samhain is an investigative horror game that can be played solo or with up to four players online. Investigate brutal murder scenes and determine what creature was responsible. Next, gather tools and items to help you survive. At midnight, the monster returns.",https://store.steampowered.com/app/2268260/,
B,2859470,.,Coming soon,False,StartUpGames,StartUpGames,False,False,True,False,True,"Underwater, Horror, Exploration, Action-Adventure, First-Person, Team-Based, 3D, Action, Linear, Open World",A co-op horror about searching the depths of the ocean for treasure.,https://store.steampowered.com/app/2859470/,
B,2930840,Forest Simulator 2025,Coming soon,False,Mr. Snail Dev,Mr. Snail Dev,False,False,True,False,True,"Massively Multiplayer, Collectathon, Cute, Nature, Psychological Horror, Female Protagonist, Immersive Sim, Co-op, Online Co-Op, 3D",Fulfill your deepest desires of becoming part of a forest! Stand very still! Look at the beautiful (low poly) scenery! MMOF (Massive Multiplayer Online Forest)! BECOME a tree (in a simulation)!,https://store.steampowered.com/app/2930840/,
B,2996390,Scavenged By Sunset,Coming soon,False,Toast,Toast,False,False,True,True,True,"Online Co-Op, Multiplayer, Survival Horror, PvP, Arcade, Nature, Action, Horror, Procedural Generation, Thriller","Scavenged by Sunset is a multiplayer (4vs1) survival horror game where one player takes on the role of the savage Killer, and the other four players play as Survivor, trying to avoid the Killer. Collecting coins and traveling through portals allow Survivor the ability to escape to victory!",https://store.steampowered.com/app/2996390/,
B,3050090,Thalassomania,Coming soon,False,OffTheHookGames,OffTheHookGames,False,False,True,True,True,"Horror, Online Co-Op, Fishing, Survival Horror, First-Person, Retro, Atmospheric, Multiplayer, Sailing, Co-op","A PS1-style co-op horror game for 1–4 players. Set at sea, you run a fishing trawler with your crew — haul, gut, steer, repair — while something lurks in the shadows. Keep the ship alive. Get home. You're not alone out there.",https://store.steampowered.com/app/3050090/,
B,3092850,Valorwood (Early Access),Coming soon,False,Dizzy Labs,Dizzy Labs,False,False,True,False,False,"RPG, Adventure, Fantasy, Action RPG, Survival, Magic, Action-Adventure, Choose Your Own Adventure, Dungeon Crawler, Open World","Explore realms, timelines, and dimensions in this stylized open-world survival RPG. Gather, craft, build, and battle through shifting worlds as you uncover the mysteries of Valorwood, alone or with friends.",https://store.steampowered.com/app/3092850/,
B,3166230,That Which Remains,Coming soon,False,Remaining Games,Interdimensional Games Inc,False,False,True,False,True,"Psychological Horror, Investigation, Realistic, Resource Management, Immersive Sim, Crafting, PvE, First-Person, Horror, Exploration","1–4 player sci-fi ghost-hunting horror extraction sim with proximity voice chat. Travel across time to extract resources, identify and capture hostile entities as fuel for a supposed future utopia. Speak to entities using your voice, upgrade your prison, craft tools, and meet a rising daily quota.",https://store.steampowered.com/app/3166230/,
B,3472960,Untold Depths,Coming soon,False,Cybernetic Studios LLC,Cybernetic Studios LLC,False,False,True,False,True,"Online Co-Op, Horror, First-Person, Survival Horror, Funny, Co-op, Psychological Horror, Action, Sci-fi, Adventure","A deep sea spear fishing horror game where going alone is deadly. As contract fisherman, dive into the endless abyss to harvest fish meat and fund your next descent. Beware the lurking horrors and try to make it back in one piece...",https://store.steampowered.com/app/3472960/,
B,3547430,Hell Moon Harvest,Coming soon,False,Fantasy Bytes Entertainment,Fantasy Bytes Entertainment,False,False,True,False,True,"Action, Adventure, Online Co-Op, Horror, Survival Horror, Action-Adventure, Exploration, FPS, Time Management, 3D","Coop action horror game where up to 4 players explore, forage, and hunt for food within the dangerous environment of a Bio-Cube. Collect as much food as you can as fast as you can without becoming food yourself.",https://store.steampowered.com/app/3547430/,
B,3573420,Bunker 9,Coming soon,False,Mantle Games,Mantle Games,False,False,True,False,False,"Open World, Post-apocalyptic, Survival, Exploration, Zombies, Crafting, Online Co-Op, Singleplayer, First-Person, FPS","Upgrade and enhance your bunker, scavenge for resources, and battle hordes of zombies in a vast open world. Team up with friends in co-op, find food and weapons, and uncover the secrets of survival.",https://store.steampowered.com/app/3573420/,
B,3701310,Swanfield Survival,Coming soon,False,RJH Studios,RJH Studios,False,False,True,False,False,"Zombies, Post-apocalyptic, Survival, Multiplayer, Online Co-Op, FPS, Third-Person Shooter, First-Person, Third Person, PvE","Swanfield Survival is a Post-Apocalyptic Zombie Survival game, with PvE and PvP Elements with Online Co-Op & Multiplayer. You can connect via Dedicated Servers, or host a session with up to 5 friends.

Climbing, Swimming, Looting, Crafting, Building, Fishing, Farming are all available from start!",https://store.steampowered.com/app/3701310/,
B,3789870,Sunny Shores,Coming soon,False,mungbungo,mungbungo,False,False,True,False,False,"Sandbox, Procedural Generation, Building, Survival, Exploration, Retro, Crafting, Multiplayer, 3D, Base Building","Sunny Shores is software for casual and retired gamers who have prematurely reached unc-status in their careers. It features cozy lo-fi fishing mechanics, block-building and an open-world sandbox. Play with friends or play with yourself.",https://store.steampowered.com/app/3789870/,
B,4139890,TROLLHEIM: GNOMES,Coming soon,False,Trollheim ; Off-leash Interactive ,Trollheim ,False,False,True,False,False,"Survival, Multiplayer, Base Building, Open World Survival Craft, Adventure, Co-op, Crafting, Open World, Exploration, Atmospheric",More info coming soon,https://store.steampowered.com/app/4139890/,
B,4233980,A WILD HEIST,Coming soon,False,EliDev,EliDev,False,False,True,True,False,"Party Game, Action, Casual, Comedy, Heist, Stealth, Multiplayer, Physics, Colorful, Cute","A Wild Heist is a game where you and up to 3 friends rob banks as raccoons to pay off a gambling debt to the mob. The game includes fully destructible environments, online multiplayer, procedurally generated maps and more...",https://store.steampowered.com/app/4233980/,
B,4269150,Campwood,Coming soon,False,Hidden Button,Hidden Button,False,False,True,False,True,"Multiplayer, Online Co-Op, Adventure, Exploration, Puzzle, Survival, Comedy, Open World, Physics, First-Person","Campwood is a co-op wilderness survival game filled with mystery, danger, and fun. Your goal is to escape this place. And remember – your greatest enemy is the darkness.",https://store.steampowered.com/app/4269150/,
B,4314290,Almost Home,Coming soon,False,Oyen &amp; Umi Games,Oyen &amp; Umi Games,False,False,True,False,False,"Survival, Online Co-Op, Team-Based, Exploration, Multiplayer, Fishing, Adventure, Mystery, Roguelike, Action-Adventure","A 1-4 player co-op survival adventure about making it home together. Explore unique biomes, uncover their secrets, adapt to their rules, and survive the unexpected challenges along the way.",https://store.steampowered.com/app/4314290/,
B,4541830,DEATH FROM BELOW,Coming soon,False,Quantum Cult,Quantum Cult,False,False,True,False,True,"Online Co-Op, Co-op, PvE, Simulation, Horror, Survival Horror, Multiplayer, Action, Action-Adventure, First-Person","DEATH FROM BELOW is a 1-4 player co-op horror game where you and your crew hunt for sunken relics on a steam-powered trawler: navigate cursed waters, operate your ship's steam-driven machinery, and sharpen your harpoon. Beware of the eldritch creatures guarding their treasures beneath the surface.",https://store.steampowered.com/app/4541830/,
B,4607560,Crabbin' Crew,Coming soon,False,Vermillion,Vermillion,False,False,True,False,True,"Simulation, Online Co-Op, Survival, Horror, Exploration, Physics, 3D, Fishing, Survival Horror, Roguelite","An online co-op horror game for up to 4 players where you catch crab, manage and steer your vessel, explore dangerous open waters, and work together to survive the unseen terrors lurking beneath the waves.",https://store.steampowered.com/app/4607560/,
B,4655080,AbsurDock,Coming soon,False,Phased Array Studios,Phased Array Studios,False,False,True,False,True,"Fishing, Physics, Online Co-Op, Stylized, Horror, Adventure, Loot, Survival, 3D, Exploration","Hurl an enormous line into an anomalous ocean in online co-op. Haul up physics-driven oddities, then burn them for fuel, crush them for currency, or hook them as bait. Combine baits to bend the odds, stake them on rare catches, and build your dock toward new islands.",https://store.steampowered.com/app/4655080/,
B,4910090,Breath of the Waters: The Angler,Coming soon,False,doyofun,doyofun,False,False,True,False,False,"Casual, Simulation, Immersive Sim, Realistic, Massively Multiplayer, First-Person, Relaxing, Survival, Fishing, Nature","A realistic fishing simulation with RPG elements, built in Unreal Engine 5. Authentic physics-based feel × open-water exploration — from float to lure and bottom fishing. Read the water, hone your skills, rise from novice to master angler. Fish solo, or team up with friends.",https://store.steampowered.com/app/4910090/,
B,4953420,Castronauts,Coming soon,False,Moon Egg Studios,Moon Egg Studios,False,False,True,False,True,"Online Co-Op, Fishing, Action Roguelike, Survival, Exploration, Co-op, Time Management, Action, 2D, Multiplayer","Castronauts is a 2D co-op extraction game about hauling alien fish out of dangerous worlds. Assemble a team of up to 6 players to fish together, explore procedurally generated areas, and survive encounters with hostile creatures before the planet collapses around you. ",https://store.steampowered.com/app/4953420/,
B,4969400,Farmshore: Out Past the Horizon,Coming soon,False,Out Past the Horizon,Out Past the Horizon,False,False,True,False,False,"Farming, Farming Sim, Life Sim, Fishing, Co-op, Singleplayer, Management, Agriculture, Survival, Online Co-Op","Escape to a sun-drenched tropical paradise in this 1-8 player life simulator. Build your dream island from scratch, cultivate vibrant farms, manage bustling local businesses, and unwind on the beach with friends. Your perfect island getaway awaits!",https://store.steampowered.com/app/4969400/,
B,5163510,Bugs & Birdies,Coming soon,False,fiftyfive development OHG,fiftyfive development OHG,False,False,True,False,False,"Open World Survival Craft, Online Co-Op, Co-op, Multiplayer, Cozy, Sandbox, Crafting, Survival, Farming Sim, Base Building","A cozy survival sandbox with teeth – alone or in online co-op for up to four players. Explore a world of pixel islands, build your farmstead, raise an army of hens and hold the fences together when the beetles come at night.",https://store.steampowered.com/app/5163510/,
B,5257900,Waters,Coming soon,False,Mad Wizards,Mad Wizards,False,False,True,False,False,"Simulation, Survival, Creature Collector, Multiplayer, Roguelite, Sandbox, Online Co-Op, Underwater, Casual, Animals","Become a fish or a fisherman. Grow, hunt, and escape the hook—or cast your line and try to catch your friends. WATERS is a multiplayer survival game where players can find themselves on both sides of the hook.",https://store.steampowered.com/app/5257900/,
B,908200,Revengers,To be announced,False,Leveland Studios,Leveland Studios,False,False,True,True,False,"Stealth, FPS, Action, Co-op, Multiplayer, Open World, Shooter, Survival, Adventure, 3D","Voodoo CO-OP Openworld FPS set in a fictional Khiribi island located in beautiful environment of the 
Carribean sea run by warlord Dalian. Explore the environment, fight his bloodthirsty mercenaries, liberate outposts and master Voodoo that will help you to bring justice and glory to this land!",https://store.steampowered.com/app/908200/,
B,1572000,Derelicts,To be announced,False,Romain,Romain ,False,False,True,False,True,"Survival, Online Co-Op, Survival Horror, Base Building, Singleplayer, Multiplayer, Sandbox, Mystery, Realistic, First-Person","Years after an ancient and enigmatic mechanism flooded Earth with radiation, you and your team are tasked with investigating the source of the incident. Build, craft and explore alone or with friends in this hostile, mysterious wasteland, using the power of electricity and water to survive.",https://store.steampowered.com/app/1572000/,
B,2203830,East Wind,To be announced,False,Alcedo Games,Alcedo Games,False,False,True,False,False,"Online Co-Op, Trading, Crafting, Survival, Singleplayer, Open World, Exploration, Economy, Atmospheric, Relaxing","East Wind is a co-op survival trading game that takes place in a cozy world with lots to discover. Whether alone or with friends, you will gather resources, craft items, and embark on a journey to trade your goods.",https://store.steampowered.com/app/2203830/,
B,2590560,Cryptfall,To be announced,False,Fat Raccoon,Fat Raccoon,False,False,True,False,False,"Simulation, Action Roguelike, Open World Survival Craft, Survival, Exploration, Crafting, Bullet Hell, 2D, Sandbox, Nature","In this 4-player co-op roguelike survival craft game, you and your friends are trapped inside a cursed, ever-changing board game. As members of the Mystery Club, you must uncover the secrets of Cryptfall, craft powerful tools, and defeat terrifying foes to escape—before the island consumes you!",https://store.steampowered.com/app/2590560/,
B,3132610,Antidotera,To be announced,False,Forest Initiative,Forest Initiative,False,False,True,False,False,"Simulation, Crafting, Nature, Exploration, Singleplayer, Survival, Immersive Sim, 3D, Life Sim, First-Person","Dive into the role of a researcher on a dangerous, resource-rich island. Gather rare ingredients, craft life-saving potions, and survive the wild. Uncover secrets and send cures back to the government to combat a deadly epidemic haunting the population.",https://store.steampowered.com/app/3132610/,
B,3257620,In The Woods,To be announced,False,Dudewude,Dudewude,False,False,True,False,True,"Horror, Multiplayer, PvE, Realistic, Strategy, Action, Nature, First-Person, Online Co-Op, Singleplayer","Have you ever been wandering through the woods, alone or with some friends... But what's that sound! Something else is out here with you, and it seems interested. This is a horror survival game, where you lost in the woods with yourself or with friends. You are trying to escape from the creature.",https://store.steampowered.com/app/3257620/,
B,3473200,LIMINAL HELL,To be announced,False,ZiffySpark,Z.Studios,False,False,True,False,True,"Adventure, Platformer, 3D, First-Person, Horror, Nature, Parkour, Psychological, Psychological Horror, Singleplayer","""So, do tell, why are you taking photos here anyway?""

You've created an endless hellscape you call LIMINAL HELL, and your only goal as of now, is to escape, and who knows what awaits you in the depths of this hell...",https://store.steampowered.com/app/3473200/,
B,3530640,Pecking Order,To be announced,False,Talent Digital,Talent Digital,False,False,True,True,False,"Multiplayer, Casual, Party Game, Hidden Object, Funny, Online Co-Op, Comedy, Stealth, Real Time Tactics, Cute",Pecking Order is a 16-player online physics-based party game where you eat your friends.,https://store.steampowered.com/app/3530640/,
B,3640570,Country Slime,To be announced,False,AZS,AZS,False,False,True,False,False,"Adventure, Survival, Pixel Graphics, PvE, Singleplayer, Multiplayer, Online Co-Op, Co-op, Crafting, Cute","RPG-style co-op survival - Country Slime
",https://store.steampowered.com/app/3640570/,
B,3661410,Neighborhood Watchers,To be announced,False,aFonte Games LLC,aFonte Games LLC,False,False,True,True,True,"Online Co-Op, Multiplayer, Cozy, Horror, Dungeon Crawler, Co-op, Action-Adventure, Exploration, Procedural Generation, Simulation","In Neighborhood Watchers, you fish, farm, and decorate with friends, then raid haunted houses to recover lost memories and rescue the spirit children who once called this sleepy suburb home.",https://store.steampowered.com/app/3661410/,
B,3836380,Trust Me,To be announced,False,Legions Studio,Legions Studio,False,False,True,False,True,"Horror, Adventure, Atmospheric, Dark, Singleplayer, Thriller, First-Person, Indie, Nature, Mystery","Survive with your friends in a wasteland devastated by an atomic bomb, explore dangerous areas, and strengthen yourself by collecting and selling valuable loot. Upgrade your gear and your vehicle with the money you earn, and push into farther and deadlier zones. Explore, loot, and survive!",https://store.steampowered.com/app/3836380/,
B,4011880,Woods and Spirits,To be announced,False,Great Terrible Games,Great Terrible Games,False,False,True,False,False,"Adventure, Dark Fantasy, Co-op, Demons, Nature, Online Co-Op, Singleplayer, Survival, Action RPG, Open World","Woods and Spirits is a co-op psychological survival horror where a cursed forest twists reality around you. Scavenge, craft, and build shelter by day, then endure relentless nights as spirits stalk your team, trigger hallucinations, and strike when you feel safest.",https://store.steampowered.com/app/4011880/,
B,4213030,Deadhikers,To be announced,False,Misterial Games,Polden Publishing,False,False,True,False,True,"Survival, Co-op, Survival Horror, Horror, Adventure, Atmospheric, Exploration, Walking Simulator, Open World, First-Person","Deadhikers is a co-op survival horror game set in a remote, isolated wilderness cut off from the outside world. With no base building, players rely on hiking gear, keep moving, explore, and search for a way out together. Something is watching you - survival means escaping this hell.",https://store.steampowered.com/app/4213030/,
B,4661450,MAREGROSSO,To be announced,False,Flotsam Interactive,Flotsam Interactive,False,False,True,False,True,"Fishing, First-Person, Horror, Psychological Horror, Stylized, Lovecraftian, Co-op, Indie, Multiplayer, Online Co-Op","An asymmetric co-op horror fishing game about tradition, procedure, and what lies beneath.",https://store.steampowered.com/app/4661450/,
B,4715980,Fathoms,To be announced,False,Buck Eejit Games,Buck Eejit Games,False,False,True,False,True,"Online Co-Op, Horror, First-Person, Co-op, Exploration, Atmospheric, Survival Horror, Adventure, Sailing, Action","Gather your crew and set off through hostile waters in this terrifying co-op survival game for up to 4 players. Scavenge for fuel, gear, and scrap while nameless horrors rise from beneath the waves to deny your escape.",https://store.steampowered.com/app/4715980/,
B,4790660,Moose Builders,To be announced,False,Lingon Studios,Lingon Studios,False,False,True,False,False,"Base Building, Automation, Open World Survival Craft, Strategy, Multiplayer, Survival, Simulation, Crafting, Adventure, Co-op","Dig sand with a shovel and process into iron, silicon and more. Craft and merge better tools and machines to build solar panels to power them. Research new machines to automate everything in multi-story factories. Play alone or with friends to survive in the desert and turn it into a solar farm.",https://store.steampowered.com/app/4790660/,
B,5251190,NEKOGAERI,To be announced,False,soyukke,soyukke,False,False,True,False,False,"Cats, Online Co-Op, Exploration, Survival, Third Person, Adventure, Character Customization, 3D, Cute, Post-apocalyptic","A tornado has whisked you far from home. Follow scents, herd fish across a pond, and huddle close when the cold sets in. Up to four cats share food, rescue each other, and get into mischief on a different journey every time. Bring back treasures to make your garden feel like home.",https://store.steampowered.com/app/5251190/,
C,4101750,PHOBOS,2026-10-14,True,FourDots,FourDots,False,False,True,True,True,"Online Co-Op, Horror, Multiplayer, Social Deduction, Co-op, Funny, 3D, Psychological Horror, Procedural Generation, Stealth","A 4-8 player social deduction horror game. Solve puzzles that need real teamwork, survive monsters that each hunt differently, and figure out who you can trust before they decide for you.",https://store.steampowered.com/app/4101750/,
C,2606850,Mimic,2026-10-27,True,Ryan Laley Games,Ryan Laley Games,False,False,True,True,True,"Survival Horror, Horror, Multiplayer, Online Co-Op, Gore, Sci-fi, Stealth, Adventure, Realistic, 3D","Deduce who you can trust in this asymmetrical online survival horror game for up to 10 players. Solve the objectives, survive the killer Android hunting you, and hunt from the shadows as the Mimic; a shape-shifting terror hiding amongst you.",https://store.steampowered.com/app/2606850/,
C,5050950,Spelly Zombie,2026-10-28,True,Endless Worlds,Endless Worlds,False,False,True,True,False,"Casual, Party Game, Multiplayer, Hidden Object, Funny, Zombies, Magic, Comedy, Stealth, Online Co-Op","Hide-and-seek with magic! Wizards draw their own spells and guard the ink that refills their wands. Acolytes disguise as furniture, summon zombies and try to corrupt it. Plus co-op boss fights and custom maps.",https://store.steampowered.com/app/5050950/,
C,4936650,Cult Of Echoes,2026-10-29,True,EFFORT GAMES,EFFORT GAMES,False,False,True,True,True,"Horror, Multiplayer, Survival Horror, Action, Online Co-Op, Co-op, Survival, Team-Based, Stealth, First-Person",Use echolocation to hunt your friends down in an asymmetrical horror game where sound is everything!,https://store.steampowered.com/app/4936650/,
C,5270220,Sound Bounded,2026-10-31,True,Toasted Bread Studio,Toasted Bread Studio,False,False,True,True,True,"Online Co-Op, Stealth, Action, Party Game, Funny, Horror, Multiplayer, Action-Adventure, Co-op, Colorful","Sound is everything. Explore a dark, misty world, activate mysterious crystals and survive a relentless hunter who sees through sound. Scream to run faster, stay quiet to hide, and use the environment to your advantage. Every noise has consequences. ",https://store.steampowered.com/app/5270220/,
C,5317740,Something in the Rows,2026-10-31,True,Distorted Games Studio,Distorted Games Studio,False,False,True,True,True,"Survival Horror, Horror, Psychological Horror, First-Person, Online Co-Op, Adventure, Atmospheric, Procedural Generation, Stealth, Exploration",First-person survival horror in a corn maze at night. Find the eight wards hidden across Halloway Farms and carry them to the chained gate. Every ward you take lets the Harvester closer. The maze is different every run. Play alone or with up to three friends online.,https://store.steampowered.com/app/5317740/,
C,4736090,Inside Job,2026-11-02,True,Rafiq Studios,Rafiq Studios ,False,False,True,True,True,"Online Co-Op, Stealth, Social Deduction, Immersive Sim, Horror, Heist, First-Person, Crime, Team-Based, Action","A 1-4 player co-op prison escape. The walls, the schedule, the guards — every one of them is a problem you have to solve yourself. Work it out together, keep it buried, and pick your moment carefully. You won't get a second one.",https://store.steampowered.com/app/4736090/,
C,5059340,Hush Piñata,2026-11-02,True,KARRASCO_BR,Fat Finger Studios,False,False,True,True,True,"Party Game, Action, Casual, Multiplayer, Horror, Comedy, Stealth, Online Co-Op, First-Person, Third Person","She got tired of being hit, blindfolded herself and came back thirsty for revenge. A horror-comedy party game for up to 9 players, the blind Piñata hunts by sound, and even your voice on the mic lights a silhouette in her darkness. Do the chores quietly and rip off her tail before she notices.",https://store.steampowered.com/app/5059340/,
C,5167460,WHO CHANGED IT?,2026-11-02,True,C51 Games,C51 Games,False,False,True,True,False,"Casual, Multiplayer, Indie, Party Game, Funny, Hidden Object, Online Co-Op, Comedy, Stealth, Co-op","Keep your eyes open and find the anomalies! ""WHO CHANGED IT?"" is a next-gen online anomaly game for 1-8 players. But there's a catch: the anomaly creator is one of you! Objects can move, disappear, or duplicate. Snap photos of anomalies in different game modes and beat your opponents!",https://store.steampowered.com/app/5167460/,
C,910550,MONO CHAMELEON,2026-11-05,True,PocketStudio,PocketStudio,False,False,True,True,False,"Party Game, Hidden Object, Multiplayer, PvP, Casual, Funny, Stealth, Online Co-Op, Team-Based, Character Customization","Hide-and-seek, tag AND prop hunt on a retro handheld-style screen: four monochrome shades, dithered in olive and cream. PAINT yourself into the walls, disguise as a prop, or hunt with the catch-gun. 2–10 players online: proximity voice, 5 modes, bots, daily challenge.",https://store.steampowered.com/app/910550/,
C,4698160,Cats Don't Carry Car Parts,2026-11-05,True,MilknoDev,MilknoDev Games,False,False,True,True,True,"Online Co-Op, Horror, Adventure, Comedy, First-Person, Co-op, Multiplayer, Stealth, Exploration, Action-Adventure","A 1–4 player co-op horror game where a train crash strands you in a dark Soviet forest. With your friends, scavenge and carry parts to rebuild a dismantled truck, escape the Soviet Oblast of Novak, and survive cat-themed tests to convince IT you belong there.",https://store.steampowered.com/app/4698160/,
C,5352690,Bust Out,2026-11-06,True,Rhou; CryNation,ScriptForge,False,False,True,True,False,"Online Co-Op, Action, Simulation, Heist, Gambling, Sandbox, Stealth, Adventure, Co-op, Strategy","Bust Out is a chaotic co-op casino sandbox for 1 to 8 friends. Gamble at real tables, party at the bar, brawl with security and if you dare, sneak past the guards and clean out the vault. No timers, no pressure: every decision is a bet.",https://store.steampowered.com/app/5352690/,
C,5239830,Zombie Apocalypse Together,2026-11-26,True,cnsgames,cnsgames,False,False,True,True,True,"Action, Survival, Indie, Co-op, Zombies, Online Co-Op, Open World, Adventure, Stealth, Survival Horror","Take one leg off a zombie and it limps. Take both and it crawls after you, following the blood you left behind. Third-person co-op survival for 1 to 4 players in one dense, furnished city. How many days can you hold your block?",https://store.steampowered.com/app/5239830/,
C,2723370,Voiceless,2026-11-30,True,522games,522games,False,False,True,True,True,"Co-op, Horror, Online Co-Op, Thriller, Jump Scare, Action, Survival Horror, Simulation, Stealth, Hobby Sim","Voiceless is a cooperative horror game that can be played alone or with up to 4 players. Your goal is to survive making as little noise as possible, because any sound, including your microphone, can be heard by the Maniac, who is eager to catch you and your friends.",https://store.steampowered.com/app/2723370/,
C,4964620,The Yard: Escape from Prison,2026-11-30,True,Webnetic s.r.o.,Webnetic s.r.o.,False,False,True,True,False,"Online Co-Op, Funny, Co-op, Multiplayer, Action, Action-Adventure, Exploration, Stealth, Inventory Management, Time Management","Break out of prison with up to 6 friends — or leave them behind. Blend into the daily routine, smuggle contraband, craft your tools, and slip past the guards. Every escape is planned. Not every escape is shared.",https://store.steampowered.com/app/4964620/,
C,4643890,Hantu and Hunted,2026-12-02,True,Zeevium Games,Zeevium Games,False,False,True,True,True,"Action-Adventure, PvP, Multiplayer, Online Co-Op, Horror, Survival Horror, Stealth, Co-op, Survival, Hidden Object","Morph into props to survive as a human or hunt as the legendary ghosts of Southeast Asian folklore. Asymmetric horror prop hunt with proximity voice chat. Hide, hunt and escape.",https://store.steampowered.com/app/4643890/,
C,3367710,The Abyss Break,2026-12-31,True,LNJ Studio,LNJ Studio,False,False,True,True,True,"Horror, First-Person, Online Co-Op, FPS, Zombies, PvE, Co-op, Stealth, Post-apocalyptic, Atmospheric","Hardcore first-person co-op horror game. Explore the worlds beyond the Abyss alone or with a team, gather what you need to survive, and discover how far consciousness can change before it is no longer your own.",https://store.steampowered.com/app/3367710/,
C,3809820,Expendabots,2026-12-31,True,Collision Games,Blue Brain Games,False,False,True,True,True,"Horror, Online Co-Op, Co-op, Stealth, Robots, Team-Based, Procedural Generation, Jump Scare, Atmospheric, PvE","Expendabots is a 1–4 player co-op horror-extraction game where expendable robots explore ever-changing islands and terrifying dungeons. Outmatched and vulnerable, you’ll need to stay quiet, hide from hostile creatures, survive the horrors, and extract with your squad before the island is lost.",https://store.steampowered.com/app/3809820/,
C,4295690,Zombies & Battery,2026-12-31,True,Ransuz Studio,Ransuz Studio,False,False,True,True,True,"Online Co-Op, Zombies, Action, Adventure, Post-apocalyptic, Survival, Exploration, Stealth, Comedy, Horror","A co-op zombie apocalypse stealth survival game for up to 4 players. Explore cities while avoiding zombies that react to sound, and rescue survivors to gain new abilities. Gather supplies, open the gates, and make your way toward the safe zone in the north.",https://store.steampowered.com/app/4295690/,
C,4433420,OpTek,2026-12-31,True,yesclip games,yesclip games,False,False,True,True,True,"Online Co-Op, Horror, Investigation, Stealth, Immersive Sim, Procedural Generation, Roguelite, Casual, Indie, Cartoon",An interactive co-op repair game with horror elements. Up to 4 players will work together to survive routine maintenance sessions conducted in chambers that store dangerous entities. Work together to survive and bring the chamber online before certain death...,https://store.steampowered.com/app/4433420/,
C,4443820,Silentia,2026-12-31,True,Night Raid Games,Night Raid Games,False,False,True,True,True,"Horror, Multiplayer, Online Co-Op, Survival Horror, Co-op, Psychological Horror, Survival, Stealth, First-Person, Action","In Silentia, the monster is blind. It sees only what it hears. Hunt as Krav, a creature that grows stronger with every sound, or survive as one of the many, escaping in total silence. Make a sound, and it finds you.",https://store.steampowered.com/app/4443820/,
C,4703930,Grilluminati,2026-12-31,True,Anaxanthia; Godspear Games,Anaxanthia,False,False,True,True,True,"Online Co-Op, Multiplayer, Action, Dark Comedy, Cult, Casual, Stealth, Physics, Funny, Horror","Start a cult with friends and summon one of three rivalling gods. Sacrifice customers, perform dark rituals and work together to bring an ancient evil being into the world, all under the cover of a steakhouse.",https://store.steampowered.com/app/4703930/,
C,5029430,Empty House,2026-12-31,True,Studio 301,Studio 301,False,False,True,True,True,"Zombies, Online Co-Op, Survival Horror, Psychological Horror, Horror, Realistic, Action, Stealth, Dark Humor, Indie","In a world emptied by the zombie apocalypse, loot the houses left behind — a first-person co-op stealth horror for up to 4 players. Team up to gather supplies and escape alive! Every sound draws zombies, from footsteps to your voice over the mic. Evade them, or disguise yourself as one to slip past.",https://store.steampowered.com/app/5029430/,
C,5223650,UNDERKOVER,2026-12-31,True,Kompromat Games,Kompromat Games,False,False,True,True,False,"Casual, Party Game, Multiplayer, Funny, Comedy, Online Co-Op, Hidden Object, Social Deduction, Stealth, Espionage","Hide-and-paint party game for 2–8 friends in a meme-Soviet apartment block. Paint yourself into carpets and wallpaper, freeze, and survive the NKVD officer, his dog in a hat, the blackout — and your own friends, who can snitch on you any second.",https://store.steampowered.com/app/5223650/,
C,3082910,Classified Chaos,2027-03-05,True,King Pug III,King Pug III,False,False,True,True,True,"PvE, Multiplayer, Class-Based, Adventure, Dark Comedy, Horror, Stealth, Dungeon Crawler, Time Management, Online Co-Op","Classified Chaos is a multiplayer horror, action title, where you fight through creatures of various sizes, and danger. Use whatever equipment you can to fight, defend, run, or die for your team so someone gets out alive.",https://store.steampowered.com/app/3082910/,
C,3382460,The Remains,2027-03-31,True,Creesh,Creesh,False,False,True,True,True,"Action, Horror, Multiplayer, Online Co-Op, Survival Horror, Co-op, Indie, Singleplayer, Stealth, Psychological Horror","The Remains is a 1-4 player co-op survival horror where an intelligent AI enemy hunts your team whilst adapting to your tactics. Stay quiet and out of sight, or get picked off one by one.",https://store.steampowered.com/app/3382460/,
C,4115520,Really Illegal Golf,2027-03-31,True,Pushlab Games,No More Robots,False,False,True,True,False,"Adventure, Multiplayer, Online Co-Op, Co-op, Physics, Exploration, Indie, Funny, Stealth, Stylized","Golf, but make it illegal. Defy your membership ban and wreak havoc with friends in co-op, or tee off for a high score. Evade security, defend yourself with a customizable arsenal and take your games to the most outrageous places. Who said a tower crane wasn't the perfect place for a hole-in-one?",https://store.steampowered.com/app/4115520/,
C,4228630,QUIET,2027-03-31,True,LINE Games Corporation,LINE Games Corporation,False,False,True,True,True,"Horror, Multiplayer, Online Co-Op, Comedy, Co-op, Stealth, Physics, Action, First-Person, Singleplayer","Your ship crashed, your crew is stranded, and this house is somehow your best chance of survival. Search for ship parts while every movement and real-world sound risks alerting the homeowner. Stay QUIET, keep your flock together, and try not to quack under pressure.",https://store.steampowered.com/app/4228630/,
C,4258290,We Are So Cooked,2027-03-31,True,Dwarven Brothers,1312 Interactive,False,False,True,True,False,"Casual, Funny, Online Co-Op, Physics, Multiplayer, Comedy, Party Game, Co-op, Stealth, Sandbox","You and your friends are in trouble. Big trouble. You’ve accidentally killed someone, and now you have to get rid of the evidence. ""We Are So Cooked"" is a 1-4 player co-op physics-stealth game where the objective is simple: Get the body to the exit. The execution? That’s the hard part.",https://store.steampowered.com/app/4258290/,
C,4824910,Tabernacle,2027-03-31,True,Dongo Wongo Games,Dongo Wongo Games,False,False,True,True,True,"Horror, Online Co-Op, Survival Horror, First-Person, Stealth, Investigation, Exploration, Faith, Demons, Gothic","Tabernacle is a 1-4 player online co-op horror game. Once holy places have been forsaken and corrupted by sin. Do your duties as inquisitors of the church; collect evidence of evil, reclaim sacred sites, and banish the unholy that seek to extinguish faith.
Stand between the innocent and the damned.",https://store.steampowered.com/app/4824910/,
C,5016320,Heist of Fools,2027-03-31,True,OnlineKingdom,OnlineKingdom,False,False,True,True,False,"Online Co-Op, Heist, Co-op, Party Game, Stealth, Loot, Class-Based, RPG, Funny, Fantasy","Team up for chaotic fantasy heists with 2–4 players. Use four thieves’ unique abilities, outsmart guards and traps, haul enchanted loot, and escape before your mistakes bring the owner home.",https://store.steampowered.com/app/5016320/,
C,5216270,Night at the Fun Park,2027-03-31,True,Sitting Teddy,Sitting Teddy,False,False,True,True,True,"Horror, Co-op, Online Co-Op, Stylized, First-Person, Atmospheric, Team-Based, Survival Horror, Adventure, Stealth","Escape a giant spider in an abandoned amusement park. Find the keys to the exit, distract her with noise and free your friends from cocoons. Co-op horror for 1-4 players: online through Steam, solo or in two-player split-screen.",https://store.steampowered.com/app/5216270/,
C,5093060,Always Fear The Unknown,2027-06-30,True,Sinistous Studios LLC,Sinistous Studios LLC,False,False,True,True,True,"Horror, Survival Horror, Psychological Horror, Survival, Asynchronous Multiplayer, Multiplayer, Early Access, Online Co-Op, PvP, Stealth","Always Fear The Unknown is an asymmetrical multiplayer horror game where fear is personal. Complete a psychological profile before the match, then survive as a human team against a relentless hunter while sanity, objectives, and adaptive scare events push back.",https://store.steampowered.com/app/5093060/,
C,3058480,Rat Race Ritual,2027-12-31,True,Spatium Interactive,Spatium Interactive,False,False,True,True,True,"Multiplayer, Online Co-Op, PvP, Stealth, Capitalism, Horror, Action, Co-op, First-Person, Dystopian ","Poison your boss with your friends. Trap him, get him fired, and make him guess your next move. Or hide in cloak mode, sneaking through pipes and covers. Clocks that speed up time, tools to block paths, and 10 player lobbies!",https://store.steampowered.com/app/3058480/,
C,3437600,Fear Hour,2027-12-31,True,Leslie Phillips; QuantuMedia,Leslie Phillips; QuantuMedia,False,False,True,True,True,"Horror, Multiplayer, Survival Horror, Online Co-Op, Assassins, Gore, Tactical, Party-Based RPG, Stealth, Adventure","Insane mistakes brought you to a life-or-death judgment. Fight off a terrifying Killer, or kill those who trespass on your territory in this tense (1v5) online experience. Where following your instincts might help you escape, or kill them all.",https://store.steampowered.com/app/3437600/,
C,3513120,YAKOH SHINOBI OPS,2027-12-31,True,ACQUIRE Corp.,SHUEISHA GAMES,False,False,True,True,True,"Online Co-Op, Action, Ninja, Multiplayer, Stealth, PvE, Co-op, Singleplayer, Survival Horror, Action Roguelike","Four ninjas speed through the darkness, moving as one to fulfill their mission. YAKOH: This is the way of the ninja—a mission undertaken by the shadows known as Shinobi. A new-generation cooperative Shinobi stealth action game brought by ACQUIRE Corp. and SHUEISHA GAMES.",https://store.steampowered.com/app/3513120/,
C,4908090,Mingle,2027-12-31,True,Sea Boat Games,Sea Boat Games,False,False,True,True,False,"Casual, Multiplayer, Action, PvP, Online Co-Op, 3D, Stealth, Party Game, Funny, Indie",A multiplayer hide and seek game about hiding as a Wolf among a flock of NPC sheep.,https://store.steampowered.com/app/4908090/,
C,1260740,Dark Adaption,Coming soon,False,Dragobyte,Dragobyte,False,False,True,True,True,"Co-op, Online Co-Op, Sci-fi, Psychological Horror, Team-Based, Mystery, Stealth, FPS, Space, Dark","Dark Adaption is a 5 player co-op scifi horror game.

You and your team board a mining ship in distress, to identify and capture the alien organism, that
has entered the ship. Work together to identify the alien's unique traits, to produce an effective tranquilizer 
and capture the alien.",https://store.steampowered.com/app/1260740/,
C,1550130,Visions of Evil,Coming soon,False,3 Day Monk,3 Day Monk,False,False,True,True,True,"Survival Horror, Horror, Multiplayer, FPS, Online Co-Op, Co-op, Psychological Horror, Shooter, PvP, Stealth","Enter a cursed world in Visions of Evil, a 4v1 online horror game. Explore a forsaken mansion, survive with weapons and artifacts, or become the monster and hunt the intruders. Will you face your fears, or become them?",https://store.steampowered.com/app/1550130/,
C,1641040,Hyde's Haunt & Seek,Coming soon,False,Smol Games,Daedalic Entertainment,False,False,True,True,True,"Horror, Multiplayer, Online Co-Op, PvP, Stealth, Action, Team-Based, Survival Horror, First-Person, Isometric","Hyde's Haunt & Seek is a spooky party game where you hunt ghosts...who happen to be your friends! Play as the mortal Seeker to fend off their poltergeist pranks, or team up as Ghosts to launch silly jump scares. It’s family-friendly multiplayer mayhem, all in the “spirit” of fun!",https://store.steampowered.com/app/1641040/,
C,1796280,I Witness,Coming soon,False,Storytale; Stellar Horizon,Storytale,False,False,True,True,True,"Horror, Psychological Horror, Indie, Thriller, Atmospheric, First-Person, Adventure, Story Rich, Online Co-Op, Stealth","I Witness is a 2-player online co-op psychological horror game that follows a sibling whose curiosity leads them to investigate a neighbor suspected of being a serial killer who, unbeknownst to them, hides a disturbing desire.",https://store.steampowered.com/app/1796280/,
C,1956730,We Were Kidnapped,Coming soon,False,Dream Pocket Studio,Dream Pocket Studio,False,False,True,True,False,"Online Co-Op, Stealth, Multiple Endings, Survival, Puzzle, Logic, 3D, First-Person, Singleplayer, Casual","You and your brother are trapped and need to escape at any cost. Overcome obstacles, solve puzzles and avoid being captured while devising a plan to escape the place. Freedom is within reach, but it will take intelligence and teamwork to achieve it.",https://store.steampowered.com/app/1956730/,
C,1969050,UnderWay: Graffiti Game,Coming soon,False,SMB CLUB,SMB CLUB,False,False,True,True,False,"Action-Adventure, Simulation, Online Co-Op, Stealth, Parkour, Exploration, Open World, First-Person, Transportation, Realistic","Game based on graffiti and spray painting. The world is your canvas! Explore alone, or with friends and paint wherever you want. Acquire supplies by either buying them at the city's stores or by other less legal means. Try and avoid security as you paint the walls and subways of the capital.",https://store.steampowered.com/app/1969050/,
C,1979920,Speculation,Coming soon,False,Lance Games,Lance Games,False,False,True,True,True,"RPG, Casual, Online Co-Op, Multiplayer, Mystery, Detective, Tactical, Turn-Based Tactics, Stealth, Strategy","Your new favorite Vampire game! Play a villager, a vampire or another type of character and use strategy to win!",https://store.steampowered.com/app/1979920/,
C,2002730,Tales of Violet Valley,Coming soon,False,Abandoned House Studios,Abandoned House Studios,False,False,True,True,True,"Horror, Online Co-Op, Multiplayer, Co-op, Dark, Exploration, Realistic, Jump Scare, Stealth, Adventure","A 4 player co-op horror game that takes you through the horror and mysteries of Violet Valley, a town that doesn't officially exist.",https://store.steampowered.com/app/2002730/,
C,2020000,Project Crack Platoon,Coming soon,False,Ghost NextGen,Ghost Interactive,False,False,True,True,False,"Online Co-Op, Shooter, Stealth, Action-Adventure, Action, Co-op, PvP, PvE, Multiplayer, Violent","Dive into the world of high-stakes espionage with our hardcore stealth-based tactical shooter, where you and your team step into the shoes of Tier 1 operators. Whether infiltrating enemy bases or coordinating with teammates, precision
And patience is key.",https://store.steampowered.com/app/2020000/,
C,2121550,ToyBox Security,Coming soon,False,thatcozydev,thatcozydev,False,False,True,True,True,"Multiplayer, Team-Based, Online Co-Op, Funny, FPS, Stealth, Heist, Survival Horror, Family Friendly, Physics","Ever wanted to booby-trap a house like a kid left home alone? An asymmetric multiplayer comedy game for 1–4 players. Rig the place with everything from toy cars to blowtorches, and make it hurt. Or play as the robbers: grab the loot, catch the kid, hang them on a coat rack before the cops show.",https://store.steampowered.com/app/2121550/,
C,2137540,Light In Blood,Coming soon,False,Disoft Game Developers,Piece Of Voxel,False,False,True,True,True,"Horror, Survival Horror, Multiplayer, Online Co-Op, Co-op, Survival, Team-Based, Gore, Stealth, Third Person","Light In Blood is a competitive asymmetric action-horror with tactical elements. In intense 1v4 matches, choose to play as a nightmare or a survivor with unique abilities. Explore maps, complete objectives, and interact with the environment to strategize for either hunting or escaping.",https://store.steampowered.com/app/2137540/,
C,2250740,Waning Moon,Coming soon,False,tRB,tRB,False,False,True,True,True,"Puzzle, Co-op, Online Co-Op, Multiplayer, Stealth, Horror, Action, Free to Play",Waning Moon es un juego en el que para escapar tendrás que hacer una cierta cantidad de tareas para escapar.,https://store.steampowered.com/app/2250740/,
C,2539870,Haunt or Heist,Coming soon,False,Strange Head Studio,Strange Head Studio,False,False,True,True,True,"Action, Horror, Online Co-Op, Stealth, Hidden Object, Action-Adventure, 3D, Realistic, Psychological Horror, Indie","Steal or be damned, the dirty work of the end of the month begins.
Up to 4-player cooperative horror heist stealth action. Grab the money and stuff, and don't let them trick.",https://store.steampowered.com/app/2539870/,
C,2549040,Night of the Slayers,Coming soon,False,Vice Mask,Vice Mask,False,False,True,True,True,"Horror, Multiplayer, Survival Horror, Singleplayer, Survival, Action, Co-op, Stealth, Online Co-Op, Team-Based","Night of the Slayers is a first-person asymmetric multiplayer horror game. Survivors search houses on an isolated map, gather parts, and try to start the escape vehicle. Two hunters are controlled by real players: control the night, start the hunt, and stop them from escaping.",https://store.steampowered.com/app/2549040/,
C,2631080,Extraktion 1943,Coming soon,False,Chute Apps,Chute Apps,False,False,True,True,False,"Extraction Shooter, Open World Survival Craft, World War II, Online Co-Op, Local Co-Op, Action Roguelike, Top-Down Shooter, Shooter, Open World, Stealth","Extraktion 1943 is a roguelite extraction shooter set in Nazi Germany. Survive as a stranded Allied soldier behind enemy lines. Take on the Nazis solo or online with friends, sabotage enemy production, assassinate high-ranking officers, and build your hideout and resistance network. DEATH TO HITLER!",https://store.steampowered.com/app/2631080/,
C,2823240,Gwarf,Coming soon,False,Fun For All,Fun For All,False,False,True,True,False,"Multiplayer, Social Deduction, Investigation, Strategy, Detective, Stealth, Conspiracy, Online Co-Op, Funny, Action","Gnome or Dwarf ? Either way you're a GWARF ! Collaborate and betray your friends in this social deduction game. Mine, collect ores and vote the traitors out. Also watch out for the saboteur who will try to ruin the expedition !",https://store.steampowered.com/app/2823240/,
C,2870080,Hellrooms,Coming soon,False,Stareye Games,Stareye Games,False,False,True,True,True,"First-Person, Horror, Online Co-Op, Procedural Generation, Psychological Horror, Walking Simulator, Stealth, Sci-fi, Multiplayer, Psychological","Hellrooms: 4-player co-op horror in liminal spaces. Realistic graphics, procedural levels, terrifying entities. Swim, solve puzzles, survive together. Upgrade characters, master skills. Entities listen to voice chat! Experience classic and new backrooms horrors. Unique playthroughs. Free updates!",https://store.steampowered.com/app/2870080/,
C,2948690,Enigma Of Forest,Coming soon,False, UNIQ Games, UNIQ Games,False,False,True,True,True,"Horror, Multiplayer, Online Co-Op, Survival Horror, Co-op, Psychological Horror, Survival, Stealth, Action, Singleplayer","Enigma of Forest is a 1-4 player co-op ritual horror game.  
In a cursed village hidden deep within the forest, an ancient evil has awakened.  
You and your friends must survive the night, uncover the mystery, and complete the ritual to banish the darkness.  ",https://store.steampowered.com/app/2948690/,
C,3203180,Rob Together,Coming soon,False,3673 Interactive,3673 Interactive,False,False,True,True,False,"Simulation, Action, Stealth, RPG, Online Co-Op, Hidden Object, Immersive Sim, Realistic, Puzzle, Time Management","Rob Together is a CO-OP heist simulation where teamwork and strategy take center stage. Hack cameras, disable alarms, pick locks, and move stealthily to steal valuable items. Each heist is an adventure that requires your team to act in perfect harmony.",https://store.steampowered.com/app/3203180/,
C,3297290,Radiation Cleaner,Coming soon,False,PlaneteDreams,PlaneteDreams,False,False,True,True,True,"Action, Horror, Online Co-Op, Survival Horror, Post-apocalyptic, Dark, Realistic, Psychological Horror, Stealth, Adventure","Radiation Cleaner is a cooperative game where up to 4 players infiltrate a mutant-infested hospital. Destroy their camps, repair the generators, but beware: if you're captured, you'll join their ranks to hunt down your former allies. Will you survive to the end?",https://store.steampowered.com/app/3297290/,
C,3450150,House of Mimics,Coming soon,False,Squrio Games; Tuonele,Squrio Games,False,False,True,True,True,"Horror, Investigation, Online Co-Op, Atmospheric, First-Person, Hidden Object, Stealth, Realistic, Dark, Co-op","In a house of identical rooms, you are trapped with a lurking Mimic that disguises as household objects. It thrives on deception, toying with your mind and senses. Observe your surroundings, expose the mimic, and escape - alone or with friends.",https://store.steampowered.com/app/3450150/,
C,3605910,Don't Drop Dead,Coming soon,False,RootGame,RootGame,False,False,True,True,True,"Horror, Action, Online Co-Op, Co-op, Multiplayer, Survival, Physics, 3D, Stealth, First-Person","Don't Drop Dead is a session-based cooperative extraction game played in first-person perspective. Abandoned scientific facilities are already awaiting stalkers hungry for artifacts, but beware—these places can change the rules of the game at any moment... as can you yourself. Or your teammate.",https://store.steampowered.com/app/3605910/,
C,3720040,Hide Zone,Coming soon,False,SodaEffect,SodaEffect,False,False,True,True,False,"Funny, Multiplayer, Hidden Object, Casual, Co-op, Stealth, Online Co-Op, PvP, Realistic, Arcade",Hide Zone is a multiplayer game where one player becomes the hunter and the others turn into props. Find them all before time runs out — or hide so well that no one ever finds you!,https://store.steampowered.com/app/3720040/,
C,3724810,No Bots Here,Coming soon,False,SleepLost Studio,NyakuGames,False,False,True,True,False,"Casual, Multiplayer, Online Co-Op, Hidden Object, Funny, Real Time Tactics, Investigation, Comedy, Party Game, Stealth","A chaotic multiplayer hide-and-seek game where tiny Nanobots complete tasks, sabotage the Hunter and betray each other to escape. Watch out: the Hunter can hijack your camera at any moment. Look at a wall... or point straight at your friends.",https://store.steampowered.com/app/3724810/,
C,3783800,The Infected Soul,Coming soon,False,Spell Factory,Spell Factory,False,False,True,True,True,"Online Co-Op, Horror, Multiplayer, FPS, Action, First-Person, Adventure, Story Rich, Post-apocalyptic, Stealth","If your mind lies, who can you trust? The Infected Soul is a 2-4 player FPS psychological horror game. In chip-twisted dark facilities, each player faces a different reality. Solve puzzles with your team and seek escape among shifting bodies and broken perceptions.",https://store.steampowered.com/app/3783800/,
C,3799570,CriminalZ,Coming soon,False,CriminalZ Team,CriminalZ Team,False,False,True,True,False,"Action Roguelike, Online Co-Op, FPS, Roguelite, Heist, Crime, Loot, Stealth, PvE, Co-op","CriminalZ is a 1-4 player co-op crime roguelite where every paid quota makes the Boss demand more. Deal, steal, break in, hack systems, and escape the police as your crew fights to make enough cash before time runs out.",https://store.steampowered.com/app/3799570/,
C,3919430,Urbexophobia,Coming soon,False,Chosta Studios,Chosta Studios,False,False,True,True,True,"Horror, Action, Survival Horror, Online Co-Op, Multiplayer, Co-op, Puzzle, Exploration, Stealth, Crafting",Urbexophobia is a survival horror game for 1 to 4 players. Survive. Loot. Escape… AND BET IT ALL AT THE CASINO!,https://store.steampowered.com/app/3919430/,
C,4062150,Notary Block,Coming soon,False,Bob Chui,HKCreator,False,False,True,True,True,"Horror, Psychological Horror, Survival Horror, Online Co-Op, Social Deduction, Atmospheric, First-Person, Mystery, Stealth, Multiplayer","The watchman is dead — the knife is still out. A co-op suspense accusation horror in a Hong Kong estate rebuilt from a real twin-tower block. Four to eight players, one hidden killer. Vote at the meeting, or take the watchman's keys. You only left if you walked through the gate yourself.",https://store.steampowered.com/app/4062150/,
C,4082940,Panic Protocol,Coming soon,False,PM2 Games,PM2 Games,False,False,True,True,True,"Online Co-Op, Multiplayer, Action, Horror, Stealth, Time Management, Team-Based, Co-op, Atmospheric, Gore","A 1-4 player co-op horror game, where you guide your friends through a dangerous research facility. Use the CCTV system to observe enemies, set traps and interact with the environment. Extract with the research materials before time runs out.",https://store.steampowered.com/app/4082940/,
C,4313930,Crime City Center,Coming soon,False,MEHMET SIDAR,MEHMET SIDAR,False,False,True,True,False,"Social Deduction, Party Game, Casual, Multiplayer, Stealth, Action, Online Co-Op, RPG, PvP, Detective","Unarmed Criminals try to complete illegal missions by blending in with NPCs, while the Police hunt them down with limited ammo and radars. Watch out: Criminals must stay hidden, while the Police must make every shot count. If the Police run out of ammo, they lose the game! This is Crime City!",https://store.steampowered.com/app/4313930/,
C,4341570,Hold My Cargo,Coming soon,False,Favera Studio,Favera Studio,False,False,True,True,False,"Simulation, Crime, Management, First-Person, Open World, Co-op, Multiplayer, Online Co-Op, Stealth, Trading","A first-person smuggling sim, solo or in online co-op for up to 4 players. Carry every crate, hide contraband in your ship, and bluff or bribe customs. Trade up to a bigger freighter while your crew keeps the officer busy and the evidence out of sight.",https://store.steampowered.com/app/4341570/,
C,4502890,CheatCheat,Coming soon,False,CheatDev,CheatDev,False,False,True,True,True,"Online Co-Op, Stealth, Comedy, Exploration, Horror, Physics, Action, Modern, First-Person, Investigation","A co-op exam cheating game where you and up to 5 other students explore schools filled with teenage hijinks ran by a demonic faculty. Steal answers, bully nerds, pray to a magic 8 ball - develop your cheating skills all so you can pass the impossible year-end exam by any means necessary. ",https://store.steampowered.com/app/4502890/,
C,4715160,Finals Week ✍🏻,Coming soon,False,DESTINYbit,Pretty Soon,False,False,True,True,False,"Multiplayer, Team-Based, Online Co-Op, Co-op, Party Game, Physics, Indie, First-Person, Stealth, Funny","A co-op cheating simulator where you and your friends try to survive the final week of exams. Steal answers, elude the teacher, and use every tool in your cheating arsenal to graduate from school without studying a single page.",https://store.steampowered.com/app/4715160/,
C,4891990,IMITATORS,Coming soon,False,ryazvp,ryazvp,False,False,True,True,True,"Online Co-Op, Survival Horror, Action Roguelike, Co-op, Multiplayer, Horror, Psychological Horror, Survival, Action, Stealth","Co-op horror for 6 players and multiplayer for up to 20 players. Search for items on a randomly generated map and send them into the tube. But be careful: Imitators (Mimics) hide among ordinary things, ready to attack the moment the lights go out.",https://store.steampowered.com/app/4891990/,
C,4926050,Hush,Coming soon,False,A.M. Studio,A.M. Studio,False,False,True,True,True,"Casual, Action, Party Game, 3D, First-Person, Dark, Choices Matter, Stealth, Co-op, Online Co-Op","Be quiet. Stay calm. Don't look at it. A 1–8 player co-op horror descent: search dark procedural levels, contain what you find, and extract — while a creature hunts whoever panics most. One shared panic meter, live proximity voice, and an infinite descent scored by how deep you get.",https://store.steampowered.com/app/4926050/,
C,4955330,Morder,Coming soon,False,LB Games,LB Games,False,False,True,True,False,"Casual, Multiplayer, Online Co-Op, Strategy, Social Deduction, Funny, Cartoony, Mystery, Investigation, Stealth","Utilize gadgets to eliminate your target or to find evidence in this social deduction. Unlike most social deductions, only one person has the final say of who is getting voted out. Now go deceive all of your friends!",https://store.steampowered.com/app/4955330/,
C,4977560,Aliens Hide,Coming soon,False,Beta Lyrae,Beta Lyrae,False,False,True,True,False,"Casual, Multiplayer, Party Game, Funny, Hidden Object, Online Co-Op, Hand-drawn, Comedy, Stealth, Colorful","Grab a brush! A hide&seek game where you can paint any object. First, pick the shape of the object you want to copy, then paint it. Come up with your own design for your prop, or try to look just like the original. There's also a separate mode where you paint yourself to blend into your surroundings",https://store.steampowered.com/app/4977560/,
C,4984780,Who Stole It !,Coming soon,False,M.E.G,M.E.G,False,False,True,True,False,"Multiplayer, Party Game, Party, Heist, Stealth, Online Co-Op, Casual, PvP, Funny, Stylized","Cartoon cops vs robbers. Sneak into the museum, stuff your bag with paintings and gold, and get it to the van — or play police and throw the whole crew in jail. 10 characters with wild tricks: clown decoys, ghost armies, prison breaks. Friends or AI bots — the heist is always on.",https://store.steampowered.com/app/4984780/,
C,4999760,ColorFest,Coming soon,False,ByteLyft,ByteLyft,False,False,True,True,False,"Casual, Multiplayer, Party Game, Funny, Hidden Object, Action, PvP, Online Co-Op, Stealth, Arena Shooter","The map starts white. That's the last calm moment. Paint everything with your color — the floor, the walls, the Mona Lisa — and if someone's beating you, well... their paint has an owner, and owners can be removed. Online paint chaos with friends.",https://store.steampowered.com/app/4999760/,
C,5000870,BreathBound,Coming soon,False,SanShineStudios,SSS,False,False,True,True,True,"Action, Horror, Multiplayer, Survival Horror, Online Co-Op, Zombies, Adventure, Supernatural, Stealth, Action-Adventure","This 1-4 player cooperative horror game centers on breath and sound management. In darkness, every breath, step, and collision can expose you to the Lich King. Team up to gather resources, distract threats, and rescue each other.",https://store.steampowered.com/app/5000870/,
C,5074510,Hide & Shriek,Coming soon,False,Gavin Draper,Gavin Draper,False,False,True,True,True,"Horror, Online Co-Op, Multiplayer, Action, Psychological Horror, Adventure, Stealth, Indie, Pixel Graphics, Top-Down","One seeker. A handful of hiders. A derelict asylum that hears every footstep you take. Sprint and you are heard; crouch and you are slow. Learn the dark, learn the edges of a torch beam, and decide when to leave the space under the bed.",https://store.steampowered.com/app/5074510/,
C,5077140,L.O.S.T.,Coming soon,False,Isa,Isa,False,False,True,True,True,"Action, 3D, First-Person, Horror, Stealth, Multiplayer, Online Co-Op, Early Access, Singleplayer",A horror game with up to 5 players. Locate valuables and handle them with care as you extract and record your expidition as you encounter scary things...,https://store.steampowered.com/app/5077140/,
C,5088820,Get Us Out,Coming soon,False,AM Playhouse,PlayWay S.A.,False,False,True,True,False,"Adventure, Multiplayer, Online Co-Op, Funny, Puzzle, Exploration, Comedy, Indie, Stealth, Crime","GET US OUT is a 1–4 player co-op escape game. Sneak past guards, steal keys, disable security, solve puzzles, and rescue captured teammates. Plan together, improvise when things go wrong, and get everyone out.",https://store.steampowered.com/app/5088820/,
C,5091280,HOLLOWED Co.,Coming soon,False,8:45,8:45,False,False,True,True,True,"Horror, Survival Horror, Online Co-Op, Multiplayer, PvP, Action, Adventure, PvE, Stealth, First-Person","A chaotic multiplayer horror game where a paranormal recovery crew hunts cursed relics in haunted locations — while monsters hunt them back and corrupted teammates hide among the crew. Work together, uncover the impostors, and survive long enough to escape.",https://store.steampowered.com/app/5091280/,
C,5098600,CAT BURGLARS™,Coming soon,False,Cubing Ink,Cubing Ink,False,False,True,True,False,"Action, Online Co-Op, Stealth, Heist, Co-op, Cute, Adventure, First-Person, Creature Collector, PvE","In CAT BURGLARS™, cats are spies!! Use high-tech gadgets to pull off daring heists with up to 9 of your friends! Gather enemy intel, crack open vaults, and cause mayhem as you build your crew from a HUGE roster of cute cats.",https://store.steampowered.com/app/5098600/,
C,5106580,LootPanic,Coming soon,False,LootPanic Games,LootPanic Games,False,False,True,True,False,"Heist, Social Deduction, Multiplayer, PvP, Stealth, Online Co-Op, Team-Based, Crime, Action, Open World","Break into a town of 20 targets, crack the safes, and haul the loot to the black market before the cops close in. Play as a thief, play as police — or be the mole working both sides. Up to 12 players. Plan quietly, panic loudly.",https://store.steampowered.com/app/5106580/,
C,5113760,Echo Mates,Coming soon,False,Vasilii Privalov,Vasilii Privalov,False,False,True,True,True,"Co-op, Online Co-Op, Horror, Survival Horror, Multiplayer, Adventure, Stealth, Action, First-Person, PvE","To see, you must speak. To speak is to be found. A co-op horror in near-total darkness where every sound sends out a wave that lights the level — and calls whatever lives in it. 1–4 players, real voice, microphone required.
",https://store.steampowered.com/app/5113760/,
C,5114740,Don't Wake the King,Coming soon,False,Shroudbound Studios,Shroudbound Studios,False,False,True,True,True,"Survival Horror, Team-Based, Perma Death, Stealth, Online Co-Op, Procedural Generation, Party Game, Old School, Psychological Horror, Exploration","A co-op horror for up to four players that hears your real voice. Whisper while you search a procedurally generated forest for cursed bones - speak too loudly and the blind king beneath it wakes. Escape alive, and the next raid is worth double. Wipe, and you lose everything.",https://store.steampowered.com/app/5114740/,
C,5122120,Sussy NPC,Coming soon,False,Smiling Sloth; Hermit Hollow,Smiling Sloth; Hermit Hollow,False,False,True,True,False,"Social Deduction, Multiplayer, Online Co-Op, Team-Based, PvP, Party Game, Stealth, Funny, Comedy, Co-op","You're a sussy NPC in a crowd of NPCs. Hunters are hunting you. Act normal, blend in, don't flinch. Or be the Hunter, read the room and catch them. In-game voice chat is recommended for the best experience.",https://store.steampowered.com/app/5122120/,
C,5131420,rogOut,Coming soon,False,Stasoun,Stasoun,False,False,True,True,True,"Traditional Roguelike, Roguelike, Perma Death, Survival Horror, Crafting, Procedural Generation, Co-op, Online Co-Op, Dark, Stealth","rogOut is a cooperative turn-based ASCII extraction survival roguelike. Explore abandoned locations full of mysterious creatures, scavenge scarce high-tech loot, and uncover what happened to the world after the Dark Fold.",https://store.steampowered.com/app/5131420/,
C,5183520,Wish Impossible,Coming soon,False,EDEL Studio,EDEL Studio,False,False,True,True,False,"Online Co-Op, Co-op, Physics, Multiplayer, Comedy, Stealth, Funny, First-Person, Adventure, Action","Wish Impossible is a 1–4 player online co-op physics game where tiny gingerbread cookies sneak into sleeping homes to grant Christmas wishes — without waking anyone up. Move oversized objects, use ridiculous tools, and survive the chaos your friends create.",https://store.steampowered.com/app/5183520/,
C,5210970,Samt,Coming soon,False,GMR Labs,GMR Labs,False,False,True,True,True,"Stealth, Horror, Adventure, Thriller, Action, Co-op, Sci-fi, Artificial Intelligence, Parkour, Online Co-Op","Samt is a 2-player online co-op stealth game. Silence keeps you alive. Real voice, footsteps, and movement are heard by hunting AI drones in a dead, neon-lit mega-city. Stay quiet. Survive together, or evaporate trying. This game requires a co-op partner: no solo play.",https://store.steampowered.com/app/5210970/,
C,5270510,Manikin Mimic,Coming soon,False,Mandcat LLC,Mandcat LLC,False,False,True,True,False,"PvP, Action, Online Co-Op, Multiplayer, Co-op, Stealth, Party Game, Casual, Arcade, Exploration","Pose, blend in, and don’t get caught! Pretend to be one of the Manikins and fool the Finder before they blast you.",https://store.steampowered.com/app/5270510/,
C,5282100,Sonus,Coming soon,False,Uncle Dunc,Uncle Dunc,False,False,True,True,True,"Casual, Multiplayer, Party Game, Horror, Online Co-Op, Stealth, PvP, Co-op, Survival, Exploration","Seek the Sonus Stone while hiding from the Stone Keepers that lurk in the dark. Use echoes to navigate through the dark world, and use special echoes to give you an advantage with their unique abilities.",https://store.steampowered.com/app/5282100/,
C,5298910,My Friend is Blind,Coming soon,False,SStudio,SStudio,False,False,True,True,False,"Online Co-Op, Puzzle, Co-op, Co-op Campaign, Stealth, Funny, Espionage, First-Person, Multiplayer, Casual","A two-player online co-op puzzle game where one of you sees everything and the other almost nothing. The Guide spots the mines, traps and guards; the Blind has to get through every trial trusting only their partner's voice. Talk, fail, explode, try again.",https://store.steampowered.com/app/5298910/,
C,1514970,The Sabotage,To be announced,False,Yeyuna,Yeyuna; PlayWay S.A.,False,False,True,True,False,"Multiplayer, Online Co-Op, Mining, Survival, Action, Exploration, Simulation, 3D, First-Person, Stealth","The Sabotage is a multiplayer coop in which players try to find gold together, while one of them, as a saboteur, tries to prevent this from happening.",https://store.steampowered.com/app/1514970/,
C,1644910,Nightmare Party,To be announced,False,Mad Raven Games,Mad Raven Games,False,False,True,True,True,"Horror, Action, Survival Horror, FPS, Online Co-Op, Multiplayer, Shooter, PvE, Stealth, First-Person","Play alone or team up with others and try to survive while a demon and its minions try to kill you. Your goal is simple. Escape. This might sound easy, but dealing with evil entities is a dangerous business!",https://store.steampowered.com/app/1644910/,
C,1789110,Gamma Nocturne 1,To be announced,False,Igor Berus,Igor Berus,False,False,True,True,True,"Horror, Survival Horror, Online Co-Op, Singleplayer, Action, Adventure, Artificial Intelligence, First-Person, Stealth, Multiplayer",Gamma Nocturne 1 is a 1-4 player online co-op horror game. A research mission on a newly discovered earth-like planet has failed. You and your crew must stop the members of the new race from reaching Earth. How could you know that this frozen alien would come to life when thawed?,https://store.steampowered.com/app/1789110/,
C,2372930,BLOODMIST,To be announced,False,Woodcraft Games,Woodcraft Games,False,False,True,True,True,"Indie, Early Access, Horror, Stealth, Online Co-Op, Singleplayer, Dark","Bloodmist is a co-op horror game. Explore eerie environments, work together to survive, and complete dangerous objectives before the evil in the mist finds you. The nightmare won’t end until the mist fades.",https://store.steampowered.com/app/2372930/,
C,2427530,The Nightscarred: Forgotten Gods,To be announced,False,Shadowfall Studios,Shadowfall Studios,False,False,True,True,False,"Action, First-Person, Immersive Sim, Online Co-Op, Assassins, Stealth, Fantasy, Female Protagonist, Atmospheric, Co-op","Steel and sorcery collides in a fast-paced immersive sim. Master melee, wield magic, stealth in the shadows, and manipulate the environment—alone or in co-op. From the Altai Mountains to the Great Wall, every choice shapes your path in this tale of power, betrayal, and redemption.",https://store.steampowered.com/app/2427530/,
C,2453430,Daedalus: You Have Been Chosen,To be announced,False,Cursed Lantern,Cursed Lantern,False,False,True,True,True,"Horror, Multiplayer, Survival Horror, Psychological Horror, Online Co-Op, Action, Stealth, Team-Based, Atmospheric, Procedural Generation","Go on a scary adventure, whether you decide to face the dangerous path alone or team up with your friends. This intense game guarantees a mysterious experience every time you play. Get ready to solve tricky puzzles, avoid a terrifying monster, and fight your way out of the intricate maze.",https://store.steampowered.com/app/2453430/,
C,2472810,Viral Fear,To be announced,False,Broken Cuff Studio,Broken Cuff Studio,False,False,True,True,True,"Action, Horror, Stealth, Co-op, Online Co-Op, Arcade, 3D, Realistic, Third Person, Atmospheric","Step into the shoes of a daring live streamer in Viral Fear, a spine-chilling 1 to 4 player co-op adventure. Stealthily maneuver through the woods, destroy ritual skulls, and unravel the secrets of the cult to vanquish the nightmarish entity.",https://store.steampowered.com/app/2472810/,
C,2572540,Mutants Of Mist,To be announced,False,Arcane Digital,Arcane Digital,False,False,True,True,True,"Survival Horror, Exploration, Online Co-Op, Time Management, Stealth, Horror, Multiplayer, Atmospheric, Thriller, Jump Scare","A 1-4 player survival horror game where you collect evidence while trying to escape a strange mist. With the mist surrounding you, and mutants hunting you, will you survive with the evidence you have, or fall victim to the mist yourself?",https://store.steampowered.com/app/2572540/,
C,2696960,The Bunker Complex,To be announced,False,Demirtürk Games,Demirtürk Games,False,False,True,True,True,"Horror, Psychological Horror, 1990's, Online Co-Op, Realistic, First-Person, Mystery, Adventure, Singleplayer, Stealth",'The Bunker Complex' is a 2 player co-op horror game. Players fight for survival in an old bunker.,https://store.steampowered.com/app/2696960/,
C,2994490,REV UP,To be announced,False,Chonky Frog Studio,Chonky Frog Studio,False,False,True,True,False,"Racing, Driving, Open World, Stealth, Stylized, Exploration, Co-op, Online Co-Op, Arcade, Crime","A multiplayer arcade racing game with a cops vs. racers system and stealth mechanics, set in an open-world cyberpunk city. As a street racer, escape or hide from cops while taking part in non-linear races. As a cop, hunt down racers by using equipment and teamwork.",https://store.steampowered.com/app/2994490/,
C,3034290,Loot Goblin Inc.,To be announced,False,Sam Price,Sam Price,False,False,True,True,False,"Loot, Capitalism, First-Person, Online Co-Op, Sci-fi, Stealth, Life Sim, Exploration, Physics, Dark Humor","Break into homes, steal valuables, and sell them online to make big cash money! Join the corporate goblin world in this very cool Loot Goblin Simulation!",https://store.steampowered.com/app/3034290/,
C,3221070,Don't Breathe,To be announced,False,PolygonStudio,PolygonStudio,False,False,True,True,True,"Action, Puzzle, Mystery Dungeon, 3D, Psychological Horror, Stealth, Co-op, Online Co-Op, Indie, Multiplayer","“Players in the game as a trapped person, with a variety of monsters game, avoid dangerous organs, explore strange phenomena, collect information to solve the mystery, escape from this place.”",https://store.steampowered.com/app/3221070/,
C,3321300,Hide 'n Heist,To be announced,False,Doin' Together Games,Doin' Together Games,False,False,True,True,False,"RPG, Stealth, PvP, Online Co-Op, Heist, First-Person, Third Person, Social Deduction, Casual, Detective","4 Thieves vs. 1 Guardian! A medieval heist game! Play as a thief, disguise yourself among the crowd, and steal the treasure, or take on the role of the guardian and hunt down the thieves! Everyone has a unique role and strategy. Find the right approach and lead your team to victory!",https://store.steampowered.com/app/3321300/,
C,3688770,NeuroCorp,To be announced,False,BrokenQuill Studios,BrokenQuill Studios,False,False,True,True,True,"Multiplayer, Horror, Cyberpunk, Online Co-Op, First-Person, Co-op, Survival, Exploration, Stealth, Funny","A 6 player horror co-op game set in the dystopian future of Grimm City. Do shady work for Neurocorp while evading the terrifying dwellers of this strange city. Or fight them if you dare! All so you can rest and customize your home. 

Please, sign on the dotted line to begin.",https://store.steampowered.com/app/3688770/,
C,3710560,Protocol: Terminate,To be announced,False,One HP Studio,One HP Studio,False,False,True,True,True,"Online Co-Op, Survival Horror, Co-op, Tactical, Action, FPS, Robots, Shooter, Stealth, Team-Based","A co-op survival horror shooter against an AI that learns from your actions. It grows more dangerous, relentlessly hunts you, and turns mistakes into deadly traps. Hide, hack security systems, and work together to survive.",https://store.steampowered.com/app/3710560/,
C,3736480,Ivory Cage,To be announced,False,StarFusion Interactive,StarFusion Interactive,False,False,True,True,True,"Horror, Co-op, Online Co-Op, Psychological Horror, Survival Horror, Roguelite, Procedural Generation, Stealth, Replay Value, Dark","Descent with your team into the depths of an abandoned theme park to repair its broken machinery, and survive what's still down there.",https://store.steampowered.com/app/3736480/,
C,3803250,Exosystem,To be announced,False,Carlo Makes Games,Carlo Makes Games,False,False,True,True,False,"Hacking, Immersive Sim, Online Co-Op, Adventure, Indie, Stealth, Sandbox, Difficult","Hack yourself, hack your friends, hack your enemies and hack EVERYTHING in this twin-stick, action immersive-sim. Use OVERPOWERED hacks that no other game would let you use to overcome intelligent enemies in a plagued simulation.",https://store.steampowered.com/app/3803250/,
C,3885940,Slashzone,To be announced,False,Nowhere Exit,Nowhere Exit,False,False,True,True,True,"Horror, Time Management, Score Attack, Stealth, Action, PvP, Arcade, Co-op, Survival Horror, Online Co-Op","Four Volunteers. One relentless Slasher. Each round, the roles change. Work as a team... until betrayal becomes the only way to survive. Manipulate, survive, and outscore every other player. In the end, only one player wins.",https://store.steampowered.com/app/3885940/,
C,3928050,Obscured Persona,To be announced,False,Argentum Works,Argentum Works,False,False,True,True,False,"Action, Casual, Strategy, Stealth, Online Co-Op, Multiplayer, Indie, Early Access","Hide your identity in a mysterious city filled with agents, complete missions, sabotage your rivals, and rise above everyone else to become the sole winner. Remember: here, loyalty is an option, survival is not.",https://store.steampowered.com/app/3928050/,
C,3996870,S.M.P.C.U. - Special Monster Pest Control Unit,To be announced,False,Zinoa Entertainment,Zinoa Entertainment,False,False,True,True,True,"Action, Horror, Online Co-Op, Multiplayer, Roguelite, Survival Horror, Adventure, Tactical, Combat, Stealth","S.M.P.C.U. is an online co-op horror game for up to 4 players. As a member of the ""Special Monster Pest Control Unit"" your job is to remove extraterrestrial Monsters that have infested the pantries of fast-food restaurants. Work together to find them, trap them and get out. Don't wake the Monster!",https://store.steampowered.com/app/3996870/,
C,4043580,RADZIMA,To be announced,False,Rad Punks,PlayWay S.A.,False,False,True,True,True,"Early Access, Action, Indie, Survival, Horror, Co-op, Stealth, Perma Death, Post-apocalyptic, Online Co-Op","RADZIMA is a 1-4 player co-op survival horror set in an underground research facility. Find radioactive items, avoid the mutants, and power the elevator reactor to descend deeper - all in service of the Party’s will.",https://store.steampowered.com/app/4043580/,
C,4237670,Submind,To be announced,False,Inoutbox,Inoutbox,False,False,True,True,True,"Horror, Online Co-Op, Multiplayer, Action, Comedy, Co-op, Third Person, 3D, Stealth, Survival Horror","Dive into broken minds, with up to 3 friends, in order to stabilize them. Pick the correct path, solve puzzles, pay attention to your surroundings, all while making sure the patient's mind doesn't go to the point of no return, because if does, you'll be facing their worse traumas and nightmares.",https://store.steampowered.com/app/4237670/,
C,4511350,GOBLINS! GOBLINS! GOBLINS!,To be announced,False,Radical Wizard,Radical Wizard,False,False,True,True,False,"Adventure, Multiplayer, Online Co-Op, Comedy, Fantasy, Stealth, Loot, PvE, Action-Adventure, Platformer","Grab your friends and unleash your inner goblin in this online co-op game for up to 4 players. Climb rooftops, smash through windows, dodge guards, steal shinies, and ruin everything for everyone. Work together to pull off the perfect heist… or betray your friends for a slightly shinier hat.",https://store.steampowered.com/app/4511350/,
C,4536700,The Death Archive,To be announced,False,Skyfire Studio,Skyfire Studio,False,False,True,True,True,"Puzzle, Action, Adventure, First-Person, Horror, Psychological Horror, Stealth, Indie, Multiplayer, Online Co-Op","The Death Archive is a co-op horror game where players explore time-shifted locations, solve puzzles, and coordinate as a team to overcome unique challenges and survive each mission.",https://store.steampowered.com/app/4536700/,
C,4622680,LiniMall,To be announced,False,Creative Name Studios,Creative Name Studios,False,False,True,True,True,"Horror, Online Co-Op, Dark Comedy, Multiplayer, Co-op, First-Person, 3D, Stealth, Action, Simulation","Linimall is a fast-paced, horror shop-maintenance game that puts you and up to 5 friends in charge of the night crew at a brand new mall in the 1990's. Clean, restock, and summon eldritch beings to make sure your tasks are done before the mall opens!",https://store.steampowered.com/app/4622680/,
C,4653090,Skogsvakt,To be announced,False,Team Velocita,Team Velocita,False,False,True,True,True,"Horror, Online Co-Op, Multiplayer, Co-op, First-Person, 3D, Stealth, Old School, Survival Horror, Stylized","Take on the role of park rangers within the deep, dark Scandinavian forests. Grab your friends and do your best to survive the night. Ancient folkloric creatures lurk within these hallowed groves, and they do not take kindly to intruders.",https://store.steampowered.com/app/4653090/,
C,4686110,Agents 404,To be announced,False,Playhero,Polden Publishing,False,False,True,True,False,"Action, Funny, Shooter, Parody , Comedy, Party Game, Stealth, Online Co-Op, Multiplayer, Physics","Agents 404 is a physics-based co-op stealth comedy set in an absurd parody world. As incompetent assassins, infiltrate guarded locations, use goofy disguises, and hide bodies. Work together to eliminate caricatured villains, or watch your clumsy teamwork end in hilarious chaos!",https://store.steampowered.com/app/4686110/,
