appid,game,video_id,title,published,channel_id,channel,is_media,views,video_url
386880,Rake,HaxM_RzELm8,The Rake Multiplayer,2016-07-19,UC7_YxT-KID8kRbqZo7MyscQ,Markiplier,False,9585845,https://www.youtube.com/watch?v=HaxM_RzELm8
386880,Rake,JeE0y9i_lCs,ЭТА ТВАРЬ СУЩЕСТВУЕТ! [Rake],2015-08-03,UCrd7UM5OBtB0n1zl41qwCUw,EugeneSagaz,False,8261175,https://www.youtube.com/watch?v=JeE0y9i_lCs
386880,Rake,jvjwC6anINg,FIRST THE RAKE... NOW BIGFOOT!! | Finding Bigfoot #1,2017-03-04,UC7_YxT-KID8kRbqZo7MyscQ,Markiplier,False,7616723,https://www.youtube.com/watch?v=jvjwC6anINg
386880,Rake,-zM3tY8lgYY,РЕЙК - ТУСОВЩИК [Rake],2015-08-14,UCrd7UM5OBtB0n1zl41qwCUw,EugeneSagaz,False,7535359,https://www.youtube.com/watch?v=-zM3tY8lgYY
386880,Rake,AmGOE65UwgE,Minecraft: THE RAKE CHALLENGE GAMES - Lucky Block Mod - Modded Mini-Game,2015-07-11,UCpGdL9Sn3Q5YWUH2DVUW1Ug,PopularMMOs,False,6796153,https://www.youtube.com/watch?v=AmGOE65UwgE
386880,Rake,y3MJTi_K7-g,SQUEEZIE LE CHASSEUR INSPECTE... (Rake),2016-06-20,UCWeg2Pkate69NFdBeuRFTAw,SQUEEZIE,False,6730402,https://www.youtube.com/watch?v=y3MJTi_K7-g
386880,Rake,Zogpc6T4_GU,How to Kill the RAKE,2016-07-27,UC7_YxT-KID8kRbqZo7MyscQ,Markiplier,False,6236991,https://www.youtube.com/watch?v=Zogpc6T4_GU
386880,Rake,5ITRLLOK3eo,RAKE,2015-10-29,UC7_YxT-KID8kRbqZo7MyscQ,Markiplier,False,6098948,https://www.youtube.com/watch?v=5ITRLLOK3eo
386880,Rake,-caXo8AvME4,Roblox THE RAKE is disturbing...,2025-12-15,UCm-X6o81nRsXQTmqpyArkBQ,Flamingo,False,5091747,https://www.youtube.com/watch?v=-caXo8AvME4
386880,Rake,lryC8JmoyEE,Rake Multiplayer - Алекс и Брейн. 100% Страх!,2015-12-16,UCFBcrywVNeUOqtJgGhPEvQg,TheBrainDit,False,4690858,https://www.youtube.com/watch?v=lryC8JmoyEE
386880,Rake,o3cZcUoIT00,Rake Multiplayer Part 1: HE'S CLIMBIN' IN YO WINDOWS!!!!,2015-11-24,UCOTiOsMISuYcYV7aV-4z-Rw,LordMinion777,False,4077918,https://www.youtube.com/watch?v=o3cZcUoIT00
386880,Rake,FHJ4XEW_erQ,ELE JÁ ESTÁ TE OBSERVANDO! O TERROR DO THE RAKE!,2026-07-03,UCIXguhHCl8eDTkXpEuiGPUA,Jazzghost,False,4141207,https://www.youtube.com/watch?v=FHJ4XEW_erQ
386880,Rake,wclSFWMDbm8,NOW THERE ARE 4 | Rake Multiplayer Part 1,2016-05-16,UCOTiOsMISuYcYV7aV-4z-Rw,LordMinion777,False,3000096,https://www.youtube.com/watch?v=wclSFWMDbm8
386880,Rake,gOyC1NAgRks,Paranormal Olaylar - Korkunç Ormanda Uzaylı Peşinde - Rake Bölüm 1,2017-02-27,UCpcHFJwDFlrnbCw3yD-4Wzg,Han Kanal,False,2921478,https://www.youtube.com/watch?v=gOyC1NAgRks
386880,Rake,kb9l3uFfCz4,THE RAKE AREN’T READY FOR ME 😤 #roblox #robloxanimation #robloxrant,2026-01-01,UCKNfGXkC29dPVcF6QfNRDtQ,Mortify,False,5859696,https://www.youtube.com/watch?v=kb9l3uFfCz4
386880,Rake,uIgOK24_gp8,WE CAPTURED THE RAKE! - Rake Multiplayer Gameplay,2019-11-02,UC1rsLSbsz0Y2blrWDZ_-8Qw,SpyCakes,False,2911033,https://www.youtube.com/watch?v=uIgOK24_gp8
386880,Rake,0Bf2JDYmKpw,ROBLOX The Night Of THE RAKE Animation,2019-04-20,UCjIctE36xq0SPJoeR8LO5kA,SD ANIMATOR,False,2844891,https://www.youtube.com/watch?v=0Bf2JDYmKpw
386880,Rake,mNMF8FVFfCs,ROBLOX THE RAKE...,2022-02-22,UCm-X6o81nRsXQTmqpyArkBQ,Flamingo,False,2508201,https://www.youtube.com/watch?v=mNMF8FVFfCs
386880,Rake,A61oUlclX_Y,SEHARUSNYA AKU TIDAK PERGI CAMPING KE HUTAN INI.... The Rake Sees You,2026-05-29,UCoIiiHof6BJ85PLuLkuxuhw,Windah Basudara,False,2536779,https://www.youtube.com/watch?v=A61oUlclX_Y
386880,Rake,v9MxlpYd7yQ,The Rake Sees You…,2026-05-27,UC63anZxfVGHUEmfBAf5w7pw,CaseOh,False,2454303,https://www.youtube.com/watch?v=v9MxlpYd7yQ
386880,Rake,JrSVtb3_guQ,I MUST RAKE ALL THE LEAVES [Leaf It Alone],2025-12-30,UCeBPTBz1oRnsWsUBnKNNKNw,Joe Bart Games,False,2472831,https://www.youtube.com/watch?v=JrSVtb3_guQ
386880,Rake,yCVb059ggPU,Roblox The Rake (Escaping The Rake) HORROR CHASE!!,2020-02-25,UC5SjVjNWrmc3qE__AIAC81g,Ncraft,False,2343193,https://www.youtube.com/watch?v=yCVb059ggPU
386880,Rake,0cJbOjqJ1ik,È UNA LEGGENDA... O ESISTE DAVVERO?! - Rake,2015-08-13,UCSFC5Cio8zaLQDFPxA7y_HQ,FavijTV,False,2215436,https://www.youtube.com/watch?v=0cJbOjqJ1ik
386880,Rake,Eq6vJMCfDj4,Bigfoot search leads to THE RAKE! - Rake Multiplayer Gameplay,2019-05-27,UC1rsLSbsz0Y2blrWDZ_-8Qw,SpyCakes,False,2075862,https://www.youtube.com/watch?v=Eq6vJMCfDj4
386880,Rake,V1TYAxPYCK0,Minecraft: Rake OR Herobrine??? #shorts,2021-10-23,UCCViIX61Ny3g0RAxrJzXG9Q,Stevebillybob,False,1735083,https://www.youtube.com/watch?v=V1TYAxPYCK0
386880,Rake,b7KElI6J120,Rake Multiplayer Part 2: HOW TO KILL THE RAKE!!!,2015-11-29,UCOTiOsMISuYcYV7aV-4z-Rw,LordMinion777,False,1638040,https://www.youtube.com/watch?v=b7KElI6J120
386880,Rake,INLh2B0-1jo,"NOCHE, CÁMARAS... ¡TERROR! - ""RAKE"" |#1| iTownGamePlay (Horror Game)",2015-07-16,UCKmlxQVs0vHtaLldRIQ8lsA,iTownGamePlay *Terror&Diversión*,False,1582688,https://www.youtube.com/watch?v=INLh2B0-1jo
386880,Rake,v5q2q89ylxk,Killing the Rake During Blood Hour! (Glitchless) | Roblox - THE RAKE™: Classic Edition,2019-03-10,UCQqsTbeRLsiS5SRgKOluXDA,Dylanlenub,False,1572358,https://www.youtube.com/watch?v=v5q2q89ylxk
386880,Rake,pWhwNWWUSMc,RAKE w/ Gejmr,2016-11-02,UCk-1Oa5qkBUXNKYdK95os8g,MenT,False,1549669,https://www.youtube.com/watch?v=pWhwNWWUSMc
386880,Rake,v2x8qlx0kXU,LA PEUR D'UN HOMME - RAKE,2016-02-27,UCrSJiAQder4Dg2rpmEaJT4w,ADRI GEEK,False,1370140,https://www.youtube.com/watch?v=v2x8qlx0kXU
386880,Rake,wX7sWC6QxFs,SI NASCONDE NELLA FORESTA. - The Rake - Parte 2,2015-11-18,UCSFC5Cio8zaLQDFPxA7y_HQ,FavijTV,False,1351738,https://www.youtube.com/watch?v=wX7sWC6QxFs
386880,Rake,C-JwRlDedig,The Rake Is Always Watching…,2026-07-06,UCeBPTBz1oRnsWsUBnKNNKNw,Joe Bart Games,False,1382468,https://www.youtube.com/watch?v=C-JwRlDedig
386880,Rake,YLff3bxOixs,BUTT TOUCHIN' RAKE LOVE | Rake Multiplayer Part 2,2016-05-21,UCOTiOsMISuYcYV7aV-4z-Rw,LordMinion777,False,1216831,https://www.youtube.com/watch?v=YLff3bxOixs
386880,Rake,vUnIxohxIuw,"INTENTANDO CAPTURAR A THE RAKE EN DIRECTO - ""RAKE"" |#2| iTownGamePlay (Horror Game)",2015-07-23,UCKmlxQVs0vHtaLldRIQ8lsA,iTownGamePlay *Terror&Diversión*,False,1158900,https://www.youtube.com/watch?v=vUnIxohxIuw
386880,Rake,mHmhUzMEDbQ,We Found and Defeated the Scary Rake Monster! - The Rake Multiplayer Gameplay,2019-11-01,UCC6ulNJ-KDoIa3VI2gcvQpA,Camodo Gaming,False,1081111,https://www.youtube.com/watch?v=mHmhUzMEDbQ
386880,Rake,hHTVFhzPHCQ,CİNLİ ORMANDA BİR GECE GEÇİRDİK - RAKE,2017-03-02,UCWIhR0c9M6i5bT7v_1UMh7Q,GitarisTv,False,1073617,https://www.youtube.com/watch?v=hHTVFhzPHCQ
386880,Rake,PqWiDlC7BjU,The Rake: Return to Asylum,2012-11-02,UC7_YxT-KID8kRbqZo7MyscQ,Markiplier,False,1072085,https://www.youtube.com/watch?v=PqWiDlC7BjU
386880,Rake,P5YChFfUKNE,EXTRACTION 2 - Rake Tyler's weapon loadout #warzone2season4  #codmw2 #warzone2,2023-07-07,UCQLf0DM316uAgbQ20iq4H6A,Rush Bunny XD,False,1030300,https://www.youtube.com/watch?v=P5YChFfUKNE
386880,Rake,WtN03j06WYk,Roblox The Rake but it's MASSIVE!! HORROR!,2020-02-23,UC5SjVjNWrmc3qE__AIAC81g,Ncraft,False,1014063,https://www.youtube.com/watch?v=WtN03j06WYk
386880,Rake,p28Yu-XKcl4,Hunted by The Rake (Roblox),2021-12-02,UCSSfq3nNRhpV7uh0NfBYxvg,Remainings,False,1009707,https://www.youtube.com/watch?v=p28Yu-XKcl4
386880,Rake,vy_7D5qxcNU,The Rake Gives me a Lesson in Karma | In Silence,2020-10-23,UCbnA_wQEdPWbLipG0UxTvBQ,Kaif,False,1007689,https://www.youtube.com/watch?v=vy_7D5qxcNU
386880,Rake,2mDvFy55Rqw,POLUJEMY NA KOSMITĘ! ( ͡ಠ ͜ʖ ͡ಠ) - Rake #1,2016-06-22,UC7TauBBZOhtZprmPTyrgqWg,Dizowskyy,False,1002882,https://www.youtube.com/watch?v=2mDvFy55Rqw
386880,Rake,pTMCfvfKM2w,HUNTING THE STUPID RAKE | Rake Horror Game,2015-08-26,UCZBY6V8Lxmwu8gGRBOyO11w,Kubz Scouts,False,975742,https://www.youtube.com/watch?v=pTMCfvfKM2w
386880,Rake,L5WB1npzT1g,MA HA PAURA DI NOI! - Rake Multiplayer w/Indie,2015-11-05,UC3VEGA6pJKPsPAHyB3n5BNQ,Gabby16bit,False,943617,https://www.youtube.com/watch?v=L5WB1npzT1g
518790,theHunter: Call of the Wild™,4YIavEKeaRc,The most DISRESPECTFUL shot I've ever taken... 🍒🔫 | theHunter: Call of the Wild #shorts,2023-03-14,UCrSPlLm7e0bXpPYNOOzxgOg,Rooster,False,49519599,https://www.youtube.com/watch?v=4YIavEKeaRc
518790,theHunter: Call of the Wild™,_PKCxQ3WEJQ,They Just Kept Coming In To Me 😩🦌 | theHunter: Call of the Wild,2023-04-23,UCrSPlLm7e0bXpPYNOOzxgOg,Rooster,False,7220776,https://www.youtube.com/watch?v=_PKCxQ3WEJQ
518790,theHunter: Call of the Wild™,JxoEYX3DaZ4,So I found a GREAT ONE in my sanctuary... 😅| theHunter: Call of the Wild,2023-07-06,UCrSPlLm7e0bXpPYNOOzxgOg,Rooster,False,5217078,https://www.youtube.com/watch?v=JxoEYX3DaZ4
518790,theHunter: Call of the Wild™,YaAZjZw2SPk,I accidentally shot a MELANISTIC BEAR 🐻🔫 | theHunter: Call of the Wild,2023-08-26,UCrSPlLm7e0bXpPYNOOzxgOg,Rooster,False,5426107,https://www.youtube.com/watch?v=YaAZjZw2SPk
518790,theHunter: Call of the Wild™,Dq2AKGBpOjQ,Starting Over at Level 1 | theHunter Call of the Wild,2018-11-16,UCuHIJJLiCnI-D1SU_8fEnTA,Flinter,False,3419645,https://www.youtube.com/watch?v=Dq2AKGBpOjQ
518790,theHunter: Call of the Wild™,G37EyA8piRk,Getting tag teamed by two THICC MOOSE 🫎😭🫎 | theHunter: Call of the Wild,2024-03-04,UCrSPlLm7e0bXpPYNOOzxgOg,Rooster,False,7410614,https://www.youtube.com/watch?v=G37EyA8piRk
518790,theHunter: Call of the Wild™,v-vvQCTfV0U,Hunting a MAX LEVEL buffalo is TOO EASY 🏹🐃 | theHunter: Call of the Wild,2024-12-05,UCrSPlLm7e0bXpPYNOOzxgOg,Rooster,False,4487945,https://www.youtube.com/watch?v=v-vvQCTfV0U
518790,theHunter: Call of the Wild™,7va-SrbylqY,NEVER hunt lions with a dog 🦁🔫 | theHunter: Call of the Wild,2024-07-16,UCrSPlLm7e0bXpPYNOOzxgOg,Rooster,False,4973343,https://www.youtube.com/watch?v=7va-SrbylqY
518790,theHunter: Call of the Wild™,kwn8eH6_9zk,MONSTER Diamond Mule Deer with the New Gun! | theHunter: Call of the Wild #shorts,2023-03-24,UCrSPlLm7e0bXpPYNOOzxgOg,Rooster,False,2905792,https://www.youtube.com/watch?v=kwn8eH6_9zk
518790,theHunter: Call of the Wild™,grnt3logAxQ,That second shot went DEEP 🏹🐄🐄 | theHunter: Call of the wild #shorts,2023-06-22,UCrSPlLm7e0bXpPYNOOzxgOg,Rooster,False,3368336,https://www.youtube.com/watch?v=grnt3logAxQ
518790,theHunter: Call of the Wild™,VGOTYfGMyoE,theHunter: Call of the Wild  |  Announcement Trailer,2016-11-28,UCT4y83PIfd34qxS2vPIqwcg,Expansive Worlds,True,1856117,https://www.youtube.com/watch?v=VGOTYfGMyoE
518790,theHunter: Call of the Wild™,9ysgZcsdyFo,AUGE um AUGE! 😼 theHunter Call of the Wild Afrika #shorts,2023-01-23,UCjCN608rHbTsNZRhjeIPglA,shfty,False,1795818,https://www.youtube.com/watch?v=9ysgZcsdyFo
518790,theHunter: Call of the Wild™,9o0Aeyvo4FU,I Spent *100+ HOURS* For This Trophy | Hypifed | theHunter : call of the wild,2025-01-15,UCoc_-KXpH5D3AfhdvZMs3_g,Hypifed,False,2496057,https://www.youtube.com/watch?v=9o0Aeyvo4FU
518790,theHunter: Call of the Wild™,A8-VfTjk1JU,He just stood there and TOOK IT 😫🦌🔫 | theHunter: Call of the Wild,2025-04-22,UCrSPlLm7e0bXpPYNOOzxgOg,Rooster,False,3051396,https://www.youtube.com/watch?v=A8-VfTjk1JU
518790,theHunter: Call of the Wild™,3VXntGL5wi8,SLUG vs BUCKSHOT 🦌🔫 | theHunter: Call of the Wild,2025-12-09,UCrSPlLm7e0bXpPYNOOzxgOg,Rooster,False,2882826,https://www.youtube.com/watch?v=3VXntGL5wi8
518790,theHunter: Call of the Wild™,nqb1qx9gkCY,The most DANGEROUS DIAMOND I have EVER hunted | theHunter: Call of the Wild,2023-06-29,UCrSPlLm7e0bXpPYNOOzxgOg,Rooster,False,1454377,https://www.youtube.com/watch?v=nqb1qx9gkCY
518790,theHunter: Call of the Wild™,1PC787elBxk,That one's BLACK 🦌🔫 | theHunter: Call of the Wild,2025-08-15,UCrSPlLm7e0bXpPYNOOzxgOg,Rooster,False,2621890,https://www.youtube.com/watch?v=1PC787elBxk
518790,theHunter: Call of the Wild™,XKMio_WYuU8,The BEST Shot in CotW 🦌🔫 | theHunter: Call of the Wild,2025-08-17,UCrSPlLm7e0bXpPYNOOzxgOg,Rooster,False,2388237,https://www.youtube.com/watch?v=XKMio_WYuU8
518790,theHunter: Call of the Wild™,vVJ5iXfTiDA,She's a bit angry 🐃🔫 | theHunter: Call of the Wild,2025-08-05,UCrSPlLm7e0bXpPYNOOzxgOg,Rooster,False,2156488,https://www.youtube.com/watch?v=vVJ5iXfTiDA
518790,theHunter: Call of the Wild™,CsnwoV4aMe8,I hunted EVERY PREDATOR in CotW! (ᵗʰᵉʸ ᶜᵃˡˡ ᵐᵉ ᵗʰᵉ ᴾʳᵉᵈᵃᵗᵒʳ ᴾᵘᵐᵖᵉʳ) | theHunter: Call of the Wild,2024-05-14,UCrSPlLm7e0bXpPYNOOzxgOg,Rooster,False,1073252,https://www.youtube.com/watch?v=CsnwoV4aMe8
518790,theHunter: Call of the Wild™,3pACsJ_6_NI,Dropping TWO LIONS with a BOW 🦁🦁🏹 | theHunter: Call of the Wild,2026-03-11,UCrSPlLm7e0bXpPYNOOzxgOg,Rooster,False,2042738,https://www.youtube.com/watch?v=3pACsJ_6_NI
1119730,"Ranch Simulator: Build, Hunt, Farm",lQm4N-u_RsQ,TAKING EVERY ANIMAL TO MY RANCH | RANCH SIMULATOR GAMEPLAY #16,2022-11-04,UCX8pnu3DYUnx8qy8V_c6oHg,Techno Gamerz,False,22327771,https://www.youtube.com/watch?v=lQm4N-u_RsQ
1119730,"Ranch Simulator: Build, Hunt, Farm",xJcPdyLxGKo,UPGRADING BARN HOUSE | RANCH SIMULATOR GAMEPLAY #6,2021-06-13,UCX8pnu3DYUnx8qy8V_c6oHg,Techno Gamerz,False,22007604,https://www.youtube.com/watch?v=xJcPdyLxGKo
1119730,"Ranch Simulator: Build, Hunt, Farm",ULWjNfRBRCI,NEW RESTAURANT IN OUR VILLAGE | RANCH SIMULATOR GAMEPLAY #7,2021-06-26,UCX8pnu3DYUnx8qy8V_c6oHg,Techno Gamerz,False,18702394,https://www.youtube.com/watch?v=ULWjNfRBRCI
1119730,"Ranch Simulator: Build, Hunt, Farm",dcd5obPmGDY,I START A BIG FARMING BUSINESS | RANCH SIMULATOR GAMEPLAY #5,2021-06-03,UCX8pnu3DYUnx8qy8V_c6oHg,Techno Gamerz,False,18588138,https://www.youtube.com/watch?v=dcd5obPmGDY
1119730,"Ranch Simulator: Build, Hunt, Farm",hAdzAUhb7nE,MOVING COW & PIGS TO BARN | RANCH SIMULATOR GAMEPLAY #4,2021-05-25,UCX8pnu3DYUnx8qy8V_c6oHg,Techno Gamerz,False,17420863,https://www.youtube.com/watch?v=hAdzAUhb7nE
1119730,"Ranch Simulator: Build, Hunt, Farm",3NqXNmKOE8U,I BUILD A GREENHOUSE FOR FARMING | RANCH SIMULATOR GAMEPLAY #17,2022-12-04,UCX8pnu3DYUnx8qy8V_c6oHg,Techno Gamerz,False,17215748,https://www.youtube.com/watch?v=3NqXNmKOE8U
1119730,"Ranch Simulator: Build, Hunt, Farm",5vcKd7OS5BY,I BUILD A BIG BARN HOUSE | RANCH SIMULATOR GAMEPLAY #3,2021-05-17,UCX8pnu3DYUnx8qy8V_c6oHg,Techno Gamerz,False,16978786,https://www.youtube.com/watch?v=5vcKd7OS5BY
1119730,"Ranch Simulator: Build, Hunt, Farm",SwId4vVZC8I,I FULFILLED MY GRANDFATHER’S LAST WISH,2021-05-01,UCX8pnu3DYUnx8qy8V_c6oHg,Techno Gamerz,False,14489206,https://www.youtube.com/watch?v=SwId4vVZC8I
1119730,"Ranch Simulator: Build, Hunt, Farm",Uhjs0C35cVY,I BUILD A BIG FARM HOUSE | RANCH SIMULATOR GAMEPLAY #15,2021-12-01,UCX8pnu3DYUnx8qy8V_c6oHg,Techno Gamerz,False,14057575,https://www.youtube.com/watch?v=Uhjs0C35cVY
1119730,"Ranch Simulator: Build, Hunt, Farm",uJPG61I1PYw,I BUILD MY DREAM MANSION | RANCH SIMULATOR GAMEPLAY #12,2021-08-25,UCX8pnu3DYUnx8qy8V_c6oHg,Techno Gamerz,False,13627543,https://www.youtube.com/watch?v=uJPG61I1PYw
1119730,"Ranch Simulator: Build, Hunt, Farm",deDyzpHYmV0,I BUILD A LUXURY GARAGE | RANCH SIMULATOR GAMEPLAY #14,2021-11-08,UCX8pnu3DYUnx8qy8V_c6oHg,Techno Gamerz,False,13596863,https://www.youtube.com/watch?v=deDyzpHYmV0
1119730,"Ranch Simulator: Build, Hunt, Farm",w2fntJlWd6A,I BECAME A HUNTER | RANCH SIMULATOR GAMEPLAY #16,2022-03-29,UCX8pnu3DYUnx8qy8V_c6oHg,Techno Gamerz,False,10761782,https://www.youtube.com/watch?v=w2fntJlWd6A
1119730,"Ranch Simulator: Build, Hunt, Farm",bLsNDUmw9vI,I LOST EVERYTHING | RANCH SIMULATOR GAMEPLAY #8,2021-07-05,UCX8pnu3DYUnx8qy8V_c6oHg,Techno Gamerz,False,10703457,https://www.youtube.com/watch?v=bLsNDUmw9vI
1119730,"Ranch Simulator: Build, Hunt, Farm",hFSBOB6JnxM,I BUILD AN ULTRA GIANT BARN HOUSE | RANCH SIMULATOR GAMEPLAY #11,2021-08-15,UCX8pnu3DYUnx8qy8V_c6oHg,Techno Gamerz,False,9367599,https://www.youtube.com/watch?v=hFSBOB6JnxM
1119730,"Ranch Simulator: Build, Hunt, Farm",IHabft0wiv4,BIG HOUSE FOR MY CHICKENS | RANCH SIMULATOR GAMEPLAY #10,2021-07-30,UCX8pnu3DYUnx8qy8V_c6oHg,Techno Gamerz,False,9268301,https://www.youtube.com/watch?v=IHabft0wiv4
1119730,"Ranch Simulator: Build, Hunt, Farm",c32rVxOwdvY,I BUILD AN AUTOMATIC FEEDER | RANCH SIMULATOR GAMEPLAY #13,2021-09-24,UCX8pnu3DYUnx8qy8V_c6oHg,Techno Gamerz,False,9000981,https://www.youtube.com/watch?v=c32rVxOwdvY
1119730,"Ranch Simulator: Build, Hunt, Farm",U0VCcwGrWls,CLEARING THE GARDEN | RANCH SIMULATOR GAMEPLAY #9,2021-07-14,UCX8pnu3DYUnx8qy8V_c6oHg,Techno Gamerz,False,7808892,https://www.youtube.com/watch?v=U0VCcwGrWls
1119730,"Ranch Simulator: Build, Hunt, Farm",2WFCXf9WEOM,Ranch Simulator with 4 idiots,2021-04-20,UC-gW4TeZAlKm7UATp24JsWQ,SMii7Yplus,False,6893909,https://www.youtube.com/watch?v=2WFCXf9WEOM
1119730,"Ranch Simulator: Build, Hunt, Farm",MjgGM7m4EFw,WELCOME BACK TO MY NEW RANCH,2023-10-17,UCX8pnu3DYUnx8qy8V_c6oHg,Techno Gamerz,False,6172105,https://www.youtube.com/watch?v=MjgGM7m4EFw
1119730,"Ranch Simulator: Build, Hunt, Farm",IPkcSFCAwK0,DEDEDEN KALAN ÇİFTLİĞE DÖNDÜK! | RANCH SIMULATOR | S3 B1,2026-04-21,UC51-ljNFrvY5ZmV0C_61XcA,Elraenn,False,2438816,https://www.youtube.com/watch?v=IPkcSFCAwK0
1119730,"Ranch Simulator: Build, Hunt, Farm",coBsMFdfch4,Ranch Simulator 1.0 - Part 1 - The Beginning,2023-11-26,UC36MGPfPwOWafAXauiV4LdA,TmarTn2,False,673597,https://www.youtube.com/watch?v=coBsMFdfch4
1119730,"Ranch Simulator: Build, Hunt, Farm",43zHAT2rB8s,I Played 100 Days of Ranch Simulator,2025-09-17,UCcDHtMvuLPuI33IlzM2R6cg,Solo Stories,False,522171,https://www.youtube.com/watch?v=43zHAT2rB8s
1119730,"Ranch Simulator: Build, Hunt, Farm",qblGWWndXGM,TEAM ĐỤT VỀ QUÊ NUÔI CÁ VÀ CHĂN THÊM BÒ =)) Game giả lập Nông dân như thật !!! - Ranch Simulator,2021-03-10,UCc_gMV4N9vJtpy7GcMUHaVw,Trực Tiếp Game,False,489129,https://www.youtube.com/watch?v=qblGWWndXGM
1119730,"Ranch Simulator: Build, Hunt, Farm",z9YKJfA6qeY,Ich habe in 100 Tagen eine profitable Farm in Ranch Simulator aufgebaut,2026-02-04,UCjCN608rHbTsNZRhjeIPglA,shfty,False,397774,https://www.youtube.com/watch?v=z9YKJfA6qeY
1119730,"Ranch Simulator: Build, Hunt, Farm",xzZgwiNyTVE,50 ДНЕЙ ВЫЖИВАНИЯ В RANCH SIMULATOR,2024-08-07,UCUG5ci-9M-3TjIzzzE39qXg,Айдо,False,335077,https://www.youtube.com/watch?v=xzZgwiNyTVE
1119730,"Ranch Simulator: Build, Hunt, Farm",WJVaYd2ZFnY,Bang EJ Bangun Peternakan & Perkebunan! GRAFIKNYA LUAR BIASA - Ranch Simulator HD Indonesia - Part 1,2023-09-28,UCiyK6H_rqSDH0MDlm4JvkHA,EJStory,False,285642,https://www.youtube.com/watch?v=WJVaYd2ZFnY
1119730,"Ranch Simulator: Build, Hunt, Farm",5RDIrtmov4o,OS COLEGAS GANHARAM UMA FAZENDA | Ranch Simulator,2025-08-29,UCn_zl80QFuAXF_OZkfitWVQ,mount gameplays,False,286935,https://www.youtube.com/watch?v=5RDIrtmov4o
1119730,"Ranch Simulator: Build, Hunt, Farm",Doe-vXl3aGQ,I Played 100 Days In Ranch Simulator Southwest,2025-03-01,UCpPGcdEqgstDjKNSBrbd0TA,MINIY GAMER,False,273632,https://www.youtube.com/watch?v=Doe-vXl3aGQ
1119730,"Ranch Simulator: Build, Hunt, Farm",KNvxt2LXFj4,TOP 2 RANCH SIMULATOR GAME FOR MOBILE l HIGH GRAPHICS RANCH SIMULATOR MOBILE,2025-07-05,UCn8N6MzwXqGeGUXFtPYhX6w,SANU GAMERZ,False,275355,https://www.youtube.com/watch?v=KNvxt2LXFj4
1119730,"Ranch Simulator: Build, Hunt, Farm",-l0TPIz3WAo,😯😍 Jill Zone got New Job | Ranch Simulator Part-1 Tamil,2024-01-14,UCLQJkseoOWkevsA0RKZOetQ,Jill Zone,False,221489,https://www.youtube.com/watch?v=-l0TPIz3WAo
1119730,"Ranch Simulator: Build, Hunt, Farm",aRZHkUZlSQY,KACIW BELAJAR BETERNAK DAN BERBURU!! - Ranch Simulator Indonesia Part 1,2025-04-14,UCWfIdNrwmczMu8T7261X8hg,Afif Yulistian,False,217458,https://www.youtube.com/watch?v=aRZHkUZlSQY
1119730,"Ranch Simulator: Build, Hunt, Farm",F8QGkgiflVA,I PLAYED 100 DAYS IN RANCH SIMULATOR | BUILT FARM HUNT | RANCH SIMULATOR 100 DAYS,2024-01-11,UCpPGcdEqgstDjKNSBrbd0TA,MINIY GAMER,False,202265,https://www.youtube.com/watch?v=F8QGkgiflVA
1119730,"Ranch Simulator: Build, Hunt, Farm",M7JKI4cPl6I,I Built a Massive Barn with My Own Two Hands - Ranch Simulator 1.0 - Part 4,2023-12-11,UC36MGPfPwOWafAXauiV4LdA,TmarTn2,False,189971,https://www.youtube.com/watch?v=M7JKI4cPl6I
1119730,"Ranch Simulator: Build, Hunt, Farm",9vTo1Y9G3VY,SRÁC MEGBOLONDUL 😂 | Ranch Simulator (PC),2024-07-19,UC1R3yteq3HoSUIHQ7hp65XQ,Nessaj Gaming,False,135006,https://www.youtube.com/watch?v=9vTo1Y9G3VY
1119730,"Ranch Simulator: Build, Hunt, Farm",rsDbzbawBHo,How to Download Ranch Simulator on Mobile (Android & iOS)🔥📲,2025-03-24,UCPQqpPMLpKdBd3yGj7BH_jg,Xplorer Jaat,False,222970,https://www.youtube.com/watch?v=rsDbzbawBHo
1119730,"Ranch Simulator: Build, Hunt, Farm",yMRzadiPCLE,Milking Gone Wrong! 💀🤣 (I Picked the WRONG Goat) - Ranch Simulator,2025-03-30,UCyyJr29as1cyi-ufsVXhgBg,Riz Gaming,False,219161,https://www.youtube.com/watch?v=yMRzadiPCLE
1119730,"Ranch Simulator: Build, Hunt, Farm",SCd2O9bYJi0,பண்ணையார் RANCH SIMULATOR SOUTHWEST Live Tamil Gaming,2025-10-25,UCCPWi_OwWMR5JTiujn7v-7g,Tamil Gaming தமிழ் கேமிங்,False,90040,https://www.youtube.com/watch?v=SCd2O9bYJi0
1119730,"Ranch Simulator: Build, Hunt, Farm",kg8PoYhQqWI,Our FIRST DAY In Grandpa's OLD RANCH ! - Ranch Simulator,2026-03-29,UCvcE_BK-ELCkbrGrvjJwLYw,MKS,False,90950,https://www.youtube.com/watch?v=kg8PoYhQqWI
1119730,"Ranch Simulator: Build, Hunt, Farm",oS_JI8Slzzo,Ranch Simulator #1 - Khởi Nghiệp Làm Nông Cùng Trang Trại Tồi Tàn,2025-03-13,UC2ArKq3GKdiA6ufRwE2NytQ,ND Gaming,False,84985,https://www.youtube.com/watch?v=oS_JI8Slzzo
1119730,"Ranch Simulator: Build, Hunt, Farm",JcQGaiLm-ug,RANCH SIMULATOR HOW TO MAKE WOOD PLANKS FAST,2023-07-10,UCeSku-WooK6wJChX8HCtMIg,BC Gaming,False,125612,https://www.youtube.com/watch?v=JcQGaiLm-ug
1119730,"Ranch Simulator: Build, Hunt, Farm",uGK1uAz54qg,Ranch Simulator Tutorial #4: Farming and Harvesting,2023-01-06,UCDyxCV4rnN7zOZUhGfGJoqA,Ullyria Rae-Leigh,False,76787,https://www.youtube.com/watch?v=uGK1uAz54qg
1119730,"Ranch Simulator: Build, Hunt, Farm",lH7Hv9HunL0,SAIBA COMO COMEÇAR BEM EM RANCH SIMULATOR: Método para evoluir mais rápido!,2022-06-16,UCHEJaZkYxsM9QjWbinfXMrg,Vagaluminada,False,75902,https://www.youtube.com/watch?v=lH7Hv9HunL0
1119730,"Ranch Simulator: Build, Hunt, Farm",2MQ5IO8TBMM,FINALLY I START SHEEP FARM IN MY NEW RANCH! 🐏 | RANCH SIMULATOR,2025-12-23,UCke4xAleE-fbv0gNBwoH_6A,Buffy Gamer,False,74569,https://www.youtube.com/watch?v=2MQ5IO8TBMM
1119730,"Ranch Simulator: Build, Hunt, Farm",2Ty9XF976WQ,ULTIMATE Ranch Simulator Beginner Guide - Ranch Simulator Tips and Tricks,2023-11-26,UC6eAhSbwz5trLhZLd7dVExg,Born 2 Game,False,73741,https://www.youtube.com/watch?v=2Ty9XF976WQ
1119730,"Ranch Simulator: Build, Hunt, Farm",IucmJeE1rJg,100 ДНЕЙ в RANCH SIMULATOR,2025-03-16,UC9Vr4LK3hDrrWtkiy-UQN7g,Бохан Games,False,74124,https://www.youtube.com/watch?v=IucmJeE1rJg
262410,World of Guns: Gun Disassembly,a3ZjEr2BK2A,Beretta AR70223 3D Animation,2025-03-30,UC0w7FSDMOgPXU9_3obwaMew,Gun Mechanics,False,59539849,https://www.youtube.com/watch?v=a3ZjEr2BK2A
262410,World of Guns: Gun Disassembly,YcZNYAAy_Gc,How a Winchester 1873 works | World of Guns,2017-07-29,UC3D2NwJzlEL6NBeM559bS3w,"Si vis pacem , para bellum.",False,16169886,https://www.youtube.com/watch?v=YcZNYAAy_Gc
262410,World of Guns: Gun Disassembly,ZfgLmDg-lWA,How an RPG 7 works | World of Guns,2017-08-12,UC3D2NwJzlEL6NBeM559bS3w,"Si vis pacem , para bellum.",False,8266228,https://www.youtube.com/watch?v=ZfgLmDg-lWA
262410,World of Guns: Gun Disassembly,wbmIyvdckXY,How a Intratec TEC-9 works | World of Guns,2017-01-22,UC3D2NwJzlEL6NBeM559bS3w,"Si vis pacem , para bellum.",False,3298593,https://www.youtube.com/watch?v=wbmIyvdckXY
262410,World of Guns: Gun Disassembly,Ni6tvnKd_9w,How a Mauser 98k works | World of Guns,2017-08-05,UC3D2NwJzlEL6NBeM559bS3w,"Si vis pacem , para bellum.",False,2966547,https://www.youtube.com/watch?v=Ni6tvnKd_9w
262410,World of Guns: Gun Disassembly,sMQOD2zNXLw,World of Guns: Gun Disassembly official,2017-03-06,UC2OrR3jIwGyygp-W9OdeMow,NobleEmpire,True,2712912,https://www.youtube.com/watch?v=sMQOD2zNXLw
262410,World of Guns: Gun Disassembly,1bSdSV1Y-_A,How an FP-45 Liberator works | World of Guns,2017-01-13,UC3D2NwJzlEL6NBeM559bS3w,"Si vis pacem , para bellum.",False,2592704,https://www.youtube.com/watch?v=1bSdSV1Y-_A
262410,World of Guns: Gun Disassembly,Uv9UD8I2yeE,How a LeMat Revolver works | World of Guns,2018-11-01,UC3D2NwJzlEL6NBeM559bS3w,"Si vis pacem , para bellum.",False,1990717,https://www.youtube.com/watch?v=Uv9UD8I2yeE
262410,World of Guns: Gun Disassembly,NVFR8olQ5Co,How a Saiga 12К 030 works | World of Guns,2017-07-16,UC3D2NwJzlEL6NBeM559bS3w,"Si vis pacem , para bellum.",False,1981922,https://www.youtube.com/watch?v=NVFR8olQ5Co
262410,World of Guns: Gun Disassembly,pGfFEq3GtYE,How an M3 Grease Gun works | World of Guns,2017-09-04,UC3D2NwJzlEL6NBeM559bS3w,"Si vis pacem , para bellum.",False,1765975,https://www.youtube.com/watch?v=pGfFEq3GtYE
262410,World of Guns: Gun Disassembly,5hgs5IhVVJA,How a COP .357 Derringer works | World of Guns,2017-01-14,UC3D2NwJzlEL6NBeM559bS3w,"Si vis pacem , para bellum.",False,1723998,https://www.youtube.com/watch?v=5hgs5IhVVJA
262410,World of Guns: Gun Disassembly,_q-s1yD774w,M16 A1: full disassembly & assembly | World of Guns,2018-05-07,UC3D2NwJzlEL6NBeM559bS3w,"Si vis pacem , para bellum.",False,1317859,https://www.youtube.com/watch?v=_q-s1yD774w
262410,World of Guns: Gun Disassembly,5MfLYgTe6NI,How a Browning Auto-5 works | World of Guns,2017-07-27,UC3D2NwJzlEL6NBeM559bS3w,"Si vis pacem , para bellum.",False,1311719,https://www.youtube.com/watch?v=5MfLYgTe6NI
262410,World of Guns: Gun Disassembly,JeIyN1Eke-U,How a Browning Hi-Power works | World of Guns,2017-08-16,UC3D2NwJzlEL6NBeM559bS3w,"Si vis pacem , para bellum.",False,1296042,https://www.youtube.com/watch?v=JeIyN1Eke-U
262410,World of Guns: Gun Disassembly,FlBYQXX3q08,Intratec TEC-9: full disassembly & assembly | World of Guns,2017-03-09,UC3D2NwJzlEL6NBeM559bS3w,"Si vis pacem , para bellum.",False,1126653,https://www.youtube.com/watch?v=FlBYQXX3q08
262410,World of Guns: Gun Disassembly,-pdtKmvt3Rw,Mauser 98k: full disassembly & assembly | World of Guns,2017-06-13,UC3D2NwJzlEL6NBeM559bS3w,"Si vis pacem , para bellum.",False,1046819,https://www.youtube.com/watch?v=-pdtKmvt3Rw
262410,World of Guns: Gun Disassembly,UID8b4vtESU,How a Benelli M4 Super 90 works | World of Guns,2018-08-06,UC3D2NwJzlEL6NBeM559bS3w,"Si vis pacem , para bellum.",False,935872,https://www.youtube.com/watch?v=UID8b4vtESU
262410,World of Guns: Gun Disassembly,HRtgRWw402U,M1911: full disassembly & assembly | World of Guns,2017-05-19,UC3D2NwJzlEL6NBeM559bS3w,"Si vis pacem , para bellum.",False,285527,https://www.youtube.com/watch?v=HRtgRWw402U
262410,World of Guns: Gun Disassembly,Qm3pzO78fSY,FN FAL,2014-08-08,UCBSCu8L6iIssKzYdt2yUNcg,WoG: Gun Disassembly Wiki,False,221485,https://www.youtube.com/watch?v=Qm3pzO78fSY
262410,World of Guns: Gun Disassembly,KuI8r1XxktA,How an AK-47 works | World of Guns,2017-01-25,UC3D2NwJzlEL6NBeM559bS3w,"Si vis pacem , para bellum.",False,854349,https://www.youtube.com/watch?v=KuI8r1XxktA
262410,World of Guns: Gun Disassembly,k-2l27S9hrE,How a Welrod works | World of Guns,2017-01-23,UC3D2NwJzlEL6NBeM559bS3w,"Si vis pacem , para bellum.",False,816929,https://www.youtube.com/watch?v=k-2l27S9hrE
262410,World of Guns: Gun Disassembly,2I7_52-vpOc,How a Henry AR-7 works | World of Guns,2019-09-30,UC3D2NwJzlEL6NBeM559bS3w,"Si vis pacem , para bellum.",False,790653,https://www.youtube.com/watch?v=2I7_52-vpOc
262410,World of Guns: Gun Disassembly,oPWVnHa6wnA,How an M1 Garand works | World of Guns,2019-01-21,UC3D2NwJzlEL6NBeM559bS3w,"Si vis pacem , para bellum.",False,728926,https://www.youtube.com/watch?v=oPWVnHa6wnA
262410,World of Guns: Gun Disassembly,dFKPdT2ZsBE,How a Ingram MAC-10 Works | World Of Guns | Operation and Field Strip,2021-06-18,UCqVrr6vJNVG2KGXTzhk75Lg,Max Payne,False,686960,https://www.youtube.com/watch?v=dFKPdT2ZsBE
262410,World of Guns: Gun Disassembly,aw9g-CcrGW0,How a Luger P08 works | World of Guns,2017-01-22,UC3D2NwJzlEL6NBeM559bS3w,"Si vis pacem , para bellum.",False,585880,https://www.youtube.com/watch?v=aw9g-CcrGW0
262410,World of Guns: Gun Disassembly,NcsaF7fRui0,How a MAS 36 works | World of Guns,2017-08-22,UC3D2NwJzlEL6NBeM559bS3w,"Si vis pacem , para bellum.",False,536383,https://www.youtube.com/watch?v=NcsaF7fRui0
262410,World of Guns: Gun Disassembly,14W3L0RNJs0,How an Astra model 400 works | World of Guns,2018-09-20,UC3D2NwJzlEL6NBeM559bS3w,"Si vis pacem , para bellum.",False,497976,https://www.youtube.com/watch?v=14W3L0RNJs0
262410,World of Guns: Gun Disassembly,zhIj69MGwsM,Lee Enfield: full disassembly & assembly | World of Guns,2017-12-27,UC3D2NwJzlEL6NBeM559bS3w,"Si vis pacem , para bellum.",False,445462,https://www.youtube.com/watch?v=zhIj69MGwsM
262410,World of Guns: Gun Disassembly,rI_oApdy6fU,Beretta 92: full disassembly & assembly | World of Guns,2017-03-14,UC3D2NwJzlEL6NBeM559bS3w,"Si vis pacem , para bellum.",False,408819,https://www.youtube.com/watch?v=rI_oApdy6fU
262410,World of Guns: Gun Disassembly,nvt_BKA7goM,How a Beretta 92 works | World of Guns,2017-03-16,UC3D2NwJzlEL6NBeM559bS3w,"Si vis pacem , para bellum.",False,407698,https://www.youtube.com/watch?v=nvt_BKA7goM
262410,World of Guns: Gun Disassembly,4ICoapSO3KQ,Browning Hi-Power: full disassembly & assembly | World of Guns,2017-08-17,UC3D2NwJzlEL6NBeM559bS3w,"Si vis pacem , para bellum.",False,406237,https://www.youtube.com/watch?v=4ICoapSO3KQ
262410,World of Guns: Gun Disassembly,NxNYDKzcUKA,How Glock 17 Airsoft Gun Work In 3DAnimation,2025-04-29,UC0w7FSDMOgPXU9_3obwaMew,Gun Mechanics,False,1228333,https://www.youtube.com/watch?v=NxNYDKzcUKA
262410,World of Guns: Gun Disassembly,CBflIe-iq7Y,How a Henry Octagon Frontier works | World of Guns,2018-03-07,UC3D2NwJzlEL6NBeM559bS3w,"Si vis pacem , para bellum.",False,388968,https://www.youtube.com/watch?v=CBflIe-iq7Y
262410,World of Guns: Gun Disassembly,9hG3DjmSw4I,How a Makarov pistol works | World of Guns,2017-01-14,UC3D2NwJzlEL6NBeM559bS3w,"Si vis pacem , para bellum.",False,369236,https://www.youtube.com/watch?v=9hG3DjmSw4I
262410,World of Guns: Gun Disassembly,FnlGNb4eojc,How a PB(silent pistol) works | World of Guns,2019-07-08,UC3D2NwJzlEL6NBeM559bS3w,"Si vis pacem , para bellum.",False,355295,https://www.youtube.com/watch?v=FnlGNb4eojc
262410,World of Guns: Gun Disassembly,-iJ9uvNJy-4,How a Tokarev TT pistol works | World of Guns,2017-01-17,UC3D2NwJzlEL6NBeM559bS3w,"Si vis pacem , para bellum.",False,348138,https://www.youtube.com/watch?v=-iJ9uvNJy-4
262410,World of Guns: Gun Disassembly,A4MEu1muOhc,AK-47: full disassembly & assembly | World of Guns,2017-06-19,UC3D2NwJzlEL6NBeM559bS3w,"Si vis pacem , para bellum.",False,345532,https://www.youtube.com/watch?v=A4MEu1muOhc
274940,Depth,lSFkfhqrFi0,JAWS SIMULATOR | Depth (Divers Vs. Sharks),2014-10-24,UCYzPXprvl5Y-Sf0g4vX-m6g,jacksepticeye,False,6720026,https://www.youtube.com/watch?v=lSFkfhqrFi0
274940,Depth,Iyarpgqu_E8,DEPTH: DIVERS VS SHARKS Ep. 2 (BasicallyICheeseburger!),2014-11-08,UCClNRixXlagwAd--5MwJKCw,H2ODelirious,False,5369836,https://www.youtube.com/watch?v=Iyarpgqu_E8
274940,Depth,aoXJMOfsr0Y,DEPTH: DIVERS VS SHARKS Ep. 1 (Very Hungry Sharks!),2014-10-27,UCClNRixXlagwAd--5MwJKCw,H2ODelirious,False,4212147,https://www.youtube.com/watch?v=aoXJMOfsr0Y
274940,Depth,zuHFXuGu6HU,DUNKELOSTEUS UNLOCKED! - Depth | Ep2 HD,2017-01-20,UCP-iaFrmWcOG0o461wMicdg,TheGamingBeaver,False,3622805,https://www.youtube.com/watch?v=zuHFXuGu6HU
274940,Depth,dvRp4J3x4cw,I'M GONNA DIE!! | DEPTH #1,2017-01-14,UC7_YxT-KID8kRbqZo7MyscQ,Markiplier,False,3577071,https://www.youtube.com/watch?v=dvRp4J3x4cw
274940,Depth,bOvBVG_R-w4,HAUNTED MINESHAFT | DEPTH 6,2021-03-19,UCDBCCMlFD-hArPbWv38FINA,Daz Games,False,3259249,https://www.youtube.com/watch?v=bOvBVG_R-w4
274940,Depth,VDbqM1T-w7M,КУПЛИНОВ ПОЛЕЗ В СТРАШНЫЕ ПЕЩЕРЫ ► Inside Depth 6,2022-08-02,UCdKuE7a2QZeHPhDntXVZ91w,Kuplinov ► Play,False,3216184,https://www.youtube.com/watch?v=VDbqM1T-w7M
274940,Depth,ECqKr_fqQMg,DEPTH: DIVERS VS SHARKS | #29 - THE MEGALODON REVEALED! (NEW MODE) (60fps),2014-12-16,UCURh19hEVawK-H0Wl7KnR5Q,Ohmwrecker / Maskedgamer,False,3091185,https://www.youtube.com/watch?v=ECqKr_fqQMg
274940,Depth,7TZ5ro7dFK0,DEPTH: DIVERS VS SHARKS Ep. 3 (Best Shark Team) Full Round,2014-11-13,UCClNRixXlagwAd--5MwJKCw,H2ODelirious,False,2976249,https://www.youtube.com/watch?v=7TZ5ro7dFK0
274940,Depth,YOoZdj5u0TI,Depth - Ação Total Online,2014-11-12,UCYzp8-P162Em-3uZnCuGJOg,Games EduUu,False,2974144,https://www.youtube.com/watch?v=YOoZdj5u0TI
274940,Depth,B1tROICvi5c,WE'RE ALL SHARKS NOW... | DEPTH #4,2017-02-04,UC7_YxT-KID8kRbqZo7MyscQ,Markiplier,False,2863932,https://www.youtube.com/watch?v=B1tROICvi5c
274940,Depth,PhaHcIchIY4,"Bloodborne - All Boss Fights + DLC - SOLO, NO DAMAGE (NG+7, DEPTH 5, CURSED, 99 INSIGHT)",2015-11-26,UCVY5WsnGa21NVDG70-g6kEw,Ray Dhimitri,False,2736381,https://www.youtube.com/watch?v=PhaHcIchIY4
274940,Depth,96nUOTewj4s,АКУЛЫ ХОТЯТ КУШАТЬ - DEPTH - #1,2014-12-07,UC9diVCDUnRAB3buT1vLn4-w,FROST,False,2726624,https://www.youtube.com/watch?v=96nUOTewj4s
274940,Depth,03ONRVHhNW8,DEPTH: DIVERS VS SHARKS Ep. 4 (Best Sharks Ever!) Full Round,2015-01-03,UCClNRixXlagwAd--5MwJKCw,H2ODelirious,False,2721296,https://www.youtube.com/watch?v=03ONRVHhNW8
274940,Depth,8Ca0vqiSPiw,An in-depth look at Lovecraftian Video Games,2019-11-17,UC1fKT0wuhchtclPqpdWEnHw,NeverKnowsBest,False,2285231,https://www.youtube.com/watch?v=8Ca0vqiSPiw
274940,Depth,ClQgxTgIQNk,An In-Depth Video About Wii Tanks,2019-07-26,UCSP2KdysMu9MyzxRjXEGv_g,SilokHawk,False,2169438,https://www.youtube.com/watch?v=ClQgxTgIQNk
274940,Depth,NDIY4sBFyNo,Get PERFECT Positioning! (IN-DEPTH GUIDE) | Valorant Positioning Guide,2021-12-03,UCAD-CLEVoQZjcMjJz7ozYsQ,Sero,False,2093381,https://www.youtube.com/watch?v=NDIY4sBFyNo
274940,Depth,EBZt_2NQwp0,Adding depth to a 2D world,2024-07-03,UCeiV3e6Zhppi-oOSfiZo_nA,Challacade,False,2792819,https://www.youtube.com/watch?v=EBZt_2NQwp0
274940,Depth,gjR8699kRqQ,Fear & Hunger: An In-Depth Look at the RPG That Hates You,2023-01-24,UCcvF79bG3jBlRNl-hAeiZrw,Zuldim,False,1790659,https://www.youtube.com/watch?v=gjR8699kRqQ
274940,Depth,M3hf2bXEMe4,CAÇANDO MEUS AMIGOS NO FUNDO DO MAR! - DEPTH COM OS AMIGOS,2024-10-07,UCIwspRtKNszHhIhl36gREjQ,alanzoka,False,1495459,https://www.youtube.com/watch?v=M3hf2bXEMe4
274940,Depth,yN8HFaeV7wE,Eu Sou um Tubarão Insano - Depth,2014-12-29,UCYzp8-P162Em-3uZnCuGJOg,Games EduUu,False,1480179,https://www.youtube.com/watch?v=yN8HFaeV7wE
274940,Depth,KSO0NDMFpyU,Marvel's Spider-Man PS4: An In-Depth Critique,2018-10-08,UCVWhVAZwCdQsPZL-mDLcxPQ,Whitelight,False,1416312,https://www.youtube.com/watch?v=KSO0NDMFpyU
274940,Depth,WavKjVJd0Dk,เจอ Depth ในเกมประตูแบบน่ารัก #shorts,2022-12-05,UCigsRUvOKCw3SJbnS_XloGw,Thanks For Watching,False,1383717,https://www.youtube.com/watch?v=WavKjVJd0Dk
274940,Depth,ZcfC_mysu7o,"Depth Funny Moments - Shark Attacks, Girly Screams, Underwater Mine Trolling!",2014-11-03,UCbgtuRStKI_5ACSjubSTUPA,BasicallyIDoWrk,False,1362886,https://www.youtube.com/watch?v=ZcfC_mysu7o
274940,Depth,roBuRyQdO_Y,AMBUSH AND DEPTH ATTACK AT THE SAME TIME! ROBLOX DOORS,2022-12-13,UCUF6vJSG51EEseAYXk2POZA,MrSamBoost,False,1244207,https://www.youtube.com/watch?v=roBuRyQdO_Y
274940,Depth,pArXLkXTXu8,In-Depth Switch Walkthrough With Nintendo,2017-01-14,UCKy1dAqELo0zrOtPkf0eTMw,IGN,True,1180718,https://www.youtube.com/watch?v=pArXLkXTXu8
274940,Depth,hYr02ivv2b0,Köpek Balığı Ağladı !!! - Depth /w Gitaristv,2017-08-12,UCpcHFJwDFlrnbCw3yD-4Wzg,Han Kanal,False,1159110,https://www.youtube.com/watch?v=hYr02ivv2b0
274940,Depth,DeGFRB0Mor8,AYN Thor In-Depth Review,2025-10-15,UCoZQiN0o7f36H7PaW4fVhFw,Retro Game Corps,False,1216809,https://www.youtube.com/watch?v=DeGFRB0Mor8
274940,Depth,FEsPCDPv6W4,Find The PERFECT Crosshair (In-Depth Guide) | Valorant Crosshair Guide,2021-08-24,UCAD-CLEVoQZjcMjJz7ozYsQ,Sero,False,1141744,https://www.youtube.com/watch?v=FEsPCDPv6W4
274940,Depth,PVY4sRIjrzg,Marvel's Spider-Man 2: An In-Depth Critique,2024-01-20,UCVWhVAZwCdQsPZL-mDLcxPQ,Whitelight,False,1050526,https://www.youtube.com/watch?v=PVY4sRIjrzg
274940,Depth,1p7ZqBUzf4c,Let's Play - Depth,2015-06-02,UCkxctb0jr8vwa4Do6c6su0Q,LetsPlay,False,924477,https://www.youtube.com/watch?v=1p7ZqBUzf4c
274940,Depth,tSG-H12E-Bw,Cyberpunk 2077 2.0 BEST Settings for FPS & Quality (In-Depth Optimization Guide),2023-10-03,UCHvbk5tEF_v1Gy59c6Kty1g,FourEyes,False,908432,https://www.youtube.com/watch?v=tSG-H12E-Bw
274940,Depth,CKUKxNqnr7Q,KING EEL ATTACKS! - Depth | Ep11 HD,2017-05-01,UCP-iaFrmWcOG0o461wMicdg,TheGamingBeaver,False,893375,https://www.youtube.com/watch?v=CKUKxNqnr7Q
274940,Depth,RqK3M24hLA0,The Entire Life of Vincent Valentine (Final Fantasy 7 In-Depth Explanation),2018-03-31,UCJUSr7xT6mgyz0Xj2rMD5CA,Final Fantasy Union,False,865644,https://www.youtube.com/watch?v=RqK3M24hLA0
274940,Depth,8PILbqZqaS4,MissingNo./Old Man Glitch Explained IN DEPTH - Get Whatever Pokémon You Want!,2016-09-21,UCZ-GmmYFkLbxvpyDR7fU__Q,scrumpy,False,863502,https://www.youtube.com/watch?v=8PILbqZqaS4
274940,Depth,ATyPdc4dYCg,Riffer ผู้ฆ่าหลาม ! [ Depth ],2016-08-21,UCbOo-f3InU38IZV5tREzsNg,Bay Riffer,False,854110,https://www.youtube.com/watch?v=ATyPdc4dYCg
274940,Depth,-VCJEEOroZM,Baldur's Gate 3 - An In-depth Critique,2024-05-31,UC1fKT0wuhchtclPqpdWEnHw,NeverKnowsBest,False,845839,https://www.youtube.com/watch?v=-VCJEEOroZM
274940,Depth,Qbf94Mn_ZZw,ΤΑ ΣΑΓΟΝΙΑ ΤΟΥ ΚΑΡΧΑΡΙΑ | Depth #1,2017-09-25,UCPgaR6E8Oz7LLW1um06dw6Q,PanosDentGames,False,832571,https://www.youtube.com/watch?v=Qbf94Mn_ZZw
274940,Depth,_eE2CPtW2N0,TERRORS OF THE DEEP! | Depth: Dunkleosteus (w/ Ohmwrecker),2018-07-16,UCdQWs2nw6w77Rw0t-37a4OA,CaRtOoNz,False,823393,https://www.youtube.com/watch?v=_eE2CPtW2N0
274940,Depth,PfclsJzeyr0,Miyoo Mini Plus In-Depth Review,2023-02-24,UCoZQiN0o7f36H7PaW4fVhFw,Retro Game Corps,False,798662,https://www.youtube.com/watch?v=PfclsJzeyr0
274940,Depth,TfVCx9nwVxw,IT'S TIME FOR NEW TACTICS! | Depth (w/ Ohmwrecker & Gorillaphent),2018-05-02,UCdQWs2nw6w77Rw0t-37a4OA,CaRtOoNz,False,787090,https://www.youtube.com/watch?v=TfVCx9nwVxw
274940,Depth,t4iNz8JwzXw,Great White Shark Wants To Feed! - Depth | Ep1 HD,2017-01-18,UCP-iaFrmWcOG0o461wMicdg,TheGamingBeaver,False,769814,https://www.youtube.com/watch?v=t4iNz8JwzXw
274940,Depth,Hv_h_R3o9r8,Why the Minus World Glitch Happens — IN-DEPTH TECHNICAL EXPLANATION — Glitch in Depth,2016-09-25,UCZ-GmmYFkLbxvpyDR7fU__Q,scrumpy,False,767537,https://www.youtube.com/watch?v=Hv_h_R3o9r8
274940,Depth,6GIRBSFpNv8,Black Ops 2 In Depth - Ballistic Knife Special Weapon Review,2013-03-10,UCk8cNb10L5rmV9xB13ADCWA,Drift0r,False,741359,https://www.youtube.com/watch?v=6GIRBSFpNv8
274940,Depth,jVL4st0blGU,Depth vs Complexity - Why More Features Don't Make a Better Game - Extra Credits,2013-01-31,UCVzt0Ltq6VNKRqRMrry3OIA,Extra Credits,False,713521,https://www.youtube.com/watch?v=jVL4st0blGU
274940,Depth,0bG3yPF2hfM,Anbernic RG353V In-Depth Review,2022-09-30,UCoZQiN0o7f36H7PaW4fVhFw,Retro Game Corps,False,702949,https://www.youtube.com/watch?v=0bG3yPF2hfM
376210,The Isle,dXnJbzQkhCw,Tyrannosaurus Family Dɨֆƈօʋɛʀɛɖ Æ GTW | The Isle Evrima,2025-07-09,UCdRYy3GcOUT4qSW0wLokh1g,Mamivss,False,9845586,https://www.youtube.com/watch?v=dXnJbzQkhCw
376210,The Isle,-rsmZbmBGZE,JUST A GAME? THE ISLE EVRIMA  #terror #fear #tyrannosaurus #gaming #dino,2026-04-15,UCDLO6_svGwXFPLD4xx_BA7A,Lobo Dino Games,False,11184106,https://www.youtube.com/watch?v=-rsmZbmBGZE
376210,The Isle,iUiG1gcF0Ro,A Heroic Sacrifice! - Life of a Dryo | The isle,2019-08-31,UCP-iaFrmWcOG0o461wMicdg,TheGamingBeaver,False,4337581,https://www.youtube.com/watch?v=iUiG1gcF0Ro
376210,The Isle,tXUFnajsx7A,Prox Chat Is HILARIOUS on The Isle,2026-03-31,UCdeRazQb-i9_DSUXyRwajcA,Mr Gibbon,False,7887050,https://www.youtube.com/watch?v=tXUFnajsx7A
376210,The Isle,cj7JzmEf-_c,The Isle video essay - Experimenting with the survival formula,2021-05-18,UCQD3awTLw9i8Xzh85FKsuJA,SovietWomble,False,4161000,https://www.youtube.com/watch?v=cj7JzmEf-_c
376210,The Isle,NHMD_FNO9Gs,The Hypo Spino is Here!!! - Hypo Special | The isle,2019-03-30,UCP-iaFrmWcOG0o461wMicdg,TheGamingBeaver,False,3410802,https://www.youtube.com/watch?v=NHMD_FNO9Gs
376210,The Isle,NQ5_UnTplKs,Can WE Outsmart the Alpha Croc on THE ISLE?,2025-05-06,UCnma02Iu2iit5tVxKmOrzXg,Boschmerchant,False,5417320,https://www.youtube.com/watch?v=NQ5_UnTplKs
376210,The Isle,t8kGaRw-zbQ,One Of The Rarest Skins on The Isle,2025-12-16,UCFKvr5NPb0xK0W5oPrLAJnA,FutileSummer ,False,6726076,https://www.youtube.com/watch?v=t8kGaRw-zbQ
376210,The Isle,JFOuWIW3zdU,Never underestimate a deino🐊  -The Isle EVRIMA Deinosuchus #theisle #deino   #theislegameplay,2025-02-08,UCXbSOAUF1b1qCzz5kYNebxA,KARASU,False,6135202,https://www.youtube.com/watch?v=JFOuWIW3zdU
376210,The Isle,ERiOPAkqzNo,🔦 Here take this! - The Isle Evrima - T-REX MAN EATER strikes again,2025-07-10,UCyKnDTUHrz_r4kdjkPDlvbA,Poutine Italienne,False,7988660,https://www.youtube.com/watch?v=ERiOPAkqzNo
376210,The Isle,BP0zyeGlpHI,The Isle is BRUTAL 💀🤫,2026-04-03,UCdeRazQb-i9_DSUXyRwajcA,Mr Gibbon,False,7661096,https://www.youtube.com/watch?v=BP0zyeGlpHI
376210,The Isle,5J2uD-p_UWk,11.9T Prime Trike vs FG Trike & 1 Adult Rex | The Isle Hordetest,2025-09-28,UCkmDkND1I-hqsdJ4Y3nI65g,Ethangames2012,False,4720175,https://www.youtube.com/watch?v=5J2uD-p_UWk
376210,The Isle,ZE2fZj2VEFk,Joining the DINOSAUR Mile high club on THE ISLE,2025-06-20,UCnma02Iu2iit5tVxKmOrzXg,Boschmerchant,False,4124146,https://www.youtube.com/watch?v=ZE2fZj2VEFk
376210,The Isle,7-laTQ4Qycc,FEAR the Deinosuchus in The Isle Evrima!😱,2023-10-17,UC3tmXDWkX9j59WNRJ519Gxw,yellowtones,False,3471387,https://www.youtube.com/watch?v=7-laTQ4Qycc
376210,The Isle,Yv7_QurnS9w,CROCS are the WORST patients on THE ISLE 😮😮😂,2026-05-04,UCnma02Iu2iit5tVxKmOrzXg,Boschmerchant,False,4487608,https://www.youtube.com/watch?v=Yv7_QurnS9w
376210,The Isle,FeF0XxF5voU,TERROR ON THE LAKE (CROCODILE) - THE ISLE EVRIMA  #dinosaur #dino #deinosuchus #terror,2026-02-01,UCDLO6_svGwXFPLD4xx_BA7A,Lobo Dino Games,False,4833927,https://www.youtube.com/watch?v=FeF0XxF5voU
376210,The Isle,ZY0JKSjLeAg,SCARED - THE ISLE EVRIMA #dinosaur #scary #tyrannosaurus #susto #omg,2026-05-04,UCDLO6_svGwXFPLD4xx_BA7A,Lobo Dino Games,False,4523955,https://www.youtube.com/watch?v=ZY0JKSjLeAg
376210,The Isle,tL6xLfmbmoY,Sometimes there is NO talking to a CROC on THE ISLE,2025-03-06,UCnma02Iu2iit5tVxKmOrzXg,Boschmerchant,False,3861122,https://www.youtube.com/watch?v=tL6xLfmbmoY
376210,The Isle,B1S425dXTWw,Der Dinosaurier Simulator | The Isle,2021-02-27,UCCJ-NJtqLQRxuaxHZA9q6zg,HandOfUncut,False,2118719,https://www.youtube.com/watch?v=B1S425dXTWw
376210,The Isle,v1wwRni9oaQ,We Played The Isle Again and It's Still Insanely Terrifying,2019-10-29,UCBGbTTcgn8AVEsEWdT3tI3Q,IGP,False,2069969,https://www.youtube.com/watch?v=v1wwRni9oaQ
376210,The Isle,L9zMHxNwlLw,Only The STRONGEST Crocodiles Survive! | The Isle,2023-10-07,UCP-iaFrmWcOG0o461wMicdg,TheGamingBeaver,False,2071746,https://www.youtube.com/watch?v=L9zMHxNwlLw
376210,The Isle,5BPnMu9QpE8,Gang taxing a T-Rex on THE ISLE 😮😮😂#theisle #theislegame #jurassicpark,2026-03-28,UCnma02Iu2iit5tVxKmOrzXg,Boschmerchant,False,3624055,https://www.youtube.com/watch?v=5BPnMu9QpE8
376210,The Isle,CmK4GwUf4Jo,Jump Scaring More People on The Isle,2026-04-17,UCX5s78xk9U1jBen1UaB-NRg,Cobbobles,False,4170515,https://www.youtube.com/watch?v=CmK4GwUf4Jo
376210,The Isle,BzR2GwcEpn8,Path of Titans player tries The Isle,2024-11-04,UC3tmXDWkX9j59WNRJ519Gxw,yellowtones,False,1941135,https://www.youtube.com/watch?v=BzR2GwcEpn8
376210,The Isle,eywhbAVUVVs,Evrima-Legacy | The Isle,2024-08-11,UC6IoR2IR9xt4HsTr1Pki1DQ,Senpai,False,4793238,https://www.youtube.com/watch?v=eywhbAVUVVs
376210,The Isle,B9DMLIwDwSM,DINO Tree GANGS are HILARIOUS on THE ISLE 😮😂😂,2026-04-16,UCnma02Iu2iit5tVxKmOrzXg,Boschmerchant,False,2705085,https://www.youtube.com/watch?v=B9DMLIwDwSM
376210,The Isle,QkfjF8-aSEw,Little dancey Dance 🐣🍼 | The Isle Evrima #theisle #evrima #dinomeme,2025-07-22,UC3fHYO0MiW14a1MWgQiLCIQ,DasReas,False,3191995,https://www.youtube.com/watch?v=QkfjF8-aSEw
376210,The Isle,hED_Uml-k1I,Tóm tắt 100 Ngày Deinosuchus Sinh Tồn Siêu Khó Trong The Isle !!,2026-08-30,UCdMiwii9p3yb7k6ncPjgfOA,Chú 9 Gaming,False,1970942,https://www.youtube.com/watch?v=hED_Uml-k1I
376210,The Isle,dLe1fyO26HE,Jump Scaring People as a Croc on The Isle,2026-04-08,UCX5s78xk9U1jBen1UaB-NRg,Cobbobles,False,2912057,https://www.youtube.com/watch?v=dLe1fyO26HE
376210,The Isle,NQ2b01yemCY,The Isle - The Worst Game In Early Access (and I can prove it),2025-02-01,UC98CG4NL_KRefSKmPeelc9g,Zenny,False,1293530,https://www.youtube.com/watch?v=NQ2b01yemCY
376210,The Isle,eq0Ji64gc4E,SESSİZCE AVININ GELMESİNİ BEKLEMELİSİN! | THE ISLE | İNCELEME,2023-10-20,UC51-ljNFrvY5ZmV0C_61XcA,Elraenn,False,1262434,https://www.youtube.com/watch?v=eq0Ji64gc4E
376210,The Isle,VAfIPpTCxDo,Fighting a T-REX on THE ISLE voice server is TERRIFYING! 😮😮😭#theisle #theislegame #jurassicpark,2026-03-20,UCnma02Iu2iit5tVxKmOrzXg,Boschmerchant,False,2136334,https://www.youtube.com/watch?v=VAfIPpTCxDo
376210,The Isle,Xg2rrxvy070,NEVER trust a CROC on THE ISLE 😮😮😂,2026-04-18,UCnma02Iu2iit5tVxKmOrzXg,Boschmerchant,False,2279627,https://www.youtube.com/watch?v=Xg2rrxvy070
376210,The Isle,fhNIfg4gve0,A Life On The Edge - Beipiaosaurus | The Isle,2023-08-05,UCP-iaFrmWcOG0o461wMicdg,TheGamingBeaver,False,1166672,https://www.youtube.com/watch?v=fhNIfg4gve0
376210,The Isle,HBcZhujZ_kI,ADULT VS PRIME COMPARISON - THE ISLE EVRIMA #theisle #tyrannosaurus #dino #allosaurus #triceratops,2026-01-09,UCDLO6_svGwXFPLD4xx_BA7A,Lobo Dino Games,False,1885633,https://www.youtube.com/watch?v=HBcZhujZ_kI
218620,PAYDAY 2,Op86LURDtCk,GETTING CHOKESLAMMED FOR MONEY | Payday 2,2020-07-07,UCWzLmNWhgeh3h1j-M-Isy0g,TheRussianBadger,False,24235981,https://www.youtube.com/watch?v=Op86LURDtCk
218620,PAYDAY 2,foy0n_171Po,Payday 2 - [NCS – Quem vai chorar],2018-08-27,UCBj3SU3-ihWbaYWpLvpLSoQ,PRETOCARO,False,21761915,https://www.youtube.com/watch?v=foy0n_171Po
218620,PAYDAY 2,WmsFBjQxED4,REJECT CLOAKER. RETURN TO MONKE. | Payday 2 Sociopath Perk Deck,2020-08-28,UCWzLmNWhgeh3h1j-M-Isy0g,TheRussianBadger,False,15733723,https://www.youtube.com/watch?v=WmsFBjQxED4
218620,PAYDAY 2,vU0DGyBGj_Y,CLOWNS ROBBING BANKS WITH SPOONS | Payday 2,2021-06-06,UCWzLmNWhgeh3h1j-M-Isy0g,TheRussianBadger,False,12816795,https://www.youtube.com/watch?v=vU0DGyBGj_Y
218620,PAYDAY 2,maX9QSNxNfk,Rap do Payday 2 | Tauz RapGame 16,2014-06-10,UCfDPkUx9mG3IHBxYuPqgqAQ,Tauz,False,11921949,https://www.youtube.com/watch?v=maX9QSNxNfk
218620,PAYDAY 2,AJiZP0UlJSQ,HUMAN ROCK BASICALLY TOO DRUNK TO DIE | Payday 2 Stoic Perk Deck,2020-10-07,UCWzLmNWhgeh3h1j-M-Isy0g,TheRussianBadger,False,11589034,https://www.youtube.com/watch?v=AJiZP0UlJSQ
218620,PAYDAY 2,e8CMPB03-pw,PAYDAY 2: The Death Wish Trailer,2014-02-26,UCssdZ293BU5UBeTerxh0oiw,PAYDAY,True,7064563,https://www.youtube.com/watch?v=e8CMPB03-pw
218620,PAYDAY 2,EPhVCcHhqaI,Payday 2 Official Soundtrack - #31 The Gauntlet,2014-10-28,UCqZrPK3ynJTtdp7VRZTsZKA,CommanderCH,True,5573402,https://www.youtube.com/watch?v=EPhVCcHhqaI
218620,PAYDAY 2,2rOKmclX0zw,Payday 2 - The Dentist Trailer,2014-06-06,UCbu2SsF-Or3Rsn3NxqODImw,GameSpot,True,5174520,https://www.youtube.com/watch?v=2rOKmclX0zw
218620,PAYDAY 2,GT0cXt8v1kE,[ Payday 2 ] White House - Solo Stealth - DSOD,2023-07-24,UC9q1YPNi4CPFGVQtbxJTBvg,zwazy,False,4792251,https://www.youtube.com/watch?v=GT0cXt8v1kE
218620,PAYDAY 2,kHeETQUd2W0,PayDay 2 - Jacket Character Pack Trailer,2015-02-26,UCKy1dAqELo0zrOtPkf0eTMw,IGN,True,4538007,https://www.youtube.com/watch?v=kHeETQUd2W0
218620,PAYDAY 2,Hmp1da7pXTw,PAYDAY 2: The Hoxton Breakout Trailer,2014-10-20,UCssdZ293BU5UBeTerxh0oiw,PAYDAY,True,4446847,https://www.youtube.com/watch?v=Hmp1da7pXTw
218620,PAYDAY 2,vNCGEFOSozU,The Worst Payday 2 Players are Back!,2022-09-14,UC-gW4TeZAlKm7UATp24JsWQ,SMii7Yplus,False,4340560,https://www.youtube.com/watch?v=vNCGEFOSozU
218620,PAYDAY 2,PdGQZDwqys8,"Payday 2 Indonesia - ""Mencoba Menjadi Maling Profesional"" w/ Antoni",2016-08-27,UC0ohl1eKTtlJNqbD-HWRQVg,MILYHYA,False,4213164,https://www.youtube.com/watch?v=PdGQZDwqys8
218620,PAYDAY 2,E4_ntsXJZhM,Payday 2 - All Weapon Reload Animations within 11 Minutes,2020-04-13,UCyA5p6kbVSTlTCBwpy-k9VQ,tZveig,False,4179184,https://www.youtube.com/watch?v=E4_ntsXJZhM
218620,PAYDAY 2,ZvFLycfVjKM,Payday 2 Official Soundtrack - #38 Backstab,2015-03-26,UCqZrPK3ynJTtdp7VRZTsZKA,CommanderCH,True,4114012,https://www.youtube.com/watch?v=ZvFLycfVjKM
218620,PAYDAY 2,F6Xuk_cieHQ,PAYDAY 2: Hardcore Henry Packs Trailer,2016-03-24,UCssdZ293BU5UBeTerxh0oiw,PAYDAY,True,3524605,https://www.youtube.com/watch?v=F6Xuk_cieHQ
218620,PAYDAY 2,pchobosno9g,Payday 2's PLATINUM Trophy is Completely OVERKILL,2024-10-25,UCcpIdXCr3MjAQEWSEjpGUNg,Joelemz,False,3366721,https://www.youtube.com/watch?v=pchobosno9g
218620,PAYDAY 2,Gb-_DKC6wc4,Payday 2 - Launch Trailer,2013-08-13,UCbu2SsF-Or3Rsn3NxqODImw,GameSpot,True,3146421,https://www.youtube.com/watch?v=Gb-_DKC6wc4
218620,PAYDAY 2,Jh3hYvxFIdg,Payday 2 - Break The Rules w/ Vocals (Lyrics),2016-12-16,UC5raG3Ni1-DFotOx0cOo8kw,Hoxtilicious,False,3109418,https://www.youtube.com/watch?v=Jh3hYvxFIdg
218620,PAYDAY 2,YvGBrcxMb64,[Payday 2] SECRET TRUE ENDING (SPOILERS),2018-11-05,UCL7q5W3i9hUEC0qnyClOGlQ,GeneralMcBadass,False,2566421,https://www.youtube.com/watch?v=YvGBrcxMb64
218620,PAYDAY 2,7Gs5vetXByA,Payday 2 Official Soundtrack - #09 Razormind (Assault),2015-10-28,UCqZrPK3ynJTtdp7VRZTsZKA,CommanderCH,True,2349109,https://www.youtube.com/watch?v=7Gs5vetXByA
218620,PAYDAY 2,8hggsr3MVUU,PayDay 2: The OVERKILL Pack DLC Trailer,2015-02-06,UCKy1dAqELo0zrOtPkf0eTMw,IGN,True,2060011,https://www.youtube.com/watch?v=8hggsr3MVUU
218620,PAYDAY 2,Wn_OZC5Acog,Cara Ngerampok Bank - Payday 2 - Indonesia Part 1 (Ft Devin),2016-02-28,UC3J4Q1grz46bdJ7NJLd4DGw,MiawAug,False,2044651,https://www.youtube.com/watch?v=Wn_OZC5Acog
218620,PAYDAY 2,kb33ym3Ok30,The Cloaker's Many Different Forms In Payday 2! #payday2 #gaming #shorts,2023-09-07,UCEOz-Jv21EVZSUwMawPxI3w,DarrylTheBarrelGaming,False,2346275,https://www.youtube.com/watch?v=kb33ym3Ok30
218620,PAYDAY 2,SLlCsUhV0t4,Payday 2 Official Soundtrack - Le Castle Vania: Infinite Ammo (Assault),2015-10-22,UCqZrPK3ynJTtdp7VRZTsZKA,CommanderCH,True,1920224,https://www.youtube.com/watch?v=SLlCsUhV0t4
218620,PAYDAY 2,3onp--vS7qk,Can You Beat Payday 2 With Only the Starting Weapons?,2021-07-11,UCaPN1wZLtKggK-CL-HObvlg,TheKknowley,False,1853941,https://www.youtube.com/watch?v=3onp--vS7qk
218620,PAYDAY 2,Kxbnr_4OW44,PAYDAY 2: Jacket Character Pack Trailer,2015-02-25,UCssdZ293BU5UBeTerxh0oiw,PAYDAY,True,1826265,https://www.youtube.com/watch?v=Kxbnr_4OW44
218620,PAYDAY 2,WFB9xyisJ1E,How to play Cook Off in Payday 2 (As fast as possible),2022-04-17,UCV5dqGBeX8lSajSala8nx9g,Jocab,False,1729403,https://www.youtube.com/watch?v=WFB9xyisJ1E
218620,PAYDAY 2,k-uJMyfssy4,The Payday 2 Iceberg,2021-09-19,UCaPN1wZLtKggK-CL-HObvlg,TheKknowley,False,1706008,https://www.youtube.com/watch?v=k-uJMyfssy4
218620,PAYDAY 2,JAzaPY4-w58,Did you know this Payday 2 Stealth Hack? (Easy $1.1 million) #payday2 #gaming #shorts,2023-06-25,UCEOz-Jv21EVZSUwMawPxI3w,DarrylTheBarrelGaming,False,1940876,https://www.youtube.com/watch?v=JAzaPY4-w58
218620,PAYDAY 2,IONLAF3r4-g,Are Sentry Guns In Payday 2 UNDERRATED? #payday2 #gaming #shorts,2023-08-03,UCEOz-Jv21EVZSUwMawPxI3w,DarrylTheBarrelGaming,False,1921074,https://www.youtube.com/watch?v=IONLAF3r4-g
218620,PAYDAY 2,6I71JMBSP_8,Payday 2's Most Overpowered Weapon Is BACK! #payday2 #gaming #shorts,2023-08-17,UCEOz-Jv21EVZSUwMawPxI3w,DarrylTheBarrelGaming,False,1635059,https://www.youtube.com/watch?v=6I71JMBSP_8
218620,PAYDAY 2,Z2tmHMIA1sU,Payday 2 - Gameplay Trailer,2013-05-30,UCbu2SsF-Or3Rsn3NxqODImw,GameSpot,True,1530481,https://www.youtube.com/watch?v=Z2tmHMIA1sU
218620,PAYDAY 2,SOweiK76ESA,The Bulldozers Many Different forms in Payday 2. #shorts #payday2 #gaming,2023-07-02,UCEOz-Jv21EVZSUwMawPxI3w,DarrylTheBarrelGaming,False,1739255,https://www.youtube.com/watch?v=SOweiK76ESA
218620,PAYDAY 2,8fPDle-waQA,Committing HEINOUS CRIMES in Payday 2,2025-06-09,UCZi0oII2ua_I-fEnHdg3U2A,martincitopantsLIVE,False,1563034,https://www.youtube.com/watch?v=8fPDle-waQA
218620,PAYDAY 2,9c-F1ddE6wk,Payday 2's RobbedACop Trophy Is RIDICULOUS! #payday2 #gaming #shorts,2023-11-29,UCEOz-Jv21EVZSUwMawPxI3w,DarrylTheBarrelGaming,False,1748224,https://www.youtube.com/watch?v=9c-F1ddE6wk
218620,PAYDAY 2,YyWMwrBp7NM,How To Become A Cloaker In Payday 2! #payday2 #gaming #shorts,2023-10-18,UCEOz-Jv21EVZSUwMawPxI3w,DarrylTheBarrelGaming,False,1510333,https://www.youtube.com/watch?v=YyWMwrBp7NM
218620,PAYDAY 2,5pffKVg9pvo,"Payday 2 vs. Payday: The Heist Difficulty, In A Nutshell",2016-03-06,UCbkzmnAXAn0ZnY7SjYYAdBA,Just A Cat,False,1301737,https://www.youtube.com/watch?v=5pffKVg9pvo
218620,PAYDAY 2,NKsCKY1IJ38,Payday 2 Has A MUSKET! (And It's Overpowered) #payday2 #gaming #shorts,2023-08-19,UCEOz-Jv21EVZSUwMawPxI3w,DarrylTheBarrelGaming,False,1266488,https://www.youtube.com/watch?v=NKsCKY1IJ38
1966720,Lethal Company,FK3fmBnSP8Q,lethal company negotiation,2023-12-09,UCWzLmNWhgeh3h1j-M-Isy0g,TheRussianBadger,False,40533118,https://www.youtube.com/watch?v=FK3fmBnSP8Q
1966720,Lethal Company,BVOTJEyocFk,DO NOT Play Lethal Company Like This,2024-01-10,UC-gW4TeZAlKm7UATp24JsWQ,SMii7Yplus,False,17745217,https://www.youtube.com/watch?v=BVOTJEyocFk
1966720,Lethal Company,XfxutgW1inw,LETHAL COMPANY,2024-09-22,UCJHBJ7F-nAIlMGolm0Hu4vg,Maizen,False,16557476,https://www.youtube.com/watch?v=XfxutgW1inw
1966720,Lethal Company,P2vG3Mwdfdc,New Lethal Company Enemy Maneater v60 DONT TAKE IT OUTSIDE #lethalcompanygame #funny #horrorgaming,2024-08-18,UChWokM7ls5ZucPkhw4TljXg,Caboose Juice,False,14194807,https://www.youtube.com/watch?v=P2vG3Mwdfdc
1966720,Lethal Company,4N32H4mWe-4,The Funeral of a Hoarding Bug in Lethal Company,2024-03-11,UCKajXDl2vPA3qUoJvBlfFaw,Mithzan,False,12678509,https://www.youtube.com/watch?v=4N32H4mWe-4
1966720,Lethal Company,roiy7OoZjoY,This Lethal Company Mod is Just Unfair,2024-01-14,UC-gW4TeZAlKm7UATp24JsWQ,SMii7Yplus,False,12428525,https://www.youtube.com/watch?v=roiy7OoZjoY
1966720,Lethal Company,iVz4W0FnK54,I remade Every Mob into Lethal Company in Minecraft,2024-01-26,UCoRDf_M8ljQq5V_rR8CSzww,Kipper,False,11500531,https://www.youtube.com/watch?v=iVz4W0FnK54
1966720,Lethal Company,T8_KOt0Ncdw,WE LOVE THE COMPANY | Lethal Company - Part 1,2023-12-05,UC7_YxT-KID8kRbqZo7MyscQ,Markiplier,False,11425805,https://www.youtube.com/watch?v=T8_KOt0Ncdw
1966720,Lethal Company,XngY8d1MwY0,We Played Lethal Company With Too Many People,2023-11-28,UC-gW4TeZAlKm7UATp24JsWQ,SMii7Yplus,False,10841611,https://www.youtube.com/watch?v=XngY8d1MwY0
1966720,Lethal Company,bT-w5ZXi-kQ,Just a Baby (Maneater) | Lethal Company #animation #lethalcompany #funny #art,2024-10-11,UC7ZyNI2W8JiME_iIIcokjSQ,Sketch Farm,False,10144766,https://www.youtube.com/watch?v=bT-w5ZXi-kQ
1966720,Lethal Company,oJG0XegzlUE,The Best Item in Lethal Company,2023-12-16,UC-gW4TeZAlKm7UATp24JsWQ,SMii7Yplus,False,8822094,https://www.youtube.com/watch?v=oJG0XegzlUE
1966720,Lethal Company,48WmCe1qmW0,Dodging The Ghost Girl (Lethal Company),2023-11-18,UCKqOpQWGc1xBzlhGEFe4EsA,Kardiner,False,8713444,https://www.youtube.com/watch?v=48WmCe1qmW0
1966720,Lethal Company,aLCN3V3p7yg,Lethal Company TOP 100 Clips,2023-12-22,UCdQdmd81Mw0Qx-GJn7ExJRw,Oh Long Johnson,False,7682994,https://www.youtube.com/watch?v=aLCN3V3p7yg
1966720,Lethal Company,wjFznTGs4nc,I WANT YOU | Lethal Company - Part 2,2023-12-07,UC7_YxT-KID8kRbqZo7MyscQ,Markiplier,False,7312771,https://www.youtube.com/watch?v=wjFznTGs4nc
1966720,Lethal Company,C1dnuf-jkXA,We Ruined Lethal Company With These Mods,2024-01-22,UC-gW4TeZAlKm7UATp24JsWQ,SMii7Yplus,False,7220271,https://www.youtube.com/watch?v=C1dnuf-jkXA
1966720,Lethal Company,22hC4oBQOdQ,We Played Hide and Seek on Modded Lethal Company Maps,2024-03-20,UCzXwjTI6c6mVn6oui_p6oiw,SMii7Y,False,7205203,https://www.youtube.com/watch?v=22hC4oBQOdQ
1966720,Lethal Company,_ps2bneaego,The New Lethal Company Update is Wild,2024-08-30,UC-gW4TeZAlKm7UATp24JsWQ,SMii7Yplus,False,6950720,https://www.youtube.com/watch?v=_ps2bneaego
1966720,Lethal Company,EkFa1yQdQcU,Do Not Work For This Company,2023-11-14,UC-gW4TeZAlKm7UATp24JsWQ,SMii7Yplus,False,6895004,https://www.youtube.com/watch?v=EkFa1yQdQcU
1966720,Lethal Company,knR-7AAqfnY,DON'T TRUST the bug mafia on Lethal Company,2023-11-23,UCClNRixXlagwAd--5MwJKCw,H2ODelirious,False,6502132,https://www.youtube.com/watch?v=knR-7AAqfnY
1966720,Lethal Company,_I0cU-MtrDk,"Lethal Company - Loot dan Survive, Survive? SURVIVE?",2024-03-19,UC0ohl1eKTtlJNqbD-HWRQVg,MILYHYA,False,6469055,https://www.youtube.com/watch?v=_I0cU-MtrDk
1966720,Lethal Company,zEv6YwyhMco,We Ruined Lethal Company Again...,2024-01-26,UC-gW4TeZAlKm7UATp24JsWQ,SMii7Yplus,False,6149449,https://www.youtube.com/watch?v=zEv6YwyhMco
1966720,Lethal Company,aT0K2QCPKPo,DOING SO GOOD... | Lethal Company - Part 3,2023-12-20,UC7_YxT-KID8kRbqZo7MyscQ,Markiplier,False,6094286,https://www.youtube.com/watch?v=aT0K2QCPKPo
1966720,Lethal Company,YK66nIfCxgs,These Lethal Company Mods will Destroy your Friendships,2024-02-13,UC-gW4TeZAlKm7UATp24JsWQ,SMii7Yplus,False,5879772,https://www.youtube.com/watch?v=YK66nIfCxgs
1966720,Lethal Company,9QzcdtltYkw,SWING SHOVEL | Lethal Company - Part 5,2023-12-26,UC7_YxT-KID8kRbqZo7MyscQ,Markiplier,False,5832012,https://www.youtube.com/watch?v=9QzcdtltYkw
1966720,Lethal Company,iSd24Ba2k5s,We Played Hide and Seek on Lethal Company,2024-01-27,UCzXwjTI6c6mVn6oui_p6oiw,SMii7Y,False,5650304,https://www.youtube.com/watch?v=iSd24Ba2k5s
1966720,Lethal Company,QD_eE42r5tI,We Played Hide and Seek on Lethal Company Again...,2024-02-24,UCzXwjTI6c6mVn6oui_p6oiw,SMii7Y,False,5382492,https://www.youtube.com/watch?v=QD_eE42r5tI
1966720,Lethal Company,qnMrLxPpwyc,Lethal Company Moments that are seconds before disaster,2023-12-02,UCzXwjTI6c6mVn6oui_p6oiw,SMii7Y,False,5132982,https://www.youtube.com/watch?v=qnMrLxPpwyc
1966720,Lethal Company,djS3WrTcQNM,Lethal Company,2023-12-04,UCsvn_Po0SmunchJYOWpOxMg,videogamedunkey,False,5018117,https://www.youtube.com/watch?v=djS3WrTcQNM
1966720,Lethal Company,5rjBN0pSIdw,NO ONE (of value) GETS LEFT BEHIND!! | Lethal Company - Part 6,2023-12-30,UC7_YxT-KID8kRbqZo7MyscQ,Markiplier,False,4955774,https://www.youtube.com/watch?v=5rjBN0pSIdw
1966720,Lethal Company,u8gnN5UMhEo,LOOK AT ME!! | Lethal Company - Part 9,2024-01-12,UC7_YxT-KID8kRbqZo7MyscQ,Markiplier,False,4841843,https://www.youtube.com/watch?v=u8gnN5UMhEo
1966720,Lethal Company,7qPaHoWEcaw,oh no... | Lethal Company - Part 10,2024-01-16,UC7_YxT-KID8kRbqZo7MyscQ,Markiplier,False,4821276,https://www.youtube.com/watch?v=7qPaHoWEcaw
1966720,Lethal Company,QTz3ZhnVGUA,O NOVO LETHAL COMPANY? - CONTENT WARNING COM OS AMIGOS,2024-04-02,UCIwspRtKNszHhIhl36gREjQ,alanzoka,False,4951761,https://www.youtube.com/watch?v=QTz3ZhnVGUA
1966720,Lethal Company,7HTA55h4SGw,Lethal Company will NEVER be the same,2024-04-23,UC-gW4TeZAlKm7UATp24JsWQ,SMii7Yplus,False,4764177,https://www.youtube.com/watch?v=7HTA55h4SGw
1966720,Lethal Company,s03poRwwvXE,[SMii7Y VOD] DO NOT Play Lethal Company Like This,2024-01-16,UCunWNlSLgeUk0DLNiK_ZW7w,SMii7Yminus,False,4518374,https://www.youtube.com/watch?v=s03poRwwvXE
1966720,Lethal Company,Ji477l41BSc,DRUNK LETHAL COMPANY IS HILARIOUS (Grizzy VOD),2023-12-13,UCQNWIrUCkl0VIr6y2FOrWeA,GrizzyVODS,False,4505732,https://www.youtube.com/watch?v=Ji477l41BSc
1966720,Lethal Company,GtTqP_UnkaI,Zero Brain Cells Lethal Company,2024-03-06,UCKajXDl2vPA3qUoJvBlfFaw,Mithzan,False,4645253,https://www.youtube.com/watch?v=GtTqP_UnkaI
1966720,Lethal Company,jZLqIbPK2kI,The New Lethal Company Update is Out of Control,2024-07-19,UC-gW4TeZAlKm7UATp24JsWQ,SMii7Yplus,False,4313989,https://www.youtube.com/watch?v=jZLqIbPK2kI
1966720,Lethal Company,p7x_xRLOk3M,The Lethal Company Community Is Too Talented!!! #lethalcompany #gaming,2024-01-01,UCpzdvGvk_eIl9K6yXJXaOFA,Spongy,False,4152688,https://www.youtube.com/watch?v=p7x_xRLOk3M
1966720,Lethal Company,ZXuvXXisc_s,The Slime Approaches | Lethal Company #animation #lethalcompanygame #lethalcompany #funny #gaming,2024-04-29,UC7ZyNI2W8JiME_iIIcokjSQ,Sketch Farm,False,4267727,https://www.youtube.com/watch?v=ZXuvXXisc_s
1966720,Lethal Company,1nwM5oLvGTA,Typical Lethal Company Moments,2024-02-04,UC-gW4TeZAlKm7UATp24JsWQ,SMii7Yplus,False,4057972,https://www.youtube.com/watch?v=1nwM5oLvGTA
1966720,Lethal Company,TfSRV1UBnn8,They Made Lethal Company More Terrifying,2025-06-21,UCzXwjTI6c6mVn6oui_p6oiw,SMii7Y,False,3988640,https://www.youtube.com/watch?v=TfSRV1UBnn8
1966720,Lethal Company,Z8hoeOT04Yg,Lethal Company - Funniest Game of The Year!,2023-11-07,UCKqH_9mk1waLgBiL2vT5b9g,VanossGaming,False,3968607,https://www.youtube.com/watch?v=Z8hoeOT04Yg
1966720,Lethal Company,i1jvx50p6jE,I got jumpscared by a Masked/Mimic - (Lethal Company),2024-01-12,UC2pA8SNXHle6a-A2KR7UTBA,Random Nobodies Gaming,False,4073271,https://www.youtube.com/watch?v=i1jvx50p6jE
1966720,Lethal Company,PPB6nP-Zh-I,Lethal Company - Destroying Bracken with a Shotgun #lethalcompany #gaming #lethal #indie #indiegame,2023-12-11,UCtmuQX1KnK0JsWQEunhvQVg,RainGamma,False,3797929,https://www.youtube.com/watch?v=PPB6nP-Zh-I
1966720,Lethal Company,gtDIB0lMc68,Цветочник в игре Lethal Company #lethalcompany #мазер #Shorts,2024-01-16,UCxeoR9-AoxgPZWDMNfAm9YA,Мазер,False,3794011,https://www.youtube.com/watch?v=gtDIB0lMc68
677620,Splitgate,6EvZF2m546k,Halo Infinite vs Splitgate,2021-11-18,UCsvn_Po0SmunchJYOWpOxMg,videogamedunkey,False,4515988,https://www.youtube.com/watch?v=6EvZF2m546k
677620,Splitgate,zMh8W7fpnK8,JEV PLAYS SPLITGATE,2021-08-10,UC7trU46U_9XPDtMnDbiDPUQ,JEV,False,1237617,https://www.youtube.com/watch?v=zMh8W7fpnK8
677620,Splitgate,QpjU6XM0X2g,SPLITGATE ... For Noobs,2019-06-01,UCs3uTN9G4MnZGOfYWoSs9mA,Macro,False,1147297,https://www.youtube.com/watch?v=QpjU6XM0X2g
677620,Splitgate,Cds43XblgmU,JEV PLAYS SPLITGATE 2,2024-08-14,UC7trU46U_9XPDtMnDbiDPUQ,JEV,False,733790,https://www.youtube.com/watch?v=Cds43XblgmU
677620,Splitgate,ZhaL9cOTeVE,The RANKED SPLITGATE EXPERIENCE,2021-08-16,UC7trU46U_9XPDtMnDbiDPUQ,JEV,False,694841,https://www.youtube.com/watch?v=ZhaL9cOTeVE
677620,Splitgate,ehDtYFx6v0g,Splitgate: When Portal and Halo have a baby! (Funny Moments),2022-02-17,UC7-e4BVU4SueDRU00h48d-A,WorstPremadeEver,False,545600,https://www.youtube.com/watch?v=ehDtYFx6v0g
677620,Splitgate,w7lEbrkBIBw,DYSMO PLAYS SPLITGATE,2021-07-31,UCIL1nBOR76tDt-YHCwHmF6A,Dysmo,False,525608,https://www.youtube.com/watch?v=w7lEbrkBIBw
677620,Splitgate,BLMkk-YH2zY,RANKED! (Splitgate),2021-08-10,UCIL1nBOR76tDt-YHCwHmF6A,Dysmo,False,507697,https://www.youtube.com/watch?v=BLMkk-YH2zY
677620,Splitgate,ITBgKmhTpD4,Splitgate: The Best Game You Forgot Existed,2023-05-07,UC0-p-Hmc92YCtI8s3PEHC3A,MewZe,False,446616,https://www.youtube.com/watch?v=ITBgKmhTpD4
677620,Splitgate,jv7tu-imYfQ,Splitgate: First Console Gameplay - IGN Summer of Gaming 2021,2021-06-11,UCKy1dAqELo0zrOtPkf0eTMw,IGN,True,415954,https://www.youtube.com/watch?v=jv7tu-imYfQ
677620,Splitgate,bPvZMMI-G0E,SPLITGATE is simply ✨ADDICTING✨,2021-08-17,UCIL1nBOR76tDt-YHCwHmF6A,Dysmo,False,393974,https://www.youtube.com/watch?v=bPvZMMI-G0E
677620,Splitgate,RUWn36Icd0E,SPLITGATE moments that show this game was made for me... (200 IQ portal plays),2022-02-22,UC-kOXc3gBwksVfmndSEz7jg,WILDCAT,False,385834,https://www.youtube.com/watch?v=RUWn36Icd0E
677620,Splitgate,BkwurBIrWgk,Splitgate - Official Console Release Date Trailer | Summer of Gaming 2021,2021-06-11,UCKy1dAqELo0zrOtPkf0eTMw,IGN,True,340019,https://www.youtube.com/watch?v=BkwurBIrWgk
677620,Splitgate,z9BhSKBzxAk,Splitgate 2 - Taking Down THE ONE With Cool Portals!,2025-05-30,UCKqH_9mk1waLgBiL2vT5b9g,VanossGaming,False,331468,https://www.youtube.com/watch?v=z9BhSKBzxAk
677620,Splitgate,27NN5XTjvrE,My *NEW* Kill RECORD in Splitgate! 😯 INSANE 69 KILL GAME! (Splitgate Gameplay),2021-08-13,UCVKDOvNclbWQ460R2xbDBMA,Cloh,False,295742,https://www.youtube.com/watch?v=27NN5XTjvrE
677620,Splitgate,m1ghXxG4yPA,"Observation, Blood & Truth, Splitgate Arena Warfare, Total War: Three Kingdoms | GAME TWO #117",2019-06-01,UCFBapHA35loZ3KZwT_z3BsQ,Game Two,False,292029,https://www.youtube.com/watch?v=m1ghXxG4yPA
677620,Splitgate,kQO5mPKekuw,Splitgate 2: How NOT to Save a Game,2025-07-30,UConPi4pD4CeHGDgKoY8ef-A,ZackLillipad,False,258224,https://www.youtube.com/watch?v=kQO5mPKekuw
677620,Splitgate,X8DC3A0E3xg,"Hidden Video Game Details #46 (Splitgate, Mortal Kombat 11, Metal Gear Solid 2 & More)",2021-07-27,UCmYuHwdOnUCH2wGkFnEZ7OA,Captain Eggcellent,False,255779,https://www.youtube.com/watch?v=X8DC3A0E3xg
677620,Splitgate,naAgI6u_D44,TIMTHETATMAN PLAYS SPLITGATE 2 BATTLE ROYALE,2025-06-07,UCXBE_QQSZueB8082ml5fslg,TimTheTatman,False,254497,https://www.youtube.com/watch?v=naAgI6u_D44
677620,Splitgate,nQrtwa_gYvk,Splitgate 2 Battle Royale Gameplay and Impressions...,2025-06-09,UCw7FkXsC00lH2v2yB5LQoYA,jackfrags,False,246644,https://www.youtube.com/watch?v=nQrtwa_gYvk
677620,Splitgate,fwCxKNYHpw4,DrDisrespect's FIRST GAME On Splitgate: Arena Warfare & He LIKES IT!,2019-05-25,UChYdOM1Qgzj9jnKrFWRBj8Q,The2Time,False,235581,https://www.youtube.com/watch?v=fwCxKNYHpw4
677620,Splitgate,KhqPv26Q-gc,EPIC NEW FPS GAME!! (Splitgate: Arena Warfare),2019-04-13,UC2wKfjlioOCLP4xQMOWNcgg,Typical Gamer,False,234802,https://www.youtube.com/watch?v=KhqPv26Q-gc
677620,Splitgate,vVvVfB-KqGQ,Splitgate 2,2025-02-27,UCw7FkXsC00lH2v2yB5LQoYA,jackfrags,False,226948,https://www.youtube.com/watch?v=vVvVfB-KqGQ
677620,Splitgate,VJBf4gYjh3w,"Video Game Easter Eggs #53 (Rainbow Six Siege, Back 4 Blood, Splitgate & More)",2021-08-14,UCmYuHwdOnUCH2wGkFnEZ7OA,Captain Eggcellent,False,223561,https://www.youtube.com/watch?v=VJBf4gYjh3w
677620,Splitgate,ueC0oSxhAGA,SPLITGATE 2 BATTLE ROYALE IS AMAZING! #SplitgatePartner,2025-06-07,UCrgTEmBuoObZiEXvZ6r3PQg,CouRage,False,207634,https://www.youtube.com/watch?v=ueC0oSxhAGA
677620,Splitgate,IBlPtojlwuk,The Deserved and Hilarious Failure of Splitgate 2,2025-07-27,UCNLppbTtCHMpuW-1glHqFKg,Kira,False,206327,https://www.youtube.com/watch?v=IBlPtojlwuk
677620,Splitgate,X9ZZWazZy4w,If Halo and Portal had a Baby... Splitgate 2.,2025-05-30,UCw7FkXsC00lH2v2yB5LQoYA,jackfrags,False,192660,https://www.youtube.com/watch?v=X9ZZWazZy4w
677620,Splitgate,Z9jrdTvD-FM,1 SPLITGATE PRO vs 3 CALL OF DUTY PROS (INSANE),2025-06-02,UC4Zh2qa4jYyE2Rmy8KGINLQ,Swooty,False,198198,https://www.youtube.com/watch?v=Z9jrdTvD-FM
677620,Splitgate,_05d1HjlPr0,これ、神ゲーです。【Splitgate】,2021-09-09,UCNzXJLvsdgRobdxtP3vVaOg,油粘土マン,False,185571,https://www.youtube.com/watch?v=_05d1HjlPr0
677620,Splitgate,I2rkkAbS9Ho,STUPID JOKES FOR 32 MINUTES... Splitgate 2,2025-06-12,UCifRgVk-GEo1_vvf8x53t6A,Soup,False,177832,https://www.youtube.com/watch?v=I2rkkAbS9Ho
677620,Splitgate,1zfdk_t-pPA,My *NEW* Kill RECORD in Splitgate! 😯 INSANE 50 KILL GAME! (Splitgate Gameplay),2021-08-07,UCVKDOvNclbWQ460R2xbDBMA,Cloh,False,160063,https://www.youtube.com/watch?v=1zfdk_t-pPA
677620,Splitgate,SNxqDpe2Qgw,Splitgate 2 is a game that is out that you can play,2025-06-11,UCW3Xfe0S_3k77VDH6w7Tb7g,three zanny,False,155848,https://www.youtube.com/watch?v=SNxqDpe2Qgw
677620,Splitgate,B37NXQio2LM,Splitgate: Arena Warfare Review,2019-06-08,UCKy1dAqELo0zrOtPkf0eTMw,IGN,True,131132,https://www.youtube.com/watch?v=B37NXQio2LM
677620,Splitgate,oBmsk97UGEA,SPLITGATE ARENA WARFARE GAMEPLAY | Halo + Portal = This Game! (My First Impressions),2019-05-28,UCp1VWSTrt2cUBInkn4dUmDA,berleezy,False,125767,https://www.youtube.com/watch?v=oBmsk97UGEA
677620,Splitgate,hsyCFHY3pRo,SPLITGATE 2 ... For Noobs,2025-06-15,UCs3uTN9G4MnZGOfYWoSs9mA,Macro,False,123435,https://www.youtube.com/watch?v=hsyCFHY3pRo
677620,Splitgate,bjpTxD9ksiY,My *NEW* Kill RECORD in Splitgate Beta! 😯 INSANE 45 KILL GAME! (Splitgate Gameplay),2021-07-26,UCVKDOvNclbWQ460R2xbDBMA,Cloh,False,119634,https://www.youtube.com/watch?v=bjpTxD9ksiY
677620,Splitgate,bwRcT_4yY6g,SPLITGATE 2 IS WAY MORE FUN THAN WE EXPECTED!,2025-06-03,UCPbGiUt4Yu8EsaFM-KAmgjg,Grizzy,False,117414,https://www.youtube.com/watch?v=bwRcT_4yY6g
677620,Splitgate,xIPJxZMNhVs,Splitgate: Arena Warfare Gameplay Trailer,2018-07-13,UCKy1dAqELo0zrOtPkf0eTMw,IGN,True,99556,https://www.youtube.com/watch?v=xIPJxZMNhVs
677620,Splitgate,5WZPBdmZ8sI,DOMINATING NEW SPLITGATE 2 BATTLE ROYALE MODE,2025-06-10,UCoz3Kpu5lv-ALhR4h9bDvcw,shroud,False,98361,https://www.youtube.com/watch?v=5WZPBdmZ8sI
677620,Splitgate,jdFrDFkwvZs,"Rematch, Splitgate & Random Games | Joe Bartolozzi",2025-06-20,UC-lfGGqb5hHLBqVnVnWyrsw,Joe Bart VODs,False,97814,https://www.youtube.com/watch?v=jdFrDFkwvZs
677620,Splitgate,-9oj7mJPtmk,5 SPLITGATE TIPS TO GET BETTER FAST! | From A Pro Player,2021-08-01,UC36yozmGt6-0h6IivUOk1TA,Tanner - Splitgate Pro,False,96067,https://www.youtube.com/watch?v=-9oj7mJPtmk
677620,Splitgate,ax3Mbc95sPc,Splitgate is Game of the Year,2021-08-13,UCV96ER3MAI1S81HH6l9wwbQ,Mr. Fruit,False,94028,https://www.youtube.com/watch?v=ax3Mbc95sPc
677620,Splitgate,71f-IRISuAw,SPLITGATE ADDED BATTLE ROYALE?!,2025-06-20,UCeBPTBz1oRnsWsUBnKNNKNw,Joe Bart Games,False,91761,https://www.youtube.com/watch?v=71f-IRISuAw
677620,Splitgate,RzJP-3Oc41I,Why Splitgate Fell Off As Hard As It Did,2024-04-03,UC6o-2R-A2uqGZTJs0h4tVQA,JustSaySteven,False,86617,https://www.youtube.com/watch?v=RzJP-3Oc41I
677620,Splitgate,eqbftN5hQjg,Splitgate has Gun Game aka INSTANT TOP 5 GAME EVER,2021-08-20,UCV96ER3MAI1S81HH6l9wwbQ,Mr. Fruit,False,86121,https://www.youtube.com/watch?v=eqbftN5hQjg
677620,Splitgate,aVZ_jHEq5KY,This F2P Game Will Beat Fortnite - Splitgate Gameplay,2019-05-18,UC0naqt-koUzU-BKhYOaBHFg,TheGodlyNoob,False,85223,https://www.youtube.com/watch?v=aVZ_jHEq5KY
677620,Splitgate,NkMUtH4RMUg,Splitgate Pro Tournament Highlights (March 28th),2021-04-10,UCI5-qq0qONnbj3dCmViBYKQ,Splitgate Highlights,False,84949,https://www.youtube.com/watch?v=NkMUtH4RMUg
1250,Killing Floor,5hMTKbIqx8w,Puppet House of Death (Killing Floor Halloween DLC),2014-10-28,UCKqH_9mk1waLgBiL2vT5b9g,VanossGaming,False,24645363,https://www.youtube.com/watch?v=5hMTKbIqx8w
1250,Killing Floor,w6GY-1MMbBs,FIRE ME UP BABY!! | Killing Floor 2 - Markiplier + Jacksepticeye + Lordminion777,2015-05-05,UC7_YxT-KID8kRbqZo7MyscQ,Markiplier,False,2248869,https://www.youtube.com/watch?v=w6GY-1MMbBs
1250,Killing Floor,Apq04fTZ7oc,Killing Floor 2 Review,2016-11-23,UCKy1dAqELo0zrOtPkf0eTMw,IGN,True,1468117,https://www.youtube.com/watch?v=Apq04fTZ7oc
1250,Killing Floor,63GR3m6LPkQ,Killing Floor - 6 Player Co-Op Gameplay [HD + Maximum Graphics],2009-05-15,UCv4XwyzZvanAlVmULNol4mw,EliteOps1,False,1390608,https://www.youtube.com/watch?v=63GR3m6LPkQ
1250,Killing Floor,h9z-IwhsBOs,Killing Floor w/ Yamimash | FAILURE IS ALWAYS AN OPTION,2013-03-08,UC7_YxT-KID8kRbqZo7MyscQ,Markiplier,False,1352698,https://www.youtube.com/watch?v=h9z-IwhsBOs
1250,Killing Floor,NkyBS7daTrQ,Killing brain cells and zombies in KILLING FLOOR 2! - Worst Premade Ever,2021-09-02,UC7-e4BVU4SueDRU00h48d-A,WorstPremadeEver,False,1341500,https://www.youtube.com/watch?v=NkyBS7daTrQ
1250,Killing Floor,Tb9lF7KXVok,Killing Floor 2 - Helping Santalirious Save Christmas!,2022-12-14,UCKqH_9mk1waLgBiL2vT5b9g,VanossGaming,False,1076953,https://www.youtube.com/watch?v=Tb9lF7KXVok
1250,Killing Floor,Qy7Rz8b01VM,Why You Wouldn't Survive Killing Floor's Zed Outbreak,2019-05-17,UCugqjlk-tkE_uZnG0tDbQyg,Wow Such Gaming,False,985367,https://www.youtube.com/watch?v=Qy7Rz8b01VM
1250,Killing Floor,PpH8oghfsT8,Killing Floor 2- Official Launch Trailer,2016-11-18,UCbu2SsF-Or3Rsn3NxqODImw,GameSpot,True,950137,https://www.youtube.com/watch?v=PpH8oghfsT8
1250,Killing Floor,q5j51vSzCQE,Killing Floor 3 - Announcement Trailer | PS5 Games,2023-08-22,UC-2Y8dQb0S6DtpxNgAKoJKA,PlayStation,True,714769,https://www.youtube.com/watch?v=q5j51vSzCQE
1250,Killing Floor,nKIzPz1brng,Killing Floor 2: HoE Krampus Lair Solo SWAT Long Game w/Krampus,2017-12-06,UC2D9_ctYzcte0sCQvsfdj7Q,Psych0Gamers,False,642899,https://www.youtube.com/watch?v=nKIzPz1brng
1250,Killing Floor,Xjx1d8CXPz4,Killing Floor 2: HoE Airship Solo Sharpshooter Long Game w/Hans,2018-05-22,UC2D9_ctYzcte0sCQvsfdj7Q,Psych0Gamers,False,626949,https://www.youtube.com/watch?v=Xjx1d8CXPz4
1250,Killing Floor,11X5tPfRjVI,Killing Floor: Uncovered Trailer | PS4,2015-02-18,UC-2Y8dQb0S6DtpxNgAKoJKA,PlayStation,True,579089,https://www.youtube.com/watch?v=11X5tPfRjVI
1250,Killing Floor,SHDPAinrecc,Killing Floor 3 is Not a Killing Floor Game,2025-07-26,UCtNTsm4XIQf-TNk5nntGTOA,Verac,False,564596,https://www.youtube.com/watch?v=SHDPAinrecc
1250,Killing Floor,HrzpF4818Mo,"KILLING FLOOR 2 REVIEW | BRITISH™ ""People™"" SURVIVAL™",2022-10-15,UCtNTsm4XIQf-TNk5nntGTOA,Verac,False,563918,https://www.youtube.com/watch?v=HrzpF4818Mo
1250,Killing Floor,ON4totdTyB8,Killing Floor 2: HoE Solo 5faked SubTheWub SWAT Short Game w/Patriarch,2017-03-15,UC2D9_ctYzcte0sCQvsfdj7Q,Psych0Gamers,False,538230,https://www.youtube.com/watch?v=ON4totdTyB8
1250,Killing Floor,9_7kvgOlg50,Killing Floor 2: HoE Katana Only Berserker Challenge Long Game w/Hans,2016-09-28,UC2D9_ctYzcte0sCQvsfdj7Q,Psych0Gamers,False,524130,https://www.youtube.com/watch?v=9_7kvgOlg50
1250,Killing Floor,-gkW8HlaSoM,Killing Floor 2 Gameplay (PC HD) [1080p60FPS],2020-07-09,UCIw5rbXUrtk31t20Ap5817w,Throneful,False,515276,https://www.youtube.com/watch?v=-gkW8HlaSoM
1250,Killing Floor,l9mJEww0VL8,Killing Floor 3 - Gameplay Trailer | PS5 Games,2024-06-09,UC-2Y8dQb0S6DtpxNgAKoJKA,PlayStation,True,500604,https://www.youtube.com/watch?v=l9mJEww0VL8
1250,Killing Floor,I7eZjbWUMwA,Killing Floor 2: HoE Lockdown Solo Support Long Game w/Hans,2018-05-25,UC2D9_ctYzcte0sCQvsfdj7Q,Psych0Gamers,False,492284,https://www.youtube.com/watch?v=I7eZjbWUMwA
1250,Killing Floor,mGl1TRMfFVM,KILLING FLOOR ZOMBIE CHAOS (Gametime w/ Smosh Games),2016-02-10,UCJ2ZDzMRgSrxmwphstrm8Ww,Smosh Games,False,467766,https://www.youtube.com/watch?v=mGl1TRMfFVM
1250,Killing Floor,6QsmIqow-po,When you are out of ammo as field medic (Killing Floor 2),2023-03-04,UCXsY8jMekYvl6OG4veevebQ,MedivanticalLive,False,490928,https://www.youtube.com/watch?v=6QsmIqow-po
1250,Killing Floor,M5RVfosL85Q,Killing Floor 2: HoE Nuked Solo Demolitionist Long Game w/Hans,2016-08-18,UC2D9_ctYzcte0sCQvsfdj7Q,Psych0Gamers,False,442813,https://www.youtube.com/watch?v=M5RVfosL85Q
1250,Killing Floor,B65hzWmbvwQ,Why Killing Floor 1 Can Never Be Replaced,2025-07-02,UCi_AwhdAn-spDur5tQVM7nA,GameTalesHQ,False,396424,https://www.youtube.com/watch?v=B65hzWmbvwQ
1250,Killing Floor,VhK3u3NRTVY,Killing Floor 3: How To Ruin Your Reputation,2026-01-20,UCu9iwzo7IvKPhJPnfBo1ikg,Mungo,False,388044,https://www.youtube.com/watch?v=VhK3u3NRTVY
1250,Killing Floor,uPEf8fzyagM,Killing Floor Gameplay - Solid Crew Support Specialist,2014-05-13,UCgpAUzzGyljlG7E3lniGXtA,Oblivion Arrives,False,377136,https://www.youtube.com/watch?v=uPEf8fzyagM
1250,Killing Floor,2-kST2tZC08,Killing Floor 3 - Scrake Reveal,2024-04-30,UCFMvBfqGInJ22WynMV8Ohrw,Tripwire Interactive,False,368854,https://www.youtube.com/watch?v=2-kST2tZC08
1250,Killing Floor,G42YuU1szEc,Killing Floor - Outbreak (Menu Theme) (Music),2010-11-30,UCt9ZgMyitSqVYu0qhcRD_GQ,VmigoMusic,False,324052,https://www.youtube.com/watch?v=G42YuU1szEc
1250,Killing Floor,JbKemy48J-8,Killing Floor 2: HoE Shopping Spree Solo Demolitionist Long Game w/King FP,2018-12-23,UC2D9_ctYzcte0sCQvsfdj7Q,Psych0Gamers,False,291717,https://www.youtube.com/watch?v=JbKemy48J-8
1250,Killing Floor,e-yFr4GZKZk,"Killing Floor - ""Time to Reload"" #reloadanimations #satisfying",2023-05-19,UCNWDfEhk1BBhz_VtYtzrZ-Q,EVO33 - Gaming Encyclopedia,False,319171,https://www.youtube.com/watch?v=e-yFr4GZKZk
1250,Killing Floor,k8RLIMQ0NEc,"Hidden Video Game Details #89 (Batman Arkham City, Cyberpunk 2077, Killing Floor 2 & More)",2022-07-09,UCmYuHwdOnUCH2wGkFnEZ7OA,Captain Eggcellent,False,281631,https://www.youtube.com/watch?v=k8RLIMQ0NEc
1250,Killing Floor,6ftiZUx-wLE,Evolution of Killing Floor Games 2009-2025 | Killing Floor 3,2025-07-08,UCUFACPZUTBAg_LedhgCbOQQ,Perfect Gaming ᴿᵉᵈ,False,412803,https://www.youtube.com/watch?v=6ftiZUx-wLE
1250,Killing Floor,UqjWUMPsGaY,Killing Floor 2 In a Nutshell,2020-05-26,UC9qTvvcp9OH79-DR4jOaORw,Heluga,False,252017,https://www.youtube.com/watch?v=UqjWUMPsGaY
1250,Killing Floor,pgL-XL6GNB0,Killing Floor 2: HoE Santa's Workshop Solo Commando Long Game w/Krampus,2018-11-10,UC2D9_ctYzcte0sCQvsfdj7Q,Psych0Gamers,False,243215,https://www.youtube.com/watch?v=pgL-XL6GNB0
1250,Killing Floor,-1Wakj4Ml_0,Killing Floor 2: HoE Kholnee Solo Support Specialist Long Game w/Hans,2016-11-16,UC2D9_ctYzcte0sCQvsfdj7Q,Psych0Gamers,False,236974,https://www.youtube.com/watch?v=-1Wakj4Ml_0
1250,Killing Floor,9PaD0sJ1jTY,Killing Floor 2: HoE Solo Monster Ball Commando Long Game w/Hans,2018-09-07,UC2D9_ctYzcte0sCQvsfdj7Q,Psych0Gamers,False,234047,https://www.youtube.com/watch?v=9PaD0sJ1jTY
1250,Killing Floor,Dr2_V3w7OfQ,Killing Floor Gameplay (PC/HD),2012-06-09,UC1H_J0eMwCOQJyY1IfTK6SA,PalmSmash,False,233675,https://www.youtube.com/watch?v=Dr2_V3w7OfQ
1250,Killing Floor,y2UlJ0GTSXI,Firearms Expert Reacts to Killing Floor 2 | EXP,2025-07-19,UCDK_SJehkiiyhCwSZolGD-w,EXP,False,230507,https://www.youtube.com/watch?v=y2UlJ0GTSXI
1250,Killing Floor,wvkOAWJxFic,Killing Floor 2 PC Game Review,2016-11-30,UCKlUrYO3i9MDlL45Ia6j5EA,GmanLives,False,223694,https://www.youtube.com/watch?v=wvkOAWJxFic
1250,Killing Floor,p6mSYDFjXyI,Ranked Killing Floor Games #shorts,2024-08-02,UCJpjKsErGBp2yscalGIO_0g,Hami Saral,False,361693,https://www.youtube.com/watch?v=p6mSYDFjXyI
1250,Killing Floor,s5_RO9vA-d0,Killing Floor 3 - Official Launch Trailer,2025-07-17,UCKy1dAqELo0zrOtPkf0eTMw,IGN,True,205767,https://www.youtube.com/watch?v=s5_RO9vA-d0
1250,Killing Floor,U9bdNwSDKEM,Killing Floor Is Better Than You Remember,2023-11-01,UCNPaP0X_S9C-N3Je1k4B8-Q,Proxidist,False,199486,https://www.youtube.com/watch?v=U9bdNwSDKEM
1250,Killing Floor,oIkN5AG5jPc,เปิดประวัติ Killing Floor ลานละเลงเลือด | Game History,2024-12-19,UCy6lTIEjfaf50OXAlFVpV7w,Gamer Inside,False,196559,https://www.youtube.com/watch?v=oIkN5AG5jPc
1250,Killing Floor,wpazHCUahTA,Killing Floor 2: HoE Biotics Lab UK Solo Commando Long Game w/Patriarch,2016-05-15,UC2D9_ctYzcte0sCQvsfdj7Q,Psych0Gamers,False,190051,https://www.youtube.com/watch?v=wpazHCUahTA
1250,Killing Floor,CCWcrnEbha8,Обзор Killing Floor 3,2025-08-03,UCq7JZ8ATgQWeu6sDM1czjhg,StopGame,False,173498,https://www.youtube.com/watch?v=CCWcrnEbha8
1250,Killing Floor,zbghpSPVs8w,Killing Floor 2: HoE HotelZed_Mist Solo Gunslinger Long Game w/Hans,2016-10-18,UC2D9_ctYzcte0sCQvsfdj7Q,Psych0Gamers,False,167555,https://www.youtube.com/watch?v=zbghpSPVs8w
1250,Killing Floor,eQxd1em1TPw,Platinum On Killing Floor 3 Turned Me Psychotic...,2025-08-15,UC8LE61Ru3afJ4ryezPQ2Qpg,ItsIlusion,False,167468,https://www.youtube.com/watch?v=eQxd1em1TPw
3241660,R.E.P.O.,h_IsxsX6dko,Ranking The Best Funny Moments REPO #repo #gaming #funny #shorts,2025-04-03,UCMpXGXJeiQz8ZsdokDdFBvg,teguhprem.,False,29123155,https://www.youtube.com/watch?v=h_IsxsX6dko
3241660,R.E.P.O.,vLo73G9qCTA,TOP 5 R.E.P.O,2025-12-01,UCxF-D4KQkg_z_v_ntrxZVng,FUZE,False,27462365,https://www.youtube.com/watch?v=vLo73G9qCTA
3241660,R.E.P.O.,r32m5frT8KY,bye bye ducky @Issa_HoBo  | R.E.P.O.,2025-04-15,UCOaAZvr8Y2thgpYG1z688Zg,Vagabonkk,False,28843015,https://www.youtube.com/watch?v=r32m5frT8KY
3241660,R.E.P.O.,euQP1RiVuyc,Top 5 R.E.P.O Game Moments PART 3 #repogame #funnymoments #shorts,2025-04-09,UCObHUx2Hufr5DGUd6usgqRw,PogMoments,False,26190812,https://www.youtube.com/watch?v=euQP1RiVuyc
3241660,R.E.P.O.,uHrDrXUM_Ys,Ranking The Best REPO Funny Moments #repo #gaming #funny #shorts,2025-03-20,UCMpXGXJeiQz8ZsdokDdFBvg,teguhprem.,False,14373948,https://www.youtube.com/watch?v=uHrDrXUM_Ys
3241660,R.E.P.O.,_xTmgiaf0ZQ,"The FUNNIEST R.E.P.O. Collab EVER.. (ft. Foltyn, Kreekcraft, Steak)",2025-04-07,UCVAYy7_zddIx6USjXscV9Vg,Caylus  ,False,9029027,https://www.youtube.com/watch?v=_xTmgiaf0ZQ
3241660,R.E.P.O.,FsNnI_ynqG0,Playing Repo With The boys (Jynxzi And Sketch),2025-03-18,UC63anZxfVGHUEmfBAf5w7pw,CaseOh,False,8759036,https://www.youtube.com/watch?v=FsNnI_ynqG0
3241660,R.E.P.O.,jCx8CpIO5ig,My First Time Playing R.E.P.O,2025-03-16,UC-gW4TeZAlKm7UATp24JsWQ,SMii7Yplus,False,8553287,https://www.youtube.com/watch?v=jCx8CpIO5ig
3241660,R.E.P.O.,ajGfymv78bA,R.E.P.O MOMENTOS DIVERTIDOS con AMIGOS,2025-03-15,UC3t7_hgqy-7pccSWRVaTQIw,RoxiCake Gamer,False,7979203,https://www.youtube.com/watch?v=ajGfymv78bA
3241660,R.E.P.O.,-Zq0HWsHRzg,is the REPO skin pay to win?,2025-10-26,UCIOrUVVyfoWnmcwG6IwCULQ,Loserfruit,False,13266779,https://www.youtube.com/watch?v=-Zq0HWsHRzg
3241660,R.E.P.O.,48pqaIQsFlA,Stay Put! R.E.P.O #survival #gaming #repo #solo #modded #shorts,2025-05-11,UCO1y2GXUCG2UQ4bKKCNa8KA,Aurora Elements,False,13657025,https://www.youtube.com/watch?v=48pqaIQsFlA
3241660,R.E.P.O.,GWuF23poTf4,Балаболы (R.E.P.O.),2025-03-08,UCf31Gf5nCU8J6eUlr7QSU0w,Marmok,False,7577997,https://www.youtube.com/watch?v=GWuF23poTf4
3241660,R.E.P.O.,_RtCZ70aVZs,🫵😂👍 - R.E.P.O COM OS AMIGOS,2025-02-27,UCIwspRtKNszHhIhl36gREjQ,alanzoka,False,6830837,https://www.youtube.com/watch?v=_RtCZ70aVZs
3241660,R.E.P.O.,-ZC0ElZrIj4,R.E.P.O CON YOUTUBERS MOMENTOS DIVERTIDOS,2025-04-19,UC3t7_hgqy-7pccSWRVaTQIw,RoxiCake Gamer,False,6604404,https://www.youtube.com/watch?v=-ZC0ElZrIj4
3241660,R.E.P.O.,eSbGjv4MBX8,R.E.P.O Might Be Game of The Year,2025-03-22,UCzXwjTI6c6mVn6oui_p6oiw,SMii7Y,False,6262923,https://www.youtube.com/watch?v=eSbGjv4MBX8
3241660,R.E.P.O.,pDS5t63ALLE,THIS IS (not) STEALING | R.E.P.O. w/ Ethan,2025-03-18,UC7_YxT-KID8kRbqZo7MyscQ,Markiplier,False,5970521,https://www.youtube.com/watch?v=pDS5t63ALLE
3241660,R.E.P.O.,iRUTMQ5Kqfk,RANKING 4 FUNNIEST REPO RANDOM CLIPS #repo #repogame #repofunnymoments #gamingclips #horrorgaming,2026-04-10,UCr9W6qAjEZUmxDLKazTrOnQ,BLERSPIKES,False,11115212,https://www.youtube.com/watch?v=iRUTMQ5Kqfk
3241660,R.E.P.O.,nABCr0E0xOo,REPO MONSTERS FEAR HIM!! 💀💀,2025-03-12,UCxF-D4KQkg_z_v_ntrxZVng,FUZE,False,8771070,https://www.youtube.com/watch?v=nABCr0E0xOo
3241660,R.E.P.O.,_XnaIABciM0,Ranking The Best REPO Funny  Moments #repo #shorts,2025-05-06,UClMOeZLN2RrS7DyJOsW23_w,PaulBeast's,False,8910385,https://www.youtube.com/watch?v=_XnaIABciM0
3241660,R.E.P.O.,3ltAWPzauGI,Ranking The Best Funniest REPO Moments #repo #gaming #funny #shorts,2025-03-22,UCMpXGXJeiQz8ZsdokDdFBvg,teguhprem.,False,8163841,https://www.youtube.com/watch?v=3ltAWPzauGI
3241660,R.E.P.O.,7T7k-3wQ9VM,HUNTING THE REPO MONSTERS!! 💀💀,2025-03-12,UCxF-D4KQkg_z_v_ntrxZVng,FUZE,False,9164271,https://www.youtube.com/watch?v=7T7k-3wQ9VM
3241660,R.E.P.O.,hheUvbQWDDg,【4人実況】世界で今一番人気の面白すぎるホラーゲーム『 R.E.P.O. 』,2025-05-30,UCMJiPpN_09F0aWpQrgbc_qg,キヨ。,False,5299911,https://www.youtube.com/watch?v=hheUvbQWDDg
3241660,R.E.P.O.,KRaa-2Ho0cA,DID REPO JUST BECOME A HORROR GAME? - Credit to Warlos FZ,2025-05-10,UC6Ogd-jIOZq3eRGfIi22DsQ,Critical,False,11244457,https://www.youtube.com/watch?v=KRaa-2Ho0cA
3241660,R.E.P.O.,p70P0NvGAkY,R.E.P.O - The FUNNIEST Game of The Year!!,2025-03-01,UCKqH_9mk1waLgBiL2vT5b9g,VanossGaming,False,4808732,https://www.youtube.com/watch?v=p70P0NvGAkY
3241660,R.E.P.O.,JpmhZBwoeZ0,I LOVE R.E.P.O - SQUID GAME 2 ANIMATION | GH'S ANIMATION,2025-04-30,UCdrBnBNLsN4_cH32HWbr9qg,GH'S,False,11664220,https://www.youtube.com/watch?v=JpmhZBwoeZ0
3241660,R.E.P.O.,b_TK_csp3Zw,Trolling With SOUNDBOARD in REPO,2025-06-02,UCLx8dZoTOa8PPgrGbV5sW6A,Smored,False,4293298,https://www.youtube.com/watch?v=b_TK_csp3Zw
3241660,R.E.P.O.,kC65Z6d77ZQ,R.E.P.O Added New Monsters...,2025-11-08,UCzXwjTI6c6mVn6oui_p6oiw,SMii7Y,False,4214747,https://www.youtube.com/watch?v=kC65Z6d77ZQ
3241660,R.E.P.O.,TS-VfwLuq60,R.E.P.O solo lvl 15 be like,2025-03-12,UCc22wr5tJ7ymKbRuH0tTNsg,SiniK,False,5488422,https://www.youtube.com/watch?v=TS-VfwLuq60
3241660,R.E.P.O.,263E805PFvo,THE BOYS PLAY R.E.P.O!!,2025-03-28,UCtwOgy4vDxfGmsHR0YMVufg,The Boys Gaming,False,3692638,https://www.youtube.com/watch?v=263E805PFvo
3241660,R.E.P.O.,y1DAJAzab0w,R.E.P.O but it's Pikmin #pikmin #repogame,2025-04-18,UCYBYhKcm7jC9WRUbPYoqCfQ,Wooden Turtle,False,7416971,https://www.youtube.com/watch?v=y1DAJAzab0w
3241660,R.E.P.O.,_ZJn1usy3EA,This Might Be The Greatest R.E.P.O Update EVER,2025-07-17,UC-gW4TeZAlKm7UATp24JsWQ,SMii7Yplus,False,3609701,https://www.youtube.com/watch?v=_ZJn1usy3EA
3241660,R.E.P.O.,ms9gayGMiUg,Ranking The Best Funniest Moments REPO #repo #gaming #funny #shorts,2025-04-04,UCMpXGXJeiQz8ZsdokDdFBvg,teguhprem.,False,5695899,https://www.youtube.com/watch?v=ms9gayGMiUg
3241660,R.E.P.O.,qxU5WxDSUto,Our Funniest R.E.P.O Session Yet,2025-04-15,UCzXwjTI6c6mVn6oui_p6oiw,SMii7Y,False,3601157,https://www.youtube.com/watch?v=qxU5WxDSUto
3241660,R.E.P.O.,zPlIONN8ClE,I Played REPO With My Friends,2025-03-04,UCCY0PEQgZbhXm6-0WHiHJEw,daukey,False,3386751,https://www.youtube.com/watch?v=zPlIONN8ClE
3241660,R.E.P.O.,MWHHvNrsuyM,Ranking FUNNIEST R.E.P.O Moments!💚😂 #repo #repogame #repogameplay,2025-04-20,UCETp1uD40ar5cDNNJWpQGpQ,Daily Brainrots,False,5831994,https://www.youtube.com/watch?v=MWHHvNrsuyM
3241660,R.E.P.O.,ua2V5De3ZiE,AURON juega a REPO con amigos,2025-03-08,UCFR2oaNj02WnXkOgLH0iqOA,Auron,False,3211606,https://www.youtube.com/watch?v=ua2V5De3ZiE
3241660,R.E.P.O.,BNwWE0yTUJ0,Top 5 R.E.P.O Game Moments PART 6 #repogame #funnymoments #shorts,2025-04-12,UCObHUx2Hufr5DGUd6usgqRw,PogMoments,False,5120733,https://www.youtube.com/watch?v=BNwWE0yTUJ0
3241660,R.E.P.O.,iBPByJe7ITg,AKU MENCOBA HOROR MULTIPLAYER VIRAL INI BARENG TEMANKU.... R.E.P.O.,2025-03-17,UCoIiiHof6BJ85PLuLkuxuhw,Windah Basudara,False,3102638,https://www.youtube.com/watch?v=iBPByJe7ITg
3241660,R.E.P.O.,yGzukgHzje4,HACÍA TIEMPO QUE NO NOS REÍAMOS TANTO 😂 - R.E.P.O. ft. Andrés y Guille #1,2025-03-16,UCKvoBRFqMNqvuSvFBiNadgw,IlloJuan,False,3076074,https://www.youtube.com/watch?v=yGzukgHzje4
3241660,R.E.P.O.,MmbQc_MqzFk,R.E.P.O. TOP 100 Funny Moments #6,2025-04-04,UCY-iLo3GF_KDoYbfZ0Dqg9Q,Top Gaming Plays,False,3019477,https://www.youtube.com/watch?v=MmbQc_MqzFk
3241660,R.E.P.O.,xLoSeo8Lg8g,The Amazing Digital Circus Voice Actors Play R.E.P.O.,2025-10-20,UC6HZh3zjyQIU7TEtAESf-Xg,Vixen the Reindeer,False,2995860,https://www.youtube.com/watch?v=xLoSeo8Lg8g
3241660,R.E.P.O.,hx74Acre5No,TOP 600 FUNNY MOMENTS IN R.E.P.O.,2025-05-06,UCHZZo1h1cI1vg4I9g2RqOUQ,Red Arcade,False,3008054,https://www.youtube.com/watch?v=hx74Acre5No
3241660,R.E.P.O.,MsqgqxeJKng,R.E.P.O Moments That Make You Go AHHHHHHHHHHHHHHHHHH,2025-04-28,UCzXwjTI6c6mVn6oui_p6oiw,SMii7Y,False,2922287,https://www.youtube.com/watch?v=MsqgqxeJKng
3241660,R.E.P.O.,DeiW_TZlgP8,TOP 100 FUNNY MOMENTS IN R.E.P.O. (Part 7),2025-04-11,UCHZZo1h1cI1vg4I9g2RqOUQ,Red Arcade,False,2807654,https://www.youtube.com/watch?v=DeiW_TZlgP8
3241660,R.E.P.O.,hlbZey0Maxk,Top 3 R.E.P.O VOICE ACT Moments pt.1! #repogame #singing #acting #gaming #shorts,2026-04-22,UCQMDouo1lDtNf19k3gcDpvA,R3POGUY,False,4635085,https://www.youtube.com/watch?v=hlbZey0Maxk
3241660,R.E.P.O.,5W9aa2j4urY,R.E.P.O - Our 2nd Session is the Most Problematic!,2025-03-10,UCKqH_9mk1waLgBiL2vT5b9g,VanossGaming,False,2732447,https://www.youtube.com/watch?v=5W9aa2j4urY
4244510,Pratfall,Byrm9f2mkEg,Тут Очень Глубоко! (Pratfall),2026-05-03,UCf31Gf5nCU8J6eUlr7QSU0w,Marmok,False,2822169,https://www.youtube.com/watch?v=Byrm9f2mkEg
4244510,Pratfall,Q7LlTffqFQ8,ESSE JOGO É PEAK SÓ QUE MELHOR! - PRATFALL COM OS AMIGOS,2026-04-24,UCIwspRtKNszHhIhl36gREjQ,alanzoka,False,2099423,https://www.youtube.com/watch?v=Q7LlTffqFQ8
4244510,Pratfall,7_h2szo0U-U,ZİRVEYE DEĞİL DİBE YOLCULUK! | PRATFALL | BÖLÜM 1,2026-06-05,UC51-ljNFrvY5ZmV0C_61XcA,Elraenn,False,1454733,https://www.youtube.com/watch?v=7_h2szo0U-U
4244510,Pratfall,MjRdZyo8DFA,ESSE FINAL FOI ABSURDO! - PRATFALL COM OS AMIGOS,2026-04-26,UCIwspRtKNszHhIhl36gREjQ,alanzoka,False,1415668,https://www.youtube.com/watch?v=MjRdZyo8DFA
4244510,Pratfall,tAfLn1kR2F4,How Deep Can We Go… [Pratfall],2026-06-05,UCeBPTBz1oRnsWsUBnKNNKNw,Joe Bart Games,False,1202800,https://www.youtube.com/watch?v=tAfLn1kR2F4
4244510,Pratfall,AG67rNyxdxE,🌋 CAVAMOS UN AGUJERO AL CENTRO DE LA TIERRA || Pratfall #1,2026-05-26,UCFR2oaNj02WnXkOgLH0iqOA,Auron,False,1143126,https://www.youtube.com/watch?v=AG67rNyxdxE
4244510,Pratfall,LHZLpB5rPB4,ON CREUSE AVEC SYLVAIN ET BAGHERA (Pratfall),2026-07-08,UCYGjxo5ifuhnmvhPvCc3DJQ,Wankil Studio - Laink et Terracid,False,967282,https://www.youtube.com/watch?v=LHZLpB5rPB4
4244510,Pratfall,4UfRmQy89RY,Pratfall - A Bunch of Dumb Diggers Fall in a Hole,2026-06-22,UCKqH_9mk1waLgBiL2vT5b9g,VanossGaming,False,888823,https://www.youtube.com/watch?v=4UfRmQy89RY
4244510,Pratfall,aYtfrnZO5vg,Pratfall - We Finally Reached The Bottom,2026-07-02,UCKqH_9mk1waLgBiL2vT5b9g,VanossGaming,False,853370,https://www.youtube.com/watch?v=aYtfrnZO5vg
4244510,Pratfall,5SnbCuZZFTY,🧗 EL DESCENSO MÁS CAÓTICO DE NUESTRA VIDA || PratFall Final,2026-05-28,UCFR2oaNj02WnXkOgLH0iqOA,Auron,False,802413,https://www.youtube.com/watch?v=5SnbCuZZFTY
4244510,Pratfall,mj3XvCIWF6U,Сраная Дырка (Pratfall),2026-05-02,UC9ql--q_LV7zhDI1CCO9Xdg,1337LikeR,False,730424,https://www.youtube.com/watch?v=mj3XvCIWF6U
4244510,Pratfall,1qzCK6lwXvQ,"MICHOU A PERDU SON CHIEN, ON DOIT LE RETROUVER (Pratfall)",2026-06-05,UCY-_QmcW09PHAImgVnKxU2g,SQUEEZIE GAMING,False,750693,https://www.youtube.com/watch?v=1qzCK6lwXvQ
4244510,Pratfall,qU74hOQDxi4,AKU DERA INO SAMA ACENG MENGGALI! - PRATFALL,2026-05-03,UCrEj4d2ynysNsYttTYROXEg,Luthfi Halimawan,False,467315,https://www.youtube.com/watch?v=qU74hOQDxi4
4244510,Pratfall,9b_qSbMjnj8,"PRATFALL #2 ft. Zerator, MisterMV, Antoine, Baghera & LittleBigWhale ! (Best-of du Lundi #230)",2026-06-05,UClK4fpmIAz8V1BVafysM2WA,Best Of du Grenier,False,393694,https://www.youtube.com/watch?v=9b_qSbMjnj8
4244510,Pratfall,d_ddvNGMLFI,Die LUSTIGSTE LOBBY seit langem! | Pratfall,2026-05-20,UCCJ-NJtqLQRxuaxHZA9q6zg,HandOfUncut,False,392168,https://www.youtube.com/watch?v=d_ddvNGMLFI
4244510,Pratfall,CJDdTeYYpqA,Do NOT Play Pratfall with Vanoss,2026-06-18,UC-kOXc3gBwksVfmndSEz7jg,WILDCAT,False,370012,https://www.youtube.com/watch?v=CJDdTeYYpqA
4244510,Pratfall,Xm8hxoVaBZw,"THIS *NEW* GAME IS PEAK...BUT WE DIG INSTEAD OF CLIMB!!! | Pratfall (w/ Delirious, Kyle, Squirrel)",2026-04-24,UCdQWs2nw6w77Rw0t-37a4OA,CaRtOoNz,False,362442,https://www.youtube.com/watch?v=Xm8hxoVaBZw
4244510,Pratfall,bPm3qg1OavA,Pratfall - Rediffusion Squeezie du 31/05,2026-06-01,UC7_THngP20pzk5VRHNKDvtg,Squeezie - Rediffusions,False,362523,https://www.youtube.com/watch?v=bPm3qg1OavA
4244510,Pratfall,9k9YjCSfJYQ,I Dug To The CENTER of the EARTH.. (Pratfall),2026-05-08,UCVAYy7_zddIx6USjXscV9Vg,Caylus  ,False,310669,https://www.youtube.com/watch?v=9k9YjCSfJYQ
4244510,Pratfall,W0KGS_QL5hM,TOMODAKI X O2H KEMBALI! - PRATFALL #3,2026-05-24,UCrEj4d2ynysNsYttTYROXEg,Luthfi Halimawan,False,306302,https://www.youtube.com/watch?v=W0KGS_QL5hM
4244510,Pratfall,1IHvL-VWirI,WE BEAT EVERY LEVEL OF PRATFALL,2026-04-23,UCPbGiUt4Yu8EsaFM-KAmgjg,Grizzy,False,285087,https://www.youtube.com/watch?v=1IHvL-VWirI
4244510,Pratfall,SkwdCfIR3Zk,PRATFALL #1 - L'aventure sous terre ! ft. Zerator & BagheraJones (Best-of du Lundi #227),2026-05-01,UClK4fpmIAz8V1BVafysM2WA,Best Of du Grenier,False,278640,https://www.youtube.com/watch?v=SkwdCfIR3Zk
4244510,Pratfall,EqmYukfW9o4,O VÍDEO MAIS ENGRAÇADO QUE JÁ GRAVAMOS - Pratfall,2026-04-23,UCK3NkZPs0BurxabhtnSDa3g,Souzones,False,271366,https://www.youtube.com/watch?v=EqmYukfW9o4
4244510,Pratfall,0VICrpkIAJk,ลงเหมืองตามหาหมา | Pratfall,2026-03-31,UCycKzia69PXRbk0N0I9n4Aw,LowGrade,False,255201,https://www.youtube.com/watch?v=0VICrpkIAJk
4244510,Pratfall,FROkILlc62Y,Pratfall But We Did The Impossible (winning while stupid) ,2026-06-20,UC-kOXc3gBwksVfmndSEz7jg,WILDCAT,False,245302,https://www.youtube.com/watch?v=FROkILlc62Y
4244510,Pratfall,vvIMnFfuWGY,O MELHOR JOGO DO ANO!! | Pratfall,2026-04-28,UCn_zl80QFuAXF_OZkfitWVQ,mount gameplays,False,238697,https://www.youtube.com/watch?v=vvIMnFfuWGY
4244510,Pratfall,rJ74zi5KlbY,4 IDIOTAS CAVANDO ATÉ O CENTRO DA TERRA - Pratfall,2026-05-09,UCAu_v9w-BXFtg1NAnB-JgVg,Apuh,False,235742,https://www.youtube.com/watch?v=rJ74zi5KlbY
4244510,Pratfall,jXInPy4uPSQ,This PRATFALL Video got Age Restricted...,2026-06-03,UC-kOXc3gBwksVfmndSEz7jg,WILDCAT,False,215734,https://www.youtube.com/watch?v=jXInPy4uPSQ
4244510,Pratfall,XQ67c8Xsxw0,Vanoss Crew Completes Pratfall!,2026-06-18,UCQiojTHkAvFvdCSajklqUXA,Terroriser,False,207251,https://www.youtube.com/watch?v=XQ67c8Xsxw0
4244510,Pratfall,nHIhl1qMTe8,आज कुत्ता बचाओ खुदाई होगी | Unboxing Premium Stuff | PRATFALL,2026-07-20,UCKVei70N69V3V5wBQixHZbg,shreeman legend live,False,197317,https://www.youtube.com/watch?v=nHIhl1qMTe8
4244510,Pratfall,qMNjTLfRltE,THIS GAME IS A REVERSE PEAK! (PRATFALL),2026-04-24,UCClNRixXlagwAd--5MwJKCw,H2ODelirious,False,198106,https://www.youtube.com/watch?v=qMNjTLfRltE
4244510,Pratfall,gylqXl6NPFg,【日常組】ザクザク掘れるゆるい洞窟探索ゲームでザクザクザク！【Pratfall】,2026-06-06,UC92ddxxI32pk-5ZDiQjJb6A,日常箱,False,197916,https://www.youtube.com/watch?v=gylqXl6NPFg
4244510,Pratfall,nrR5j5N0bcU,Digging down to save our doggie! - Pratfall,2026-06-20,UCYLHs-NR2le96KKqXofUOXg,Gab Smolders,False,195940,https://www.youtube.com/watch?v=nrR5j5N0bcU
4244510,Pratfall,Ea_AELOnO8c,VOD - Laink et Terracid // Pratfall (avec Baghera et Sylvain),2026-07-02,UCY3Uw6Vdkk8KvY5fEq1iTpA,Wankil Studio - Les VOD,False,188706,https://www.youtube.com/watch?v=Ea_AELOnO8c
4244510,Pratfall,V3BAh_aGriw,4 Idiots Dig A Hole | Pratfall,2026-07-29,UCy1JplVtE6QOiSUPMIY9mLg,Kenji Plays,False,188758,https://www.youtube.com/watch?v=V3BAh_aGriw
4244510,Pratfall,-BQCspxc5Hk,AKU DERA EPEN SAMA ACENG GO COMPE! - PRATFALL #2,2026-05-07,UCrEj4d2ynysNsYttTYROXEg,Luthfi Halimawan,False,165530,https://www.youtube.com/watch?v=-BQCspxc5Hk
4244510,Pratfall,a4ktviaaAyI,आज होगा PRATFALL Extreme Hard Level | Assam Charity Tomorrow,2026-07-28,UCKVei70N69V3V5wBQixHZbg,shreeman legend live,False,164671,https://www.youtube.com/watch?v=a4ktviaaAyI
4244510,Pratfall,EI6bBtBXXsM,CORINGA ENTROU NO PRATFALL COM OS AMIGOS… DEU RUIM 😂,2026-05-01,UC4MIqvWn5mvqJ_tKWielufQ,TARTARUGA CLIPS,False,168609,https://www.youtube.com/watch?v=EI6bBtBXXsM
4244510,Pratfall,B9QvEtdBrwk,MENGGALI LUBANG DENGAN CECEP! - PRATFALL,2026-04-27,UCrEj4d2ynysNsYttTYROXEg,Luthfi Halimawan,False,166295,https://www.youtube.com/watch?v=B9QvEtdBrwk
4244510,Pratfall,DIQ_fQ6hQtw,BeckBros Play Pratfall!,2026-05-23,UC_mo7OeMQXFrbIBil4wKViw,BeckBroBlox,False,160418,https://www.youtube.com/watch?v=DIQ_fQ6hQtw
4244510,Pratfall,DyJGA8q3-wg,GRIZZY PLAYS PRATFALL (Full Game),2026-04-29,UCQNWIrUCkl0VIr6y2FOrWeA,GrizzyVODS,False,152003,https://www.youtube.com/watch?v=DyJGA8q3-wg
4244510,Pratfall,htyVtew7NYk,DÜNYANIN EN EĞLENCELİ KAZI OYUNU! EKİPLE YERALTINA İNİYORUZ! (ÇOK KOMİK) Pratfall,2026-05-05,UC5_bekXVnGAxDsgQfpRZaIA,VURAL,False,141936,https://www.youtube.com/watch?v=htyVtew7NYk
850320,PHOGS!,3DNl6R4peEg,We turned into TWIN DOGS! Phogs!,2020-07-01,UCUk7VggtJdo9XYTy3Z5QVAw,ItsFunneh,False,15504880,https://www.youtube.com/watch?v=3DNl6R4peEg
850320,PHOGS!,7VH30rWk02g,We're BABY PUPPIES in Phogs!,2021-02-05,UCUk7VggtJdo9XYTy3Z5QVAw,ItsFunneh,False,3312825,https://www.youtube.com/watch?v=7VH30rWk02g
850320,PHOGS!,nc_DU-ZFCpw,Who's the Evil TWIN DOG among us in Phogs?,2020-12-09,UCUk7VggtJdo9XYTy3Z5QVAw,ItsFunneh,False,2949766,https://www.youtube.com/watch?v=nc_DU-ZFCpw
850320,PHOGS!,CobxTlayDF0,NOOB vs PRO vs HACKER In PHOGS!? (ALL LEVELS!),2021-11-15,UCSf0s2ogUVYpJPuzW1zpAOg,LankyBox,False,2457652,https://www.youtube.com/watch?v=CobxTlayDF0
850320,PHOGS!,d9XbwkiTPM4,FOXY & BOXY Become A TWO-HEADED DOG In PHOGS APP! (INTENSE PUZZLES!),2021-02-15,UC-UXd3xaj1I_yTvufcMdDAA,LankyBox World,False,1596734,https://www.youtube.com/watch?v=d9XbwkiTPM4
850320,PHOGS!,s8mDt8Dp-Bw,PETUALANGAN ANJING KEMBAR!! - PHOGS INDONESIA,2021-10-04,UCpxxQUGNgkns9i3EhLEHoQg,Obit,False,1176937,https://www.youtube.com/watch?v=s8mDt8Dp-Bw
850320,PHOGS!,svFGrwXgtRE,KETIKA DUA ANJING!! JADI SATU!! WKWK!! Phogs [SUB INDO] ~Miki Dan Jojo!!,2020-12-03,UCiowUSwj8stvWzgQBUe3ldg,ACI GameSpot,True,929477,https://www.youtube.com/watch?v=svFGrwXgtRE
850320,PHOGS!,3gpkqxvtppM,[PHOGS!] WOOF WOOF with Watson,2021-01-19,UCoSrY_IQQVpmIRZ9Xf-y93g,Gawr Gura Ch. hololive-EN,False,707805,https://www.youtube.com/watch?v=3gpkqxvtppM
850320,PHOGS!,DsIELszxFUs,We are Terrifying Dog Snakes in Phogs!,2023-09-04,UCPhckk25N7P8OI580ucRidA,Ctop,False,592533,https://www.youtube.com/watch?v=DsIELszxFUs
850320,PHOGS!,iObMq2kVFXU,Я @ ТЫ @ ► Phogs,2021-01-06,UCXHczq_8PytR6mEJeUTTrqw,ViteC ► Play,False,514457,https://www.youtube.com/watch?v=iObMq2kVFXU
850320,PHOGS!,8s26rpR3nWg,Phogs! - Official Gameplay Trailer | PS4,2020-11-19,UC-2Y8dQb0S6DtpxNgAKoJKA,PlayStation,True,218147,https://www.youtube.com/watch?v=8s26rpR3nWg
850320,PHOGS!,Phq7udiQDwI,【PHOGS!】It's a dog eats dog kind of world! are you a dog @OuroKronii ?,2025-02-12,UCvN5h1ShZtc7nly3pezRayg,Cecilia Immergreen Ch. hololive,False,103716,https://www.youtube.com/watch?v=Phq7udiQDwI
850320,PHOGS!,i64yx6w_eeo,We Break Yet Another Game | Phogs!,2021-01-02,UCAYciZCU2lcmxgf4WzMMMaA,Kaiffu,False,71871,https://www.youtube.com/watch?v=i64yx6w_eeo
850320,PHOGS!,Ws7wq22hylE,PHOGS | Full Playthrough | All levels,2020-12-10,UCxzTgocrBPEbtenVDUh1TPQ,OverAchiever,False,68070,https://www.youtube.com/watch?v=Ws7wq22hylE
850320,PHOGS!,2zqrVknuQG8,PHOGS! - We're a Double Headed Dog?! (2 Player Demo Gameplay),2020-07-10,UCVH4oOW0CBJ1W_WsJKd_62Q,Stumpt,False,58507,https://www.youtube.com/watch?v=2zqrVknuQG8
850320,PHOGS!,5hA6YUU1u6s,YuYu e Sunny viraram CACHORROS nesse jogo | PHOGS,2025-12-27,UCg-Dr7cWI-0kIbZSNlJ1DAg,YuYu ,False,42415,https://www.youtube.com/watch?v=5hA6YUU1u6s
850320,PHOGS!,4pGchaW8690,Phogs! ft. @SuhaniShah | 2 Player Co-op Game!,2021-06-02,UC1GV2cARf3nSuxdav2JiOCQ,Vivek Desai,False,40488,https://www.youtube.com/watch?v=4pGchaW8690
850320,PHOGS!,rcYLtn5mSe0,my editor made me play this game (PHOGS?),2022-01-30,UCbfwKVaFIfVDyVDndGrTKTg,Orange Juice - Live,False,36214,https://www.youtube.com/watch?v=rcYLtn5mSe0
850320,PHOGS!,di9D-5E4ulE,Phogs! - Launch Trailer | PS4,2020-12-04,UC-2Y8dQb0S6DtpxNgAKoJKA,PlayStation,True,27183,https://www.youtube.com/watch?v=di9D-5E4ulE
850320,PHOGS!,g9yQjE_QOGM,PHOGS! FULL GAME,2021-06-19,UCYbeRBj23hNmcgeCVmWWO9Q,KingDDDuke,False,26446,https://www.youtube.com/watch?v=g9yQjE_QOGM
850320,PHOGS!,UXF6gcQd508,PHOGS | Fast Achievements Guide | 1000 GS,2020-12-13,UCxzTgocrBPEbtenVDUh1TPQ,OverAchiever,False,25230,https://www.youtube.com/watch?v=UXF6gcQd508
850320,PHOGS!,hzyqPj282C8,【PHOGS】 w/ Vanta  【NIJISANJI EN | Kyo Kaneko】,2023-12-09,UCsb-1aJgiJXJH2feV-zlZRw,Kyo Kaneko 【NIJISANJI EN】,False,19555,https://www.youtube.com/watch?v=hzyqPj282C8
850320,PHOGS!,7BIGoHZTV6I,[PHOGS!] LIVIN' IN A WORLD OF A LITTLE BETDOG w/ Bettel 2,2025-05-12,UCHP4f7G2dWD4qib7BMatGAw,Gavis Bettel Ch. HOLOSTARS-EN,False,17238,https://www.youtube.com/watch?v=7BIGoHZTV6I
850320,PHOGS!,mJFCXdogNOI,PHOGS! - #1 - Two Dog. One Brain.,2024-12-15,UC-7oMv6E4Uz2tF51w5Sj49w,PlayFrame,False,16492,https://www.youtube.com/watch?v=mJFCXdogNOI
850320,PHOGS!,kMYwb8lZUqM,This Game Is Pure Joy Distilled Into One Noodly Dog-Dog - Phogs! [Demo],2020-07-08,UC2wac-sRkNMPSFEnaOHCL3g,Wanderbots,False,15541,https://www.youtube.com/watch?v=kMYwb8lZUqM
850320,PHOGS!,mo4gpe1_-4w,Phogs! ft. @SuhaniShah | Day 2 | 2 Player Co-op Game!,2021-06-04,UC1GV2cARf3nSuxdav2JiOCQ,Vivek Desai,False,15448,https://www.youtube.com/watch?v=mo4gpe1_-4w
850320,PHOGS!,E6qvDPP-ES8,PHOGS: Conjoined Dogs Prove Two Heads Are Better Than One in this Delightful Physics-Based Adventure,2020-09-13,UCXKNiazqmuUi9CeX_kyDpjw,Alpha Beta Gamer,False,15294,https://www.youtube.com/watch?v=E6qvDPP-ES8
850320,PHOGS!,8P3UeOwcJZE,PHOGS! by Sean_A in 56:35 - Summer Games Done Quick 2023,2023-06-01,UCI3DTtB-a3fJPjKtQ5kYHfA,Games Done Quick,False,14617,https://www.youtube.com/watch?v=8P3UeOwcJZE
850320,PHOGS!,zJ-EE6LQf5o,[ PHOGS ] E남친 텐션 감당 안 되는 I의 최후,2026-05-22,UC87rMg9x_EViiDVPV2mzlHg,폼나구마,False,25604,https://www.youtube.com/watch?v=zJ-EE6LQf5o
850320,PHOGS!,ThAqhF2hGrQ,¡¡PHOGS es SUPER divertido!!,2026-02-13,UCXFr2ObNKv3tbIVCwIqZOvQ,EL Teran,False,15162,https://www.youtube.com/watch?v=ThAqhF2hGrQ
850320,PHOGS!,0_3kDyDS2LA,"I CANI PIÙ FORTI DEL MONDO, ma rompono tutto - NUOVA SERIE - PHOGS!",2023-05-11,UCTDL2esdT8td1RUtuC07mWQ,MarcyGames,False,9440,https://www.youtube.com/watch?v=0_3kDyDS2LA
850320,PHOGS!,dXuPq4xKwvA,PHOGS! Gameplay [No Commentary],2020-12-10,UCiY6F6hd-s0UMq-RtC051PQ,Point Guides,False,9308,https://www.youtube.com/watch?v=dXuPq4xKwvA
850320,PHOGS!,pZO2WrrKb2Y,First Time Playing a Game with my SISTER!! PHOGS GAMEPLAY PC.,2020-12-16,UCyyB5kElrc3e5kVwg1pCqNg,Gamanji,False,9063,https://www.youtube.com/watch?v=pZO2WrrKb2Y
850320,PHOGS!,xU8CM-O1hak,Silvervale plays Phogs w/ Froot,2021-05-07,UCkDepC4LTSAnX4nH8N6AEFw,Silvervale's Twitch Archive,False,8776,https://www.youtube.com/watch?v=xU8CM-O1hak
850320,PHOGS!,SU4Kzx62c8o,Phogs (Nintendo Switch) An Honest Review,2020-12-03,UCBqbd34x14hEaP46XhaZucw,SwitchStars,False,7999,https://www.youtube.com/watch?v=SU4Kzx62c8o
850320,PHOGS!,UNiZCRRUyh0,Sleepy PHOGS #gaming #phogs,2022-05-24,UCSAP8363OcC-dEixYsorY2Q,Skullky,False,11350,https://www.youtube.com/watch?v=UNiZCRRUyh0
850320,PHOGS!,RulEj0l5wzc,Phogs | One Minute-Game Review,2024-12-03,UCQrvCC5tOqCzrk82ouQ1lJQ,Game & Gig,False,8205,https://www.youtube.com/watch?v=RulEj0l5wzc
850320,PHOGS!,1F5co6zxs1Q,Let’s see what we get ￼wait for part two #phonk #pbnation #phogs #fortniteoffline #whatsappstatus,2025-11-07,UCym2QHQZmbYnmF5SdUkvOFg,@Abhi_sian1,False,13699,https://www.youtube.com/watch?v=1F5co6zxs1Q
850320,PHOGS!,wv7EX30wzYc,Just needed a quick nap...  #gaming #phogs #multiplayergame #letsplay,2025-05-06,UCWmDLqfbFxQgM6qPYQHpMwQ,helloiamkate,False,13342,https://www.youtube.com/watch?v=wv7EX30wzYc
850320,PHOGS!,W-YIElx7Lng,Phogs Nintendo Switch Review-Family Fun Co-Op,2020-12-02,UCDmWw-hH5yX450xC2oTKVYQ,SwitchWatch,False,5993,https://www.youtube.com/watch?v=W-YIElx7Lng
850320,PHOGS!,X5JtnLulDs4,PHOGS! Supera los Rompecabezas con este Dúo Perruno,2024-02-19,UCWuqmWlcKrRAXJ3Fvhqj3Pg,Jugando Indies,False,5757,https://www.youtube.com/watch?v=X5JtnLulDs4
850320,PHOGS!,amKAcfmKueM,Aku dan Pacarku Menjadi Anjing Lucu di Game PHOGS!  #fyp #couple #couplegame #phogs,2025-10-10,UCHb4WovF3EjvWbsbV6SI6MQ,Fangotak,False,9217,https://www.youtube.com/watch?v=amKAcfmKueM
850320,PHOGS!,8ofRB5M5sek,PHOGS! - #5 - Please Feed the Phog,2025-01-12,UC-7oMv6E4Uz2tF51w5Sj49w,PlayFrame,False,4885,https://www.youtube.com/watch?v=8ofRB5M5sek
850320,PHOGS!,9xWWKmVOz1I,Phogs! Co Op 2 Player Couch Local Multiplayer - Gameplay,2021-08-27,UCPjuABtwMImFSXdNnQ3OHzA,Local Multiplayer,False,4908,https://www.youtube.com/watch?v=9xWWKmVOz1I
850320,PHOGS!,5ajlUGFQZDI,The House Of Bounce! - Phogs #Shorts,2021-05-28,UC2wac-sRkNMPSFEnaOHCL3g,Wanderbots,False,4857,https://www.youtube.com/watch?v=5ajlUGFQZDI
3444220,NiuMa,x1hGyE7SZD4,Fluffy Fighting Animals Party Game! Feat. @CalebHyles | NiuMa,2025-08-19,UCwO4I8ynGR65ulLqOj93VwA,Uncivil Gamers,False,18514,https://www.youtube.com/watch?v=x1hGyE7SZD4
3444220,NiuMa,Xe5ryVFLAJg,かわいい動物(?)たちのパーティーゲームが白熱していく限界Niuma,2025-12-27,UCMXXDfjkfvtAQq0CT1bYN5w,んそめの備忘録,False,14592,https://www.youtube.com/watch?v=Xe5ryVFLAJg
3444220,NiuMa,xBR35wJNaBQ,GAME PARTY DARI CHINA INI LUCU LOH! - NiuMa Indonesia,2026-01-15,UCxtuzvYz8iSZskiRa01t7zg,Christopher Devin,False,10422,https://www.youtube.com/watch?v=xBR35wJNaBQ
3444220,NiuMa,TZd0t4l32ag,Game Terandom 2026 | NiuMa (w/ Cucurutut),2026-01-15,UC5roJHl2fTWh85s7jl1qKHQ,Kenji,False,5609,https://www.youtube.com/watch?v=TZd0t4l32ag
3444220,NiuMa,bihY2UYBesk,"""NIUMA"" is now officially online!",2025-08-19,UCB-2-cGKS5OYuFIroUOTURQ,Game Star,False,4780,https://www.youtube.com/watch?v=bihY2UYBesk
3444220,NiuMa,LW_Xb8Z-JJc,MAIN GAME BARU YANG GEMOY - NIUMA,2026-01-15,UCGotrYGeSfjji9gML7hS_aQ,Jessica Pica,False,3695,https://www.youtube.com/watch?v=LW_Xb8Z-JJc
3444220,NiuMa,pLxqVW5bWlM,GAME PARTY BARU - NiuMa Indonesia,2026-01-15,UCmi18YfUXtVm1jYiMWnPU9g,Hasta,False,3256,https://www.youtube.com/watch?v=pLxqVW5bWlM
3444220,NiuMa,Yb2-Cn8FG_g,GAME INI MENGAJARKAN CUCURUTUT UNTUK LEBIH SABAR WKWK!! NIUMA,2026-01-15,UCXcI2gNCi3Ne0VYOYcpV_XQ,Jeremy Archer,False,2226,https://www.youtube.com/watch?v=Yb2-Cn8FG_g
3444220,NiuMa,56sG6t8hTvY,วัยเก๋างมเกม : เกมน่ารัก [Niuma demo] + (EMOTICON COMPANY) EP.4,2026-04-08,UC93Wg8Zb9lXmrNixivz0YKw,วัยเก๋างมเกม,False,795,https://www.youtube.com/watch?v=56sG6t8hTvY
3444220,NiuMa,LN5l1v9AntQ,NiuMa Gameplay – Cute Animals Party & Multiplayer Battles,2025-11-14,UCmb7XDnUYZCS_Q_U4b_Xv3w,PhoneInk,False,283,https://www.youtube.com/watch?v=LN5l1v9AntQ
3444220,NiuMa,5AJuTCmOUZo,Our new game 'NIUMA' will soon start a free trial,2025-05-28,UCB-2-cGKS5OYuFIroUOTURQ,Game Star,False,213,https://www.youtube.com/watch?v=5AJuTCmOUZo
3444220,NiuMa,_SUIk0hoFas,NiuMa | Demo | Gameplay PC,2025-06-05,UC3OAgUoy1JEp1FbYQK8bEEA,MAZAVS - Games Channel,False,210,https://www.youtube.com/watch?v=_SUIk0hoFas
3444220,NiuMa,38jeRvWtMSI,"""NIUMA"" will launch on August 14th",2025-08-08,UCB-2-cGKS5OYuFIroUOTURQ,Game Star,True,161,https://www.youtube.com/watch?v=38jeRvWtMSI
3444220,NiuMa,dn1z3_d3kzU,วัยเก๋างมเกม : เกมน่ารัก [Niuma demo] + (EMOTICON COMPANY) EP.3/4 end,2026-04-05,UC93Wg8Zb9lXmrNixivz0YKw,วัยเก๋างมเกม,False,482,https://www.youtube.com/watch?v=dn1z3_d3kzU
3444220,NiuMa,DEIRTveYuQY,【大バズリ中】の 動物しばき合いパーティゲーム『NiuMa』,2025-09-11,UCi6UEocrjISyyQ1-ZEZ2NCQ,ばるさん。ゲーム実況,False,1443,https://www.youtube.com/watch?v=DEIRTveYuQY
3444220,NiuMa,2rjX1FP8c3A,NiuMa gameplay - GogetaSuperx,2025-06-06,UC8zYtDjRHYaK9zKLt0ysf4A,GogetaSuperx,False,117,https://www.youtube.com/watch?v=2rjX1FP8c3A
3444220,NiuMa,9zxpVxrO90M,วัยเก๋างมเกม : เกมน่ารัก [Niuma demo] + (EMOTICON COMPANY) EP.2/2,2026-03-29,UC93Wg8Zb9lXmrNixivz0YKw,วัยเก๋างมเกม,False,677,https://www.youtube.com/watch?v=9zxpVxrO90M
3444220,NiuMa,SsgR6LECkkQ,NiuMa / Demo / Steam Gameplay / Steam Next Fest (W/Hawkwinds & Sam),2025-06-18,UCG5hSQtj5O9xd0Pg48-a1pA,Crazy Stone Gamer,False,61,https://www.youtube.com/watch?v=SsgR6LECkkQ
3444220,NiuMa,kWwxtjweYSs,Niuma and Eupe in Squid Game ge tug of war game,2025-03-30,UCe9PB3N4I7dqRVMOMdylIjg,shibuthe1,False,46,https://www.youtube.com/watch?v=kWwxtjweYSs
3444220,NiuMa,Y2Pod9MmaHc,NIUMA demo out now #indiegame #partygames,2025-06-11,UCaMOYCcdA1FeYtiKJvE6sAQ,Playtester,False,75,https://www.youtube.com/watch?v=Y2Pod9MmaHc
3444220,NiuMa,aQOarcR-u5k,• NiuMa • Party Game | Combat | Funny | Co-Op | PvP | 3D / PC #BestNewPCGames2025,2025-08-14,UCyC8nA6FgWKMD1nFMpOKPwg,Trend Addict Games,False,210,https://www.youtube.com/watch?v=aQOarcR-u5k
3444220,NiuMa,fGmjK_wf5ug,วัยเก๋างมเกม : เกมน่ารัก [Niuma demo] + (EMOTICON COMPANY) EP.3/1,2026-04-05,UC93Wg8Zb9lXmrNixivz0YKw,วัยเก๋างมเกม,False,94,https://www.youtube.com/watch?v=fGmjK_wf5ug
3444220,NiuMa,l9sHR0WaVlc,Black ops 3 zombies shui no niuma,2020-01-04,UCZ8DwCTVwmAiifmR33_at4Q,Flembo13,False,10,https://www.youtube.com/watch?v=l9sHR0WaVlc
3444220,NiuMa,HYVX8dPF7GQ,【 牛馬 】 NIUMA 【 2026/1/4 】,2026-01-04,UCN6BUpbIMvS1bvk1MKx2XFQ,阿宏遊戲實況 hong's Game Channel,False,13,https://www.youtube.com/watch?v=HYVX8dPF7GQ
1714040,Super Auto Pets,oJoDn7T2eN0,DESTROYING My Friendships With UNSTOPPABLE MEMES in Super Auto Pets,2022-01-11,UCK3eoeo-HGHH11Pevo1MzfQ,Blitz,False,777835,https://www.youtube.com/watch?v=oJoDn7T2eN0
1714040,Super Auto Pets,tQ6rCZI6Ld8,I EVOLVED God Level Animals in Super Auto Pets,2021-11-25,UCK3eoeo-HGHH11Pevo1MzfQ,Blitz,False,543910,https://www.youtube.com/watch?v=tQ6rCZI6Ld8
1714040,Super Auto Pets,rSk_OAA409o,Super Auto Pets but we can only use ONE SPECIES,2023-08-10,UCENfgQpuT4MbSL9k9f6QqmA,Keenoe Plays,False,438924,https://www.youtube.com/watch?v=rSk_OAA409o
1714040,Super Auto Pets,arVoae7T1e4,The TANKIEST BUILD in SUPER AUTO PETS,2026-05-26,UCCCOyUvlbt1YagerVgbwopQ,Tewbre,False,427648,https://www.youtube.com/watch?v=arVoae7T1e4
1714040,Super Auto Pets,XE6yrTWfpqQ,Super Auto Pets: A Brutal Game Where Cute Pets Fight,2021-12-20,UCRC6cNamj9tYAO6h_RXd5xA,RTGame,False,381967,https://www.youtube.com/watch?v=XE6yrTWfpqQ
1714040,Super Auto Pets,JO5NuYGIyVI,EL MEJOR JUEGO GRATIS HA VUELTO!! 🔥😈,2026-02-11,UCKGLPbKJXJSlvGUtbU-1tpw,Plech,False,372312,https://www.youtube.com/watch?v=JO5NuYGIyVI
1714040,Super Auto Pets,fXO_9uWQFYc,How to Play the TOP 3 BROKEN Strategies in Super Auto Pets! | (Ultimate Strategy Guide),2022-01-20,UCEOIbDf4xzjDv3bKOgGgGRg,Neetoro,False,323712,https://www.youtube.com/watch?v=fXO_9uWQFYc
1714040,Super Auto Pets,m5EcJ2nZWC4,Super Auto Pets - Gameplay Trailer,2023-03-20,UC-k7n-eLUfTIAx-SvNmSH3Q,Team Wood Games,True,303169,https://www.youtube.com/watch?v=m5EcJ2nZWC4
1714040,Super Auto Pets,WDKH4Z_3l2k,Super Auto Pets is a perfectly balanced game with no exploits!,2023-02-25,UCeP4Yv3s4RvS0-6d9OInRMw,Real Civil Engineer,False,273115,https://www.youtube.com/watch?v=WDKH4Z_3l2k
1714040,Super Auto Pets,UBqabk7MsNA,The Craziest Team That is ACTUALLY REALLY GOOD In Super Auto Pets,2022-04-20,UCI_NMOUQwdBGLw-PlcdcWsw,Skoottie,False,263027,https://www.youtube.com/watch?v=UBqabk7MsNA
1714040,Super Auto Pets,va3_GuhUotg,The PERFECT game of Super Auto Pets,2022-01-09,UCmbSGFM9OU8FwjxZCevr6zw,Ludwig VODs,False,233831,https://www.youtube.com/watch?v=va3_GuhUotg
1714040,Super Auto Pets,CLm464Gumqk,SUPER AUTO PETS HAS BEEN REBORN (Batomon Showdown),2026-09-19,UC3tNpTOHsTnkmbwztCs30sA,Northernlion,False,450842,https://www.youtube.com/watch?v=CLm464Gumqk
1714040,Super Auto Pets,Z0g99VIr4_w,How I Won Super Auto Pets' Hardest Tournament,2024-01-15,UCa-JZxFcRIIhGmlSTy866nQ,secondrockonthemoon,False,208059,https://www.youtube.com/watch?v=Z0g99VIr4_w
1714040,Super Auto Pets,8wfdNyxfdn8,The Best Unit in the Game (Super Auto Pets),2022-02-04,UCmbSGFM9OU8FwjxZCevr6zw,Ludwig VODs,False,201150,https://www.youtube.com/watch?v=8wfdNyxfdn8
1714040,Super Auto Pets,PIeJIh_9nJE,The Most Overpowered Animal (Super Auto Pets),2022-02-23,UCmbSGFM9OU8FwjxZCevr6zw,Ludwig VODs,False,190272,https://www.youtube.com/watch?v=PIeJIh_9nJE
1714040,Super Auto Pets,h6Tsw5fm9M8,Build CRIATIVA não Ganha Game no Super Auto Pets,2022-03-21,UCaYZLVwOnGzmKXvM0SidHtg,MaxPalaro,False,179085,https://www.youtube.com/watch?v=h6Tsw5fm9M8
1714040,Super Auto Pets,S5w0RDlqDKg,These New Pets Make the Game EASY (Super Auto Pets),2022-05-13,UCmbSGFM9OU8FwjxZCevr6zw,Ludwig VODs,False,175258,https://www.youtube.com/watch?v=S5w0RDlqDKg
1714040,Super Auto Pets,pm1VpWt7LMA,"All the mechanics, explained (Super Auto Pets)",2021-11-11,UCG_fPiQHF53atthNmuOoOwg,Blueberry Pieper,False,165520,https://www.youtube.com/watch?v=pm1VpWt7LMA
1714040,Super Auto Pets,nUMmzZ49pjA,1V1 SUPER AUTO PETS,2026-05-23,UCCCOyUvlbt1YagerVgbwopQ,Tewbre,False,162918,https://www.youtube.com/watch?v=nUMmzZ49pjA
1714040,Super Auto Pets,Nluto0JVZWQ,¡EL COMBO QUE ROMPE EL JUEGO! | SUPER AUTO PETS #43,2023-04-23,UCVrrU-Z0cxcVIX9uq40LoqA,Gona89,False,162054,https://www.youtube.com/watch?v=Nluto0JVZWQ
1714040,Super Auto Pets,CbcXz6iMd5U,They added stats to the game - time to lose! (Super Auto Pets),2021-12-30,UC3tNpTOHsTnkmbwztCs30sA,Northernlion,False,160577,https://www.youtube.com/watch?v=CbcXz6iMd5U
1714040,Super Auto Pets,k7OadO42mq0,5 Beginner Mistakes to AVOID in Super Auto Pets (Guide),2022-03-05,UCG_fPiQHF53atthNmuOoOwg,Blueberry Pieper,False,160451,https://www.youtube.com/watch?v=k7OadO42mq0
1714040,Super Auto Pets,lja_SU_fRmg,"Just one more monkey, bro, please, I promise (Super Auto Pets)",2023-02-14,UC3tNpTOHsTnkmbwztCs30sA,Northernlion,False,160296,https://www.youtube.com/watch?v=lja_SU_fRmg
1714040,Super Auto Pets,g-s_7UA33xw,Lost so bad I tried to redesign the game (Super Auto Pets),2022-04-03,UC3tNpTOHsTnkmbwztCs30sA,Northernlion,False,157694,https://www.youtube.com/watch?v=g-s_7UA33xw
1714040,Super Auto Pets,ikFr0HkaE7o,Penguin = most underrated unit in the game (Super Auto Pets),2021-12-22,UC3tNpTOHsTnkmbwztCs30sA,Northernlion,False,153704,https://www.youtube.com/watch?v=ikFr0HkaE7o
1714040,Super Auto Pets,n9zlMg6epig,The Most OP TEAM in SUPER AUTO PETS,2026-06-02,UCCCOyUvlbt1YagerVgbwopQ,Tewbre,False,150337,https://www.youtube.com/watch?v=n9zlMg6epig
1714040,Super Auto Pets,e-o1eG1C_bU,How To Win Every Time | Super Auto Pets,2023-10-05,UC_RoLnUgA44fxvU7t4E-QdA,King Salmon,False,140977,https://www.youtube.com/watch?v=e-o1eG1C_bU
1714040,Super Auto Pets,VUYLDFonCk4,I played the most addictive Pokémon rip-off ever!,2026-09-29,UCeP4Yv3s4RvS0-6d9OInRMw,Real Civil Engineer,False,258754,https://www.youtube.com/watch?v=VUYLDFonCk4
1714040,Super Auto Pets,ZYDPsK71NUk,This BREAKS the game in Super Auto Pets,2021-12-09,UCo8F0MWDvuVK21VMC2PHcZQ,ImCade,False,137585,https://www.youtube.com/watch?v=ZYDPsK71NUk
1714040,Super Auto Pets,oVLF0lGfvMo,How to Get EASY Wins in Super Auto Pets! Fish Rolling Strategy,2022-02-01,UCEOIbDf4xzjDv3bKOgGgGRg,Neetoro,False,132165,https://www.youtube.com/watch?v=oVLF0lGfvMo
1714040,Super Auto Pets,0QYmUNM6Cj0,I've got my eye on a perfect game (Super Auto Pets),2022-01-26,UC3tNpTOHsTnkmbwztCs30sA,Northernlion,False,124120,https://www.youtube.com/watch?v=0QYmUNM6Cj0
1714040,Super Auto Pets,rgomzenMK4A,Toucan play that game (Super Auto Pets),2022-04-08,UC3tNpTOHsTnkmbwztCs30sA,Northernlion,False,106239,https://www.youtube.com/watch?v=rgomzenMK4A
1714040,Super Auto Pets,nbJi6r5vJgQ,The longest match in history (Super Auto Pets),2022-08-23,UC3tNpTOHsTnkmbwztCs30sA,Northernlion,False,103896,https://www.youtube.com/watch?v=nbJi6r5vJgQ
1714040,Super Auto Pets,EOqXpH4oxRI,How I Won Super Auto Pets' Hardest Tournament AGAIN,2024-08-16,UCa-JZxFcRIIhGmlSTy866nQ,secondrockonthemoon,False,100330,https://www.youtube.com/watch?v=EOqXpH4oxRI
1714040,Super Auto Pets,UcPfhxwQyOs,The Most UNDERRATED Early Game Strategy In Super Auto Pets,2021-12-27,UCY5Ny-p5ZyG4FihSyxpKT0w,Wisdom Weir,False,97899,https://www.youtube.com/watch?v=UcPfhxwQyOs
1714040,Super Auto Pets,CkClwfN-Lu8,Pineapple - the best fruit in-game and IRL? (Super Auto Pets),2023-01-14,UC3tNpTOHsTnkmbwztCs30sA,Northernlion,False,88176,https://www.youtube.com/watch?v=CkClwfN-Lu8
1714040,Super Auto Pets,8NlZAn2S7SA,Level 3 Leopard is the DEADLIEST Unit in this game.. (Super Auto Pets Strategy),2022-01-13,UCRtfuc-QcljK-Ni9Q13TGLQ,G0ldimon,False,81271,https://www.youtube.com/watch?v=8NlZAn2S7SA
1714040,Super Auto Pets,A904D3hZ8bY,Super Auto Pets is Game of the Year,2021-11-04,UCV96ER3MAI1S81HH6l9wwbQ,Mr. Fruit,False,79133,https://www.youtube.com/watch?v=A904D3hZ8bY
1714040,Super Auto Pets,uVkn5avzUOU,Is Tiger Rhino The Most Fun Build In The Game? (Super Auto Pets),2022-01-17,UCJCdLOflMzJRUt3AVZ5nS0w,SubOptimal,False,74419,https://www.youtube.com/watch?v=uVkn5avzUOU
1714040,Super Auto Pets,pr5Lj-JdYgQ,Can I Become the #1 Ranked Super Auto Pets Player? (FULL MOVIE),2025-11-09,UCiy4D-pnxZZjFVZ3_xainSw,Rev GT,False,75986,https://www.youtube.com/watch?v=pr5Lj-JdYgQ
1714040,Super Auto Pets,tzoxoVFtFjE,A Single Game of Super Auto Pets,2023-02-02,UCmbSGFM9OU8FwjxZCevr6zw,Ludwig VODs,False,71881,https://www.youtube.com/watch?v=tzoxoVFtFjE
1714040,Super Auto Pets,IL4Pxqy0jEk,I will never complain about this game ever again (Super Auto Pets),2023-10-11,UC3tNpTOHsTnkmbwztCs30sA,Northernlion,False,70473,https://www.youtube.com/watch?v=IL4Pxqy0jEk
1714040,Super Auto Pets,qx7P1zS5FNI,NEW Super Auto Pets Game mode!,2021-11-16,UCpJZz0NtSgIdFhaXSPV4YqQ,Stanz,False,56524,https://www.youtube.com/watch?v=qx7P1zS5FNI
1714040,Super Auto Pets,EgyOHuj7Auo,THE MOST INSANE GAMES YOU'LL EVER SEE! | Super Auto Pets,2023-01-16,UCK3sZ75IBFD597W9DPB84iQ,SuperAutoGaming,False,51488,https://www.youtube.com/watch?v=EgyOHuj7Auo
1714040,Super Auto Pets,HINc_sn31nY,How To Win EVERY Game In Super Auto Pets,2021-12-26,UCY5Ny-p5ZyG4FihSyxpKT0w,Wisdom Weir,False,51151,https://www.youtube.com/watch?v=HINc_sn31nY
1714040,Super Auto Pets,U2C-5jixjyA,NOVA ANIMAÇÃO DO SUPER AUTO PETS FICOU LINDO!,2023-04-18,UCUJf2PCRGt7XskToA-1_1hw,wallacetaa,False,40815,https://www.youtube.com/watch?v=U2C-5jixjyA
1714040,Super Auto Pets,IkwHCNn3OWw,T-rex late game is insane | Super Auto Pets,2021-11-15,UCXblUSzfFgKl7m0fFUNpHgQ,Kiri The Fox,False,35093,https://www.youtube.com/watch?v=IkwHCNn3OWw
1714040,Super Auto Pets,_cmPmw-8Nhs,Thử game cờ thú tự động Super Auto Pets! (18/5),2024-05-18,UC2hM5-2qdj8yok6Slw0vDuQ,iLoda,False,34200,https://www.youtube.com/watch?v=_cmPmw-8Nhs
495890,Montaro,ur4CqxAyxAo,Montaro / PANTY THEIF  / Jaltoid Games,2016-08-11,UClVLw-GA1G_1TI8m4wdTvbg,Jaltoid Media,False,179822,https://www.youtube.com/watch?v=ur4CqxAyxAo
495890,Montaro,z1emcHNb7S0,DOGE WITH IT | Montaro,2017-07-10,UCV96ER3MAI1S81HH6l9wwbQ,Mr. Fruit,False,108078,https://www.youtube.com/watch?v=z1emcHNb7S0
495890,Montaro,e8F9mXCL47Y,Doge the Panty Collector + Big Jiggly Shirts on Sale Now! - MONTARO FUNNY MOMENTS,2016-08-25,UC1o9zvRwIqP_K5ByWs-EVwA,BigJigglyPanda,False,46694,https://www.youtube.com/watch?v=e8F9mXCL47Y
495890,Montaro,3DTuDJvrAwY,그저 여고생쟝의 팬티를 훔치는 게임 - Montaro 【매드해터】,2018-12-23,UC7xVTtFYNS08ePh3Wddfvmg,매드해터,False,24082,https://www.youtube.com/watch?v=3DTuDJvrAwY
495890,Montaro,r1TkYOv70ys,Kawaii Shiba Inu / Doge RAGE GAME! - MONTARO,2016-08-02,UClxGlpO6TzyJcW7gPCJe94g,GLOCO,False,8463,https://www.youtube.com/watch?v=r1TkYOv70ys
495890,Montaro,n4TVNOfBr5M,Montaro gameplay PC HD [1080p/60fps],2016-07-27,UCQILNA1-ed-lk5YfZlIP6EQ,GameGrindZone,False,7602,https://www.youtube.com/watch?v=n4TVNOfBr5M
495890,Montaro,kKz9WZGKadk,60% Liu kang/Montaro Combo(Mortal Kombat 1) #fgc #MK1 #liukang,2023-10-06,UCVSy7SgKWsk5nZo6eCMyL8A,Kayzeeyo ,False,6124,https://www.youtube.com/watch?v=kKz9WZGKadk
495890,Montaro,vljDDymudy0,Don’t mess with Montaro in Mortal Kombat 1 #mortalkombat1 #motaro #montarogameplay,2023-08-25,UCypNUDJ-_MkwKBEKzm34JZw,Media Glitch,False,6135,https://www.youtube.com/watch?v=vljDDymudy0
495890,Montaro,h1ibABgv4WE,Montaro RE Gameplay (PC Game),2018-11-24,UCmk_1iK7Dxd2VmIo1DwN0cw,AllGamesWorldHd,False,5038,https://www.youtube.com/watch?v=h1ibABgv4WE
495890,Montaro,ZR9B9bwNU0k,MONTARO - Weird Japanese Game.. Need I say more?,2017-04-09,UCrtk5rTOhSPwcF5dNePLCJg,Bentastic,False,4578,https://www.youtube.com/watch?v=ZR9B9bwNU0k
495890,Montaro,WYF7JtKnnXs,터진 멘탈은 빤쮸 훔치면서 복구할게요 [스팀게임 Montaro] steam game  shiba montaro,2017-12-28,UCoEWEPaxEjJhTanpyLxVIHQ,안겨 [GYEOTUBE](겨튜브),False,3672,https://www.youtube.com/watch?v=WYF7JtKnnXs
495890,Montaro,NGUtfqCGDvE,COOLEST DOGE EVER | 4K | Montaro,2018-01-04,UClCCEXW6lcU2gSbFm9U-hkQ,Rothenium,False,3370,https://www.youtube.com/watch?v=NGUtfqCGDvE
495890,Montaro,OL3alWCQeTY,【Montaro RE】JKのスカートをめくるめくるめくゲーム【PT犬ゲー】,2022-01-20,UCnVujD_v0QSaoD0RF0BZGDQ,kbMちゃんねる【GAME館】,False,3230,https://www.youtube.com/watch?v=OL3alWCQeTY
495890,Montaro,v8Qj8nHavco,Doge Rains From Above Achievement | Montaro,2016-08-06,UCIftqg0AHhlBc2XitphBeeQ,Anthony Duong,False,2426,https://www.youtube.com/watch?v=v8Qj8nHavco
495890,Montaro,1rRAwWd1_I8,Game Spotlight | Montaro,2017-11-11,UCpBjivUwgVnxtpJoO_ljzAw,Critiquing Doge,False,2158,https://www.youtube.com/watch?v=1rRAwWd1_I8
495890,Montaro,3X1YbRbCLnE,【Live Gaming】FAMILY DAY บ้านแม่ MonTaRo & บ้าน Flora 🗡🌸,2023-05-21,UCmN7K6QnC46aah-_69EGksw,Lawrenze l Blessing,False,1719,https://www.youtube.com/watch?v=3X1YbRbCLnE
495890,Montaro,yKWZjOu-fHg,Drop Achievement | Montaro,2016-08-06,UCIftqg0AHhlBc2XitphBeeQ,Anthony Duong,False,1463,https://www.youtube.com/watch?v=yKWZjOu-fHg
495890,Montaro,ZgGQeEAuRO0,Montaro It's A Trap Achievement,2016-08-05,UCN1CA6ajgn5PH2I82ET9CdQ,Kuroha Neko,False,1251,https://www.youtube.com/watch?v=ZgGQeEAuRO0
495890,Montaro,RX-CPo_Pvhw,Doge Carnival Achievement | Montaro,2016-08-06,UCIftqg0AHhlBc2XitphBeeQ,Anthony Duong,False,1176,https://www.youtube.com/watch?v=RX-CPo_Pvhw
495890,Montaro,RVTGrqi--g0,🏆 Montaro : RE (100% Achievements LP),2019-01-25,UC0za38qhdjeZ-EVE-eRsu-g,Achievement Hunter Xeinok,False,1131,https://www.youtube.com/watch?v=RVTGrqi--g0
495890,Montaro,6TvQnHYRq9M,4x4 IVS - Crazy + Josipano + Summers + Montaro vs Matej + Cenzo + Song + Obela - game 2 -02-05-16,2016-07-03,UCu5M8IjDPm8oigWwl2furtw,maxcrazy,False,1084,https://www.youtube.com/watch?v=6TvQnHYRq9M
495890,Montaro,Duhlm3sL-NY,NITARA's Wake Up is a Launcher! With Montaro: Mortal Kombat 1 Secrets #mortalkomat1 #mk1,2023-10-19,UCIOYC3VtpLMq3wH6X6JXzIQ,EpicPour,False,1064,https://www.youtube.com/watch?v=Duhlm3sL-NY
495890,Montaro,8YPhaETLS2U,MONTARO - Simple Doggo Runner! [First Impressions],2017-07-15,UCa3WTRDahCpDL_051YONqVQ,Zeenigami,False,1041,https://www.youtube.com/watch?v=8YPhaETLS2U
495890,Montaro,20ol0fnxEQQ,"Montaro 10,000 Score (43.27 RTA) [Former World Record]",2017-12-13,UCGp6-O7Sk88jT0nAQpuEcUw,Keizaron,False,939,https://www.youtube.com/watch?v=20ol0fnxEQQ
495890,Montaro,Ubf7rt037ZU,Ryu vs Montaro - Mugen Street Fighter  #shorts,2022-11-05,UCBNlPla95PSsWrdkiVtWx8A,Sunny GamiX,False,950,https://www.youtube.com/watch?v=Ubf7rt037ZU
495890,Montaro,Tfij8X3Fo0k,【Montaro RE】Me and @isla_coleman competing over silly doge game ;3,2024-04-17,UCgM1sly6rnxqWe8GLbceEag,Naki Kamizuki / 上月なき【EverAfter】,False,924,https://www.youtube.com/watch?v=Tfij8X3Fo0k
495890,Montaro,noCfIlvb8ks,[LIVE ARCHIVE] Montaro... I found it on Steam,2016-07-29,UCa-JqUM4uXBskGSkHa2c_Kw,Howdy Folks! Gaming,False,842,https://www.youtube.com/watch?v=noCfIlvb8ks
495890,Montaro,rjx7NGiu4NI,Iori vs Montaro - Mugen Street Fighter #shorts,2022-10-30,UCBNlPla95PSsWrdkiVtWx8A,Sunny GamiX,False,818,https://www.youtube.com/watch?v=rjx7NGiu4NI
495890,Montaro,48t1YSVo8pQ,Montaro 2 Teaser EN #steam #doge #gametrailers,2023-04-18,UCamtq2O4tM3NqH97CfAGuCw,潔西卡被巴,True,763,https://www.youtube.com/watch?v=48t1YSVo8pQ
495890,Montaro,A0cXXOdmnds,Montaro || The Doge Meme Endless Runner,2017-06-28,UCTjrsQgjZmBzYzWaAh0zI3Q,GamingTaylor,False,754,https://www.youtube.com/watch?v=A0cXXOdmnds
495890,Montaro,394xt68YZRw,Montaro - All costumes,2016-08-05,UC-RJFyv0-kMRQY1bpOm88Zw,Bebohead,False,739,https://www.youtube.com/watch?v=394xt68YZRw
495890,Montaro,dSSJ3X-KTIc,Playing Montaro,2017-08-22,UCgeB9xP1vAxlfFP9b-LNT1A,Chloe,False,667,https://www.youtube.com/watch?v=dSSJ3X-KTIc
495890,Montaro,4rgIQRufYtk,PANTSU DOGE! | Montaro,2016-12-16,UCl0tFPcnLIR9H1LNoC0zPxg,MrRayhonda,False,522,https://www.youtube.com/watch?v=4rgIQRufYtk
495890,Montaro,5wZ7s6qPFCA,Playing cute game montaro #games #game #gaming #gameplay #funny #cute #trending #tiktok,2025-01-04,UCBkZVlmTFzyyAGyC9acl7vQ,可可咖啡COCOKOPI,False,478,https://www.youtube.com/watch?v=5wZ7s6qPFCA
495890,Montaro,bpzbP-IVftw,Montaro: RE 100% All Achievements Speedrun,2018-12-07,UCpveEvkt7n-Om6yKW-NRvRw,n0mori,False,468,https://www.youtube.com/watch?v=bpzbP-IVftw
495890,Montaro,8NXV0D6qSlM,Montaro RE | Doge Gameplay? ¯\_(ツ)_/¯,2018-11-25,UCN9RR6aczKxd6Ks_BN1fYiA,Verociel,False,441,https://www.youtube.com/watch?v=8NXV0D6qSlM
495890,Montaro,2h4l8GnKGus,Montaro Certainly is A Game,2024-07-18,UCzXmMRRVTphqNcvK7my5xvw,Crystalpaw Gaming,False,423,https://www.youtube.com/watch?v=2h4l8GnKGus
495890,Montaro,awb23aadtNc,Visit The State Of Montaro | The State Of Montaro RP | #gtav #fivem #gtarp,2026-07-22,UCdiszQmnIQKrebi20Rh3W1A,Montaro Broadcasting Network,False,4341,https://www.youtube.com/watch?v=awb23aadtNc
495890,Montaro,qCL6nH1X9Oc,"Montaro game, pls",2017-04-03,UCsMfUHm4HOfd8blGqg9_LUw,Dolan Studios,False,402,https://www.youtube.com/watch?v=qCL6nH1X9Oc
495890,Montaro,ByCZaXTMWH4,Montaro 👹,2021-04-26,UCuVEJ-Sy2uATsawgddIaxfQ,Thomas Khalil,False,399,https://www.youtube.com/watch?v=ByCZaXTMWH4
495890,Montaro,1nEt8dCi4QE,Bus Driver Guide | How To Make Money In State of Montaro,2026-08-09,UCB5dYPb6V1qtX1EixUMUm4w,Obake,False,533,https://www.youtube.com/watch?v=1nEt8dCi4QE
495890,Montaro,IW4oaF0SVqo,Liola collects 🩲 ?!?! #Montaro #shorts,2023-04-24,UCKKH64iHZH2O9NdlsOQD2Qg,Liola Lightbringer Ch. ,False,393,https://www.youtube.com/watch?v=IW4oaF0SVqo
495890,Montaro,ig2rTYuA0Dk,Trash Collector Guide | How To Make Money In State of Montaro,2026-08-07,UCB5dYPb6V1qtX1EixUMUm4w,Obake,False,504,https://www.youtube.com/watch?v=ig2rTYuA0Dk
495890,Montaro,mB_u2w0ZyOM,Forklift Guide | How To Make Money In State of Montaro,2026-08-11,UCB5dYPb6V1qtX1EixUMUm4w,Obake,False,579,https://www.youtube.com/watch?v=mB_u2w0ZyOM
495890,Montaro,wmuCqvXF13c,Montaro kills nami and rukia (inflatality),2025-01-25,UC8xbO6Fm9FIVOAUbfmZ8dJg,Noahgoodatlife,False,336,https://www.youtube.com/watch?v=wmuCqvXF13c
495890,Montaro,QviBGzsXvT4,Montaro ☠️🧤 #eafcmobile #fifamobile #eafc #fifa,2026-04-11,UCXAHQqJWBeyYApvTkHWWRkw,SkullStriker  is livee,False,905,https://www.youtube.com/watch?v=QviBGzsXvT4
495890,Montaro,BRcPWRCA3uc,PANTSU SIMULATOR! | Montaro Funny Moments - ChaoticShadow24,2017-01-02,UCLNzAre9n7eX2VtCS7eAmxQ,Chaott,False,320,https://www.youtube.com/watch?v=BRcPWRCA3uc
495890,Montaro,apKbGWLXXK0,MONTARO #mortalkombate #gameplay #umk3arcade #Nostalgia,2026-05-07,UCDXif4eEF5_6AC9b8tWm5hw,Samuca Game,False,789,https://www.youtube.com/watch?v=apKbGWLXXK0
495890,Montaro,YxJCyQ-60D8,MONTAROS BIZARRE ADVENTURE!!!!!! | Montaro Part 1,2018-11-25,UCzmVr77g3qTeqzsdpQOY2pw,CherryBoy,False,306,https://www.youtube.com/watch?v=YxJCyQ-60D8
495890,Montaro,1ElKx7pynZ0,Montaro : RE (Steam game full part gameplay with all characters),2019-03-02,UC_q7x3u8O0PzLjyV8pyV8RQ,Mega Blue,False,293,https://www.youtube.com/watch?v=1ElKx7pynZ0
914710,Cat Quest II,qCP-DWXK2qE,Cat Quest II - Launch Trailer - Nintendo Switch,2019-10-24,UCGIY_O-8vW4rfX98KlMkvRg,Nintendo of America,True,314931,https://www.youtube.com/watch?v=qCP-DWXK2qE
914710,Cat Quest II,5WOgPO-HSPM,เปิดตำนานทวงคืนบัลลังก์จากราชาปีศาจ- Ep.1 | Cat Quest II [ ภาค 2 ][ไทย],2019-09-24,UCPqIWtMTokl0K5eipgRnvdQ,Hii Channel,False,196580,https://www.youtube.com/watch?v=5WOgPO-HSPM
914710,Cat Quest II,hJ0hMe9DBNo,¡LA PRIMERA SERIE CON MI NOVIA! | PARTE #1 | CAT QUEST II (SWITCH) | CHEQUIO & MAYRIM,2021-01-10,UCTA9LdIYhJ2-g0qYqV3eXvg,ChequioProGamer,False,153815,https://www.youtube.com/watch?v=hJ0hMe9DBNo
914710,Cat Quest II,Kp4NnLocNMI,Cat Quest II - Official Launch Trailer,2019-09-24,UCiaJznIDfoNiFSYNMjQUV6g,The Gentlebros,True,131403,https://www.youtube.com/watch?v=Kp4NnLocNMI
914710,Cat Quest II,_32NUFHYgWI,Cat Quest II - Official Reveal Teaser,2018-06-27,UCiaJznIDfoNiFSYNMjQUV6g,The Gentlebros,True,130807,https://www.youtube.com/watch?v=_32NUFHYgWI
914710,Cat Quest II,jMwgxspjwY4,แมวกับหมารวมพลังทวงคืนบัลลังก์ Cat Quest II,2021-08-19,UCigsRUvOKCw3SJbnS_XloGw,Thanks For Watching,False,125565,https://www.youtube.com/watch?v=jMwgxspjwY4
914710,Cat Quest II,tg9zgKO_1X0,Cat Quest II - Gamescom 2019 Gameplay Trailer | PS4,2019-08-19,UC-2Y8dQb0S6DtpxNgAKoJKA,PlayStation,True,99731,https://www.youtube.com/watch?v=tg9zgKO_1X0
914710,Cat Quest II,TxpVMX3EfQc,Cat Quest II - Launch Trailer | PS4,2019-10-24,UC-2Y8dQb0S6DtpxNgAKoJKA,PlayStation,True,83300,https://www.youtube.com/watch?v=TxpVMX3EfQc
914710,Cat Quest II,mu81gsrNkVk,Cat Quest II - Mew World Update - PS4,2020-08-07,UC-2Y8dQb0S6DtpxNgAKoJKA,PlayStation,True,82418,https://www.youtube.com/watch?v=mu81gsrNkVk
914710,Cat Quest II,Jd11SPrPx6g,One-minute review of Cat Quest II  (Played in Co-op),2023-07-14,UCQrvCC5tOqCzrk82ouQ1lJQ,Game & Gig,False,89660,https://www.youtube.com/watch?v=Jd11SPrPx6g
914710,Cat Quest II,AbKoGhnV9eA,¡OSCURIDAD ABSOLUTA! | PARTE #3 | CAT QUEST II (SWITCH) | CHEQUIO & MAYRIM,2021-01-15,UCTA9LdIYhJ2-g0qYqV3eXvg,ChequioProGamer,False,69598,https://www.youtube.com/watch?v=AbKoGhnV9eA
914710,Cat Quest II,sAU3M2bMp3I,Cat Quest II - Announcement Trailer - Nintendo Switch,2019-08-22,UCGIY_O-8vW4rfX98KlMkvRg,Nintendo of America,True,67125,https://www.youtube.com/watch?v=sAU3M2bMp3I
914710,Cat Quest II,eNntgI1YBsA,¡CAEMOS EN UNA TRAMPA MORTAL! | PARTE #2 | CAT QUEST II (SWITCH) | CHEQUIO & MAYRIM,2021-01-14,UCTA9LdIYhJ2-g0qYqV3eXvg,ChequioProGamer,False,65294,https://www.youtube.com/watch?v=eNntgI1YBsA
914710,Cat Quest II,X3UgaiBuOT4,Cat Quest 2 review | The purrfect sequel?,2019-09-23,UCqSCjiYXYZ2rbRc2wfT-B2A,God is a Geek,False,65312,https://www.youtube.com/watch?v=X3UgaiBuOT4
914710,Cat Quest II,Mjf8KMMwuts,¡NUEVAS ARMAS PODEROSAS! | PARTE #5 | CAT QUEST II (SWITCH) | CHEQUIO & MAYRIM,2021-01-21,UCTA9LdIYhJ2-g0qYqV3eXvg,ChequioProGamer,False,64499,https://www.youtube.com/watch?v=Mjf8KMMwuts
914710,Cat Quest II,HJ4f0AW6fvM,¡SE COMPLICA EL JUEGO! | PARTE #4 | CAT QUEST II (SWITCH) | CHEQUIO & MAYRIM,2021-01-19,UCTA9LdIYhJ2-g0qYqV3eXvg,ChequioProGamer,False,62342,https://www.youtube.com/watch?v=HJ4f0AW6fvM
914710,Cat Quest II,gUZgbv8m0Mo,Cat Quest II - #1 - CUTEST CO-OP GAME OF THE YEAR!,2019-12-09,UCVH4oOW0CBJ1W_WsJKd_62Q,Stumpt,False,57581,https://www.youtube.com/watch?v=gUZgbv8m0Mo
914710,Cat Quest II,UoBrPfAfdzI,¡ESPADA LEGENDARIA! | PARTE #7 | CAT QUEST II (SWITCH) | CHEQUIO & MAYRIM,2021-01-25,UCTA9LdIYhJ2-g0qYqV3eXvg,ChequioProGamer,False,56025,https://www.youtube.com/watch?v=UoBrPfAfdzI
914710,Cat Quest II,ccyyJ7y3ejY,¡EN BUSCA DE GRANDES RECOMPENSAS! | PARTE #6 | CAT QUEST II (SWITCH) | CHEQUIO & MAYRIM,2021-01-22,UCTA9LdIYhJ2-g0qYqV3eXvg,ChequioProGamer,False,54746,https://www.youtube.com/watch?v=ccyyJ7y3ejY
914710,Cat Quest II,imoS_KwASME,Обзор игры Cat Quest 2,2019-09-23,UCK2q0DClgCrwKmO4yJkueKg,NyanGames,False,47563,https://www.youtube.com/watch?v=imoS_KwASME
914710,Cat Quest II,g8pDjkXAfV8,Cat Quest II: Tips And Tricks,2019-11-25,UCn7aXEuMa6TwKA6g8hJgXnA,Squeaking Lion,False,46138,https://www.youtube.com/watch?v=g8pDjkXAfV8
914710,Cat Quest II,Ub7sOj8HCp0,CAT QUEST II - REVIEW,2019-09-23,UCSodwjppL_asrFdCEwPP3xQ,Cornshaq,False,44291,https://www.youtube.com/watch?v=Ub7sOj8HCp0
914710,Cat Quest II,osF8AWyhijo,Cat Quest II เกมผจญภัยของแมวหมากู้โลกภาค 2 พร้อมภาษาไทย !!,2019-10-05,UCbPXc445U0-9NVYaf2VZkBw,Shorty Bluejova,False,34703,https://www.youtube.com/watch?v=osF8AWyhijo
914710,Cat Quest II,lXVaqL6eMuQ,Cat Quest II Nintendo Switch Gameplay,2019-10-13,UC98JwkP56KVcpPEnZeJRcDw,Handheld Players,False,34136,https://www.youtube.com/watch?v=lXVaqL6eMuQ
914710,Cat Quest II,DI5KTdkw270,LOCALIZACIÓN DE LA LLAVE DORADA | CÓMO ABRIR COFRES DORADOS | LLAVE DE ORO | CAT QUEST II,2019-10-25,UC47N_RPjY3AS2EF_eiKP1-w,GuiasXamonicas,False,25898,https://www.youtube.com/watch?v=DI5KTdkw270
914710,Cat Quest II,kG4BZFuVHqg,Cat Quest II - Full Game Walkthrough (No Commentary) - 100% Achievements,2024-01-31,UCjXhYVGTDHsx2LWKIvtjSEA,Carrot Helper - 100% Walkthroughs | No Commentary,False,24816,https://www.youtube.com/watch?v=kG4BZFuVHqg
914710,Cat Quest II,7Cxw58U8lWs,[Former WR] Any% in 51:59 | Cat Quest II Speedrun,2020-06-16,UCbNwW4Rl_nXWmLxBKOUKihA,Gumjaw,False,24675,https://www.youtube.com/watch?v=7Cxw58U8lWs
1222370,Necromunda: Hired Gun,mOt6Nl1K5xU,Warhammer 40K Necromunda: Hired Gun Review,2021-05-31,UClOGLGPOqlAiLmOvXW5lKbw,MandaloreGaming,False,2008188,https://www.youtube.com/watch?v=mOt6Nl1K5xU
1222370,Necromunda: Hired Gun,KSMJt_VuHqI,Warhammer 40K FPS - Necromunda Gameplay and Impressions,2021-06-02,UCw7FkXsC00lH2v2yB5LQoYA,jackfrags,False,1490189,https://www.youtube.com/watch?v=KSMJt_VuHqI
1222370,Necromunda: Hired Gun,MI08MPiL7WQ,Necromunda: Hired Gun - Reveal Trailer,2021-03-18,UCaLdl0827np4QVPESo794og,Focus Entertainment,True,935938,https://www.youtube.com/watch?v=MI08MPiL7WQ
1222370,Necromunda: Hired Gun,xYW7-aW9R7c,Necromunda: Hired Gun - Enter the Hive Trailer,2021-04-21,UCaLdl0827np4QVPESo794og,Focus Entertainment,True,716785,https://www.youtube.com/watch?v=xYW7-aW9R7c
1222370,Necromunda: Hired Gun,g0IVC4IqwXI,Necromunda: Hired Gun - Before You Buy,2021-05-31,UCNvzD7Z-g64bPXxGzaQaa4g,gameranx,True,614213,https://www.youtube.com/watch?v=g0IVC4IqwXI
1222370,Necromunda: Hired Gun,qYoXfJcbfxs,NECROMUNDA HIRED GUN Gameplay Walkthrough Part 1 FULL GAME [4K 60FPS PC] - No Commentary,2021-05-31,UC1bwliGvJogr7cWK0nT2Eag,MKIceAndFire,False,573846,https://www.youtube.com/watch?v=qYoXfJcbfxs
1222370,Necromunda: Hired Gun,nFKMP1iJQHs,NECROMUNDA HIRED GUN Walkthrough Gameplay Part 1 - INTRO (FULL GAME),2021-06-04,UCpqXJOEqGS-TCnazcHCo0rA,theRadBrad,False,570072,https://www.youtube.com/watch?v=nFKMP1iJQHs
1222370,Necromunda: Hired Gun,bL7AM8fN7vo,Necromunda: Hired Gun (Zero Punctuation),2021-06-23,UCqg5FCR7NrpvlBWMXdt-5Vg,The Escapist,False,460064,https://www.youtube.com/watch?v=bL7AM8fN7vo
1222370,Necromunda: Hired Gun,_CTGVSBS97M,Firearms Expert Reacts To Necromunda: Hired Gun’s Guns,2021-06-12,UCbu2SsF-Or3Rsn3NxqODImw,GameSpot,True,435817,https://www.youtube.com/watch?v=_CTGVSBS97M
1222370,Necromunda: Hired Gun,Tns-yywYnAI,☠ PAT DOG SHOOT GUN ☠ Necromunda: Hired Gun is an Awesome Fustercluck,2021-05-31,UC5gsrZTtWG_AqDFmuq81Q-w,Rimmy Downunder,False,384559,https://www.youtube.com/watch?v=Tns-yywYnAI
1222370,Necromunda: Hired Gun,EBhSdA7JIwg,Обзор игры Necromunda: Hired Gun,2021-06-10,UCq7JZ8ATgQWeu6sDM1czjhg,StopGame,False,330053,https://www.youtube.com/watch?v=EBhSdA7JIwg
1222370,Necromunda: Hired Gun,QOS_oc1qLCM,Necromunda: Hired Gun – Launch Trailer,2021-06-01,UCaLdl0827np4QVPESo794og,Focus Entertainment,True,326770,https://www.youtube.com/watch?v=QOS_oc1qLCM
1222370,Necromunda: Hired Gun,NtqVLk1vC-I,Necromunda: Hired Gun - Official Cinematic Launch Trailer,2021-05-26,UCKy1dAqELo0zrOtPkf0eTMw,IGN,True,309612,https://www.youtube.com/watch?v=NtqVLk1vC-I
1222370,Necromunda: Hired Gun,H7yvDV0k-M8,I recommend: Necromunda Hired Gun (Review),2021-05-31,UCZ7AeeVbyslLM_8-nVy2B8Q,Skill Up,False,296378,https://www.youtube.com/watch?v=H7yvDV0k-M8
1222370,Necromunda: Hired Gun,D_d1FXqio0o,NECROMUNDA: HIRED GUN: ALL WEAPONS,2021-06-05,UCVmt_GkYMH5dqisYjW7Iwrw,Weapons From Games,False,270356,https://www.youtube.com/watch?v=D_d1FXqio0o
1222370,Necromunda: Hired Gun,2LEIGPnFw7E,Necromunda: Hired Gun Review,2021-06-03,UCKy1dAqELo0zrOtPkf0eTMw,IGN,True,265889,https://www.youtube.com/watch?v=2LEIGPnFw7E
1222370,Necromunda: Hired Gun,DWGQZ8Lledc,"Necromunda: Hired Gun Review ""Buy, Wait for Sale, Never Touch?""",2021-05-31,UCK9_x1DImhU-eolIay5rb2Q,ACG,False,263915,https://www.youtube.com/watch?v=DWGQZ8Lledc
1222370,Necromunda: Hired Gun,4JDpuhJXxCM,Necromunda: Hired Gun Review - 40k Jank,2021-05-31,UCKlUrYO3i9MDlL45Ia6j5EA,GmanLives,False,249458,https://www.youtube.com/watch?v=4JDpuhJXxCM
1222370,Necromunda: Hired Gun,g7F1xyy257M,So hart hat's Warhammer noch nie krachen lassen! - Necromunda: Hired Gun im Test,2021-06-04,UC6C1dyHHOMVIBAze8dWfqCw,GameStar,False,175258,https://www.youtube.com/watch?v=g7F1xyy257M
1222370,Necromunda: Hired Gun,Z-k3PvlYTGY,THIS GAME IS CRAZY FUN!! | Necromunda: Hired Gun (Warhammer),2021-06-03,UCdQWs2nw6w77Rw0t-37a4OA,CaRtOoNz,False,161676,https://www.youtube.com/watch?v=Z-k3PvlYTGY
1222370,Necromunda: Hired Gun,-wLvVN-ZeRg,Necromunda Hired Gun makes playing Warhammer actually fun,2023-09-26,UCZw4WkJhfoovdJ1eYwa7qyA,oboeshoesgames,False,138833,https://www.youtube.com/watch?v=-wLvVN-ZeRg
1222370,Necromunda: Hired Gun,FFh-fyazPhY,"Necromunda: Hired Gun - Reveal Trailer | PS5, PS4",2021-03-18,UC-2Y8dQb0S6DtpxNgAKoJKA,PlayStation,True,137469,https://www.youtube.com/watch?v=FFh-fyazPhY
1222370,Necromunda: Hired Gun,ICToVSokVnw,Necromunda Hired Gun Gameplay Deutsch #01 - Düstere Warhammer 40k Welt,2021-06-01,UCOTyb6e_v9cz2Bu7VzFW7tg,KeysJore,False,103700,https://www.youtube.com/watch?v=ICToVSokVnw
1222370,Necromunda: Hired Gun,4bf6XrGI9K0,Necromunda: Hired Gun - Angry Impressions!,2021-07-21,UCsgv2QHkT2ljEixyulzOnUQ,AngryJoeShow,False,98373,https://www.youtube.com/watch?v=4bf6XrGI9K0
1222370,Necromunda: Hired Gun,1tWaS6NHXGM,"Necromunda: Hired Gun - Enter the Hive Trailer | PS5, PS4",2021-04-21,UC-2Y8dQb0S6DtpxNgAKoJKA,PlayStation,True,91693,https://www.youtube.com/watch?v=1tWaS6NHXGM
1222370,Necromunda: Hired Gun,UKMcxNx8jko,Necromunda: Hired Gun - Warhammer 40k Gets Another FPS Game!,2021-03-19,UCID5aKswrcyFjLgDh4kRXYA,milkandcookiesTW,False,89831,https://www.youtube.com/watch?v=UKMcxNx8jko
1222370,Necromunda: Hired Gun,lgGNPuqpwmA,NECROMUNDA HIRED GUN Gameplay Walkthrough FULL GAME (4K 60FPS) No Commentary,2021-06-01,UC7eAfUjR9gdIjoaoQaS0W-A,Shirrako,False,87250,https://www.youtube.com/watch?v=lgGNPuqpwmA
1222370,Necromunda: Hired Gun,ySHe0n9Bngo,Necromunda : HIRED GUN - Grimdark Sci Fi Bounty Hunting,2021-05-31,UC8nZUXCwCTffxthKLtOp6ng,Splattercatgaming,False,85585,https://www.youtube.com/watch?v=ySHe0n9Bngo
1222370,Necromunda: Hired Gun,RFukTLptQv8,Necromunda: Hired Gun - Lasgun Weapon Showcase,2021-04-22,UCx7_-TN7rVKo5nkmIf5faag,Focus Entertainment Community,False,80864,https://www.youtube.com/watch?v=RFukTLptQv8
1222370,Necromunda: Hired Gun,k6kvSKW_bX4,"Necromunda: Hired Gun - Launch Trailer | PS5, PS4",2021-06-01,UC-2Y8dQb0S6DtpxNgAKoJKA,PlayStation,True,75192,https://www.youtube.com/watch?v=k6kvSKW_bX4
1222370,Necromunda: Hired Gun,5ethUXY6BLM,🔴 ПРОХОЖДЕНИЕ NECROMUNDA: HIRED GUN [4K] ➤ Часть 1 ➤ На Русском ➤ Новая Игра по Warhammer 40K,2021-06-01,UCJHNShrJLCXF2_Fawq_VO7Q,Scrachit Gaming,False,71054,https://www.youtube.com/watch?v=5ethUXY6BLM
1222370,Necromunda: Hired Gun,oSJLDJLcoe0,NECROMUNDA: HIRED GUN All Cutscenes (Game Movie) 1080p 60FPS HD,2022-02-12,UCiZVMOinTQGb8HQu53VbV4Q,Gamer's Little Playground,False,68608,https://www.youtube.com/watch?v=oSJLDJLcoe0
1222370,Necromunda: Hired Gun,bI3PdfW-nfs,Necromunda Hired Gun Review - Can I have another break?,2021-06-14,UCywBfpGBYhsczNuyyh6Cf6w,Worth A Buy,False,65242,https://www.youtube.com/watch?v=bI3PdfW-nfs
1222370,Necromunda: Hired Gun,KpTgkpuGw5w,"Necromunda: Hired Gun - Gameplay Overview Trailer | PS5, PS4",2021-05-05,UC-2Y8dQb0S6DtpxNgAKoJKA,PlayStation,True,64776,https://www.youtube.com/watch?v=KpTgkpuGw5w
1222370,Necromunda: Hired Gun,mjLP0WHSOHo,Necromunda Hired Gun - Brutal Fast Action Combat - PC Gameplay Showcase,2021-06-01,UCrJv94paJ958T9nXnO6z4hg,Swifty Unknown,False,55896,https://www.youtube.com/watch?v=mjLP0WHSOHo
1222370,Necromunda: Hired Gun,EAnuUBDui90,NECROMUNDA HIRED GUN OST - ORIGINAL SOUNDTRACK BY OLIVIER ZUCCARO,2021-06-03,UCnF2KWBAt2jkpH9bq-A_8_Q,xGarbanx,False,49518,https://www.youtube.com/watch?v=EAnuUBDui90
1222370,Necromunda: Hired Gun,x4S2lFEBiZs,Necromunda Hired Gun - FPS Frenético Estilo DOOM [ PC - Gameplay 4K ],2021-06-02,UCrR3Pb60RA7lks1zV_LYauw,Lucky Salamander,False,48444,https://www.youtube.com/watch?v=x4S2lFEBiZs
1222370,Necromunda: Hired Gun,IragloMNjhk,"Necromunda: Hired Gun - Opening Cinematic Trailer | PS5, PS4",2021-05-28,UC-2Y8dQb0S6DtpxNgAKoJKA,PlayStation,True,46653,https://www.youtube.com/watch?v=IragloMNjhk
1222370,Necromunda: Hired Gun,6CD1R6tK7iE,Necromunda: Hired Gun Review - Is It Worth It? -JarekTheGamingDragon,2021-06-02,UCBwPL58BonPg_I1mQbwHXEA,JarekTheGamingDragon,False,44018,https://www.youtube.com/watch?v=6CD1R6tK7iE
1222370,Necromunda: Hired Gun,BCnFiO4sELw,Necromunda: Hired Gun - Boltgun Weapon Showcase,2021-04-02,UCx7_-TN7rVKo5nkmIf5faag,Focus Entertainment Community,False,43323,https://www.youtube.com/watch?v=BCnFiO4sELw
1222370,Necromunda: Hired Gun,rYU9yBa6gS8,NECROMUNDA HIRED GUN fr - FILM JEU COMPLET,2021-07-11,UCth9v6V14Fi_vspxBtdQHfA,Game Movie Land,False,42909,https://www.youtube.com/watch?v=rYU9yBa6gS8
1222370,Necromunda: Hired Gun,dzmpfgmft9w,Necromunda: Hired Gun - Reveal Trailer,2021-03-18,UCjBp_7RuDBUYbd1LegWEJ8g,XBOX,True,42749,https://www.youtube.com/watch?v=dzmpfgmft9w
1222370,Necromunda: Hired Gun,n1icwBbtxQ4,"Necromunda: Hired Gun - Friends Forever Trailer | PS5, PS4",2021-05-20,UC-2Y8dQb0S6DtpxNgAKoJKA,PlayStation,True,35763,https://www.youtube.com/watch?v=n1icwBbtxQ4
1222370,Necromunda: Hired Gun,138iZl4O4A8,"NECROMUNDA: HIRED GUN – Blood, and Mayhem in the Underhive | Full Game Walkthrough | No Commentary",2025-08-03,UCRnTaShzupujX46gLPWf5Mw,HGH Horror Games House,False,35968,https://www.youtube.com/watch?v=138iZl4O4A8
1222370,Necromunda: Hired Gun,FSWsvLX3dpA,Necromunda: Hired Gun Gameplay Walkthrough Part 1- NEW Warhammer 40k Games First Impressions Review!,2021-05-31,UCjFztUZFRTDd1HTHxTFIXfQ,ESO,False,35021,https://www.youtube.com/watch?v=FSWsvLX3dpA
1222370,Necromunda: Hired Gun,I54wCydHDRE,Necromunda: Hired Gun - Full Story (Cutscenes & Gameplay),2024-08-07,UCHpcrD104T2vmeOjnUhUpIg,Game Intros & Finales,False,34575,https://www.youtube.com/watch?v=I54wCydHDRE
1222370,Necromunda: Hired Gun,wfvuir6yrgI,NECROMUNDA HIRED GUN le TEST COMPLET : Une BONNE alternative à DOOM ETERNAL ?,2021-07-02,UCnE7O19M6-yzOWlTiSs0jQQ,Bibi300,False,30769,https://www.youtube.com/watch?v=wfvuir6yrgI
1222370,Necromunda: Hired Gun,5s2zI1LmDlo,Necromunda: Hired Gun - PS5 Gameplay 4K HDR 60FPS (Male),2021-06-01,UCu22OwNLoiCTfqR4HC76cvA,Rubhen925,False,30565,https://www.youtube.com/watch?v=5s2zI1LmDlo
1222370,Necromunda: Hired Gun,_7b91azN2cU,Necromunda: Hired Gun - Friends Forever Trailer,2021-05-20,UCjBp_7RuDBUYbd1LegWEJ8g,XBOX,True,22630,https://www.youtube.com/watch?v=_7b91azN2cU
1414850,Nickelodeon All-Star Brawl,VrmDqtQLccU,Nickelodeon All-Star Brawl 2 - All Final Smashes (Special Attacks),2023-11-08,UC-2wnBgTMRwgwkAkHq4V2rg,ProsafiaGaming,False,11670093,https://www.youtube.com/watch?v=VrmDqtQLccU
1414850,Nickelodeon All-Star Brawl,WYltEAi2k20,Luchas en Nickelodeon All Star Brawl | BOB ESPONJA VS PATRICIO | Juegos Karim Juega,2021-10-06,UCj_pcmy3zBqzouJe9hcpmpQ,Karim Juega,False,10771980,https://www.youtube.com/watch?v=WYltEAi2k20
1414850,Nickelodeon All-Star Brawl,zyO72i271JE,Nickelodeon All Star Brawl Let's Play Combo Vs Robo!,2022-08-01,UCwOGO9gT1y0IvzPqKal4loQ,VTubers,False,5546779,https://www.youtube.com/watch?v=zyO72i271JE
1414850,Nickelodeon All-Star Brawl,_-wWJBndSdI,Nickelodeon All-Star Brawl - All Characters Winning & Losing Animations,2021-10-04,UC-2wnBgTMRwgwkAkHq4V2rg,ProsafiaGaming,False,3474773,https://www.youtube.com/watch?v=_-wWJBndSdI
1414850,Nickelodeon All-Star Brawl,ESR3cvErqCg,Nickelodeon All-Star Brawl - Official Announcement Trailer,2021-07-13,UCKy1dAqELo0zrOtPkf0eTMw,IGN,True,2957271,https://www.youtube.com/watch?v=ESR3cvErqCg
1414850,Nickelodeon All-Star Brawl,tnn2DyorcGs,Nickelodeon All Star Brawl CKN Gaming,2021-11-19,UC135_IPK8XOEEdXdtcseR4w,CKN Gaming,False,2793175,https://www.youtube.com/watch?v=tnn2DyorcGs
1414850,Nickelodeon All-Star Brawl,4vdH5_CXy9E,Nickelodeon All-Star Brawl 2 - All Characters Winning & Losing Animations,2023-11-08,UC-2wnBgTMRwgwkAkHq4V2rg,ProsafiaGaming,False,2700321,https://www.youtube.com/watch?v=4vdH5_CXy9E
1414850,Nickelodeon All-Star Brawl,8t1rJFUeH1A,"Nickelodeon All-Star Brawl Gameplay Walkthrough Part 1 - Spongebob, Patrick & Sandy Arcade Mode",2021-10-04,UCApHvBKENHNgOjts_1LbGdg,XCageGame,False,1381407,https://www.youtube.com/watch?v=8t1rJFUeH1A
1414850,Nickelodeon All-Star Brawl,_CvkfVxYlM4,Plankton's WEIRD Reference in Nickelodeon All-Star Brawl 2!  #nickelodeonallstarbrawl2 #spongebob,2023-08-29,UCfAPTv1LgeEWevG8X_6PUOQ,GameXplain,False,1313413,https://www.youtube.com/watch?v=_CvkfVxYlM4
1414850,Nickelodeon All-Star Brawl,pXVHKbcWTd8,Nickelodeon All-Star Brawl - All Characters,2021-10-05,UC-2wnBgTMRwgwkAkHq4V2rg,ProsafiaGaming,False,1172514,https://www.youtube.com/watch?v=pXVHKbcWTd8
1414850,Nickelodeon All-Star Brawl,VjBM1CvZs6o,"Nickelodeon All-Star Brawl - Official Jenny, Hugh Neutron & Rocko Reveal Trailer",2022-05-13,UCKy1dAqELo0zrOtPkf0eTMw,IGN,True,1005171,https://www.youtube.com/watch?v=VjBM1CvZs6o
1414850,Nickelodeon All-Star Brawl,Q2nESlbg9GU,Nickelodeon All-Star Brawl 2 - Exclusive Announcement Trailer,2023-07-27,UCKy1dAqELo0zrOtPkf0eTMw,IGN,True,955759,https://www.youtube.com/watch?v=Q2nESlbg9GU
1414850,Nickelodeon All-Star Brawl,1QjEVf_tu-s,PERTARUNGAN KARTUN MASA KECIL! Nickelodeon All-Star Brawl,2021-10-07,UCoIiiHof6BJ85PLuLkuxuhw,Windah Basudara,False,843715,https://www.youtube.com/watch?v=1QjEVf_tu-s
1414850,Nickelodeon All-Star Brawl,2AGh4200qj0,How Nickelodeon All Star Brawl Killed Its Sequel,2024-06-25,UC6o-2R-A2uqGZTJs0h4tVQA,JustSaySteven,False,992694,https://www.youtube.com/watch?v=2AGh4200qj0
1414850,Nickelodeon All-Star Brawl,LCfsvXERsTY,11 CUT CHARACTERS in #Nickelodeon All-Star Brawl 2 ✂️,2023-10-06,UCfAPTv1LgeEWevG8X_6PUOQ,GameXplain,False,845221,https://www.youtube.com/watch?v=LCfsvXERsTY
1414850,Nickelodeon All-Star Brawl,BZE5QZofYGw,Nickelodeon All-Star Brawl - Official Garfield Trailer,2021-12-07,UCKy1dAqELo0zrOtPkf0eTMw,IGN,True,743333,https://www.youtube.com/watch?v=BZE5QZofYGw
1414850,Nickelodeon All-Star Brawl,U6FWm0e1wRo,Nickelodeon All-Star Brawl Review,2021-10-07,UCKy1dAqELo0zrOtPkf0eTMw,IGN,True,736365,https://www.youtube.com/watch?v=U6FWm0e1wRo
1414850,Nickelodeon All-Star Brawl,oA2Z9BJS2rw,Nickelodeon All-Star Brawl 2 ⁴ᴷ Full Playthrough (Campaign Mode),2023-11-08,UCDnkfrI7EKl4kqTzWdVpx_g,Nintendo Utopia,False,692567,https://www.youtube.com/watch?v=oA2Z9BJS2rw
1414850,Nickelodeon All-Star Brawl,THkQMi93O9Y,The Failure of Nickelodeon All-Star Brawl,2023-07-19,UC6o-2R-A2uqGZTJs0h4tVQA,JustSaySteven,False,685856,https://www.youtube.com/watch?v=THkQMi93O9Y
1414850,Nickelodeon All-Star Brawl,a4pMmNSBvck,Nickelodeon All-Star Brawl Announcement Trailer,2021-07-14,UCfuHLNojyt-1tgYe7HH9s7w,GameMill Entertainment,True,652219,https://www.youtube.com/watch?v=a4pMmNSBvck
1414850,Nickelodeon All-Star Brawl,zVbu0MVltZk,Alternate Skins Showcase - Nickelodeon All-Star Brawl (Download links in description),2021-11-05,UCjaFS-bhLZHuVIQhS1uCjYw,Albaz Gaming,False,597312,https://www.youtube.com/watch?v=zVbu0MVltZk
1414850,Nickelodeon All-Star Brawl,13hcQyO0kBQ,"""SpOnGeBoB iS bAd"" (Nickelodeon All-Star Brawl Montage)",2021-10-10,UCYV08GZQhqe7ySLk67IQjhQ,King of Skill,False,531202,https://www.youtube.com/watch?v=13hcQyO0kBQ
1414850,Nickelodeon All-Star Brawl,IN7WLUim4Fw,We Get Beat Up by SpongeBob and Garfield in Nickelodeon All-Star Brawl 2,2023-11-10,UCPhckk25N7P8OI580ucRidA,Ctop,False,521365,https://www.youtube.com/watch?v=IN7WLUim4Fw
1414850,Nickelodeon All-Star Brawl,TezyezXqhn8,Nickelodeon All-Star Brawl - Official CatDog Reveal Trailer,2021-08-27,UCKy1dAqELo0zrOtPkf0eTMw,IGN,True,497959,https://www.youtube.com/watch?v=TezyezXqhn8
1414850,Nickelodeon All-Star Brawl,zeXLimvrAzQ,Nickelodeon All-Star Brawl 2 ⁴ᴷ Arcade Mode (Jenny Wakeman gameplay),2023-11-29,UCDnkfrI7EKl4kqTzWdVpx_g,Nintendo Utopia,False,497563,https://www.youtube.com/watch?v=zeXLimvrAzQ
1414850,Nickelodeon All-Star Brawl,61e1iCspD0s,NICKELODEON ALL-STAR BRAWL : LA LOI DELAJUNGLE,2021-11-27,UCZpJLCV3gVP8R_sc8P30VpQ,BOTCH,False,471682,https://www.youtube.com/watch?v=61e1iCspD0s
1414850,Nickelodeon All-Star Brawl,ErmvesPUQg8,The Nickelodeon All-Star Brawl Experience!!,2022-07-23,UCb69PhsHzsorirJDlxaIXlg,Combo Panda,False,449102,https://www.youtube.com/watch?v=ErmvesPUQg8
1414850,Nickelodeon All-Star Brawl,VKk-GyESxfI,Funny All Star Brawl CKN Gaming,2021-12-02,UC135_IPK8XOEEdXdtcseR4w,CKN Gaming,False,435994,https://www.youtube.com/watch?v=VKk-GyESxfI
1414850,Nickelodeon All-Star Brawl,VDkopTlxAd0,GARFIELD Nickelodeon All Star Brawl Video Game: Arcade - PC Gameplay,2022-01-21,UCVUBUrIRzaUGM9RaGAIzyPg,Best Game Videos,False,427989,https://www.youtube.com/watch?v=VDkopTlxAd0
1414850,Nickelodeon All-Star Brawl,wMI_-D0SZzo,MY NEW FAVORITE FIGHTING GAME! (Nickelodeon All-Star Brawl),2021-10-08,UCWp3_e0cQvBHVpb_pTge5FQ,Sam Tabor Gaming,False,427578,https://www.youtube.com/watch?v=wMI_-D0SZzo
1414850,Nickelodeon All-Star Brawl,mf3TDkg6z48,Sanctioned Buffoonery | Nickelodeon All Star Brawl,2021-11-22,UC9CuvdOVfMPvKCiwdGKL3cQ,GameGrumps,False,386977,https://www.youtube.com/watch?v=mf3TDkg6z48
1414850,Nickelodeon All-Star Brawl,EnX97CrQeMc,Nickelodeon All Star Brawl 2 All Final Smash Super Moves,2023-11-09,UC7_SBBnlHpafdAPtg-caIcA,Veritas Gaming,False,377837,https://www.youtube.com/watch?v=EnX97CrQeMc
1414850,Nickelodeon All-Star Brawl,LbKLU_B98jE,Nickelodeon All-Star Brawl 2 - Official Mr. Krabs Reveal Trailer,2024-02-10,UCKy1dAqELo0zrOtPkf0eTMw,IGN,True,376209,https://www.youtube.com/watch?v=LbKLU_B98jE
1414850,Nickelodeon All-Star Brawl,Og4SA9vDGXM,Nickelodeon All-Star Brawl 2 Review,2023-11-07,UCKy1dAqELo0zrOtPkf0eTMw,IGN,True,365816,https://www.youtube.com/watch?v=Og4SA9vDGXM
1414850,Nickelodeon All-Star Brawl,jk91S8R-VVc,Nickelodeon All-Star Brawl 2 - Full Game Walkthrough,2023-11-08,UC-2wnBgTMRwgwkAkHq4V2rg,ProsafiaGaming,False,337237,https://www.youtube.com/watch?v=jk91S8R-VVc
1414850,Nickelodeon All-Star Brawl,zcIAqMrsl78,Ren & Stimpy Showcase – Nickelodeon All-Star Brawl,2021-09-17,UCfuHLNojyt-1tgYe7HH9s7w,GameMill Entertainment,False,318612,https://www.youtube.com/watch?v=zcIAqMrsl78
1414850,Nickelodeon All-Star Brawl,Ddf84zSVig0,Nickelodeon All-Star Brawl 2 ⁴ᴷ Arcade Mode (Mecha Plankton gameplay),2023-11-12,UCDnkfrI7EKl4kqTzWdVpx_g,Nintendo Utopia,False,316591,https://www.youtube.com/watch?v=Ddf84zSVig0
1414850,Nickelodeon All-Star Brawl,hiaP4464k-4,Nickelodeon All-Star Brawl 2 - All Bosses & Ending,2023-11-07,UC-2wnBgTMRwgwkAkHq4V2rg,ProsafiaGaming,False,317225,https://www.youtube.com/watch?v=hiaP4464k-4
1414850,Nickelodeon All-Star Brawl,rteAJKWS_04,Nickelodeon All-Star Brawl Full Gameplay Walkthrough (Longplay),2021-10-10,UCApHvBKENHNgOjts_1LbGdg,XCageGame,False,317302,https://www.youtube.com/watch?v=rteAJKWS_04
1414850,Nickelodeon All-Star Brawl,y5Yn9QNkQbM,Nickelodeon All-Star Brawl - Full Game Walkthrough,2021-10-04,UC-2wnBgTMRwgwkAkHq4V2rg,ProsafiaGaming,False,302750,https://www.youtube.com/watch?v=y5Yn9QNkQbM
1414850,Nickelodeon All-Star Brawl,jcG4YvDbsig,Nickelodeon All-Star Brawl - The Party Animals Duke It Out (Xbox Gameplay),2022-07-11,UCRK1PxsZXUbt1caLYas1WfA,The 8-Bit Arcade,False,298787,https://www.youtube.com/watch?v=jcG4YvDbsig
1414850,Nickelodeon All-Star Brawl,BIuGYhVDAis,Nickelodeon All Star Brawl - Launch Trailer - Nintendo Switch,2021-10-06,UCGIY_O-8vW4rfX98KlMkvRg,Nintendo of America,True,298475,https://www.youtube.com/watch?v=BIuGYhVDAis
1414850,Nickelodeon All-Star Brawl,v2RiMmscG0c,Nickelodeon All-Star Brawl - Official Costume Free DLC Trailer,2021-12-02,UCKy1dAqELo0zrOtPkf0eTMw,IGN,True,297490,https://www.youtube.com/watch?v=v2RiMmscG0c
1414850,Nickelodeon All-Star Brawl,zi7MAWjjPGs,The Nickelodeon Super Brawl Series,2023-11-13,UCtTD_erYtm9mgq_HF0bQdNg,LuciLilium,False,275083,https://www.youtube.com/watch?v=zi7MAWjjPGs
1414850,Nickelodeon All-Star Brawl,P7PMlGxUYT4,Nickelodeon All-Star Brawl 2 PS5 4-Player Co-Op Spongebob Characters Stock Battles!,2023-11-08,UCqgQlkNG6_Xs_x43D8VdhVg,4 Gamers Gaming,False,261713,https://www.youtube.com/watch?v=P7PMlGxUYT4
1414850,Nickelodeon All-Star Brawl,MdxRLr7LYWU,EVERY Costume's Origin in Nickelodeon All-Star Brawl 2,2023-11-07,UC82NOEHfqeXOLT8gNJB1mFw,Aaronitmar,False,257882,https://www.youtube.com/watch?v=MdxRLr7LYWU
1414850,Nickelodeon All-Star Brawl,fDNl6i3yXdA,Nickelodeon All-Star Brawl - Official Ren & Stimpy Reveal Trailer,2021-09-14,UCKy1dAqELo0zrOtPkf0eTMw,IGN,True,240651,https://www.youtube.com/watch?v=fDNl6i3yXdA
206420,Saints Row IV: Re-Elected,y4g9gfxxvnA,Saints Row IV Angry Review,2013-08-21,UCsgv2QHkT2ljEixyulzOnUQ,AngryJoeShow,False,4235290,https://www.youtube.com/watch?v=y4g9gfxxvnA
206420,Saints Row IV: Re-Elected,SZaE7QkME38,Saints Row 4 - Dubstep gun,2013-08-14,UCn2tKnx5P_o8ukE0Gs55-oA,GamingMistress,False,3081531,https://www.youtube.com/watch?v=SZaE7QkME38
206420,Saints Row IV: Re-Elected,yXlg1BGBHBI,All Amazing! Superhero Powers & Abilities | Saints Row IV,2021-11-28,UC9TnCYUEl76qwLqLS4mX-VA,TK REBIRTH,False,2664330,https://www.youtube.com/watch?v=yXlg1BGBHBI
206420,Saints Row IV: Re-Elected,OjFBWqLVlwM,Saints Row IV: Re-Elected Free Roam Gameplay PS4 PART 1,2016-03-29,UC7kwlbDRd9bLtdIcEGzmYlg,Karate Bear,False,2053155,https://www.youtube.com/watch?v=OjFBWqLVlwM
206420,Saints Row IV: Re-Elected,Fd8MhXsoqR4,Saints Row IV All Easter Eggs And Secrets,2015-03-05,UCm8U1YwDyvcoAtr8a_9tLIA,kacpi26,False,1466210,https://www.youtube.com/watch?v=Fd8MhXsoqR4
206420,Saints Row IV: Re-Elected,wE3wuoXF5DE,Let's Play - Saints Row IV: Re-Elected,2015-02-07,UCkxctb0jr8vwa4Do6c6su0Q,LetsPlay,False,885294,https://www.youtube.com/watch?v=wE3wuoXF5DE
206420,Saints Row IV: Re-Elected,uh6oCmIQvUk,Saints Row IV - Pai de Família Poderoso,2013-10-03,UCYzp8-P162Em-3uZnCuGJOg,Games EduUu,False,565499,https://www.youtube.com/watch?v=uh6oCmIQvUk
206420,Saints Row IV: Re-Elected,3wXlqAXMBQY,107 Saints Row IV Facts YOU Should Know!! | The Leaderboard,2017-08-26,UCkYEKuyQJXIXunUD7Vy3eTw,The Leaderboard,False,559942,https://www.youtube.com/watch?v=3wXlqAXMBQY
206420,Saints Row IV: Re-Elected,yGddqUasHAw,The Coolest! Superheroes Open World Game | Saints Row IV Gameplay | (4K),2021-11-22,UC9TnCYUEl76qwLqLS4mX-VA,TK REBIRTH,False,438783,https://www.youtube.com/watch?v=yGddqUasHAw
206420,Saints Row IV: Re-Elected,BVUGcwskluQ,"Saints Row IV - All Weapons, Costumes and Skins",2013-08-14,UCZojkqUeuaZyAQc8KaBNrJw,Maka91Productions,False,419898,https://www.youtube.com/watch?v=BVUGcwskluQ
206420,Saints Row IV: Re-Elected,cEO7pEw4HoI,Saints Row IV Nuclear Missile with Aerosmith,2013-08-20,UCu9cHW-VIhye76lqWs7K9UA,Afanickton,False,369533,https://www.youtube.com/watch?v=cEO7pEw4HoI
206420,Saints Row IV: Re-Elected,TZ2bp1ammtc,All Saints Row IV: Re-Elected Easter Eggs,2015-02-12,UCqGAbWI6MhUb4rmXEVQM2CA,TheRoyalGorilla,False,345353,https://www.youtube.com/watch?v=TZ2bp1ammtc
206420,Saints Row IV: Re-Elected,FWkx4Jo00oE,Saints Row The Third Remastered Vs Saints Row IV | Comparison,2022-01-16,UCDt1kWhP6eAiyiU_RRP9ULA,You Mashub,False,317006,https://www.youtube.com/watch?v=FWkx4Jo00oE
206420,Saints Row IV: Re-Elected,Wxr4N4Qr4Ig,Обзор Saints Row IV [Review],2013-09-05,UCq7JZ8ATgQWeu6sDM1czjhg,StopGame,False,272019,https://www.youtube.com/watch?v=Wxr4N4Qr4Ig
206420,Saints Row IV: Re-Elected,Utq4vbl84pg,Saints Row IV: Re-Elected All DLC Costumes Showcase,2015-01-21,UClylaoQc4gVF2WDNrt1akRw,Steven,False,269907,https://www.youtube.com/watch?v=Utq4vbl84pg
206420,Saints Row IV: Re-Elected,wX_G2P6wv0s,Saints Row 4 For Nintendo Switch Is Absolute INSANITY!,2020-04-01,UCA5RGaQc-a8tIX_AqTTmWdw,RGT 85,False,266014,https://www.youtube.com/watch?v=wX_G2P6wv0s
206420,Saints Row IV: Re-Elected,0qhFgMRlgNo,Saints Row IV - Launch Trailer,2013-08-20,UCbu2SsF-Or3Rsn3NxqODImw,GameSpot,True,240725,https://www.youtube.com/watch?v=0qhFgMRlgNo
206420,Saints Row IV: Re-Elected,Hf6Ez0AHBrU,Saints Row IV Re-Elected Switch Review - PRESIDENTIAL!,2020-03-23,UCILwgMbCebOqPR_6H_1m8vA,SwitchUp,False,229767,https://www.youtube.com/watch?v=Hf6Ez0AHBrU
206420,Saints Row IV: Re-Elected,nMX2hfYfeE8,Saints Row IV Intro Sequence,2013-08-20,UCmHYYWodYBL0tQ5gHekrPRw,JamesInDigital,False,207727,https://www.youtube.com/watch?v=nMX2hfYfeE8
206420,Saints Row IV: Re-Elected,bl7fdFkad8I,Saints Row IV - War for Humanity (U.K. Version),2013-06-06,UCnozt2_C8K4wBXvRhhdhAAA,Saints Row,False,205085,https://www.youtube.com/watch?v=bl7fdFkad8I
206420,Saints Row IV: Re-Elected,8MqFInoKf4E,Pulling fatality moves on NPCs | Saints Row 4: Re-Elected,2026-05-25,UC8HqzitRLbHRAEUpKA2PzCQ,Kills Eye ,False,334113,https://www.youtube.com/watch?v=8MqFInoKf4E
206420,Saints Row IV: Re-Elected,Jd-iI2U_fZo,Saints Row IV: Accolade Trailer (U.K. Version),2013-08-20,UCnozt2_C8K4wBXvRhhdhAAA,Saints Row,True,177869,https://www.youtube.com/watch?v=Jd-iI2U_fZo
206420,Saints Row IV: Re-Elected,OrNZah1Dc98,Saints Row IV review - ColourShed,2019-09-05,UCJRLyQRpRQCJTRoV7oB2eHA,ColourShedProductions,False,175993,https://www.youtube.com/watch?v=OrNZah1Dc98
206420,Saints Row IV: Re-Elected,TDvvOwPRu90,Saints Row®: IV™ - Re-Elected on Nintendo Switch™ (Official),2020-02-04,UCnozt2_C8K4wBXvRhhdhAAA,Saints Row,True,169457,https://www.youtube.com/watch?v=TDvvOwPRu90
206420,Saints Row IV: Re-Elected,uzQu7on0YPg,Unboxing Saints Row IV Emperor Zinyak's Game of the Generation Edition,2013-08-20,UCeXqP7mVJH85vsQgNoiWGAg,Daddyezee,False,151749,https://www.youtube.com/watch?v=uzQu7on0YPg
206420,Saints Row IV: Re-Elected,pR4qmcuJYkA,Saints Row IV: Re-Elected all Romances,2016-06-02,UCo4DsJc_OHKGYA3CrZPKqvA,Hidden Hunters,False,151706,https://www.youtube.com/watch?v=pR4qmcuJYkA
55230,Saints Row: The Third,BdNzS-YMZtA,Saints Row is crazy for this 🔥 | Saints Row: The Third Remastered,2026-04-11,UC8HqzitRLbHRAEUpKA2PzCQ,Kills Eye ,False,12986778,https://www.youtube.com/watch?v=BdNzS-YMZtA
55230,Saints Row: The Third,kxQsCNontmI,Saints Row: The Third - Power CG Trailer,2011-06-01,UCnozt2_C8K4wBXvRhhdhAAA,Saints Row,True,6293960,https://www.youtube.com/watch?v=kxQsCNontmI
55230,Saints Row: The Third,nf8Q9mIve6s,Saints Row The Third - O Maskara,2013-01-14,UCYzp8-P162Em-3uZnCuGJOg,Games EduUu,False,5198361,https://www.youtube.com/watch?v=nf8Q9mIve6s
55230,Saints Row: The Third,y8k0Vnh9H0k,We DESTROYED The WHOLE CITY! (Saints Row The Third Remastered),2020-05-24,UCHdMK5Ef2El8KbD3L_WgANg,Slogo,False,4946944,https://www.youtube.com/watch?v=y8k0Vnh9H0k
55230,Saints Row: The Third,k8crMx2wwyU,SAINTS ROW THE THIRD REMASTERED Walkthrough Gameplay Part 1 - INTRO (SAINTS ROW 3),2020-05-21,UCpqXJOEqGS-TCnazcHCo0rA,theRadBrad,False,2832035,https://www.youtube.com/watch?v=k8crMx2wwyU
55230,Saints Row: The Third,CNhwSnDdvRM,Saints Row: The Third - Remastered vs Original | Direct Comparison,2020-05-24,UC-EWIqLzm4ttojYUAOSht9A,Nick930,False,2746424,https://www.youtube.com/watch?v=CNhwSnDdvRM
55230,Saints Row: The Third,hMfVwWoVzkk,SAINTS ROW THE THIRD: SOLO APTO PARA GENTE LOCA,2013-07-17,UCam8T03EOFBsNdR0thrFHdQ,VEGETTA777,False,2701118,https://www.youtube.com/watch?v=hMfVwWoVzkk
55230,Saints Row: The Third,rpbUuqu2HKg,Creating The MOST OVERPOWERED TANK In THE GAME! (Saints Row The Third),2020-07-03,UC0DZmkupLYwc0yDsfocLh0A,Jelly,False,2138255,https://www.youtube.com/watch?v=rpbUuqu2HKg
55230,Saints Row: The Third,qQVlGrwG9yo,Monster Factory: Stopping All of the Crimes in Saints Row: The Third,2016-07-22,UCuVxaQDraOja6xKidcmoufA,Polygon,True,2114087,https://www.youtube.com/watch?v=qQVlGrwG9yo
55230,Saints Row: The Third,XHB0CQ3uPj4,Saints Row: The Third Angry Review,2011-12-03,UCsgv2QHkT2ljEixyulzOnUQ,AngryJoeShow,False,2112625,https://www.youtube.com/watch?v=XHB0CQ3uPj4
55230,Saints Row: The Third,vX2Gn5d5kMc,Saints Row: The Third - Open World Gameplay Developer Commentary,2011-06-24,UCnozt2_C8K4wBXvRhhdhAAA,Saints Row,False,2016508,https://www.youtube.com/watch?v=vX2Gn5d5kMc
55230,Saints Row: The Third,m22k4h8jOf0,"Saints Row: The Third - Main Theme, Menu Music (HD 1080p)",2011-11-20,UC50apAPjLIEsyoBAnny28Og,Ivaylo Stoyanov,False,1808738,https://www.youtube.com/watch?v=m22k4h8jOf0
55230,Saints Row: The Third,0Dap6UDwxLg,Saints Row The Third Remastered - Part 1 - MY FIRST TIME PLAYING THIS GAME,2020-06-05,UCmp5y07YIV6i2jPX4x82hVQ,Hollow,False,1543548,https://www.youtube.com/watch?v=0Dap6UDwxLg
55230,Saints Row: The Third,tc-MQFPmgDE,Saints Row the Third -- Zombie Attack,2012-11-17,UCd0lHAL5RQEgtYkH9pydIqA,Denny Ayard,False,1450739,https://www.youtube.com/watch?v=tc-MQFPmgDE
55230,Saints Row: The Third,lea3he4N6A4,SAINTS ROW THE THIRD: UN DIA PARA RECORDAR,2013-07-21,UCam8T03EOFBsNdR0thrFHdQ,VEGETTA777,False,1445273,https://www.youtube.com/watch?v=lea3he4N6A4
55230,Saints Row: The Third,KhERun9UQUE,[RUSSIAN LITERAL] Saints Row: The Third,2012-05-13,UCWDnlEa1QOSVY5Gjlh7k5Fg,ZIDKEY,False,1326664,https://www.youtube.com/watch?v=KhERun9UQUE
55230,Saints Row: The Third,FqX1XboAg3E,GTA vs SAINTS ROW (GTA COPIED SAINTS ROW),2024-12-31,UC2pdmlMIATaSfaxNuRTL4OA,ZacCoxTV,False,1492519,https://www.youtube.com/watch?v=FqX1XboAg3E
55230,Saints Row: The Third,HX89uRyTCcI,Saints Row: The Third Remastered - Before You Buy,2020-05-21,UCNvzD7Z-g64bPXxGzaQaa4g,gameranx,True,1278320,https://www.youtube.com/watch?v=HX89uRyTCcI
55230,Saints Row: The Third,fPYofAaVG2g,SAINTS ROW: THE THIRD (Zero Punctuation),2012-06-07,UCqg5FCR7NrpvlBWMXdt-5Vg,The Escapist,False,1212243,https://www.youtube.com/watch?v=fPYofAaVG2g
55230,Saints Row: The Third,rL85F0TXCkQ,Saints Row The Third Remastered - Announce Trailer | PS4,2020-04-06,UC-2Y8dQb0S6DtpxNgAKoJKA,PlayStation,True,1108520,https://www.youtube.com/watch?v=rL85F0TXCkQ
55230,Saints Row: The Third,E4bkwHJij30,Why Saints Row Failed,2024-04-17,UCh0nhnxAGwpnU5MwImHsdQQ,RoboKast,False,1162672,https://www.youtube.com/watch?v=E4bkwHJij30
55230,Saints Row: The Third,5pITDRa_vI8,Saints Row: The Third #1,2012-03-02,UCkE-dO6xHVGgjICTUcmM7zA,MagdalenaMariaMonika,False,959336,https://www.youtube.com/watch?v=5pITDRa_vI8
55230,Saints Row: The Third,yiGGf1wW0xE,How to Customize Non-Customizable Vehicles in Saints Row: The Third,2011-11-19,UCOZfpWD7SM5t1Mmk0_aJdfw,Flippy,False,936081,https://www.youtube.com/watch?v=yiGGf1wW0xE
55230,Saints Row: The Third,kytOXekjc8M,Saints Row The Third - Worse Than You Remember?,2020-07-13,UCHmDySLF9yQVC1oTwZKWtSQ,Alex Webb,False,934746,https://www.youtube.com/watch?v=kytOXekjc8M
55230,Saints Row: The Third,PZ2Us_C1FTE,We're Not Kidding - Saints Row The Third Remastered Is An Exceptional Effort,2020-05-22,UC9PBzalIcEQCsiIkq36PyUA,Digital Foundry,False,864074,https://www.youtube.com/watch?v=PZ2Us_C1FTE
55230,Saints Row: The Third,EeNx2RTCMuY,Saints Row: The Third - In Saints Row Trick,2011-10-31,UCnozt2_C8K4wBXvRhhdhAAA,Saints Row,False,814103,https://www.youtube.com/watch?v=EeNx2RTCMuY
55230,Saints Row: The Third,kFuIq-0pYDs,Обзор игры Saints Row: The Third,2011-11-26,UCq7JZ8ATgQWeu6sDM1czjhg,StopGame,False,802672,https://www.youtube.com/watch?v=kFuIq-0pYDs
55230,Saints Row: The Third,T6uNUOnsuOk,This game is NOT for kids... | Saints Row: The Third Remastered,2020-05-26,UCDwujczvdxbbVHg-V4-kC-A,XpertThief,False,783353,https://www.youtube.com/watch?v=T6uNUOnsuOk
55230,Saints Row: The Third,rvzruSUSwzM,Saints Row The Third Myths: Hidden Outfits and Clothing,2012-05-13,UCOZfpWD7SM5t1Mmk0_aJdfw,Flippy,False,776258,https://www.youtube.com/watch?v=rvzruSUSwzM
55230,Saints Row: The Third,wcs1rQPdNZA,The Saints Row The Third remaster deserves better than me,2020-05-22,UCdoPCztTOW7BJUPk2h5ttXA,Call Me Kevin,False,736702,https://www.youtube.com/watch?v=wcs1rQPdNZA
55230,Saints Row: The Third,1_xfMiIc_VE,Evolution Of The SAINTS ROW Games,2022-11-03,UC9b5GwRO_S4Kl_3wl0X3PPQ,HoopStarGames,False,1059579,https://www.youtube.com/watch?v=1_xfMiIc_VE
55230,Saints Row: The Third,5FaLAfrwN0o,Saints Row Games In Order! | #saintsrowps5 #saintsrow2 #saintsrow,2023-02-12,UCBnaQm42TdaYipNcFBWDLxQ,Blue Winter Ninja,False,886100,https://www.youtube.com/watch?v=5FaLAfrwN0o
55230,Saints Row: The Third,RcLoWb68SNY,Saints Row The Third: FREE GAMEPLAY,2012-08-02,UCD4MjvxeAGoDu6M-Jj4AaGg,bungauproductions,False,686671,https://www.youtube.com/watch?v=RcLoWb68SNY
55230,Saints Row: The Third,y7yAE_Nd6Ok,SAINTS ROW THE THIRD REMASTERED Walkthrough Gameplay Part 2 - SHARKS (SAINTS ROW 3),2020-05-22,UCpqXJOEqGS-TCnazcHCo0rA,theRadBrad,False,667220,https://www.youtube.com/watch?v=y7yAE_Nd6Ok
55230,Saints Row: The Third,zpPHhMsCp3o,Saints Row 3 Remastered Review,2020-05-21,UCKy1dAqELo0zrOtPkf0eTMw,IGN,True,643776,https://www.youtube.com/watch?v=zpPHhMsCp3o
55230,Saints Row: The Third,_j5FAX8nEy8,Saints Row®: The Third™ - Remastered Launch Trailer (Official),2020-05-22,UCnozt2_C8K4wBXvRhhdhAAA,Saints Row,True,576858,https://www.youtube.com/watch?v=_j5FAX8nEy8
55230,Saints Row: The Third,vUXJtpsWUQI,Saints Row The Third - Garage/Crib Music,2011-11-25,UCFeotOhPlwEQZ9wXaJVy3Hw,Raito,False,575761,https://www.youtube.com/watch?v=vUXJtpsWUQI
55230,Saints Row: The Third,Aqg2PUEyBFA,Saints Row: The Third - Launch Trailer (OFFICIAL),2011-11-15,UCnozt2_C8K4wBXvRhhdhAAA,Saints Row,True,567014,https://www.youtube.com/watch?v=Aqg2PUEyBFA
55230,Saints Row: The Third,FKroU6Jrbsw,O jogo MAIS insano e sem NOÇÃO - SAINTS ROW The Third Remastered,2020-05-24,UCJAbkIY17zAmCTNQHH0bQoQ,Gameplayrj,False,537733,https://www.youtube.com/watch?v=FKroU6Jrbsw
55230,Saints Row: The Third,Q5SpLsB7ZzQ,Я прошёл ВСЕ части SAINTS ROW на 100% (почти),2026-02-15,UCR3P-jAyr4eyzPgszI_OrfA,AUGUST,False,522937,https://www.youtube.com/watch?v=Q5SpLsB7ZzQ
55230,Saints Row: The Third,E8GHyCE0KDU,SAINTS ROW THE THIRD REMASTERED Walkthrough Gameplay Part 3 - KINZIE (SAINTS ROW 3),2020-05-25,UCpqXJOEqGS-TCnazcHCo0rA,theRadBrad,False,481061,https://www.youtube.com/watch?v=E8GHyCE0KDU
55230,Saints Row: The Third,81Iv8ZeYhkc,Saints Row the Third Best Glitches,2019-09-10,UCu3_7LTNCwa89vg8qftl5nQ,mrsaintsgodzilla21,False,476384,https://www.youtube.com/watch?v=81Iv8ZeYhkc
55230,Saints Row: The Third,dgcoDsqkt3A,Saints Row: The Third - Syndication Trailer,2011-07-22,UCnozt2_C8K4wBXvRhhdhAAA,Saints Row,True,475284,https://www.youtube.com/watch?v=dgcoDsqkt3A
55230,Saints Row: The Third,YuiAVzjVurQ,Saints Row: The Third - The Full Package Review (Nintendo Switch),2019-05-09,UCKy1dAqELo0zrOtPkf0eTMw,IGN,True,465729,https://www.youtube.com/watch?v=YuiAVzjVurQ
55230,Saints Row: The Third,Xe0XnHgxfIA,Saints Row: The Third is Where The Downfall Began,2022-11-30,UCKNUScl8cNWfZP2qhCA-B3g,Istura,False,457545,https://www.youtube.com/watch?v=Xe0XnHgxfIA
55230,Saints Row: The Third,tZW-rpduLqo,SAINTS ROW 3 All Cutscenes (Game Movie) 1080p 60FPS,2019-03-13,UCiZVMOinTQGb8HQu53VbV4Q,Gamer's Little Playground,False,436416,https://www.youtube.com/watch?v=tZW-rpduLqo
55230,Saints Row: The Third,cXZqW8rSh44,Those poor NPCs 🤣 | Saints Row: The Third Remastered,2026-04-23,UC8HqzitRLbHRAEUpKA2PzCQ,Kills Eye ,False,820114,https://www.youtube.com/watch?v=cXZqW8rSh44
55230,Saints Row: The Third,Pf5_WyBRa_s,Saints Row: The Third - Full Game Playthrough | Pure Gameplay (No Commentary),2019-06-03,UCQhftMfy_JyFMz0bcrkWjng,Full Playthroughs,False,431329,https://www.youtube.com/watch?v=Pf5_WyBRa_s
55230,Saints Row: The Third,UeQmM9uIhyo,Saints Row 3 Remastered Full Game Walkthrough - No Commentary (4K UHD),2020-06-26,UCfR1x_7U3rldNcNVCoEddeA,NRMwalkthroughHD,False,410286,https://www.youtube.com/watch?v=UeQmM9uIhyo
55230,Saints Row: The Third,ORVvqrXmGEU,SAINTS ROW THE THIRD REMASTERED Walkthrough Gameplay Part 4 - TIGER (SAINTS ROW 3),2020-05-29,UCpqXJOEqGS-TCnazcHCo0rA,theRadBrad,False,371311,https://www.youtube.com/watch?v=ORVvqrXmGEU
1053710,The Red Lantern,NIDy6g0ug2c,I Can Pet My Sled Dogs! | StacyPlays The Red Lantern (Wild Wednesday),2020-12-23,UC2c6FqF4olAZ7LodVEUueNQ,stacyplays,False,1564511,https://www.youtube.com/watch?v=NIDy6g0ug2c
1053710,The Red Lantern,bfq5AiaLgGA,Adopting Our Sled Dog Team!! 🐕🛷 The Red Lantern • #1,2020-10-22,UCZ1zebNAQS72oSid_wb8Y8Q,Seri! Pixel Biologist!,False,1053217,https://www.youtube.com/watch?v=bfq5AiaLgGA
1053710,The Red Lantern,Hl4CorPJTM4,The Dangers that Lurk in the Darkness?! 🐕🛷 The Red Lantern • #3,2020-10-24,UCZ1zebNAQS72oSid_wb8Y8Q,Seri! Pixel Biologist!,False,979757,https://www.youtube.com/watch?v=Hl4CorPJTM4
1053710,The Red Lantern,q9ZI_bqzwC4,YOU CAN PET ALL THE DOGS!!! 😍 | The Red Lantern - Pt. 1,2020-10-29,UCClNRixXlagwAd--5MwJKCw,H2ODelirious,False,846303,https://www.youtube.com/watch?v=q9ZI_bqzwC4
1053710,The Red Lantern,8Fddt2pTb30,Battling a GRIZZLY Bear?! 🐕🛷 The Red Lantern • #6,2020-10-28,UCZ1zebNAQS72oSid_wb8Y8Q,Seri! Pixel Biologist!,False,744400,https://www.youtube.com/watch?v=8Fddt2pTb30
1053710,The Red Lantern,gDoEm3dBqts,The Tale of a Girl and a Fox Begins...!!🦊 Never Alone • #1,2022-01-15,UCZ1zebNAQS72oSid_wb8Y8Q,Seri! Pixel Biologist!,False,587836,https://www.youtube.com/watch?v=gDoEm3dBqts
1053710,The Red Lantern,ihCrI1iRxSQ,Bears & Moose Attack My Dog Sledding Team Deep In Alaska - The Red Lantern,2020-11-18,UCf2ocK7dG_WFUgtDtrKR4rw,Drae,False,565160,https://www.youtube.com/watch?v=ihCrI1iRxSQ
1053710,The Red Lantern,_B5GvBrmNAA,MY LAST EPISODE! (Can I make it?) | The Red Lantern,2020-11-01,UCClNRixXlagwAd--5MwJKCw,H2ODelirious,False,447164,https://www.youtube.com/watch?v=_B5GvBrmNAA
1053710,The Red Lantern,_GG7RegCb7Q,I REFUSE TO KILL THE ANIMALS | The Red Lantern - Pt. 2,2020-10-30,UCClNRixXlagwAd--5MwJKCw,H2ODelirious,False,423360,https://www.youtube.com/watch?v=_GG7RegCb7Q
1053710,The Red Lantern,oyBKeZ7NCnE,Chasing Squirrels in the Alaskan Wilderness?! 🐕🛷 The Red Lantern • #2,2020-10-23,UCZ1zebNAQS72oSid_wb8Y8Q,Seri! Pixel Biologist!,False,412656,https://www.youtube.com/watch?v=oyBKeZ7NCnE
1053710,The Red Lantern,0BSB4aQ4WJM,We're Being Chased by WOLVES?! 🐕🛷 The Red Lantern • #4,2020-10-25,UCZ1zebNAQS72oSid_wb8Y8Q,Seri! Pixel Biologist!,False,390511,https://www.youtube.com/watch?v=0BSB4aQ4WJM
1053710,The Red Lantern,H08gxT0RR2c,The Red Lantern - Launch Trailer - Nintendo Switch,2020-10-22,UCGIY_O-8vW4rfX98KlMkvRg,Nintendo of America,True,342491,https://www.youtube.com/watch?v=H08gxT0RR2c
1053710,The Red Lantern,Hmt8XuTM0Ig,Assembling The Best Dog Sledding Team To Survive The Alaskan Wilderness - The Red Lantern,2020-10-24,UCf2ocK7dG_WFUgtDtrKR4rw,Drae,False,337338,https://www.youtube.com/watch?v=Hmt8XuTM0Ig
1053710,The Red Lantern,9RLGrE_HD14,Can I Make This Rescue Dog Trust Me? | StacyPlays The Red Lantern (Full Game),2021-03-17,UC2c6FqF4olAZ7LodVEUueNQ,stacyplays,False,316495,https://www.youtube.com/watch?v=9RLGrE_HD14
1053710,The Red Lantern,49WcDMC0eIw,Iggy & Chomper's SECRET Special Moment?! 🐕🛷 The Red Lantern • #48,2021-02-09,UCZ1zebNAQS72oSid_wb8Y8Q,Seri! Pixel Biologist!,False,310223,https://www.youtube.com/watch?v=49WcDMC0eIw
1053710,The Red Lantern,DuG2hRwNpns,The Omen of an ALBINO Moose?! 🐕🛷 The Red Lantern • #5,2020-10-27,UCZ1zebNAQS72oSid_wb8Y8Q,Seri! Pixel Biologist!,False,224068,https://www.youtube.com/watch?v=DuG2hRwNpns
1053710,The Red Lantern,PvV76tnXCco,Slayer Faces Her Deepest FEARS!! 🐕🛷 The Red Lantern • #32,2020-11-30,UCZ1zebNAQS72oSid_wb8Y8Q,Seri! Pixel Biologist!,False,217417,https://www.youtube.com/watch?v=PvV76tnXCco
1053710,The Red Lantern,leoj2t88Vso,Learning Lessons from ARCTIC Foxes?! 🐕🛷 The Red Lantern • #7,2020-10-29,UCZ1zebNAQS72oSid_wb8Y8Q,Seri! Pixel Biologist!,False,195750,https://www.youtube.com/watch?v=leoj2t88Vso
1053710,The Red Lantern,qqAak6gJAIM,Reunion With a WILD WOLF?! 🐕🛷 The Red Lantern • #45,2020-12-29,UCZ1zebNAQS72oSid_wb8Y8Q,Seri! Pixel Biologist!,False,188283,https://www.youtube.com/watch?v=qqAak6gJAIM
1053710,The Red Lantern,A0gFr1hIRWg,Befriending a Wild WOLF?! 🐕🛷 The Red Lantern • #22,2020-11-18,UCZ1zebNAQS72oSid_wb8Y8Q,Seri! Pixel Biologist!,False,178675,https://www.youtube.com/watch?v=A0gFr1hIRWg
1053710,The Red Lantern,vqE7gT8lpQU,Adopting a NEW Pack of Sled Dogs!! 🐕🛷 The Red Lantern • #16,2020-11-11,UCZ1zebNAQS72oSid_wb8Y8Q,Seri! Pixel Biologist!,False,177426,https://www.youtube.com/watch?v=vqE7gT8lpQU
1053710,The Red Lantern,OLa_NUhYW7o,ЖИЗНЬ С СОБАКАМИ НА СЕВЕРЕ ( The Red Lantern ),2021-12-11,UCGyZblDN5afu78KyIJ0Ovbg,perpetuumworld,False,154595,https://www.youtube.com/watch?v=OLa_NUhYW7o
1053710,The Red Lantern,uRRqQfvriOM,An ILL OMEN For Our Slayer?! 🐕🛷 The Red Lantern Returns • #6,2021-12-18,UCZ1zebNAQS72oSid_wb8Y8Q,Seri! Pixel Biologist!,False,150395,https://www.youtube.com/watch?v=uRRqQfvriOM
1053710,The Red Lantern,qHQ3OOyg5iE,The Pawprints of a LOST Sled Dog Team?! 🐕🛷 The Red Lantern • #10,2020-11-01,UCZ1zebNAQS72oSid_wb8Y8Q,Seri! Pixel Biologist!,False,136030,https://www.youtube.com/watch?v=qHQ3OOyg5iE
1053710,The Red Lantern,9fHoR6hJ8s4,Face to Face With a Wild MOOSE?! 🐕🛷 The Red Lantern • #21,2020-11-16,UCZ1zebNAQS72oSid_wb8Y8Q,Seri! Pixel Biologist!,False,119167,https://www.youtube.com/watch?v=9fHoR6hJ8s4
1053710,The Red Lantern,lSGqkEE12rI,The Red Lantern - Announcement Trailer - Nintendo Switch,2019-03-20,UCGIY_O-8vW4rfX98KlMkvRg,Nintendo of America,True,115948,https://www.youtube.com/watch?v=lSGqkEE12rI
1053710,The Red Lantern,2n78fca091s,A New Life At Our SLED DOG Cabin!! 🐕🛷 The Red Lantern Returns • #1,2021-12-09,UCZ1zebNAQS72oSid_wb8Y8Q,Seri! Pixel Biologist!,False,110128,https://www.youtube.com/watch?v=2n78fca091s
1053710,The Red Lantern,dM2ahR046y0,Unleashing Our Dog's HUNTING Instincts!! 🐕🛷 The Red Lantern • #9,2020-10-31,UCZ1zebNAQS72oSid_wb8Y8Q,Seri! Pixel Biologist!,False,109848,https://www.youtube.com/watch?v=dM2ahR046y0
1053710,The Red Lantern,CIfnRlRI7cU,Our Pack of Wild HUNTERS!! 🐕🛷 The Red Lantern • #18,2020-11-13,UCZ1zebNAQS72oSid_wb8Y8Q,Seri! Pixel Biologist!,False,108459,https://www.youtube.com/watch?v=CIfnRlRI7cU
1053710,The Red Lantern,fxiu73_dbJI,Between a Grizzly Bear and Her CUB?! 🐕🛷 The Red Lantern • #11,2020-11-03,UCZ1zebNAQS72oSid_wb8Y8Q,Seri! Pixel Biologist!,False,99311,https://www.youtube.com/watch?v=fxiu73_dbJI
1053710,The Red Lantern,UiredZN6shg,A Very SECRETIVE Sled Dog?! 🐕🛷 The Red Lantern • #33,2020-12-02,UCZ1zebNAQS72oSid_wb8Y8Q,Seri! Pixel Biologist!,False,96421,https://www.youtube.com/watch?v=UiredZN6shg
1053710,The Red Lantern,MwrZ80l6tKY,The Bitter BITE of the Alaskan Wilds!! 🐕🛷 The Red Lantern • #20,2020-11-15,UCZ1zebNAQS72oSid_wb8Y8Q,Seri! Pixel Biologist!,False,80001,https://www.youtube.com/watch?v=MwrZ80l6tKY
1053710,The Red Lantern,bQ-k3Lasqwg,Being STALKED by a Wild Wolf Pack?! 🐕🛷 The Red Lantern • #23,2020-11-20,UCZ1zebNAQS72oSid_wb8Y8Q,Seri! Pixel Biologist!,False,74562,https://www.youtube.com/watch?v=bQ-k3Lasqwg
1053710,The Red Lantern,SaPQHP4EH20,THE RED LANTERN |  Part 1 Gameplay Walkthrough No Commentary FULL GAME,2020-10-22,UCEVc04n4prlS29Q8_w6Lj7g,Old'n'Cozy,False,68644,https://www.youtube.com/watch?v=SaPQHP4EH20
1053710,The Red Lantern,--k6lYPTfNk,Falling Through the FROZEN LAKE?! 🐕🛷 The Red Lantern • #29,2020-11-27,UCZ1zebNAQS72oSid_wb8Y8Q,Seri! Pixel Biologist!,False,65500,https://www.youtube.com/watch?v=--k6lYPTfNk
1053710,The Red Lantern,urj7NiQXg6Y,ALBINO Moose by Moonlight!! 🐕🛷 The Red Lantern • #24,2020-11-21,UCZ1zebNAQS72oSid_wb8Y8Q,Seri! Pixel Biologist!,False,63161,https://www.youtube.com/watch?v=urj7NiQXg6Y
1053710,The Red Lantern,FNqsa_7xtmU,Frozen SECRETS in the Alaskan Wilds?! 🐕🛷 The Red Lantern • #14,2020-11-07,UCZ1zebNAQS72oSid_wb8Y8Q,Seri! Pixel Biologist!,False,61037,https://www.youtube.com/watch?v=FNqsa_7xtmU
2543830,Way of the Hunter 2,Sin1InVFUp0,Way of the Hunter 2 | Release Trailer,2026-09-29,UCpUu6hoAK8axMVZ2c_jgMCQ,THQ Nordic,True,2735538,https://www.youtube.com/watch?v=Sin1InVFUp0
2543830,Way of the Hunter 2,l0hkJ6naYQ4,Way of the Hunter 2 | Release Date Trailer,2026-08-07,UCpUu6hoAK8axMVZ2c_jgMCQ,THQ Nordic,True,1980997,https://www.youtube.com/watch?v=l0hkJ6naYQ4
2543830,Way of the Hunter 2,tcJudegJn7w,Way of the Hunter 2 | Multiplayer Trailer,2026-09-02,UCpUu6hoAK8axMVZ2c_jgMCQ,THQ Nordic,True,1638351,https://www.youtube.com/watch?v=tcJudegJn7w
2543830,Way of the Hunter 2,rHvYOFjaBQs,Fall Asleep While I Hunt Big Game,2026-04-05,UCbzEOGSh4-xCvAcvAQUOcHQ,sleepyslorgs,False,412465,https://www.youtube.com/watch?v=rHvYOFjaBQs
2543830,Way of the Hunter 2,xH57OGRvxLs,Attacked by Hippos in Way of the Hunter 2!,2026-06-13,UCnoXQZ4krtA96huhCSQkMeg,KG Gaming,False,319973,https://www.youtube.com/watch?v=xH57OGRvxLs
2543830,Way of the Hunter 2,GzMOKbsuWHo,Hunting Down Melanistic Wolves in Way of the Hunter 2!,2026-02-25,UCnoXQZ4krtA96huhCSQkMeg,KG Gaming,False,309171,https://www.youtube.com/watch?v=GzMOKbsuWHo
2543830,Way of the Hunter 2,czET4p2CmY0,Way of the Hunter 2 | Early Access Release Trailer,2026-03-26,UCpUu6hoAK8axMVZ2c_jgMCQ,THQ Nordic,True,747483,https://www.youtube.com/watch?v=czET4p2CmY0
2543830,Way of the Hunter 2,WN3ZetJREjM,I had to put her down... 🐃🔫  | Way of the Hunter 2 #shorts,2026-08-22,UCrSPlLm7e0bXpPYNOOzxgOg,Rooster,False,363118,https://www.youtube.com/watch?v=WN3ZetJREjM
2543830,Way of the Hunter 2,D3NLvGHVYuw,Way of the Hunter 2 - Part 1 - The Beginning,2026-09-30,UC36MGPfPwOWafAXauiV4LdA,TmarTn2,False,365789,https://www.youtube.com/watch?v=D3NLvGHVYuw
2543830,Way of the Hunter 2,LNzZkHFRJVQ,РЕАЛИСТИЧНЫЙ СИМУЛЯТОР ОХОТНИКА ВЫШЕЛ В STEAM! - Way of The Hunter 2,2026-03-27,UCOynRdpGiTCNFhCgD0RTe1w,SHIMOROSHOW,False,176648,https://www.youtube.com/watch?v=LNzZkHFRJVQ
2543830,Way of the Hunter 2,pp_eq0IzGzg,I Played Way of the Hunter 2 and It's INSANELY GOOD | Way of the Hunter 2 Early Access,2026-03-28,UCrSPlLm7e0bXpPYNOOzxgOg,Rooster,False,187631,https://www.youtube.com/watch?v=pp_eq0IzGzg
2543830,Way of the Hunter 2,uY_pbs7QRhM,HIPPO ATTACK!!! Kilimaya Reserve in Way of the Hunter 2 #earlyaccess #woth2 #wayofthehunter,2026-05-27,UCuHIJJLiCnI-D1SU_8fEnTA,Flinter,False,245020,https://www.youtube.com/watch?v=uY_pbs7QRhM
2543830,Way of the Hunter 2,BiVM4MJ05j0,I Played Way of the Hunter 2!,2026-02-25,UCnoXQZ4krtA96huhCSQkMeg,KG Gaming,False,199697,https://www.youtube.com/watch?v=BiVM4MJ05j0
2543830,Way of the Hunter 2,YbwYJeIm2uA,Die gefährlichste Karte EVER - Way of the Hunter 2 Afrika - Early Access,2026-05-28,UCjCN608rHbTsNZRhjeIPglA,shfty,False,119621,https://www.youtube.com/watch?v=YbwYJeIm2uA
2543830,Way of the Hunter 2,97CkR1Dov5k,I Got TEA BAGGED By A SUPER RARE Albino!!! 😭🔥 Way of the Hunter 2 #wayofthehunter #thehunter,2026-03-15,UC2F7ZFr8AokTqvJ-WvYahVw,CHOPPER2N1 ,False,202809,https://www.youtube.com/watch?v=97CkR1Dov5k
2543830,Way of the Hunter 2,sip43EzvuX4,Why are Hippos are so AGRESSIVE? 🦛🔫  | Way of the Hunter 2 #shorts,2026-08-19,UCrSPlLm7e0bXpPYNOOzxgOg,Rooster,False,181648,https://www.youtube.com/watch?v=sip43EzvuX4
2543830,Way of the Hunter 2,72GnK2phxN4,Way of the Hunter 2 | Announcement Trailer,2026-01-29,UCpUu6hoAK8axMVZ2c_jgMCQ,THQ Nordic,True,171315,https://www.youtube.com/watch?v=72GnK2phxN4
2543830,Way of the Hunter 2,AhfVQLUeh5M,We're Back in the Most Realistic Hunting Game!,2026-09-02,UCxy8BzRC2kEiqGSASld_iew,Fisk,False,193582,https://www.youtube.com/watch?v=AhfVQLUeh5M
2543830,Way of the Hunter 2,4hG9xbiSQ-0,Way of the Hunter 2 Gameplay Walkthrough Part 1 - OPEN WORLD HUNTING GAME,2026-03-25,UCns4T9U8VSIRovKa1a_r7rA,GameRiot,False,94317,https://www.youtube.com/watch?v=4hG9xbiSQ-0
2543830,Way of the Hunter 2,xaD7sx8sM_U,I Got Bullied by Deer,2026-04-01,UCf2ocK7dG_WFUgtDtrKR4rw,Drae,False,87285,https://www.youtube.com/watch?v=xaD7sx8sM_U
2543830,Way of the Hunter 2,nLF-F5BkGXI,I Found a Piebald Bison… So I Let Him Grow,2026-09-18,UC8P9Vv4IW0gkJo2LIvid9nQ,Dunnells In The Wild,False,189161,https://www.youtube.com/watch?v=nLF-F5BkGXI
2543830,Way of the Hunter 2,jn4VCX_e-vQ,I Hunted AFRICA'S Most Dangerous Animals... (they fought back) | Way of the Hunter 2,2026-08-17,UCrSPlLm7e0bXpPYNOOzxgOg,Rooster,False,99349,https://www.youtube.com/watch?v=jn4VCX_e-vQ
2543830,Way of the Hunter 2,GOZIGhOHdXo,Our First Hunt In Way Of The Hunter 2 Demo! EVERYTHING Is Improved & Upgraded!,2026-02-23,UCxcoDKuRWY8Rv5Wb4wlFQQA,Scarecrow,False,82286,https://www.youtube.com/watch?v=GOZIGhOHdXo
2543830,Way of the Hunter 2,GQWeuubjBAg,THIS IS THE MOST BEAUTIFUL GAME I HAVE EVER PLAYED | Way Of The Hunter 2,2026-04-28,UCoAxtiY4NrFBMdsvYFI_B3A,The Outer Middle Show,False,84530,https://www.youtube.com/watch?v=GQWeuubjBAg
2543830,Way of the Hunter 2,sg_12Kb6BBQ,Way of the Hunter 2 | CVA Trailer,2026-09-03,UCpUu6hoAK8axMVZ2c_jgMCQ,THQ Nordic,True,562792,https://www.youtube.com/watch?v=sg_12Kb6BBQ
2543830,Way of the Hunter 2,qwj_kCgtvhY,Exploring the New Way of the Hunter 2!,2026-10-02,UCnoXQZ4krtA96huhCSQkMeg,KG Gaming,False,103661,https://www.youtube.com/watch?v=qwj_kCgtvhY
2543830,Way of the Hunter 2,WlIUh98WpG0,Call of the Wild vs Way of the Hunter 2 - WHICH is BEST?!,2026-04-01,UCHt_KzshHyDKwQVYPMXJkPQ,LadyLegendXO,False,86261,https://www.youtube.com/watch?v=WlIUh98WpG0
2543830,Way of the Hunter 2,0e_CmJcoPgw,WAY OF THE HUNTER 2 - Gameplay FR,2026-04-03,UCDlg0T0r9v2_XRCG8yqB2vQ,Galax,False,71816,https://www.youtube.com/watch?v=0e_CmJcoPgw
2543830,Way of the Hunter 2,9KcKYTQu7aM,I Spent Over💲30K on All Weapons! / Way Of The Hunter 2 / DEMO,2026-03-01,UCp8j4fq_3EIjFwkPvlZ6HoQ,The Wild Buck,False,109923,https://www.youtube.com/watch?v=9KcKYTQu7aM
2543830,Way of the Hunter 2,hq5K358bJDQ,My FIRST DEER was an ALBINO 🦌🔫 | Way of the Hunter 2 Early Access #shorts #hunting,2026-05-11,UCrSPlLm7e0bXpPYNOOzxgOg,Rooster,False,120919,https://www.youtube.com/watch?v=hq5K358bJDQ
2543830,Way of the Hunter 2,x-cy9P6vCDA,THIS PLACE IS DANGEROUS! | Way of the Hunter 2 AFRICA Early Access!,2026-05-27,UCuHIJJLiCnI-D1SU_8fEnTA,Flinter,False,64488,https://www.youtube.com/watch?v=x-cy9P6vCDA
3126470,Ice World,rsJnM8wUD4Y,Rosalina's Ice World GAP JUMP Shortcut! (150cc) | Mario Kart 8 Deluxe,2023-11-16,UC62oK4gTQtOE4DvAFbFlt9Q,Shortcat,False,4780235,https://www.youtube.com/watch?v=rsJnM8wUD4Y
3126470,Ice World,HenFIoYzLqk,Ice World just landed in your plaza ☃️! #squadbusters #iceworld #shorts,2024-06-24,UCW7uzYyhVWVZnp1A2-EYAVQ,Squad Busters,False,605791,https://www.youtube.com/watch?v=HenFIoYzLqk
3126470,Ice World,Sf8H6xN9I-0,I Survived in a Horror Ice World in Minecraft Hardcore Hindi,2021-10-02,UCyhWX-7YhDuHqAwAhATN5tw,Mirani Gamer,False,471376,https://www.youtube.com/watch?v=Sf8H6xN9I-0
3126470,Ice World,q8KETvBFZtE,Angry Birds Space music extended - Ice World,2017-09-12,UCDm0O7ty2roGmN6XSKyipZw,Kalehori,False,198728,https://www.youtube.com/watch?v=q8KETvBFZtE
3126470,Ice World,WsLXo497Hrw,The We Got Ice World Series,2023-10-23,UC3xKDcL6cDmjVGJFKfi8T3w,We Got Ice,False,187382,https://www.youtube.com/watch?v=WsLXo497Hrw
3126470,Ice World,yKgpEXEni94,Mario Kart 7 Soundtrack - Rosalina's Ice World,2014-05-24,UC_aVpyiE-YSyezpdFgbzLJQ,piplupwater,False,186722,https://www.youtube.com/watch?v=yKgpEXEni94
3126470,Ice World,ZrP3-wFwvxc,Mario Kart 7: Rosalina's Ice World [1080 HD],2017-05-12,UCVYygAE9IEA8feU0BdnZgMw,GamerJGB,False,157078,https://www.youtube.com/watch?v=ZrP3-wFwvxc
3126470,Ice World,Sy_gsHAyt_s,Retro World - walkthrough with secrets - Level 4-1 (Ice World),2017-11-25,UCuQSDZP17b4yS4ZfiwtlAng,cmyksoft,False,95394,https://www.youtube.com/watch?v=Sy_gsHAyt_s
3126470,Ice World,JcOjU95ii1s,The Rosalina's Ice World Gap Cut | Mario Kart 8 Deluxe #shorts,2023-11-11,UCD4AGYDpUmNfWbkvHj8RSBA,Hydreix,False,164679,https://www.youtube.com/watch?v=JcOjU95ii1s
3126470,Ice World,FRBOoxt_Pu0,Retro World - walkthrough with secrets - Level 4-2 (Ice World),2017-11-26,UCuQSDZP17b4yS4ZfiwtlAng,cmyksoft,False,120996,https://www.youtube.com/watch?v=FRBOoxt_Pu0
3126470,Ice World,Djsv0rcCXGI,Day 1 a Different Kind of New Survival Game | Ice World Gameplay | Part 1,2024-11-29,UCY6c18sccqyFL6PS5KVpicw,Kage848,False,44938,https://www.youtube.com/watch?v=Djsv0rcCXGI
3126470,Ice World,TPgoKqZ9A8E,PJ Masks Power Heroes Mighty Alliance - Ice World - English Game Episode 3,2024-07-12,UC6oRub4TgKPcx1Sn7A3HOfQ,AndromalicPlay1337,False,25048,https://www.youtube.com/watch?v=TPgoKqZ9A8E
3126470,Ice World,vLHfeJBNwgA,Rosalina's Ice World - Mario Kart 7 Music Extended,2020-10-18,UCp44DeN4ZJ985V9c-kyJ6iw,Mario Game Music by Tang (Game King),False,20579,https://www.youtube.com/watch?v=vLHfeJBNwgA
3126470,Ice World,y7LnX-Pe_F0,Best Friends (Game by Retro64) - Ice World,2014-10-23,UCF84BonyyYQbBCWxxTJgXOA,Tomek FM,False,19209,https://www.youtube.com/watch?v=y7LnX-Pe_F0
3126470,Ice World,00PgeV4VCRY,Ice World - Que vaut ce jeu de survie gratuit ?,2024-12-02,UCo_Nm4TBp1rF0DRsWr377Ww,Dr_Horse,False,18794,https://www.youtube.com/watch?v=00PgeV4VCRY
3126470,Ice World,jzkmjG6QufI,He Entered the Ice World… 😱❄️ What Happens Next?!,2026-10-02,UCaHUN81taHibK_iD__HnoAQ,LoloKit,False,35346,https://www.youtube.com/watch?v=jzkmjG6QufI
1135910,Hunting Simulator 2,7xla31xXNug,Hunting GIGANTIC Moose in Hunting Simulator 2,2020-07-16,UCK3eoeo-HGHH11Pevo1MzfQ,Blitz,False,2231259,https://www.youtube.com/watch?v=7xla31xXNug
1135910,Hunting Simulator 2,kd9rtxWQ9Xk,Hunting Simulator 2 - Part 1 - My First Hunt,2020-06-27,UC36MGPfPwOWafAXauiV4LdA,TmarTn2,False,1369950,https://www.youtube.com/watch?v=kd9rtxWQ9Xk
1135910,Hunting Simulator 2,JFVBxUZ9NLs,محاكي الصيد #1 | صيد الحيوانات بشكل واقعي جدا !! Hunting Simulator 2,2020-07-16,UCihg-Aew0pQYKiAOLnPA8GA,أحمد - Nemesis,False,781402,https://www.youtube.com/watch?v=JFVBxUZ9NLs
1135910,Hunting Simulator 2,gGLUh9-oaME,Hunting Simulator 2 - FIRST IMPRESSIONS!,2020-05-07,UC7TIkH-0TzhP1EmSD9QN3xw,Fooster,False,629477,https://www.youtube.com/watch?v=gGLUh9-oaME
1135910,Hunting Simulator 2,9qGLsPUSo70,🔥 Hem Büyücü Hem Avcı Oluyoruz! 🏹 | Hunting Simulator 2 | Roblox Türkçe,2019-07-01,UCEKl2Zu5s4OWS1kIfBv9o-Q,Geldi Başkan,False,617476,https://www.youtube.com/watch?v=9qGLsPUSo70
1135910,Hunting Simulator 2,1KuStXP0p-Q,محاكي صيد الحيوانات : البداية الواقعية | Hunting Simulator 2,2021-05-02,UCV2JkEBmtfSYGAIlprAhAyQ,شبكة العاب العرب | Arab Games Network,False,526291,https://www.youtube.com/watch?v=1KuStXP0p-Q
1135910,Hunting Simulator 2,40LiLc3Sne8,HUNTING BIG MOOSE! Hunting Simulator 2 Ep.1 - Kendall Gray,2022-02-14,UCnoXQZ4krtA96huhCSQkMeg,KG Gaming,False,511459,https://www.youtube.com/watch?v=40LiLc3Sne8
1135910,Hunting Simulator 2,ySRWBSM6pX0,Hunting Simulator 2 Review,2020-07-02,UCKy1dAqELo0zrOtPkf0eTMw,IGN,True,498887,https://www.youtube.com/watch?v=ySRWBSM6pX0
1135910,Hunting Simulator 2,aCy7FPknLEQ,Hunting Big Game Predators With My Trusty Dog Sidekick - Hunting Simulator 2 Gameplay,2020-06-28,UCf2ocK7dG_WFUgtDtrKR4rw,Drae,False,354717,https://www.youtube.com/watch?v=aCy7FPknLEQ
1135910,Hunting Simulator 2,S80Xa6nmqRQ,Hunting Simulator 2 - Part 2 - Tracking a MASSIVE Elk!,2020-06-30,UC36MGPfPwOWafAXauiV4LdA,TmarTn2,False,345325,https://www.youtube.com/watch?v=S80Xa6nmqRQ
1135910,Hunting Simulator 2,XyYGggUEUj0,Hunting Simulator 2 - Overview Trailer | PS4,2020-04-14,UC-2Y8dQb0S6DtpxNgAKoJKA,PlayStation,True,332527,https://www.youtube.com/watch?v=XyYGggUEUj0
1135910,Hunting Simulator 2,uZFGeNcvJgo,"Hunting Bison, Pronghorn, and More in Hunting Simulator 2!",2020-07-15,UCuHIJJLiCnI-D1SU_8fEnTA,Flinter,False,281077,https://www.youtube.com/watch?v=uZFGeNcvJgo
1135910,Hunting Simulator 2,9eTwgEx6_oI,Hunting Simulator 2 First Hunt!,2020-05-07,UCuHIJJLiCnI-D1SU_8fEnTA,Flinter,False,273384,https://www.youtube.com/watch?v=9eTwgEx6_oI
1135910,Hunting Simulator 2,G9T0uSy6Vn4,HUNTING GRIZZLY BEARS! Hunting Simulator 2 Ep.2 - Kendall Gray,2022-02-18,UCnoXQZ4krtA96huhCSQkMeg,KG Gaming,False,264580,https://www.youtube.com/watch?v=G9T0uSy6Vn4
1135910,Hunting Simulator 2,BNLI7bCCx84,Easy Money 💰 HUNTING SIMULATOR 2 💰 Collect ALL Weapons FASTER,2020-07-04,UCNNTNaVcFdZQ0iB7dcY5yEg,TruScore Gaming,False,221776,https://www.youtube.com/watch?v=BNLI7bCCx84
1135910,Hunting Simulator 2,YDVYT4KVqJg,Bear Hunting in Hunting Simulator 2!,2022-05-12,UCnoXQZ4krtA96huhCSQkMeg,KG Gaming,False,186526,https://www.youtube.com/watch?v=YDVYT4KVqJg
1135910,Hunting Simulator 2,YU_uu27jzcU,HUNTING TEXAS! Hunting Simulator 2 Ep.5 - Kendall Gray,2022-03-09,UCnoXQZ4krtA96huhCSQkMeg,KG Gaming,False,174437,https://www.youtube.com/watch?v=YU_uu27jzcU
1135910,Hunting Simulator 2,niymyFEs-Oo,Committing HUNTING CRIMES in the DESERT (ᴵ ⁿᵉᵉᵈᵉᵈ ᵗʰᵉ ᵐᵒⁿᵉʸ) | Hunting Simulator 2,2024-12-28,UCrSPlLm7e0bXpPYNOOzxgOg,Rooster,False,171945,https://www.youtube.com/watch?v=niymyFEs-Oo
1135910,Hunting Simulator 2,oGT8XsozB6g,308 vs Bison! Hunting Simulator 2 4K,2020-07-28,UCjQFjh9iEf-r8nLa_vpt1og,BluntForceRam,False,147322,https://www.youtube.com/watch?v=oGT8XsozB6g
1135910,Hunting Simulator 2,jRWB8XQysew,Another Batch of Legendary Trophies! Hunting Simulator 2,2022-02-15,UCjQFjh9iEf-r8nLa_vpt1og,BluntForceRam,False,142096,https://www.youtube.com/watch?v=jRWB8XQysew
1135910,Hunting Simulator 2,OA4znm9qY-I,7 Legendary Animals So Far! Hunting Simulator 2,2021-11-03,UCjQFjh9iEf-r8nLa_vpt1og,BluntForceRam,False,137631,https://www.youtube.com/watch?v=OA4znm9qY-I
1135910,Hunting Simulator 2,Ps9WrHVHylo,Hunting Simulator 2 - Launch Trailer | PS4,2020-06-30,UC-2Y8dQb0S6DtpxNgAKoJKA,PlayStation,True,136676,https://www.youtube.com/watch?v=Ps9WrHVHylo
1135910,Hunting Simulator 2,EU8htgBoXPk,Hunting Simulator 2 | Nintendo Switch Gameplay,2020-10-16,UCig8G8RlRw34bT9bgsXe5tw,ContraNetwork,False,129481,https://www.youtube.com/watch?v=EU8htgBoXPk
1135910,Hunting Simulator 2,xn2-42EBB-Q,HUNTING SIMULATOR 2 #01 | Découverte & Première Chasse,2020-07-18,UCm7rmp60URlhcv5lsLWOgVA,Les Chroniques d'Akse,False,124668,https://www.youtube.com/watch?v=xn2-42EBB-Q
1135910,Hunting Simulator 2,7TlqGrb_AQk,Le chasseur fou et son chien Billy - Hunting Simulator 2,2020-05-09,UCDsh4lseyfsUW9XnA-9J5iA,Naito,False,124190,https://www.youtube.com/watch?v=7TlqGrb_AQk
1074620,Adore,nDhQBFH1F1M,"J'ADORE CE MODE ! 😍 (Smash + Slide ft. Locklear, Doigby, Gotaga, Kameto, Terracid)",2020-06-25,UCY-_QmcW09PHAImgVnKxU2g,SQUEEZIE GAMING,False,4384204,https://www.youtube.com/watch?v=nDhQBFH1F1M
1074620,Adore,x8O_HDjRtuY,J'ADORE LES TEMPÊTES DE NEIGE. (Kholat),2015-10-23,UCWeg2Pkate69NFdBeuRFTAw,SQUEEZIE,False,3352979,https://www.youtube.com/watch?v=x8O_HDjRtuY
1074620,Adore,glYuVVvdnIk,"J'ADORE CES MINI-JEUX ! 😍 (Minigames ft. Locklear, Doigby, Gotaga, Mickalow, Kenny)",2021-01-09,UCY-_QmcW09PHAImgVnKxU2g,SQUEEZIE GAMING,False,3299517,https://www.youtube.com/watch?v=glYuVVvdnIk
1074620,Adore,63_HKyKgMaA,It's sad to see Woods in wheelchair ||  adore - i miss you || #shorts #bo6 #military #frank #woods,2024-10-31,UCSaDiRN6Z8owFIgqd0pkDDQ,STONE XD,False,2314779,https://www.youtube.com/watch?v=63_HKyKgMaA
1074620,Adore,RYnmwCoYWBc,Why I Adore Kingdom Hearts 2,2018-07-09,UC18YhnNvyrU2kTwCyj9p5ag,KingK,False,744019,https://www.youtube.com/watch?v=RYnmwCoYWBc
1074620,Adore,kFJv_W_jABs,ADORE - Monster Taming Dungeon Crawling Roguelite,2020-02-16,UC8nZUXCwCTffxthKLtOp6ng,Splattercatgaming,False,612133,https://www.youtube.com/watch?v=kFJv_W_jABs
1074620,Adore,79GBvgCWPTg,[TF2] I Adore The Quickiebomb Launcher,2021-11-13,UCVu2-SAuPI7oyZq5w0c3CGg,FishStickOnAStick - Gaming,False,545204,https://www.youtube.com/watch?v=79GBvgCWPTg
1074620,Adore,k-Ix17T2LLk,|| Hollyberry + Eternal Sugar edit || Let us adore you - Steven Universe || Cookie Run: Kingdom,2025-05-06,UChaOl74FnZF6cv2tanQmhgA,• . 𝙈𝙖𝙪𝙫𝙚𝙦𝙯 . • ,False,1188671,https://www.youtube.com/watch?v=k-Ix17T2LLk
1074620,Adore,1mfAHVlaUYc,Pokemon you were supposed to Adore,2024-03-10,UCWzfixxFUZR8bMPArErRVLA,Moopsten,False,451188,https://www.youtube.com/watch?v=1mfAHVlaUYc
1074620,Adore,zLu96gvYtVo,I absolutely ADORE Conker's Bad Fur Day,2020-06-16,UCmTPhoY-bYX2PKU03IKcKcA,Foekoe,False,416795,https://www.youtube.com/watch?v=zLu96gvYtVo
1074620,Adore,uRBz1J165cc,J'adore les m6ême squid game un avis sur la saison 2?(Abonne-toi si tu as aimé),2025-01-05,UCryrwBtp5cMv-Hio-pVrryw,armpoint,False,460787,https://www.youtube.com/watch?v=uRBz1J165cc
1074620,Adore,WD0zJpmepx8,I ADORE ROBIN...  #tuonto #honkaistarrail #starrail,2024-05-01,UCqdeBveU7H4K3EyaYvd7mnA,Tuonto,False,382615,https://www.youtube.com/watch?v=WD0zJpmepx8
1074620,Adore,WE1onHicXBU,Instalok - Support You (Harry Styles - Adore You PARODY),2020-08-04,UC9YLd0REiXxLqQQH_CpJKZQ,Instalok,False,305213,https://www.youtube.com/watch?v=WE1onHicXBU
1074620,Adore,BZv-6EsVp2Y,Just Dance 2021: Adore You by Harry Styles | Official Track Gameplay [US],2020-11-05,UChIjW4BWKLqpojTrS_tX0mg,Just Dance,True,288554,https://www.youtube.com/watch?v=BZv-6EsVp2Y
1074620,Adore,fcx8Ir8HI28,'Pet your beloved one' reminder from Skipper 🐶 We really adore pets in Hello Neighbor 2.,2023-08-30,UCHLuN_JL66bD8fdJWmQ-gNw,tinyBuildGAMES,False,406567,https://www.youtube.com/watch?v=fcx8Ir8HI28
1074620,Adore,pze_WclC6DU,"Adore First Impressions ""Is It Worth Playing?""",2021-01-29,UCE-f0sqi-H7kuLT0YiW9rcA,TheLazyPeon,False,196077,https://www.youtube.com/watch?v=pze_WclC6DU
1074620,Adore,-taDIGnDAGA,Adore - Launch Trailer - Nintendo Switch,2023-08-03,UCGIY_O-8vW4rfX98KlMkvRg,Nintendo of America,True,81960,https://www.youtube.com/watch?v=-taDIGnDAGA
1074620,Adore,Moiuh9PVYhU,I Adore Persona 3 Reload.,2024-02-22,UChqs6XJ0zW62GfYXV62xGOg,IlexEmily,False,229029,https://www.youtube.com/watch?v=Moiuh9PVYhU
1074620,Adore,gYMxgwI1l04,J'adore ce nouveau survival avec une mécanique d'extraction ! (Lost Rift #1),2025-10-01,UCo_Nm4TBp1rF0DRsWr377Ww,Dr_Horse,False,223123,https://www.youtube.com/watch?v=gYMxgwI1l04
1074620,Adore,dNA50KX92wc,JE DÉCOUVRE ZEPETO POUR LA PREMIÈRE FOIS ET J'ADORE! (Miss Queen Zepeto),2022-12-01,UCV_n7sq7lgOnPx1LLCMZDLQ,MISS QUEEN,False,205587,https://www.youtube.com/watch?v=dNA50KX92wc
1074620,Adore,obv1QyCKsUg,Minecraft - Hunger games #Les Boules de feu ? J'adore ! ( Avec Oxilac ),2014-03-05,UCLMKLU-ZuDQIsbjMvR3bbog,Furious Jumper,False,192927,https://www.youtube.com/watch?v=obv1QyCKsUg
1074620,Adore,_4N8j7obViQ,JRPG Fans Will ADORE This Hidden Indie Gem,2022-04-09,UCJZPUsa6ugWTwEhl9agZnVQ,The Kiseki Nut,False,170537,https://www.youtube.com/watch?v=_4N8j7obViQ
1074620,Adore,Pd1u4OlrIKc,Things to ADORE About Splatoon 3 Side Order,2024-02-25,UC3XWYokXdcltBb_7Myc9r_A,Alphastar716,False,175325,https://www.youtube.com/watch?v=Pd1u4OlrIKc
1074620,Adore,pMkeZBpXZiM,KK Slider - Adore You (Harry Styles),2020-07-17,UC1JB0XkovQwI4yeZFdJJ1bg,Clay Kramer,False,138026,https://www.youtube.com/watch?v=pMkeZBpXZiM
1074620,Adore,OEVCEyIvh0c,ADORE - Druid Fantasy Summoner Action RPG,2022-03-27,UC8nZUXCwCTffxthKLtOp6ng,Splattercatgaming,False,134303,https://www.youtube.com/watch?v=OEVCEyIvh0c
1074620,Adore,lwvLcha-SFE,adore u - Fred again... & Obongjayar (EAFC 24 SOUNDTRACK),2024-02-29,UCBZOnpQhWnrBJYfC5Nt00Xg,favelamarek,False,115550,https://www.youtube.com/watch?v=lwvLcha-SFE
1074620,Adore,AYcv4_LXAsc,En vrai il adore le jeu 😂😂😂 #valorant #valorantfr #rayakuzaa,2025-09-07,UCTIRUAgLCuU7pihgAA3kvEA,Rayakuzaa,False,178452,https://www.youtube.com/watch?v=AYcv4_LXAsc
1074620,Adore,gcloqpk-dOw,i adore my account 🥀 || join the dc server in bio for friends!🌴 #roblox #lofarricky #discord #tren,2026-01-23,UCYXNATshz67KTWd1O2G9PGg,rick,False,216936,https://www.youtube.com/watch?v=gcloqpk-dOw
1074620,Adore,Sxe3SjTEAKM,A1E1 Independent - The Landship I Both Adore & Despise!,2023-07-12,UCBnSIolzKHchMtU-_o-hntQ,Bo Time Gaming,False,105969,https://www.youtube.com/watch?v=Sxe3SjTEAKM
1074620,Adore,tF4J_Zcq_Iw,[Beat Saber] Harry Styles - Adore You (EXPERT+),2020-04-14,UCc0_4m8a-YtBHEcYwjEnbxw,makeUmove,False,104702,https://www.youtube.com/watch?v=tF4J_Zcq_Iw
1074620,Adore,WUVTm76MHEY,Ayogi suggest TAG 🥶 Joker Adore Rega S8UL Thug ❤️ Nebula declare Soul #2 👀 RNTX troll GODL ✅,2026-06-12,UCGn9cTrxfHXjlQJJIch6vHQ,Kiwos YT,False,102289,https://www.youtube.com/watch?v=WUVTm76MHEY
1074620,Adore,JUdb6OdBq-s,J'adore ce nouveau jeu !,2020-07-28,UCCqMS4fwmaM-yStTmQe2nfg,Mickalow,False,92916,https://www.youtube.com/watch?v=JUdb6OdBq-s
1074620,Adore,F8WtVGjWdso,Je trahis toute l’équipe… et l’Alien adore ça,2025-11-30,UChKMCBvDxx7lzlMKF1-xQkw,COOPA,False,99475,https://www.youtube.com/watch?v=F8WtVGjWdso
1074620,Adore,0bYx-Fv4BbU,Je découvre le gameplay et J'ADORE ! | Les Sims 4 Business et Loisirs 🍭,2025-03-04,UCfTaFRWOam2QpI3xcLgt1MA,- NS -,False,87481,https://www.youtube.com/watch?v=0bYx-Fv4BbU
1074620,Adore,w4YcPJ4U9Lk,J'ADORE LA NOUVELLE MISE À JOUR SUR AVATAR WORLD ! MISS QUEEN 👑,2024-12-20,UCV_n7sq7lgOnPx1LLCMZDLQ,MISS QUEEN,False,85494,https://www.youtube.com/watch?v=w4YcPJ4U9Lk
1074620,Adore,02T2g8bLm3Q,J'ADORE CE MODE DE JEU ! (Cette MP5 CW Wow),2022-03-25,UCOM3hIIJ3ZcpWQEKProj5Ig,CHOWH1,False,81936,https://www.youtube.com/watch?v=02T2g8bLm3Q
1074620,Adore,yuUw9F9Mo64,Just Dance 2021 - Adore You,2020-11-07,UC7AtjcE6uWap-y-W0apdM_A,ScottS,False,78716,https://www.youtube.com/watch?v=yuUw9F9Mo64
1074620,Adore,vQ42oJaFyWU,I miss Doakes 😭😭😭 | Dexter edit | James Doakes | Adore - Did I Tell U That I Miss U,2025-08-06,UCe8QWs3f_dMlB_kNxebZphA,Atea,False,128810,https://www.youtube.com/watch?v=vQ42oJaFyWU
1074620,Adore,jmxWuaaR0Qg,I ADORE this Zelda Game! - Playing TLOZ: The Wind Waker for the FIRST TIME!,2022-01-22,UC9Ed9JvjK_UDDpj8C_tMaqg,Deebeegeek,False,72748,https://www.youtube.com/watch?v=jmxWuaaR0Qg
313740,Sakura Spirit,BpArK9st12U,Sakura Spirit: Still in My Pajamas! - PART 1 - Steam Train,2014-07-29,UC9CuvdOVfMPvKCiwdGKL3cQ,GameGrumps,False,1750867,https://www.youtube.com/watch?v=BpArK9st12U
313740,Sakura Spirit,0wujHyc5gzc,Sakura Spirit: We All Shrine On - PART 2 - Steam Train,2014-07-30,UC9CuvdOVfMPvKCiwdGKL3cQ,GameGrumps,False,1117893,https://www.youtube.com/watch?v=0wujHyc5gzc
313740,Sakura Spirit,eC7ch9mvx_Q,WHO DO I CHOOSE!? | Sakura Spirit - Both Endings,2015-03-25,UCepq9z9ovYGxhNrvf6VMSjg,CinnamonToastKen,False,918574,https://www.youtube.com/watch?v=eC7ch9mvx_Q
313740,Sakura Spirit,6g6p1K10L2U,Sakura Spirit: P-P-PANTIES?!??!?! - PART 3 - Steam Train,2014-07-31,UC9CuvdOVfMPvKCiwdGKL3cQ,GameGrumps,False,899525,https://www.youtube.com/watch?v=6g6p1K10L2U
313740,Sakura Spirit,wuxJb07bqtM,Sakura Spirit: That's Funny - PART 4 - Steam Train,2014-08-01,UC9CuvdOVfMPvKCiwdGKL3cQ,GameGrumps,False,872133,https://www.youtube.com/watch?v=wuxJb07bqtM
313740,Sakura Spirit,OTkhXdE_x0M,Sakura Spirit: Playing the Hero - PART 7 - Steam Train,2014-08-06,UC9CuvdOVfMPvKCiwdGKL3cQ,GameGrumps,False,866850,https://www.youtube.com/watch?v=OTkhXdE_x0M
313740,Sakura Spirit,xBw88EwI9pc,Sakura Spirit: Talk into My Ear - PART 6 - Steam Train,2014-08-04,UC9CuvdOVfMPvKCiwdGKL3cQ,GameGrumps,False,837881,https://www.youtube.com/watch?v=xBw88EwI9pc
313740,Sakura Spirit,6kaSHRWQIlk,Who is this girl?!😑😭😭 Pranked her with Sakura Spirit 😂 #roblox #adoptme #adoptmeroblox #shorts #rblx,2025-04-07,UCdBi65Vfm9KWF_Rt_0XIJHQ,Miss DramaQueen,False,1539268,https://www.youtube.com/watch?v=6kaSHRWQIlk
313740,Sakura Spirit,8RNiN1o5yQI,FOXY FOX GIRLS - Sakura Spirit - part 2,2015-03-19,UCepq9z9ovYGxhNrvf6VMSjg,CinnamonToastKen,False,808094,https://www.youtube.com/watch?v=8RNiN1o5yQI
313740,Sakura Spirit,rJx8AET6M4E,[SFM] Steam Train Animated - Sakura Spirit - Wet Foxes,2014-09-12,UCuIXtOS4V5bbSIcSDNzfzuA,Lt. Eddy Animations,False,793295,https://www.youtube.com/watch?v=rJx8AET6M4E
313740,Sakura Spirit,0KsGVhJiYUk,Sakura Spirit: Alright Attorney - PART 5 - Steam Train,2014-08-02,UC9CuvdOVfMPvKCiwdGKL3cQ,GameGrumps,False,792100,https://www.youtube.com/watch?v=0KsGVhJiYUk
313740,Sakura Spirit,IoK6dw07f4o,[SFM] Steam Train Animated - Sakura Spirit - The Journey Begins,2014-09-01,UCuIXtOS4V5bbSIcSDNzfzuA,Lt. Eddy Animations,False,745384,https://www.youtube.com/watch?v=IoK6dw07f4o
313740,Sakura Spirit,AL34d6izuSA,Sakura Spirit: No Peeking - PART 8 - Steam Train,2014-08-07,UC9CuvdOVfMPvKCiwdGKL3cQ,GameGrumps,False,716987,https://www.youtube.com/watch?v=AL34d6izuSA
313740,Sakura Spirit,fd8qS3fplxc,Sakura Spirit: Fox Tolerance - PART 9 - Steam Train,2014-08-18,UC9CuvdOVfMPvKCiwdGKL3cQ,GameGrumps,False,662311,https://www.youtube.com/watch?v=fd8qS3fplxc
313740,Sakura Spirit,JlOiaOm8SUY,Sakura Spirit: The Apple Tree - PART 10 - Steam Train,2014-08-19,UC9CuvdOVfMPvKCiwdGKL3cQ,GameGrumps,False,599631,https://www.youtube.com/watch?v=JlOiaOm8SUY
313740,Sakura Spirit,PvIDkgxgBq8,[SFM] Steam Train Animated - Sakura Spirit - Apple Tree,2014-10-06,UCuIXtOS4V5bbSIcSDNzfzuA,Lt. Eddy Animations,False,598940,https://www.youtube.com/watch?v=PvIDkgxgBq8
313740,Sakura Spirit,fCT2kysVi74,Sakura Spirit: Chocolate Spirit - PART 28 - Steam Train,2015-01-19,UC9CuvdOVfMPvKCiwdGKL3cQ,GameGrumps,False,560610,https://www.youtube.com/watch?v=fCT2kysVi74
313740,Sakura Spirit,rnFs6Lt6Les,Sakura Spirit: It's Not Enough - PART 12 - Steam Train,2014-08-21,UC9CuvdOVfMPvKCiwdGKL3cQ,GameGrumps,False,553246,https://www.youtube.com/watch?v=rnFs6Lt6Les
313740,Sakura Spirit,u4uYSa8i1Cs,Sakura Spirit: Super Big Apples - PART 13 - Steam Train,2014-08-27,UC9CuvdOVfMPvKCiwdGKL3cQ,GameGrumps,False,532960,https://www.youtube.com/watch?v=u4uYSa8i1Cs
313740,Sakura Spirit,i-m6wia535M,Steam Train Sakura Spirit Best Moments,2015-06-19,UCRewoax2MnaszUCkBwFpr-Q,Tal Rimoni,False,504456,https://www.youtube.com/watch?v=i-m6wia535M
313740,Sakura Spirit,oAkZCKGj_MM,Sakura Spirit: Playing Butt - PART 22 - Steam Train,2015-01-12,UC9CuvdOVfMPvKCiwdGKL3cQ,GameGrumps,False,503427,https://www.youtube.com/watch?v=oAkZCKGj_MM
313740,Sakura Spirit,Yb10wFMGDn4,Sakura Spirit: Spirits Gone Wild - PART 15 - Steam Train,2014-08-29,UC9CuvdOVfMPvKCiwdGKL3cQ,GameGrumps,False,502975,https://www.youtube.com/watch?v=Yb10wFMGDn4
313740,Sakura Spirit,YF_uqKK4YGg,Sakura Spirit: Everything Must Go! - PART 14 - Steam Train,2014-08-28,UC9CuvdOVfMPvKCiwdGKL3cQ,GameGrumps,False,492123,https://www.youtube.com/watch?v=YF_uqKK4YGg
313740,Sakura Spirit,vOLGToqNGiw,Sakura Spirit: Battle of the Bulge - PART 23 - Steam Train,2015-01-13,UC9CuvdOVfMPvKCiwdGKL3cQ,GameGrumps,False,486291,https://www.youtube.com/watch?v=vOLGToqNGiw
313740,Sakura Spirit,ck2IlN6fAGY,Sakura Spirit: Devious Friends - PART 17 - Steam Train,2014-08-31,UC9CuvdOVfMPvKCiwdGKL3cQ,GameGrumps,False,481957,https://www.youtube.com/watch?v=ck2IlN6fAGY
313740,Sakura Spirit,G1iDygld-zE,Sakura Spirit: The Durr Side - PART 16 - Steam Train,2014-08-30,UC9CuvdOVfMPvKCiwdGKL3cQ,GameGrumps,False,475948,https://www.youtube.com/watch?v=G1iDygld-zE
313740,Sakura Spirit,lhihP1soAiY,[SFM] Steam Train Animated - Sakura Spirit - Puffy Nips,2015-02-26,UCuIXtOS4V5bbSIcSDNzfzuA,Lt. Eddy Animations,False,456216,https://www.youtube.com/watch?v=lhihP1soAiY
313740,Sakura Spirit,_tTnvdsu93g,Sakura Spirit: Golden Shower - PART 21 - Steam Train,2014-09-15,UC9CuvdOVfMPvKCiwdGKL3cQ,GameGrumps,False,437038,https://www.youtube.com/watch?v=_tTnvdsu93g
313740,Sakura Spirit,UXB18hgvGnQ,Sakura Spirit: Confused Gazes - PART 18 - Steam Train,2014-09-12,UC9CuvdOVfMPvKCiwdGKL3cQ,GameGrumps,False,414796,https://www.youtube.com/watch?v=UXB18hgvGnQ
313740,Sakura Spirit,zbQV8gRpjr4,NAUGHTY SPIRITS! | Sakura Spirit - part 3,2015-03-21,UCepq9z9ovYGxhNrvf6VMSjg,CinnamonToastKen,False,398866,https://www.youtube.com/watch?v=zbQV8gRpjr4
313740,Sakura Spirit,Pm2PO5zdAx4,Sakura Spirit: Strokin' Out - PART 20 - Steam Train,2014-09-14,UC9CuvdOVfMPvKCiwdGKL3cQ,GameGrumps,False,395899,https://www.youtube.com/watch?v=Pm2PO5zdAx4
313740,Sakura Spirit,fZ3uqiL_gZA,[SFM] Steam Train Animated - Sakura Spirit - The Fight,2015-06-10,UCuIXtOS4V5bbSIcSDNzfzuA,Lt. Eddy Animations,False,394044,https://www.youtube.com/watch?v=fZ3uqiL_gZA
313740,Sakura Spirit,PgYGSYzUXL8,Sakura Spirit: Get Your Balloons! - PART 24 - Steam Train,2015-01-15,UC9CuvdOVfMPvKCiwdGKL3cQ,GameGrumps,False,393001,https://www.youtube.com/watch?v=PgYGSYzUXL8
313740,Sakura Spirit,D0R-pKSgVpA,Sakura Spirit: Going Crazy - PART 19 - Steam Train,2014-09-13,UC9CuvdOVfMPvKCiwdGKL3cQ,GameGrumps,False,391556,https://www.youtube.com/watch?v=D0R-pKSgVpA
313740,Sakura Spirit,qfEQcwZjPBY,Sakura Spirit: Cocoa Control - PART 27 - Steam Train,2015-01-18,UC9CuvdOVfMPvKCiwdGKL3cQ,GameGrumps,False,391539,https://www.youtube.com/watch?v=qfEQcwZjPBY
313740,Sakura Spirit,2SS3XhXoXgo,[SFM] Steam Train Animated - Sakura Spirit - Tiny Burps & Gateways or something I don't know,2016-05-28,UCuIXtOS4V5bbSIcSDNzfzuA,Lt. Eddy Animations,False,353221,https://www.youtube.com/watch?v=2SS3XhXoXgo
313740,Sakura Spirit,lV2JZLcQM9k,Sakura Spirit: Playful Pushing - PART 26 - Steam Train,2015-01-17,UC9CuvdOVfMPvKCiwdGKL3cQ,GameGrumps,False,349682,https://www.youtube.com/watch?v=lV2JZLcQM9k
313740,Sakura Spirit,7cngRLuf2KM,CLICK HERE FOR MORE SLIME. | Let's Livestream: Sakura Spirit (Full Gameplay/Walkthrough) - Ep.2,2014-12-07,UC3ETCazlHenpXEsrEJH-k5A,The Anime Man,False,330052,https://www.youtube.com/watch?v=7cngRLuf2KM
313740,Sakura Spirit,PI-V07h10iA,NINJA GIRLS WANT ME | Sakura Spirit - part 4,2015-03-22,UCepq9z9ovYGxhNrvf6VMSjg,CinnamonToastKen,False,296358,https://www.youtube.com/watch?v=PI-V07h10iA
313740,Sakura Spirit,Lc8dF_R1gG4,Trading The New MEGA Sakura Spirit Dragon In Adopt Me 🌸,2025-04-06,UC6mxkJQczdMLcWkT2mvERUA,Legendary Lizzy,False,372240,https://www.youtube.com/watch?v=Lc8dF_R1gG4
313740,Sakura Spirit,FwWq6ZPJKqI,ALL THE GIRLS! | Sakura Spirit - part 5,2015-03-24,UCepq9z9ovYGxhNrvf6VMSjg,CinnamonToastKen,False,255321,https://www.youtube.com/watch?v=FwWq6ZPJKqI
313740,Sakura Spirit,j4HZovNIf3E,ИДЕАЛЬНАЯ ТРЕНИРОВКА // Sakura Spirit #9,2015-03-27,UCS5oXuAy9_cxc-fclor_U2g,MindGames,False,245940,https://www.youtube.com/watch?v=j4HZovNIf3E
313740,Sakura Spirit,-CUwRDVlXe4,NOSEBLEED CENTRAL!! | Let's Livestream: Sakura Spirit (Full Gameplay/Walkthrough) - Ep.1,2014-12-07,UC3ETCazlHenpXEsrEJH-k5A,The Anime Man,False,222490,https://www.youtube.com/watch?v=-CUwRDVlXe4
313740,Sakura Spirit,MvIHly2ODeU,Trading The New Sakura Spirit Dragon In Adopt Me 🌸💕,2025-04-05,UC6mxkJQczdMLcWkT2mvERUA,Legendary Lizzy,False,273802,https://www.youtube.com/watch?v=MvIHly2ODeU
313740,Sakura Spirit,0IoxDEbSKzw,[NSFW] Sakura Spirit: Hentai on Steam? (Highlights #1),2014-07-15,UCRYwYXPB43-IUX0jzT8jrfQ,OdysseyGamez,False,143727,https://www.youtube.com/watch?v=0IoxDEbSKzw
313740,Sakura Spirit,XihG1Dng2Ro,PANTY STEALING TIME | WTF Japan?!,2015-08-10,UCxsbRjOUPXeFGj7NSCOl8Cw,Super Panic Frenzy,False,120685,https://www.youtube.com/watch?v=XihG1Dng2Ro
313740,Sakura Spirit,gqz43mXxWR0,Too Much SEXY!? | Sakura Spirit,2015-08-17,UCxsbRjOUPXeFGj7NSCOl8Cw,Super Panic Frenzy,False,102526,https://www.youtube.com/watch?v=gqz43mXxWR0
313740,Sakura Spirit,H3W1Qm4Gz7I,ГОРЯЧАЯ МАГИЯ // Sakura Spirit #10,2015-03-29,UCS5oXuAy9_cxc-fclor_U2g,MindGames,False,77570,https://www.youtube.com/watch?v=H3W1Qm4Gz7I
313740,Sakura Spirit,gp4xC1yR2E8,ПЕРВАЯ КОНЦОВКА // Sakura Spirit #12,2015-04-01,UCS5oXuAy9_cxc-fclor_U2g,MindGames,False,76992,https://www.youtube.com/watch?v=gp4xC1yR2E8
1092660,Blair Witch,ZW-f_btEmoU,BLAIR WITCH Part 1,2019-09-12,UC7_YxT-KID8kRbqZo7MyscQ,Markiplier,False,6188783,https://www.youtube.com/watch?v=ZW-f_btEmoU
1092660,Blair Witch,bh1X6CAqq5g,AJUDA EU CACHORRO! - Blair Witch,2019-09-05,UCYzp8-P162Em-3uZnCuGJOg,Games EduUu,False,4259297,https://www.youtube.com/watch?v=bh1X6CAqq5g
1092660,Blair Witch,kCqVkXD9CZA,BLAIR WITCH Walkthrough Gameplay Part 1 - INTRO (FULL GAME),2019-09-03,UCpqXJOEqGS-TCnazcHCo0rA,theRadBrad,False,4043140,https://www.youtube.com/watch?v=kCqVkXD9CZA
1092660,Blair Witch,d9Aw5dHWlnM,Tersesat DiHutan - Blair Witch Indonesia - Part 1,2019-09-07,UC3J4Q1grz46bdJ7NJLd4DGw,MiawAug,False,3330026,https://www.youtube.com/watch?v=d9Aw5dHWlnM
1092660,Blair Witch,ckGr3EIk3jE,BLAIR WITCH Part 2,2019-09-26,UC7_YxT-KID8kRbqZo7MyscQ,Markiplier,False,2977416,https://www.youtube.com/watch?v=ckGr3EIk3jE
1092660,Blair Witch,QE9NhN3nnZ0,(PS5) Blair Witch - THIS GAME Is SCARY | ULTRA Realistic Gameplay [4K 60FPS HDR],2022-05-25,UCRU9vwwARx8jEACqNpi_KFA,Champs Network,False,2804065,https://www.youtube.com/watch?v=QE9NhN3nnZ0
1092660,Blair Witch,vyN5zS-b5UM,TERRIFYING BLAIR WITCH GAME | 3 Scary Games,2020-04-19,UCYzPXprvl5Y-Sf0g4vX-m6g,jacksepticeye,False,2773748,https://www.youtube.com/watch?v=vyN5zS-b5UM
1092660,Blair Witch,OFRCE5ryKcQ,ЗЛО В ЛЕСУ ► Blair Witch,2019-09-03,UCdKuE7a2QZeHPhDntXVZ91w,Kuplinov ► Play,False,2190443,https://www.youtube.com/watch?v=OFRCE5ryKcQ
1092660,Blair Witch,47Wl85HMql4,BLAIR WITCH Part 5 --- (no... please... anything but this...),2019-10-08,UC7_YxT-KID8kRbqZo7MyscQ,Markiplier,False,2040836,https://www.youtube.com/watch?v=47Wl85HMql4
1092660,Blair Witch,5-QeDfKv1Zw,Blair Witch | Realistic Ultra Graphics Gameplay Walkthrough [4K UHD 60FPS] Full Game,2022-01-19,UCiw3IAxa0e2sNUiqzW1hgyQ,HEDGEHOG x,False,2011978,https://www.youtube.com/watch?v=5-QeDfKv1Zw
1092660,Blair Witch,0s1cVKtkPjQ,DESAPARECIDO! - BLAIR WITCH - Parte 1,2019-09-02,UCIwspRtKNszHhIhl36gREjQ,alanzoka,False,1876383,https://www.youtube.com/watch?v=0s1cVKtkPjQ
1092660,Blair Witch,m50j3t52TtY,Blair Witch - Official Reveal Trailer | E3 2019,2019-06-09,UCbu2SsF-Or3Rsn3NxqODImw,GameSpot,True,1707443,https://www.youtube.com/watch?v=m50j3t52TtY
1092660,Blair Witch,iC33S3Ofgig,BLAIR WITCH Walkthrough Gameplay Part 2 - ELLIS (FULL GAME),2019-09-06,UCpqXJOEqGS-TCnazcHCo0rA,theRadBrad,False,1413903,https://www.youtube.com/watch?v=iC33S3Ofgig
1092660,Blair Witch,n4srBAxyhW0,Phân tích cốt truyện: BLAIR WITCH,2019-09-24,UCAmiHmhyH7irW2Yr_RoI0uA,Phân Tích Game,False,1113052,https://www.youtube.com/watch?v=n4srBAxyhW0
1092660,Blair Witch,En_ByQuWUr0,Ghoul Grumps: Blair Witch - 1 - A Million Percent Dead,2019-10-20,UC9CuvdOVfMPvKCiwdGKL3cQ,GameGrumps,False,1036560,https://www.youtube.com/watch?v=En_ByQuWUr0
1092660,Blair Witch,49Qr81wA8G8,Разбор полётов. Blair Witch Volume 1: Rustin Parr,2016-01-23,UCq7JZ8ATgQWeu6sDM1czjhg,StopGame,False,989383,https://www.youtube.com/watch?v=49Qr81wA8G8
1092660,Blair Witch,51ONlU6qZwk,BLAIR WITCH Gameplay Walkthrough Part 1 [1080p HD 60FPS PC MAX SETTINGS] - No Commentary,2019-08-30,UC1bwliGvJogr7cWK0nT2Eag,MKIceAndFire,False,951480,https://www.youtube.com/watch?v=51ONlU6qZwk
1092660,Blair Witch,VZV6TyjyJgE,PRIMER CONTACTO | BLAIR WITCH Gameplay Español,2019-09-01,UCjuRnAVSiarRGOI8DA2oJtQ,Menos Trece,False,886589,https://www.youtube.com/watch?v=VZV6TyjyJgE
1092660,Blair Witch,Sxkc2rSOv_s,BLAIR WITCH Walkthrough Gameplay Part 3 - THE MACHINE (FULL GAME),2019-09-07,UCpqXJOEqGS-TCnazcHCo0rA,theRadBrad,False,878639,https://www.youtube.com/watch?v=Sxkc2rSOv_s
1092660,Blair Witch,d4kxuRdp-8w,"Video Game Easter Eggs #1 (Blair Witch, Gears 5, The Division 2 & More)",2019-09-21,UCmYuHwdOnUCH2wGkFnEZ7OA,Captain Eggcellent,False,840838,https://www.youtube.com/watch?v=d4kxuRdp-8w
1092660,Blair Witch,csDc1_PjNZE,"Blair Witch, o Jogo da BRUXA DE BLAIR - O Início de Gameplay, em Português PT-BR!",2019-08-30,UCWKtHaeXVzUscYGcm0hEunw,BRKsEDU,False,832312,https://www.youtube.com/watch?v=csDc1_PjNZE
1092660,Blair Witch,u9hi7_evIXY,THIS GAME IS SO SCARY!! (Blair Witch),2019-09-01,UC2wKfjlioOCLP4xQMOWNcgg,Typical Gamer,False,825134,https://www.youtube.com/watch?v=u9hi7_evIXY
1092660,Blair Witch,pbnZO0aOxl8,Blair Witch Angry Review,2019-09-11,UCsgv2QHkT2ljEixyulzOnUQ,AngryJoeShow,False,797751,https://www.youtube.com/watch?v=pbnZO0aOxl8
1092660,Blair Witch,3CyObDVdulc,Blair Witch #ตอนเดียวจบ,2022-07-06,UCbOo-f3InU38IZV5tREzsNg,Bay Riffer,False,788224,https://www.youtube.com/watch?v=3CyObDVdulc
1092660,Blair Witch,sbUK8bKcoOk,Blair Witch Review,2019-09-02,UCKy1dAqELo0zrOtPkf0eTMw,IGN,True,763917,https://www.youtube.com/watch?v=sbUK8bKcoOk
1092660,Blair Witch,Ca54RwpJHWU,Nachts durch den Wald mit Hänno ! | Blair Witch,2020-09-25,UCcP4oLYvDIfldZL1VqAp0Eg,Kalle,False,747664,https://www.youtube.com/watch?v=Ca54RwpJHWU
1092660,Blair Witch,_DD9kvuUqlo,Blair Witch (Zero Punctuation),2019-09-25,UCqg5FCR7NrpvlBWMXdt-5Vg,The Escapist,False,728080,https://www.youtube.com/watch?v=_DD9kvuUqlo
1092660,Blair Witch,3BqCj76-VT8,Blair Witch - Story Explained,2021-11-10,UC2SVI9I1L9Z79YbDgZqGIpw,Gaming Harry,False,685857,https://www.youtube.com/watch?v=3BqCj76-VT8
1092660,Blair Witch,faIdJ6qYjjE,BLAIR WITCH Walkthrough Gameplay Part 4 - CARVER (FULL GAME),2019-09-08,UCpqXJOEqGS-TCnazcHCo0rA,theRadBrad,False,670566,https://www.youtube.com/watch?v=faIdJ6qYjjE
1092660,Blair Witch,HWyxWqryQFQ,Blair Witch - Part 1 - SCARIEST GAME OF 2019,2019-08-30,UCmp5y07YIV6i2jPX4x82hVQ,Hollow,False,663956,https://www.youtube.com/watch?v=HWyxWqryQFQ
1092660,Blair Witch,dFUWHFGmTIU,Blair Witch : เนื้อเรื่อง,2019-09-05,UC9b9KpewX_rIZcVk0mUZwng,The Moof,False,653107,https://www.youtube.com/watch?v=dFUWHFGmTIU
1092660,Blair Witch,jodX3oWbTbo,تختيم لعبة الرعب Blair Witch مترجمة بالكامل #1,2019-09-06,UCneq-pXhApziFpje2tIfofw,مـلـزلـز MLZLZ,False,621855,https://www.youtube.com/watch?v=jodX3oWbTbo
1092660,Blair Witch,219sJI1Pbsk,BLAIR WITCH ENDING - Walkthrough Gameplay Part 7 (FULL GAME),2019-09-12,UCpqXJOEqGS-TCnazcHCo0rA,theRadBrad,False,613985,https://www.youtube.com/watch?v=219sJI1Pbsk
1092660,Blair Witch,l6HuPQq_lpA,Ghoul Grumps: Blair Witch - 2 - Be A Man,2019-10-21,UC9CuvdOVfMPvKCiwdGKL3cQ,GameGrumps,False,585186,https://www.youtube.com/watch?v=l6HuPQq_lpA
1092660,Blair Witch,PMMcqCWsY3I,BLAIR WITCH: THE HORROR GAME (It is terrifying..),2019-08-30,UCx8vbgWs666cAS7wsKos5sA,8-BitRyan,False,576768,https://www.youtube.com/watch?v=PMMcqCWsY3I
1092660,Blair Witch,n4Id42Ka69k,BLAIR WITCH Walkthrough Gameplay Part 5 - THE DEAL (FULL GAME),2019-09-09,UCpqXJOEqGS-TCnazcHCo0rA,theRadBrad,False,555825,https://www.youtube.com/watch?v=n4Id42Ka69k
1092660,Blair Witch,yQ618fa66zM,DAS KOMPLETTE HORRORGAME | Let's Play Blair Witch + Review,2019-09-01,UC9R8JUIQhIiWanscw6pbwYA,Corrupted,False,541167,https://www.youtube.com/watch?v=yQ618fa66zM
1092660,Blair Witch,dG4nMylLuyY,Grimbeard - Blair Witch: Volume I: Rustin Parr (PC) - Review,2024-02-02,UCNmv1Cmjm3Hk8Vc9kIgv0AQ,Grimbeard,False,538441,https://www.youtube.com/watch?v=dG4nMylLuyY
1092660,Blair Witch,xb0FhhPAomw,SOMEONE MADE A FAN MADE BLAIR WITCH GAME,2020-04-16,UCDBCCMlFD-hArPbWv38FINA,Daz Games,False,490905,https://www.youtube.com/watch?v=xb0FhhPAomw
1092660,Blair Witch,OPiII1O9G3k,BLAIR WITCH (Complete Series) - Oney Plays,2020-10-18,UCO1ITICo8MLHGAXR1uzFwjA,OneyPlays,False,489246,https://www.youtube.com/watch?v=OPiII1O9G3k
1092660,Blair Witch,NVsqpDnqK_U,"EITA, BRUXINHA! - Blair Witch (Parte 1)",2019-09-20,UCVEZWhEbf0DBiSyLKRl2u7Q,LubaTV Games,False,471841,https://www.youtube.com/watch?v=NVsqpDnqK_U
1092660,Blair Witch,L2QV17lCXho,BLAIR WITCH Full Game Walkthrough - No Commentary (#BlairWitch Full Gameplay Walkthrough) 2019,2019-08-30,UCm4WlDrdOOSbht-NKQ0uTeg,RabidRetrospectGames,False,421190,https://www.youtube.com/watch?v=L2QV17lCXho
1092660,Blair Witch,EoT0Zb93T0s,"Blair Witch ALL ENDINGS - Bad, Good & Secret Ending + All Final Outcomes (Horror Game)",2020-03-17,UCrbdVuw_4Tt0zBE5Gmo4TwA,Father,False,415766,https://www.youtube.com/watch?v=EoT0Zb93T0s
1092660,Blair Witch,FHi0Vs-iKLI,Обзор игры Blair Witch,2019-09-07,UCq7JZ8ATgQWeu6sDM1czjhg,StopGame,False,411452,https://www.youtube.com/watch?v=FHi0Vs-iKLI
1092660,Blair Witch,HHgm1YQXMQU,BLAIR WITCH #1: CÙNG LÃO HẠC VÀ CẬU VÀNG ĐI BẮT PHÙ THỦY RỪNG BLAIR !!!,2019-09-07,UCc_gMV4N9vJtpy7GcMUHaVw,Trực Tiếp Game,False,410919,https://www.youtube.com/watch?v=HHgm1YQXMQU
1092660,Blair Witch,msyCMkNYmXA,Blair Witch full Game Deutsch,2019-09-03,UCMAmhOvbcJaM9wWI6MZbcuA,Verspieltes Gnu,False,395454,https://www.youtube.com/watch?v=msyCMkNYmXA
1092660,Blair Witch,DnxvRxpkx8Y,Ghoul Grumps: Blair Witch - 4 - Here Comes the Bed,2019-10-23,UC9CuvdOVfMPvKCiwdGKL3cQ,GameGrumps,False,368254,https://www.youtube.com/watch?v=DnxvRxpkx8Y
846770,DYSMANTLE,k6oWQkDkh7c,LIVE - Dysmantle #1 - ผจญภัยโลกซอมบี้ที่มีอยู่คนเดียว,2021-01-02,UC4plRabXFGdAE6HP-tBQKdQ,HEARTROCKER,False,3119627,https://www.youtube.com/watch?v=k6oWQkDkh7c
846770,DYSMANTLE,9O3v5vf0NXU,La REVIEW del “Project Zomboid de Móviles” | DYSMANTLE Mobile,2022-08-27,UCsTHumek14m-dr1F83qHUWQ,Trasherk,False,352994,https://www.youtube.com/watch?v=9O3v5vf0NXU
846770,DYSMANTLE,T33lc7MFfOQ,Dysmantle - Post Apocalyptic Open World Zombie Survival,2020-10-27,UC8nZUXCwCTffxthKLtOp6ng,Splattercatgaming,False,299621,https://www.youtube.com/watch?v=T33lc7MFfOQ
846770,DYSMANTLE,OM3FOT2jr8U,Dysmantle: The Best Survival Game You Probably Haven't Played,2022-07-15,UCmta7P7_nhD7ioavl2RGDkQ,Mediocre Milton,False,228432,https://www.youtube.com/watch?v=OM3FOT2jr8U
846770,DYSMANTLE,tYTZ8SzDJCU,[Dysmantle] All 20 Tomb Location + Resolved ( 20 Tomb Total),2021-10-12,UCktowJfriAyOEVl1Q00cseQ,TNQDAT Channel,False,164560,https://www.youtube.com/watch?v=tYTZ8SzDJCU
846770,DYSMANTLE,KTuyZB4EHwE,DYSMANTLE | Open-World Post-Apocalypse Survival Game | DYSMANTLE Gameplay - Part 1,2020-10-27,UCP6f9x4iXk3LH8Q1sqJmYPQ,paulsoaresjr,False,154149,https://www.youtube.com/watch?v=KTuyZB4EHwE
846770,DYSMANTLE,ApvpwG2dQgw,"[Dysmantle] How to unlock the most powerful weapon ""Power Fist"" - The Ark",2021-11-19,UCktowJfriAyOEVl1Q00cseQ,TNQDAT Channel,False,151826,https://www.youtube.com/watch?v=ApvpwG2dQgw
846770,DYSMANTLE,krvCAQlO4-c,Everything I wish I knew before I played DYSMANTLE!,2020-11-17,UCVN-EAT6WMRTJUGFWjGjnQw,Epokk,False,139977,https://www.youtube.com/watch?v=krvCAQlO4-c
846770,DYSMANTLE,LKxxIh8W0xA,"Dysmantle - Welcome to a bittersweet post-apocalypse | PS5, PS4",2022-01-19,UC-2Y8dQb0S6DtpxNgAKoJKA,PlayStation,True,135349,https://www.youtube.com/watch?v=LKxxIh8W0xA
846770,DYSMANTLE,pczyfSb7PQE,Is DYSMANTLE a waste of time? | REVIEW,2023-01-12,UCFRo5Ivhdkm19PjzpzIJwBg,Play Games (PG),False,116806,https://www.youtube.com/watch?v=pczyfSb7PQE
846770,DYSMANTLE,-ryFTMpyn4s,DYSMANTLE Gameplay Walkthrough FULL GAME [4K ULTRA HD] - No Commentary,2022-11-02,UCyQTJ2EtL1mjw-JcG_fdywQ,TheBaldMan,False,103677,https://www.youtube.com/watch?v=-ryFTMpyn4s
846770,DYSMANTLE,EmaP2DRyPwM,100 Ngày Đập Phá trong Dysmantle,2023-10-28,UCFzY6g8AM94Md0ugLsJREzw,100 Ngày Ngáo,False,102937,https://www.youtube.com/watch?v=EmaP2DRyPwM
846770,DYSMANTLE,TN5NmB7oXyc,Dysmantle | How to Open Timed Chests! | Quick and Easy!,2020-11-10,UC1e6rxtIaVgp3y0sCdhguRQ,ShabbyDoo,False,102072,https://www.youtube.com/watch?v=TN5NmB7oXyc
846770,DYSMANTLE,dv8wyBpPhhw,"[Dysmantle] How to unlock secret weapon - ""Katana"" (Katana blueprint)",2021-07-27,UCktowJfriAyOEVl1Q00cseQ,TNQDAT Channel,False,97252,https://www.youtube.com/watch?v=dv8wyBpPhhw
846770,DYSMANTLE,yewTj0vvfmw,DYSMANTLE | 8 Great Tips for Beginners,2020-11-11,UC8b0_xuGu-4f9WPzIJeRaIw,IsMeHype,False,96900,https://www.youtube.com/watch?v=yewTj0vvfmw
846770,DYSMANTLE,E_0KvrgvGZc,"39 Dysmantle Tips and Tricks (No Hacks, Mods or Exploits) Dismantle Dismantled",2023-12-06,UCSP_93G9DmDA6ck71EObrcQ,Ted Nipples,False,97609,https://www.youtube.com/watch?v=E_0KvrgvGZc
846770,DYSMANTLE,rhfhRBRqXoQ,DYSMANTLE | ОБЗОР ИГРЫ | ГОДНЫЙ СУРВ ЗА КОПЕЙКИ?!,2020-11-08,UCiZqrZGMMWVef72by3MPcyg,Leckie Play,False,83465,https://www.youtube.com/watch?v=rhfhRBRqXoQ
846770,DYSMANTLE,bDXqRhlHKyk,[Dysmantle] How to unlock Sledgehammer - Sledgehammer Blueprint,2021-09-03,UCktowJfriAyOEVl1Q00cseQ,TNQDAT Channel,False,82545,https://www.youtube.com/watch?v=bDXqRhlHKyk
846770,DYSMANTLE,7lHQ-KfpY2o,Dysmantle: 15 tips and tricks,2022-07-23,UCApjzYvBluJ-CB52BfOxhyQ,MLMariss,False,75259,https://www.youtube.com/watch?v=7lHQ-KfpY2o
846770,DYSMANTLE,CbqB92sbMRk,The BEST way to reach max level in DYSMANTLE,2021-01-07,UC8b0_xuGu-4f9WPzIJeRaIw,IsMeHype,False,71107,https://www.youtube.com/watch?v=CbqB92sbMRk
846770,DYSMANTLE,U-WvhLXgCNY,Dysmantle Nintendo Switch Review!,2022-04-06,UCILwgMbCebOqPR_6H_1m8vA,SwitchUp,False,67684,https://www.youtube.com/watch?v=U-WvhLXgCNY
846770,DYSMANTLE,Xss-eVFSE1g,Dysmantle Review - What's It Worth?,2020-11-06,UCbU_1OrX67hNDv2huvRUAJg,Bluesuit,False,66480,https://www.youtube.com/watch?v=Xss-eVFSE1g
846770,DYSMANTLE,hccJzFt1EBs,SURVIVRE SUR UNE ÎLE INFESTÉE DE ZOMBIES ! (DYSMANTLE #1),2020-10-27,UCo_Nm4TBp1rF0DRsWr377Ww,Dr_Horse,False,65702,https://www.youtube.com/watch?v=hccJzFt1EBs
846770,DYSMANTLE,gVUKDr2uGJk,Dysmantle Multiplayer - How to Play Local Coop [Gameplay],2021-10-19,UCyi4XQ5eTJ4-s5idlfOwlRw,Coop Local Gaming,False,65719,https://www.youtube.com/watch?v=gVUKDr2uGJk
846770,DYSMANTLE,NMA9aUGbYTQ,"[Dysmantle]  Immortal King Tomb - ""The Pinnacle and The Abyss"" - Unlock Legendary Weapon ""Khopesh""",2021-10-15,UCktowJfriAyOEVl1Q00cseQ,TNQDAT Channel,False,64094,https://www.youtube.com/watch?v=NMA9aUGbYTQ
846770,DYSMANTLE,0Zv79ZOxcS4,DYSMANTLE - FALL OF THE FOUR KINGS TOMB WALKTHROUGH GUIDE,2020-11-08,UCaWCocdoPO69oLEknWicIkg,Tycen,False,63258,https://www.youtube.com/watch?v=0Zv79ZOxcS4
846770,DYSMANTLE,qYn7erazy2Q,BLUEPRINTS FOR A TURRET! - DYSMANTLE,2022-01-02,UC5rUMdCFWPXYs9e8PBLzq5g,Angory Tom,False,60200,https://www.youtube.com/watch?v=qYn7erazy2Q
846770,DYSMANTLE,sqc_pPuaXQ8,"DYSMANTLE MOBILE Gameplay Walthrough (Android, iOS) - Part 1",2022-05-19,UCyo4ROy9-8ymQTBWcPA5Fjg,Techzamazing,False,58241,https://www.youtube.com/watch?v=sqc_pPuaXQ8
846770,DYSMANTLE,6DYLF4P8S6M,【DYSMANTLE】ゾンビだらけの世紀末世界でサバイバルする最新の見下ろし型オープンワールドゲーム【アフロマスク】,2020-11-11,UCT6iRPtBcmLrK2f0U1iDmjg,アフロマスク,False,57638,https://www.youtube.com/watch?v=6DYLF4P8S6M
846770,DYSMANTLE,1ULkyVz93Fk,Dysmantle ending - Final story content gameplay - Escape the island zombie defense - Ark Lab key,2021-11-01,UCBsnHsQPGiOC5m9GPPB0m0g,Neyreyan,False,57005,https://www.youtube.com/watch?v=1ULkyVz93Fk
846770,DYSMANTLE,GjRfctOLOvI,[Dysmantle] All Myth Tablets Locations - How to get into Vulcan Island !!!,2021-10-11,UCktowJfriAyOEVl1Q00cseQ,TNQDAT Channel,False,56692,https://www.youtube.com/watch?v=GjRfctOLOvI
846770,DYSMANTLE,xU6kQ2Nj_RY,[Dysmantle] How to enter the Central Area - Judith Abigail Susan James Audio Log - Unlock Gas Mask,2021-09-03,UCktowJfriAyOEVl1Q00cseQ,TNQDAT Channel,False,53736,https://www.youtube.com/watch?v=xU6kQ2Nj_RY
846770,DYSMANTLE,KQ_Ilo3jifM,[Dysmantle] Everything about Mana rift - Unlock Rift Toolkit,2021-09-04,UCktowJfriAyOEVl1Q00cseQ,TNQDAT Channel,False,53882,https://www.youtube.com/watch?v=KQ_Ilo3jifM
846770,DYSMANTLE,MZGxkxXILd4,DYSMANTLE - Launch Trailer - Nintendo Switch,2022-03-31,UCGIY_O-8vW4rfX98KlMkvRg,Nintendo of America,True,49174,https://www.youtube.com/watch?v=MZGxkxXILd4
846770,DYSMANTLE,EyZGIOFS80g,DYSMANTLE | Free Mana Beads Trick,2023-06-06,UC4dvh4KybJbqVHh8SZWnUmw,RickyGames404,False,68411,https://www.youtube.com/watch?v=EyZGIOFS80g
846770,DYSMANTLE,WRROyFi7JBQ,Dysmantle How to Get Lumber,2021-11-22,UC83AFm_0z7e91dNgj782Gvg,Game Guides Channel,False,48721,https://www.youtube.com/watch?v=WRROyFi7JBQ
846770,DYSMANTLE,jn-BREjmNmA,The Dysmantle Devs Made A NEW Survival Game! Dysplaced,2026-02-12,UCiVKGBoIBsSryFR3sBZ84pg,Sergeant Kelvin,False,44939,https://www.youtube.com/watch?v=jn-BREjmNmA
846770,DYSMANTLE,g74swM1IT_g,I Left My Shelter to Survive a Zombie Apocalypse! - Dysmantle Ep 1,2021-03-30,UCmG4y706xJCj2CVPzA22kAw,HappyCairek,False,39798,https://www.youtube.com/watch?v=g74swM1IT_g
846770,DYSMANTLE,_RI3gEhNP48,"DYSMANTLE Cheats: Increase XP, Godmode, Easy Kills, Add Items, ... | Trainer by PLITCH",2020-11-12,UCeZUigzu0Aa0wLrC9tx6k8w,PLITCH – Game Trainer & Mods,False,38850,https://www.youtube.com/watch?v=_RI3gEhNP48
846770,DYSMANTLE,exfQnZ40CT8,DYSMANTLE Android Gameplay,2022-06-03,UCamS17lZeNCT0v3-iSp2vEQ,Mike Fringe,False,38408,https://www.youtube.com/watch?v=exfQnZ40CT8
846770,DYSMANTLE,wn2ebeR6jWk,Errrrm… 😂😂😂 #dysmantle #gaming #funtimes #funny,2023-09-01,UC6H9rxgJAgZZNb3xpzVR-Wg,Athengail Gaming,False,67454,https://www.youtube.com/watch?v=wn2ebeR6jWk
846770,DYSMANTLE,mgTH5xwDLwo,THE ARK! - DYSMANTLE,2022-01-22,UC5rUMdCFWPXYs9e8PBLzq5g,Angory Tom,False,37964,https://www.youtube.com/watch?v=mgTH5xwDLwo
846770,DYSMANTLE,-mg9YS3GPlc,(Patched) EASIEST DUPLICATION GLITCH EVER!! | Dysmantle v1.03,2022-03-08,UCL7Y-U_btRDbr0Vo-ln_m5w,Dalton Gaming,False,38154,https://www.youtube.com/watch?v=-mg9YS3GPlc
846770,DYSMANTLE,PV1iAqsWbJA,Dysmantle How to Get Titanium,2021-11-24,UC83AFm_0z7e91dNgj782Gvg,Game Guides Channel,False,36293,https://www.youtube.com/watch?v=PV1iAqsWbJA
846770,DYSMANTLE,90uVLFyfFaM,DYSMANTLE. #1. COMENZAMOS EN ESPAÑOL! SALIDA DEL BUNKER Y PRIMER MINI BOSS! | Gameplay Español.,2021-11-18,UCbr7oOz5JNnJ-j4dY1Zq2PA,SepiGamer,False,36398,https://www.youtube.com/watch?v=90uVLFyfFaM
846770,DYSMANTLE,P1jXp3w7mMo,Dysmantle. Проходим ВСЕ гробницы.,2022-05-20,UCnZokmbZBUDt9TZsiXDQ6uQ,HeBizon,False,35206,https://www.youtube.com/watch?v=P1jXp3w7mMo
401190,Dinosaur Hunt,xgEIFNc9FAE,NOOB vs PRO vs HACKER in CATCH MONSTER RUN | DINOSAUR HUNT GAME with SHINCHAN and CHOP | AMAAN-T,2023-01-29,UCdXfIAfjhU11O_sYrtWNwow,AMAAN-T,False,1384341,https://www.youtube.com/watch?v=xgEIFNc9FAE
401190,Dinosaur Hunt,DccGRJZeUEs,The Best Dino Games  Hungry T Rex Island Dinosaur Hunt Android Gameplay  Tyrannosaurus Rex Simulator,2021-04-22,UC9EYldgBLKw3EqnSk95Q37w,Best Dino Games & Animal Games,False,1379078,https://www.youtube.com/watch?v=DccGRJZeUEs
401190,Dinosaur Hunt,hIAny2lopZ4,NOOB vs PRO vs HACKER in CATCH MONSTER RUN | DINOSAUR HUNT GAME with SHINCHAN and CHOP | AMAAN-T,2023-02-04,UCdXfIAfjhU11O_sYrtWNwow,AMAAN-T,False,1254626,https://www.youtube.com/watch?v=hIAny2lopZ4
401190,Dinosaur Hunt,4qVuccufPw4,NOOB vs PRO vs HACKER in CATCH MONSTER RUN | DINOSAUR HUNT GAME with SHINCHAN and CHOP | AMAAN-T,2023-01-31,UCdXfIAfjhU11O_sYrtWNwow,AMAAN-T,False,1039762,https://www.youtube.com/watch?v=4qVuccufPw4
401190,Dinosaur Hunt,m3KQ29e7un4,NOOB vs PRO vs HACKER in CATCH MONSTER RUN | DINOSAUR HUNT GAME with SHINCHAN and CHOP | AMAAN-T,2023-02-16,UCdXfIAfjhU11O_sYrtWNwow,AMAAN-T,False,1000831,https://www.youtube.com/watch?v=m3KQ29e7un4
401190,Dinosaur Hunt,WojmkBIhSbQ,The Dinosaur Hunt - Game Grumps,2017-12-08,UC9CuvdOVfMPvKCiwdGKL3cQ,GameGrumps,False,851082,https://www.youtube.com/watch?v=WojmkBIhSbQ
401190,Dinosaur Hunt,iunJbmGGVB8,Wild Animal Hunter 3D - Dinosaur Hunter Game - New Android Gameplay ,2025-10-14,UCS1iJ7FXYqJRWSpKSDRZmRA,top gaming z,False,673842,https://www.youtube.com/watch?v=iunJbmGGVB8
401190,Dinosaur Hunt,o5EmZwg_T84,NOOB vs PRO vs HACKER in CATCH MONSTER RUN | DINOSAUR HUNT GAME with SHINCHAN and CHOP | AMAAN-T,2023-02-01,UCdXfIAfjhU11O_sYrtWNwow,AMAAN-T,False,505946,https://www.youtube.com/watch?v=o5EmZwg_T84
401190,Dinosaur Hunt,IMsJhlIhVgI,"Dinosaur Games, Dino Hunt, Dinosaur Hunt (Tyrannosaurus Rex) All dinosaurs Android Gameplay",2023-03-16,UCjL8v2oxU3xTQalGzejC5Yw,iGameplay1224,False,277533,https://www.youtube.com/watch?v=IMsJhlIhVgI
401190,Dinosaur Hunt,4cG5XR5MV4c,T-REX RUINS DINOSAUR HUNT! (Prehistoric Hunt),2025-08-07,UC1rsLSbsz0Y2blrWDZ_-8Qw,SpyCakes,False,246568,https://www.youtube.com/watch?v=4cG5XR5MV4c
401190,Dinosaur Hunt,5hZuedW_VFc,ကျွန်တော်တို့ တောထဲမှာ ဒိုင်နိုဆောတွေနဲ့ ပိတ်မိခဲ့တယ် | DINOSAUR HUNT PUBGM WOW,2026-06-18,UCYPpP-X1VORLxGluWgIJI2g,SMART On Live Vol.2,False,249081,https://www.youtube.com/watch?v=5hZuedW_VFc
401190,Dinosaur Hunt,VDyyerVTeYk,Carnivores Dinosaur Hunt Ep7 gameplay highlights,2023-02-05,UC6y8odCwrbbnr-XOtEO40rg,SG,False,269450,https://www.youtube.com/watch?v=VDyyerVTeYk
401190,Dinosaur Hunt,iqjrw8Naxsg,Dinosaur Hunt: Top 5 Best Dinosaur Games,2020-09-29,UCchc7LKPkpiGG0iY9YwqMDw,Golden Reels,False,146231,https://www.youtube.com/watch?v=iqjrw8Naxsg
926990,WolfQuest: Anniversary Edition,KaaYeHRafnw,Simulating A Wolf Pack for 1000 Days in WolfQuest,2025-05-05,UCIDIIkK99dqI_qSNe6sS3wA,Keenling,False,3782218,https://www.youtube.com/watch?v=KaaYeHRafnw
926990,WolfQuest: Anniversary Edition,4YDGYoLn9h8,"100 Hari Bertahan Hidup Sebagai Serigala Di Alam Liar,  Wolfquest: Anniversary Edition",2025-06-07,UClZrD5fF1HDyWg4zJwyYOeg,Donnay,False,1464998,https://www.youtube.com/watch?v=4YDGYoLn9h8
926990,WolfQuest: Anniversary Edition,Cg2e_S-W68c,Slimecicle Plays WolfQuest,2023-09-26,UCWVs8Yd66FUXLy-fgaMq2cQ,Slimecicle VODS,False,1057192,https://www.youtube.com/watch?v=Cg2e_S-W68c
926990,WolfQuest: Anniversary Edition,uRdQr7LDdA4,200 Hari Bertahan Hidup Dan Membangun Kelompok Serigala TERKUAT Di WolfQuest: AE (END),2025-06-10,UClZrD5fF1HDyWg4zJwyYOeg,Donnay,False,1055756,https://www.youtube.com/watch?v=uRdQr7LDdA4
926990,WolfQuest: Anniversary Edition,fS8PlLPIcyQ,FINALLY PUPPIES UPDATE! Wolf Simulator Breeding & Den Building! - WolfQuest Anniversary BETA,2021-01-31,UCkIM7McH1EKRnG5Ipk8qr1Q,everynightxRIOT,False,752838,https://www.youtube.com/watch?v=fS8PlLPIcyQ
926990,WolfQuest: Anniversary Edition,rj6sl9ORutg,حياة الذيب #1 | السيطرة على المناطق - بداية تأسيس القطيع WolfQuest: Anniversary Edition,2024-05-02,UCihg-Aew0pQYKiAOLnPA8GA,أحمد - Nemesis,False,563847,https://www.youtube.com/watch?v=rj6sl9ORutg
926990,WolfQuest: Anniversary Edition,NPkoWjw2LXM,C'EST LE MEILLEUR JEU DE L'ANNÉE (WolfQuest: Anniversary Edition),2025-09-15,UCY-_QmcW09PHAImgVnKxU2g,SQUEEZIE GAMING,False,418486,https://www.youtube.com/watch?v=NPkoWjw2LXM
926990,WolfQuest: Anniversary Edition,DjcRJW7iaaA,A NEW WOLF'S JOURNEY! | WolfQuest : Anniversary Edition Gameplay Part 1,2019-07-26,UCWB212HLA4MyZBpn0qlBpXA,BestInSlot,False,356795,https://www.youtube.com/watch?v=DjcRJW7iaaA
926990,WolfQuest: Anniversary Edition,RM52vUt2Y2M,หมาป่าเดียวดาย (WolfQuest) #1,2025-12-04,UC8uxFKMADMhYn80nkfpPa-w,Gssspotted,False,317253,https://www.youtube.com/watch?v=RM52vUt2Y2M
926990,WolfQuest: Anniversary Edition,VeEfeB4EBj0,Raising The Most INCREDIBLE Adult Wolfpack! (Wolfquest Beta Update),2024-11-24,UCkIM7McH1EKRnG5Ipk8qr1Q,everynightxRIOT,False,312488,https://www.youtube.com/watch?v=VeEfeB4EBj0
926990,WolfQuest: Anniversary Edition,z2T6qibqjEg,Surviving And Raising A Wolf Pack For 8.5 Years in WolfQuest,2025-08-03,UCkIM7McH1EKRnG5Ipk8qr1Q,everynightxRIOT,False,300782,https://www.youtube.com/watch?v=z2T6qibqjEg
926990,WolfQuest: Anniversary Edition,ZgVqP2Wy22Q,I Created the First Genetically Perfect Wolf Pack to Take Over Wolfquest,2026-05-19,UCkIM7McH1EKRnG5Ipk8qr1Q,everynightxRIOT,False,273095,https://www.youtube.com/watch?v=ZgVqP2Wy22Q
926990,WolfQuest: Anniversary Edition,4noUB9T_-Pk,SIMULADOR DE LOBO - WolfQuest Anniversary Edition (Survival Simulation Game),2019-07-30,UCKmlxQVs0vHtaLldRIQ8lsA,iTownGamePlay *Terror&Diversión*,False,226324,https://www.youtube.com/watch?v=4noUB9T_-Pk
926990,WolfQuest: Anniversary Edition,TADk3TKq4EQ,A Whole New World! | WolfQuest Anniversary Edition: Wayfinders #1,2019-07-26,UC4e517fIfsizbfEf_HsnFaQ,JayPlays,False,215154,https://www.youtube.com/watch?v=TADk3TKq4EQ
926990,WolfQuest: Anniversary Edition,V62gAfNdulo,Daniel Si Serigala: Dari Gelandangan Hutan Jadi Pemimpin Kawanan,2025-06-02,UC7MQepKND_7DTbOXDWmqU4w,BigChab,False,168527,https://www.youtube.com/watch?v=V62gAfNdulo
926990,WolfQuest: Anniversary Edition,OZH-fE-O-7Y,FIGHTING WOLVES FOR TERRITORY! | WolfQuest : Anniversary Edition Gameplay Part 2,2019-07-29,UCWB212HLA4MyZBpn0qlBpXA,BestInSlot,False,145180,https://www.youtube.com/watch?v=OZH-fE-O-7Y
926990,WolfQuest: Anniversary Edition,lK_MkcxRUL0,WolfQuest trailer/preview,2009-12-21,UCclJBcV34su9nHI_XXjiSvQ,pooiyx,True,141800,https://www.youtube.com/watch?v=lK_MkcxRUL0
926990,WolfQuest: Anniversary Edition,AtYaGI0BvqQ,Ranboo releases the BEAST!!!!!! || WolfQuest​,2023-09-26,UCw0UQkA6EJg4_wQbEFHbpYQ,RanbooVODS,False,139898,https://www.youtube.com/watch?v=AtYaGI0BvqQ
926990,WolfQuest: Anniversary Edition,RAi6jnUvyTc,NEVER Do This in WolfQuest Anniversary Edition! #mychild #parenting #wolfquest,2024-02-11,UCsjYppOX23CrtHRLbDl8Caw,SnowSnooSnoob,False,172609,https://www.youtube.com/watch?v=RAi6jnUvyTc
926990,WolfQuest: Anniversary Edition,NzOB5rgcBpk,¡PELEA DE LOBOS! - WolfQuest Anniversary Edition (Survival Simulation Game),2019-08-03,UCKmlxQVs0vHtaLldRIQ8lsA,iTownGamePlay *Terror&Diversión*,False,118444,https://www.youtube.com/watch?v=NzOB5rgcBpk
926990,WolfQuest: Anniversary Edition,8IAMk_b3HjI,Gua Bertahan Hidup Dari Serigala TERLEMAH Sampai TERKUAT di Wolfquest Anniversary Edition,2025-06-15,UCpmF3Kc52cf2WMCn2RkPzxw,ItsD,False,106614,https://www.youtube.com/watch?v=8IAMk_b3HjI
926990,WolfQuest: Anniversary Edition,5GHOU31aekw,I Spent 8 Years Breeding the Perfect Wolf Bloodline in WolfQuest (THE END),2026-08-12,UCkIM7McH1EKRnG5Ipk8qr1Q,everynightxRIOT,False,123850,https://www.youtube.com/watch?v=5GHOU31aekw
926990,WolfQuest: Anniversary Edition,e_iSF6L8J8w,AKU MENJADI PENGUASA SERIGALA DI ALAM LIAR - Wolfquest: Anniversary Edition,2026-05-30,UCqPN9LAkx20aBWOafwvQB-Q,Jelool,False,98276,https://www.youtube.com/watch?v=e_iSF6L8J8w
926990,WolfQuest: Anniversary Edition,0Y1Qunh_Cy8,Pupdate: Behind the Genes,2020-09-03,UCDaCaGKaJDHHuGRU6W--jDA,WolfQuest,False,95853,https://www.youtube.com/watch?v=0Y1Qunh_Cy8
926990,WolfQuest: Anniversary Edition,YPM3xca1cN0,WolfQuest 3 AE |come and fly away with me |🦋🦋✨✨|trend,2023-03-29,UCU8Z93Lh6dohM5PsCl5kbaQ,Adventure Wolf,False,156776,https://www.youtube.com/watch?v=YPM3xca1cN0
926990,WolfQuest: Anniversary Edition,qOy_oucXbic,Fighting Tips and Tactics (JayPlays),2020-01-04,UCDaCaGKaJDHHuGRU6W--jDA,WolfQuest,False,94187,https://www.youtube.com/watch?v=qOy_oucXbic
926990,WolfQuest: Anniversary Edition,s56wz8NsBvI,Hunting Tips and Tactics (JayPlays),2019-11-28,UCDaCaGKaJDHHuGRU6W--jDA,WolfQuest,False,91191,https://www.youtube.com/watch?v=s56wz8NsBvI
926990,WolfQuest: Anniversary Edition,1xhQme19_2Y,Can you survive only eating at the CATTLE RANCH in WolfQuest?,2024-07-13,UCI64EvmBHM-VBdFCziwa43w,Juiiicebox,False,83137,https://www.youtube.com/watch?v=1xhQme19_2Y
926990,WolfQuest: Anniversary Edition,dS26bwYDzmc,WolfQuest Game Trailer (2025),2025-06-26,UCDaCaGKaJDHHuGRU6W--jDA,WolfQuest,True,82280,https://www.youtube.com/watch?v=dS26bwYDzmc
1377380,Night of the Dead,oXKb8T6M1iQ,Night of the Dead ตอนที่ 1 (อะรี ๆ ๆ ๆๆ  ๆ ๆๆ  ๆๆ ๆ ),2021-04-27,UC4plRabXFGdAE6HP-tBQKdQ,HEARTROCKER,False,1934611,https://www.youtube.com/watch?v=oXKb8T6M1iQ
1377380,Night of the Dead,jhX572rRgxc,Night of the Dead ตอนที่ 2 (กับดักมีไว้ใช้),2021-04-29,UC4plRabXFGdAE6HP-tBQKdQ,HEARTROCKER,False,1470644,https://www.youtube.com/watch?v=jhX572rRgxc
1377380,Night of the Dead,oitQbo4xnYA,เกมเต็มปล่อยแล้ววันนี้ | Night of the Dead 2024 #1,2024-06-01,UC4plRabXFGdAE6HP-tBQKdQ,HEARTROCKER,False,803181,https://www.youtube.com/watch?v=oitQbo4xnYA
1377380,Night of the Dead,cFNm6yJFMLg,YENİ SERİYE BAŞLAYALIM MI? | NIGHT OF THE DEAD | İNCELEME,2024-05-20,UC51-ljNFrvY5ZmV0C_61XcA,Elraenn,False,412846,https://www.youtube.com/watch?v=cFNm6yJFMLg
1377380,Night of the Dead,t5XTZmdg6Mo,ถึงไหนถึงกันแล้ว ถึงไหนแล้ว | Night of the Dead 2024 #5,2024-07-06,UC4plRabXFGdAE6HP-tBQKdQ,HEARTROCKER,False,348762,https://www.youtube.com/watch?v=t5XTZmdg6Mo
1377380,Night of the Dead,x7pmswg-fvs,สายเนียน ยิงขาเพื่อน - Night of the Dead#1,2021-06-10,UCqA48zxQgGz1AfON-wrn5BA,iamSometimes,False,249066,https://www.youtube.com/watch?v=x7pmswg-fvs
1377380,Night of the Dead,bGnESZxzuSQ,ชีวิตดีๆหนึ่งวันของแทนนี่ (night of the dead),2021-07-11,UCzKqhLqFgxX49sQdkJBrM1Q,Tanny,False,193300,https://www.youtube.com/watch?v=bGnESZxzuSQ
1377380,Night of the Dead,d-D4zmaLYfo,Ein neues Zombie-Gemetzel 🏹 Folge 1 | Night Of The Dead Deutsch Schwer,2022-11-27,UCsNqARlZk9nv40opnPpVwrw,Cornelius,False,205820,https://www.youtube.com/watch?v=d-D4zmaLYfo
1377380,Night of the Dead,0B0ff49UGaE,Night of the Dead[Thai] #1 หมาป่าที่น่ากลัวกว่าซอมบี้,2020-09-07,UC8fWyZQfxhakER1VrBnMlEQ,Slapper,False,144707,https://www.youtube.com/watch?v=0B0ff49UGaE
1377380,Night of the Dead,ViV5qVRkk4k,#1 第一夜 - 最高難易度で最速無双するルートを探す旅 四国めたん編【Night of the dead 難易度3900%】,2024-03-30,UC-JFdXK--gqyRhlKS5994Yw,Zunda-Moon,False,135681,https://www.youtube.com/watch?v=ViV5qVRkk4k
1377380,Night of the Dead,zg1mUXE2Fl4,ВЫЖИВИ или УМРИ ➤ Игра NIGHT of the DEAD 2020● Первый Взгляд,2020-08-28,UCheJvizxLKUpel6IqrWslNg,Only Top Games,False,133113,https://www.youtube.com/watch?v=zg1mUXE2Fl4
1377380,Night of the Dead,EctfKVEUcME,UN SURVIVAL ZOMBIES TOWER DEFENSE HARDCORE EN COOP ! (Night of the Dead #1),2020-08-29,UCo_Nm4TBp1rF0DRsWr377Ww,Dr_Horse,False,109637,https://www.youtube.com/watch?v=EctfKVEUcME
1377380,Night of the Dead,xWZUXLtPlyM,Night of the Dead - Gameplay (PC/UHD),2020-09-12,UChUVdBih4m5GoKi-wd8pMiA,SergiuHellDragoonHQ,False,96919,https://www.youtube.com/watch?v=xWZUXLtPlyM
1377380,Night of the Dead,zQoKrxvO-iU,"Day 1 Game was GREAT, Now it's even BETTER | Night of the Dead Gameplay | Part 1",2024-01-09,UCY6c18sccqyFL6PS5KVpicw,Kage848,False,79633,https://www.youtube.com/watch?v=zQoKrxvO-iU
1377380,Night of the Dead,pWt082kV5so,NIGHT OF THE DEAD FR #1 - Survivre face aux hordes zombies !,2022-10-23,UCo_Nm4TBp1rF0DRsWr377Ww,Dr_Horse,False,79167,https://www.youtube.com/watch?v=pWt082kV5so
1377380,Night of the Dead,VVwmqfkluGw,Night of The Dead v1.0 Trailer,2024-05-24,UCL5IGDm9JgyxgOyLRxY2UJA,JackToStudios Official,True,74348,https://www.youtube.com/watch?v=VVwmqfkluGw
1377380,Night of the Dead,PXt9kgKCwaM,unboxholics night of the dead,2021-07-29,UCIOTSVkAmZPD0SrQTq1lZfw,GEORGE KAGIOULIS,False,72809,https://www.youtube.com/watch?v=PXt9kgKCwaM
1377380,Night of the Dead,xvEWviF6yTs,Night of the Dead: Wave 132 | (S8E4) | Return of the Giants!,2021-08-20,UCQwiq7H18P59gSd4AednqLg,Baron Tormunda,False,60895,https://www.youtube.com/watch?v=xvEWviF6yTs
1377380,Night of the Dead,PPPHUVKS0bU,Night of the Dead เกมพีซีแนว Survival เอาชีวิตรอดจากซอมบี้ กราฟิกดูดีด้วย Unreal Engine !!,2020-09-01,UCbPXc445U0-9NVYaf2VZkBw,Shorty Bluejova,False,56719,https://www.youtube.com/watch?v=PPPHUVKS0bU
1377380,Night of the Dead,vHuwE-9_fTc,New Zombie Survival Building Game - Night of the Dead Gameplay,2020-09-12,UCqW50WJnFgyc3uh3lBst_Sg,CrypticFox,False,55851,https://www.youtube.com/watch?v=vHuwE-9_fTc
1377380,Night of the Dead,QD3uroYp6uk,Fantastic New Survival Game - Night of the Dead Gameplay - Part 1,2020-08-27,UCP6f9x4iXk3LH8Q1sqJmYPQ,paulsoaresjr,False,50563,https://www.youtube.com/watch?v=QD3uroYp6uk
1377380,Night of the Dead,JJM6GgY5ISA,The ULTIMATE in Horde Base Defense! | Night of the Dead Gameplay,2022-08-26,UCY6c18sccqyFL6PS5KVpicw,Kage848,False,48519,https://www.youtube.com/watch?v=JJM6GgY5ISA
1377380,Night of the Dead,9W9bVXn62Y4,【Night of the Dead】正式版リリースしたあのゾンビゲームを伝説難易度で再び挑戦！,2024-06-08,UC7tsxhSgwvv7tXk1nrw1EBg,ほんだぽくてのクラフトサバイバルゲーム攻略,False,47429,https://www.youtube.com/watch?v=9W9bVXn62Y4
1377380,Night of the Dead,ZZfIe_IDQi4,Das Buch aus der Forschungseinrichtung 🧪 Folge 4 | Night Of The Dead Deutsch Schwer,2022-12-04,UCsNqARlZk9nv40opnPpVwrw,Cornelius,False,47133,https://www.youtube.com/watch?v=ZZfIe_IDQi4
1377380,Night of the Dead,HP5brBnnMmw,NUEVO SURVIVAL INCREÍBLE - Night of the Dead (Survival Game),2020-09-08,UCKmlxQVs0vHtaLldRIQ8lsA,iTownGamePlay *Terror&Diversión*,False,44505,https://www.youtube.com/watch?v=HP5brBnnMmw
1377380,Night of the Dead,XhyY7Md1rVw,Lançou o 1.0 desse Survival Incrível com Muita Novidade - Night of the Dead,2024-06-06,UCBUPPrMmr9TIhEo849cQm-w,Andarilho,False,34620,https://www.youtube.com/watch?v=XhyY7Md1rVw
1377380,Night of the Dead,DSl869xNg_A,รีวิว Night of the Dead สร้างบ้าน เอาตัวรอดจากเหล่าซอมบี้,2021-05-07,UC-Oq0W8avFSSbKFsY3iHyUA,Online Station,False,32614,https://www.youtube.com/watch?v=DSl869xNg_A
1377380,Night of the Dead,mxn1sOLgNcE,It seems like I smell barbecue!!!! ★ Night of the Dead ★ [Day 300],2023-10-19,UCltyQgCpv0wN60WQWQYfZ4Q,Bee Electricity,False,32307,https://www.youtube.com/watch?v=mxn1sOLgNcE
1377380,Night of the Dead,AF_iGRwOUHM,Best & Cheapest Trap in The Game? | Night of the Dead Gameplay | E13,2020-09-07,UCY6c18sccqyFL6PS5KVpicw,Kage848,False,31051,https://www.youtube.com/watch?v=AF_iGRwOUHM
1377380,Night of the Dead,p8sVS6Eh37A,The base I built in the last days to resist zombies ★ Night of the Dead ★,2023-09-27,UCltyQgCpv0wN60WQWQYfZ4Q,Bee Electricity,False,28357,https://www.youtube.com/watch?v=p8sVS6Eh37A
1377380,Night of the Dead,8B6L-knGLvo,Best New Zombie Island Survival Game 2020? | NIGHT OF THE DEAD,2020-08-27,UCZrJyW0Tmdr_MzyimLll5Ag,Yippee Ki Yay Mr Falcon,False,27864,https://www.youtube.com/watch?v=8B6L-knGLvo
1377380,Night of the Dead,Uab9RDxikXM,Is This Zombie Survival Game Any Good? - Night Of The Dead Gameplay,2024-12-15,UC3t5CYZMhhOl0_8ATxCBrkg,Brian Menard,False,25490,https://www.youtube.com/watch?v=Uab9RDxikXM
1377380,Night of the Dead,RkiuwMoeTTU,SURVIVRE aux HORDES de ZOMBIES Chaque Nuit - Night of the Dead,2024-05-31,UCo_Nm4TBp1rF0DRsWr377Ww,Dr_Horse,False,25349,https://www.youtube.com/watch?v=RkiuwMoeTTU
513710,SCUM,Y6DFnTVcivA,Breaking Into A GUARDED Airport! (Scum),2018-09-05,UC0DZmkupLYwc0yDsfocLh0A,Jelly,False,7097949,https://www.youtube.com/watch?v=Y6DFnTVcivA
513710,SCUM,KMcoIknLqbI,Scum Gameplay - Zombie Apocalypse : The Horde! Ep1,2019-02-14,UCA0McsiXWJZu11MsiDdXvlw,DoctorGTA,False,3324860,https://www.youtube.com/watch?v=KMcoIknLqbI
513710,SCUM,92AgIZx_wiU,การเริ่มต้นในโลกซอมบี้ | SCUM #1,2023-05-09,UCycKzia69PXRbk0N0I9n4Aw,LowGrade,False,3041979,https://www.youtube.com/watch?v=92AgIZx_wiU
513710,SCUM,ucCy-me_-gI,The scum my company actually responded #gaming #news,2026-05-27,UCT7NogvYZh_3vWIJs_zSfTA,JtheSlopFrog,False,2580784,https://www.youtube.com/watch?v=ucCy-me_-gI
513710,SCUM,lwz2YrbiVHM,Scum: The Game About Fat Acceptance,2018-09-06,UCedicLbmN_7vPUmPXlvKPFg,General Sam,False,1613854,https://www.youtube.com/watch?v=lwz2YrbiVHM
513710,SCUM,vR0USU5KdAo,SCUM 0.85 |  Hi  I'm here....,2023-06-05,UCjUitW8oCAop-cX4l7dzjgg,ULTLE,False,787494,https://www.youtube.com/watch?v=vR0USU5KdAo
513710,SCUM,dq0Jwzc025U,Playing the Most Hardcore Survival Game | SCUM - Part 1,2024-03-22,UCIHfCaZ5IKNqodjiyrp5Ctw,Torak,False,672520,https://www.youtube.com/watch?v=dq0Jwzc025U
513710,SCUM,bQLYlhc0118,Is SCUM better than DayZ?,2023-06-22,UCwVJr6R-2Hbezs5Ur4zmcLw,Fresh Spawns,False,451371,https://www.youtube.com/watch?v=bQLYlhc0118
513710,SCUM,dnrpUzKgoik,"I Lived Solo on the Most Populated Server in SCUM, and this is what happened...",2024-11-10,UCIHfCaZ5IKNqodjiyrp5Ctw,Torak,False,423060,https://www.youtube.com/watch?v=dnrpUzKgoik
513710,SCUM,1jR3UwOfN24,Scum Armouries are INSANE!,2024-01-03,UCy_xkXNtIyxSPPGOqjZoHKA,Zee,False,442324,https://www.youtube.com/watch?v=1jR3UwOfN24
513710,SCUM,FmrIGnst3Y4,SCUM #3: TEAM ĐỤT XÂY XONG NHÀ BỊ TRỘM KHOẮNG SẠCH ĐỒ =))) 4 anh em ôm nhau khóc !!!,2019-11-09,UCc_gMV4N9vJtpy7GcMUHaVw,Trực Tiếp Game,False,231641,https://www.youtube.com/watch?v=FmrIGnst3Y4
513710,SCUM,Hrj3Uo8BvPs,I Built a MAX UPGRADED BASE as a Solo in SCUM!,2025-02-14,UCIHfCaZ5IKNqodjiyrp5Ctw,Torak,False,229129,https://www.youtube.com/watch?v=Hrj3Uo8BvPs
513710,SCUM,goteY5Rw410,Playing SCUM for the first time... ( FPS Survival Game ),2026-01-30,UCw7FkXsC00lH2v2yB5LQoYA,jackfrags,False,218745,https://www.youtube.com/watch?v=goteY5Rw410
513710,SCUM,oxYUz2OU3r0,How To Fix Scum Fatal Error Crash - SCUM Crash Fixed,2022-07-06,UCajKkRyy_Cq8pmrtmaAr3xQ,ODX Zero,False,214453,https://www.youtube.com/watch?v=oxYUz2OU3r0
513710,SCUM,9IZsc4xScBg,100 SCUM Tips to help you survive,2020-12-02,UCAPApcWfFuhKlqyQqKGDNYQ,Josiah Turner,False,208492,https://www.youtube.com/watch?v=9IZsc4xScBg
513710,SCUM,dBvFkkqNbvU,VUELVO A SCUM CON LA 1.0 (c/ Serpi) | SCUM Gameplay Español,2025-09-02,UCjuRnAVSiarRGOI8DA2oJtQ,Menos Trece,False,201315,https://www.youtube.com/watch?v=dBvFkkqNbvU
513710,SCUM,JmyKUNsdUl0,I Lived Solo in the NEW Official SCUM Server...,2026-02-21,UCIHfCaZ5IKNqodjiyrp5Ctw,Torak,True,200766,https://www.youtube.com/watch?v=JmyKUNsdUl0
513710,SCUM,KPbmxODqzaM,I Lived Solo on the Most Populated Server in Official SCUM...,2026-05-17,UCIHfCaZ5IKNqodjiyrp5Ctw,Torak,True,192089,https://www.youtube.com/watch?v=KPbmxODqzaM
513710,SCUM,JnM0dwrC17g,Scum 0.9| พี่ยิงได้ไงรูแค่นี้ !! #survival #scum #game #shortsvideo #raid #ultle,2023-12-09,UCjUitW8oCAop-cX4l7dzjgg,ULTLE,False,160148,https://www.youtube.com/watch?v=JnM0dwrC17g
513710,SCUM,Yj0evIGf3lI,เล่นเซิฟ Official ครั้งเเรกในชีวิต SCUM #1,2026-02-16,UC6WgwA4jBLBhs7FrPSbEhwQ,SongSY,True,161463,https://www.youtube.com/watch?v=Yj0evIGf3lI
513710,SCUM,5UOlH4ozMfU,Scum 0.95| บักคนซั่วจั่งอ้าย !! #survival #scum #game #shortsvideo #raid #ultle,2024-01-31,UCjUitW8oCAop-cX4l7dzjgg,ULTLE,False,158357,https://www.youtube.com/watch?v=5UOlH4ozMfU
513710,SCUM,qcLxrICgixU,SCUM 1.0 CINEMATIC LAUNCH TRAILER 4K,2025-06-17,UCri5b4gBVVNQr5axQ8nPHCQ,SCUM Game - Official,True,149223,https://www.youtube.com/watch?v=qcLxrICgixU
513710,SCUM,2H8edL34uSI,Scum - How To Use Admin Commands | spawn | teleport | Weapons | Anything..,2019-04-04,UC_lZafXCytF_A-Pytvw73YA,RayKit,False,134568,https://www.youtube.com/watch?v=2H8edL34uSI
513710,SCUM,BdMyKNULwFI,SCUM | EVERYTHING IS A THREAT | GamewithSweet,2022-10-25,UCvnwOQj7Jkk6KG7yI6O6CTw,HeyySweet,False,152831,https://www.youtube.com/watch?v=BdMyKNULwFI
513710,SCUM,FV_sjhRtYSk,My First Time Playing SCUM 1.0 was Absolutely INCREDIBLE!,2025-06-21,UCIHfCaZ5IKNqodjiyrp5Ctw,Torak,False,123588,https://www.youtube.com/watch?v=FV_sjhRtYSk
513710,SCUM,XH6pV_gSr0Q,Bunker Ambush 😈 | SCUM PvP Gameplay #scumgameplay #scum #scumpvp,2024-07-20,UCPoypAm--xPIftx5tLAAKTQ,MrGameHunter,False,141690,https://www.youtube.com/watch?v=XH6pV_gSr0Q
513710,SCUM,X7i08ZjFLaU,Das SCHWERSTE SURVIVAL GAME der WELT? | ZARBEX' ERSTES MAL Scum! | UNCUT,2025-06-09,UC6pGvqj5xtZS4DY_9cGin_Q,zarbex Uncut,False,118701,https://www.youtube.com/watch?v=X7i08ZjFLaU
513710,SCUM,9wn5MOoFLDc,SCUM 1.0 ГЛАЗАМИ НОВИЧКА в 2025 году | СКАМ,2025-07-21,UCFFe-p1uiuRitzxpi2rT6nA,nesp,False,111448,https://www.youtube.com/watch?v=9wn5MOoFLDc
513710,SCUM,YJtEXvnJF0Q,Scum 0.95| วิธีการปล้นที่.... !! #survival #scum #game #shortsvideo #raid #ultle  #gamestream,2024-03-10,UCjUitW8oCAop-cX4l7dzjgg,ULTLE,False,111593,https://www.youtube.com/watch?v=YJtEXvnJF0Q
513710,SCUM,XIa39Y-6g1c,Stay off my base walls 😈🤣 #scum,2023-09-13,UCPoypAm--xPIftx5tLAAKTQ,MrGameHunter,False,188969,https://www.youtube.com/watch?v=XIa39Y-6g1c
513710,SCUM,kW8gbzQxgso,SCUM 0.9 Gameplay - Quick Draw. #scum #scumgame #survival,2023-10-01,UCMQruncNZH4ad13cEMGxgPg,KrisKnot,False,188344,https://www.youtube.com/watch?v=kW8gbzQxgso
513710,SCUM,-cETvtSacbk,Best Way To Kill The MECHS - Scum,2025-06-30,UC7BrWYurPLs1ooGLR0o1a_w,DR Grant,False,102651,https://www.youtube.com/watch?v=-cETvtSacbk
513710,SCUM,XmFvd_Uy1Ow,100 of the MOST Useful Scum Tips in 2023,2023-07-21,UCAPApcWfFuhKlqyQqKGDNYQ,Josiah Turner,False,95175,https://www.youtube.com/watch?v=XmFvd_Uy1Ow
513710,SCUM,NmEz-Sk56kc,SCUM Survival: 99% of Players Miss This Vehicle Trick 🚗 #gaming,2025-04-09,UCjmrDkN-ei69su0TagIHAOQ,Milton,False,183084,https://www.youtube.com/watch?v=NmEz-Sk56kc
513710,SCUM,fq3hN1tA8fg,Scum 1.2   ปิดบ้านล็อคกล่องด้วยพี่ #survival    #scum #game #shortsvideo #raid #pvp,2026-03-09,UCjUitW8oCAop-cX4l7dzjgg,ULTLE,False,155006,https://www.youtube.com/watch?v=fq3hN1tA8fg
513710,SCUM,NONsYBqQ8U8,The Most Ambitious Survival Game Just Got Even Better! (EP 1) - SCUM 0.95,2023-12-16,UCmG4y706xJCj2CVPzA22kAw,HappyCairek,False,88528,https://www.youtube.com/watch?v=NONsYBqQ8U8
513710,SCUM,RdkxFq-MY8Y,"Base Defence In Scum, Check Out This Intense Raid As We Held On For Our Lives! PVP/Raiding!",2023-04-28,UCemNS3YMuoB-NBnmGmFh2rg,Phantom Control Gaming,False,90317,https://www.youtube.com/watch?v=RdkxFq-MY8Y
513710,SCUM,QPAlGl3HYp4,Scum 0.9| ถือว่าเตือนแล้วนะ !!! #survival  #scum  #game  #raid #shortsvideo #youtubeshort,2023-09-20,UCjUitW8oCAop-cX4l7dzjgg,ULTLE,False,77018,https://www.youtube.com/watch?v=QPAlGl3HYp4
513710,SCUM,e6IKiKevEoQ,How To Get STARTED In SCUM 2025 | SCUM Beginners Guide,2024-05-28,UCPoypAm--xPIftx5tLAAKTQ,MrGameHunter,False,75015,https://www.youtube.com/watch?v=e6IKiKevEoQ
513710,SCUM,Xr5ZqOrYsLM,Scum 0.95| ไขแบบนี้ พี่จะผวาไหม #survival #scum #game #shortsvideo #raid #ultle,2024-01-22,UCjUitW8oCAop-cX4l7dzjgg,ULTLE,False,73387,https://www.youtube.com/watch?v=Xr5ZqOrYsLM
513710,SCUM,6uJr067YhZA,How to be IMMORTAL on Hive Scum  #darktide #gaming,2026-02-19,UCw8BynAtBKMqczGH0sjxgyA,Reginald,False,119060,https://www.youtube.com/watch?v=6uJr067YhZA
513710,SCUM,YYXnk3sIx6w,Starting From Nothing as a Solo Survivor in SCUM...,2026-07-25,UCIHfCaZ5IKNqodjiyrp5Ctw,Torak,False,93311,https://www.youtube.com/watch?v=YYXnk3sIx6w
513710,SCUM,Og8harpfZi4,SCUM v1.0 🚜 001: Bömble lädt zur Release Staffel ein,2025-12-05,UCfiqwQJ89LoQ0g6zJFS6Ruw,Wautscher,False,71990,https://www.youtube.com/watch?v=Og8harpfZi4
513710,SCUM,8jgnTmKYRrc,How a Solo with 1000 Hours Plays the New Update in SCUM...,2026-01-16,UCIHfCaZ5IKNqodjiyrp5Ctw,Torak,False,71434,https://www.youtube.com/watch?v=8jgnTmKYRrc
513710,SCUM,ollPlZMkjeI,SCUM Lockpicking - The Ultimate How-To Guide,2023-01-13,UCwa3SMmBSzZ6CQhHcJ-fUyQ,Spootnic,False,68511,https://www.youtube.com/watch?v=ollPlZMkjeI
513710,SCUM,MkTyVc1P9Vc,SCUM ОБЗОР ИГРЫ В 2024 | ВКРАТЦЕ ОБО ВСЁМ,2024-03-29,UCJCNJaSwskoZZcGR2Bw-owg,Wessex ,False,67895,https://www.youtube.com/watch?v=MkTyVc1P9Vc
513710,SCUM,PFCLl6mlmaE,7 Days to Die 2.0 vs SCUM 1.0 - Physics and Details Comparison,2025-06-20,UC5i3uWXk8NNqC6PrlgbORfA,Realistic GameZ,False,67056,https://www.youtube.com/watch?v=PFCLl6mlmaE
513710,SCUM,qk7peX5tfnE,SCUM - Gameplay Trailer,2024-04-04,UCri5b4gBVVNQr5axQ8nPHCQ,SCUM Game - Official,True,66691,https://www.youtube.com/watch?v=qk7peX5tfnE
251570,7 Days to Die,XjCGrXrNvkg,WHAT HAPPENS IF EVERY NIGHT IS A BLOOD MOON?! | 7 Days to Die MEGA EPISODE,2020-05-07,UC7_YxT-KID8kRbqZo7MyscQ,Markiplier,False,15748471,https://www.youtube.com/watch?v=XjCGrXrNvkg
251570,7 Days to Die,8-sLhsSofnU,Game Theory: Real Tips for SURVIVING a Zombie Apocalypse (7 Days to Die),2016-08-24,UCo_IB5145EVNcf8hw1Kku7w,The Game Theorists,False,9758395,https://www.youtube.com/watch?v=8-sLhsSofnU
251570,7 Days to Die,UWT-Y7TsfxM,7 YEARS LATER... | 7 Days to Die #22,2020-04-17,UC7_YxT-KID8kRbqZo7MyscQ,Markiplier,False,7557293,https://www.youtube.com/watch?v=UWT-Y7TsfxM
251570,7 Days to Die,AAhGJSP_P6Q,We Played 100 Days Of 7 Days To Die... Here's What Happened,2023-03-24,UCXl48fV5Yz4O587pQhMRDxA,iSyzen,False,5727091,https://www.youtube.com/watch?v=AAhGJSP_P6Q
251570,7 Days to Die,qB6OfnZOztE,7 Days to Die Episodes 1 - 26 (Part 1) Cinematic Gameplay Series,2019-08-23,UCiufyZv8iRPTafTw0D4CvnQ,Neebs Gaming,False,5444034,https://www.youtube.com/watch?v=qB6OfnZOztE
251570,7 Days to Die,3whPc2-ovpM,DIGGING MY OWN GRAVE | 7 Days to Die #23,2020-04-26,UC7_YxT-KID8kRbqZo7MyscQ,Markiplier,False,5095267,https://www.youtube.com/watch?v=3whPc2-ovpM
251570,7 Days to Die,KlgBw8Y4joI,Ich habe 100 Tage 7 Days To Die überlebt und das ist passiert,2024-09-20,UCsNqARlZk9nv40opnPpVwrw,Cornelius,False,3485977,https://www.youtube.com/watch?v=KlgBw8Y4joI
251570,7 Days to Die,LmVKN8Vfa04,7 Days to Die Episodes 27 - 53 (Part 2) Cinematic Gameplay Series,2019-08-25,UCiufyZv8iRPTafTw0D4CvnQ,Neebs Gaming,False,3346690,https://www.youtube.com/watch?v=LmVKN8Vfa04
251570,7 Days to Die,uJFrAlOdeX0,I Played 100 Days On INSANE Difficulty | 7 Days To Die,2024-07-27,UCXl48fV5Yz4O587pQhMRDxA,iSyzen,False,3114219,https://www.youtube.com/watch?v=uJFrAlOdeX0
251570,7 Days to Die,uvi9KKD42Z8,ZOMBIE AVCILARI | 7 DAYS TO DIE | BÖLÜM 1,2023-01-17,UC51-ljNFrvY5ZmV0C_61XcA,Elraenn,False,3007706,https://www.youtube.com/watch?v=uvi9KKD42Z8
251570,7 Days to Die,_OfTBB7R9ys,We Played 100 Days of Darkness Falls | 7 Days to Die,2024-01-26,UCXl48fV5Yz4O587pQhMRDxA,iSyzen,False,2542495,https://www.youtube.com/watch?v=_OfTBB7R9ys
251570,7 Days to Die,W-wKryQWXVk,Let's Play - 7 Days to Die for PC: Part 2,2014-07-16,UCkxctb0jr8vwa4Do6c6su0Q,LetsPlay,False,2380308,https://www.youtube.com/watch?v=W-wKryQWXVk
251570,7 Days to Die,gv4j0WvtqJE,ZOMBİLERİN KABUSU OLMAYA GELDİK! | 7 DAYS TO DIE  | S4 B1,2025-07-17,UC51-ljNFrvY5ZmV0C_61XcA,Elraenn,False,2156444,https://www.youtube.com/watch?v=gv4j0WvtqJE
251570,7 Days to Die,oAdoj4cw_l8,I Played 100 Days Of 7 Days To Die... Here's What Happened!,2023-10-25,UCXl48fV5Yz4O587pQhMRDxA,iSyzen,False,1948079,https://www.youtube.com/watch?v=oAdoj4cw_l8
251570,7 Days to Die,n2eicDymEK0,7 Days To Die War3zuk my new house,2022-06-30,UCM5IjkaMn26erCF0y9eUPHw,Aquaman,False,1425948,https://www.youtube.com/watch?v=n2eicDymEK0
251570,7 Days to Die,uyvNpw_Znnc,100 ngày ngắm Trăng Máu trong 7 Days To Die!,2026-04-04,UCDzJOrDYIlAkW9iR4Z7qKCQ,Cá Khô,False,1329717,https://www.youtube.com/watch?v=uyvNpw_Znnc
251570,7 Days to Die,Dt9EzY6FBWw,7 Days To Die Trailer | PS4,2016-04-07,UC-2Y8dQb0S6DtpxNgAKoJKA,PlayStation,True,1255209,https://www.youtube.com/watch?v=Dt9EzY6FBWw
251570,7 Days to Die,SHBAfB_yX_U,WE Played 100 Days of Modded 7 Days to Die [DISTRICT ZERO],2024-06-14,UCXl48fV5Yz4O587pQhMRDxA,iSyzen,False,1073130,https://www.youtube.com/watch?v=SHBAfB_yX_U
251570,7 Days to Die,qaMk-mxAtKM,MAGIC ZOMBIE PROOF WALL For Any Base,2024-08-09,UCJNeiS810mGG98ctG45M1WA,JaWoodle,False,1523128,https://www.youtube.com/watch?v=qaMk-mxAtKM
251570,7 Days to Die,yZNe0kTpEO4,How to get END GAME LOOT EARLY,2024-09-08,UCJNeiS810mGG98ctG45M1WA,JaWoodle,False,1404245,https://www.youtube.com/watch?v=yZNe0kTpEO4
251570,7 Days to Die,7ZiyedwTXr4,"Aku Menghabiskan 100 Hari di 7 Days to Die, Ini Yang Terjadi",2024-08-26,UC6dj9oOLd4LN40dJgNl98Cg,Snake9,False,958576,https://www.youtube.com/watch?v=7ZiyedwTXr4
251570,7 Days to Die,7FpFL7ifgbs,7 Days to Die: Gavin Joins the Game (#3),2017-09-09,UCsB0LwkHPWyjfZ-JwvtwEXw,Achievement Hunter,False,922750,https://www.youtube.com/watch?v=7FpFL7ifgbs
251570,7 Days to Die,dIA5f0yCL98,🔴LIVE | 24 HOUR BAGATHON | 7 Days To Die MARATHON | !FocusFuel | #BUNGULATE,2026-05-30,UCMNEVbszv8ZyvSXoTn3yhpQ,TheBurntPeanut,False,878581,https://www.youtube.com/watch?v=dIA5f0yCL98
251570,7 Days to Die,uSlCFeiAiMM,The PERFECT Base to Survive UNDERGROUND,2024-09-03,UCJNeiS810mGG98ctG45M1WA,JaWoodle,False,1225078,https://www.youtube.com/watch?v=uSlCFeiAiMM
251570,7 Days to Die,kikTJaVBank,7 Days to Die - 1.0 Gameplay Trailer,2024-05-03,UCnMhaiM8zxCCp8lzcxBfepg,TheFunPimps,True,799997,https://www.youtube.com/watch?v=kikTJaVBank
251570,7 Days to Die,j3SUgvT_Ejo,Primer dia en 7 DAYS TO DIE (con Willy y Fargan) #1,2025-07-01,UCam8T03EOFBsNdR0thrFHdQ,VEGETTA777,False,751159,https://www.youtube.com/watch?v=j3SUgvT_Ejo
251570,7 Days to Die,cjiiDdOidsc,7 Days to Die Review,2016-07-14,UCKy1dAqELo0zrOtPkf0eTMw,IGN,True,666484,https://www.youtube.com/watch?v=cjiiDdOidsc
251570,7 Days to Die,09o-5b0fPzk,I Spent 100 Days in 7 Days to Die... Here's What Happened,2022-12-20,UCRxqYNISTIFmGIC_7BXEgTw,Infinitex,False,625382,https://www.youtube.com/watch?v=09o-5b0fPzk
251570,7 Days to Die,ePTS0HQvCLc,Tiny Base. Full Crafting. Deadly Horde Trap - 7 Days to Die #7dtd #basebuilding #zombiesurvival,2025-05-08,UC3YvY0wyvb9hj_B5AX8OLCQ,Kukumba Cat,False,941460,https://www.youtube.com/watch?v=ePTS0HQvCLc
251570,7 Days to Die,Ve_GJ-TKFQI,Tips For 7 Days To Die 1.0,2024-07-25,UCUEBwthcpWBTQXscn8bpS6Q,Boomstick Gaming,False,627549,https://www.youtube.com/watch?v=Ve_GJ-TKFQI
251570,7 Days to Die,A7vwS5PNrBs,TEK BAŞIMA HAYATTA KALMA MÜCADELESİ! | 7 DAYS TO DIE |,2025-05-07,UCe7YQBoHBSAOwUiMQFrdq8Q,RRaenee,False,536474,https://www.youtube.com/watch?v=A7vwS5PNrBs
251570,7 Days to Die,Zo0CT9eDzAg,Evolution of 7 Days to Die - From 2013 to 2021,2021-05-10,UCy52QBC_jHCqWa6W_LlhRCw,Evolution Curios,False,510780,https://www.youtube.com/watch?v=Zo0CT9eDzAg
251570,7 Days to Die,sgA-vM3z5Og,The SMARTEST Base to Beat the ZOMBIES,2025-07-08,UCJNeiS810mGG98ctG45M1WA,JaWoodle,False,865474,https://www.youtube.com/watch?v=sgA-vM3z5Og
251570,7 Days to Die,H0rcEU3800s,100 Ngày Sinh tồn trong 7 Days to Die Siêu khó,2024-11-12,UCuncXc4LI5Wu1TtIgSCZMIw,Bon Chơi Tuốt,False,478557,https://www.youtube.com/watch?v=H0rcEU3800s
251570,7 Days to Die,zeec_36x9q8,16 Garage Doors. One Switch. Lockdown Base Design in 7 Days to Die #7daystodie #basebuilding,2025-04-15,UC3YvY0wyvb9hj_B5AX8OLCQ,Kukumba Cat,False,864834,https://www.youtube.com/watch?v=zeec_36x9q8
251570,7 Days to Die,mZvfLnvta_8,The PERFECT Base for MELEE,2025-07-10,UCJNeiS810mGG98ctG45M1WA,JaWoodle,False,889493,https://www.youtube.com/watch?v=mZvfLnvta_8
251570,7 Days to Die,abySRzNg0co,I Spent 100 Days in 7 Days To Die... Here's What Happened!,2024-08-31,UCdsEpn4h5QVQIuuodWGB2Dw,Lowii,False,437195,https://www.youtube.com/watch?v=abySRzNg0co
251570,7 Days to Die,H2SF7SIBfkI,50+ Beginner Tips In 7 Days to Die! - (7 Days to Die Tips and Tricks),2024-08-06,UCHs06_3AmB6D0rN-cP2ajHA,Supercali8,False,416603,https://www.youtube.com/watch?v=H2SF7SIBfkI
251570,7 Days to Die,eR7wtCex1yQ,EVERYTHING NEW in 7 DAYS TO DIE,2025-06-13,UCJNeiS810mGG98ctG45M1WA,JaWoodle,False,570659,https://www.youtube.com/watch?v=eR7wtCex1yQ
251570,7 Days to Die,3oy5YlVV5s0,7 Days to Die 2.0 | The best way to farm Bears and Dire Wolves for Loot Bags,2025-07-20,UCg4Z4a47olaxd4p3Q7dWt5w,Just Rob,False,526752,https://www.youtube.com/watch?v=3oy5YlVV5s0
251570,7 Days to Die,oBQ4EJwWnvE,7 Days To Die - End Game EP1 (We're in the End Game Now),2024-11-20,UC96HuwJhXI2p-_zZi3oAR_g,Glock9,False,361433,https://www.youtube.com/watch?v=oBQ4EJwWnvE
251570,7 Days to Die,JXfe53Ojp3c,I Played 100 Days of 7 Days to Die,2026-03-05,UCyG65qDxm3iWWdvghP6ho6Q,Luka2,False,389668,https://www.youtube.com/watch?v=JXfe53Ojp3c
251570,7 Days to Die,hdPKmCnKggk,A DEMOLISHER Came At The Beginning of Our Horde Night!!  7 Days to Die 2.0 Update #7dtd #tfpcreator,2025-06-15,UCNZc83EblsrXlFlZuz88zsg,Spartan-85,False,626310,https://www.youtube.com/watch?v=hdPKmCnKggk
251570,7 Days to Die,OWbXYoTlFi8,How to Get END GAME Loot Early in 7 Days 3.0,2026-06-16,UCJNeiS810mGG98ctG45M1WA,JaWoodle,False,626992,https://www.youtube.com/watch?v=OWbXYoTlFi8
251570,7 Days to Die,TNeQz56lDzk,This Perk Is Now OVERPOWERED In 7 Days To Die 2.0,2025-06-18,UCo5CjG5Rp_uUPng77S2E_bA,TheGamingRift,False,484965,https://www.youtube.com/watch?v=TNeQz56lDzk
239140,Dying Light,a37bx-a962E,Dying Light - Mision Bridge,2015-02-07,UCPf6UQ6BNtxCijKS8zjHbHA,HookAnimalxs,False,41197029,https://www.youtube.com/watch?v=a37bx-a962E
239140,Dying Light,HKfYB7AyjZw,DropKick Spam in Dying Light 2 🥊,2023-02-08,UCT4ITc4BhHL4CXHYt4Bs9jg,Siege Tales,False,29446621,https://www.youtube.com/watch?v=HKfYB7AyjZw
239140,Dying Light,RLHR5smxbsc,Dying Light Walkthrough Gameplay Part 1 - Awakening - Campaign Mission 1 (PS4 Xbox One),2014-12-11,UCpqXJOEqGS-TCnazcHCo0rA,theRadBrad,False,15151482,https://www.youtube.com/watch?v=RLHR5smxbsc
239140,Dying Light,9IM3YE0BZuo,"Dying Light ""Run Boy Run"" Trailer",2013-06-07,UCKy1dAqELo0zrOtPkf0eTMw,IGN,True,14279789,https://www.youtube.com/watch?v=9IM3YE0BZuo
239140,Dying Light,M0GCr2P9510,Dying Light: The Beast — Gameplay Premiere Trailer | Summer Game Fest 2025,2025-06-06,UC_LtqnFEM3N3SZzc2qPk2pg,Dying Light,True,13456131,https://www.youtube.com/watch?v=M0GCr2P9510
239140,Dying Light,UwJAAy7tPhE,Dying Light 2 Stay Human - Official Gameplay Trailer,2021-05-27,UC_LtqnFEM3N3SZzc2qPk2pg,Dying Light,True,8646030,https://www.youtube.com/watch?v=UwJAAy7tPhE
239140,Dying Light,c50gFkG91jc,Dying Light: The Beast — Announcement Trailer,2024-08-20,UC_LtqnFEM3N3SZzc2qPk2pg,Dying Light,True,7711606,https://www.youtube.com/watch?v=c50gFkG91jc
239140,Dying Light,pYhgrs0tt0A,Dead Island VS Dying Light: Exploding Zombies,2023-05-03,UC6Yz9qyayyrYpo_tkc8V14Q,GameLight,False,8422155,https://www.youtube.com/watch?v=pYhgrs0tt0A
239140,Dying Light,hUnb8VQYtWI,Dying Light Angry Review,2015-02-09,UCsgv2QHkT2ljEixyulzOnUQ,AngryJoeShow,False,7072958,https://www.youtube.com/watch?v=hUnb8VQYtWI
239140,Dying Light,4NUOjzbFj1g,Dying Light - Parkour POV Live-Action Trailer,2015-01-09,UCbu2SsF-Or3Rsn3NxqODImw,GameSpot,True,6896325,https://www.youtube.com/watch?v=4NUOjzbFj1g
239140,Dying Light,z_IfpmSsGfs,Dying Light 2 How Zombie Outbreak Happened Scene 4K ULTRA HD,2022-02-04,UCj4lFy4F5PqXD7d41mCKVYw,GameClips,False,6868900,https://www.youtube.com/watch?v=z_IfpmSsGfs
239140,Dying Light,wzy5b2srDJA,These Games are 7 Years Apart - Dying Light: the Beast (2025) Vs RDR 2 (2018),2025-09-28,UC0fa7jE9MkzMwDHzr6V9eYQ,Game Forensics,False,13241884,https://www.youtube.com/watch?v=wzy5b2srDJA
239140,Dying Light,zG4JFOSRdrE,LA MEJOR ARMA SECRETA DE DYING LIGHT 2 #dyinglight2 #dyinglight,2024-02-18,UCmb0LnmFYceH7toqgmUTJDA,Vandal,False,6629558,https://www.youtube.com/watch?v=zG4JFOSRdrE
239140,Dying Light,8Tkwem4M1uw,Dying Light: The Beast — MEET THE BARON - THE GAME AWARDS 2024 TRAILER,2024-12-13,UC_LtqnFEM3N3SZzc2qPk2pg,Dying Light,True,6080157,https://www.youtube.com/watch?v=8Tkwem4M1uw
239140,Dying Light,PKntiMrt104,The Ultimate Secret Weapon in Dying Light 2,2025-03-23,UCt99JhY5PFRZ9apL5ImCdTg,DiferShorts,False,8370738,https://www.youtube.com/watch?v=PKntiMrt104
239140,Dying Light,dP8p3o7UCj0,Dying Light: The Beast — Part 3: The Monsters,2025-09-11,UC_LtqnFEM3N3SZzc2qPk2pg,Dying Light,False,5788021,https://www.youtube.com/watch?v=dP8p3o7UCj0
239140,Dying Light,L8wgggySbbE,This Secret Spot Gave Me INSANE Loot in Dying Light 2,2025-05-01,UCt99JhY5PFRZ9apL5ImCdTg,DiferShorts,False,12344526,https://www.youtube.com/watch?v=L8wgggySbbE
239140,Dying Light,FmbQJz8kbCs,¿CONOCÍAS esta HISTORIA BRUTAL en DYING LIGHT?😰🤯 #Gaming #curiosidades #dyinglight,2025-05-30,UCrkx1FvZfCrkUjXh1zRHsiQ,MDMarqués Shorts,False,10610057,https://www.youtube.com/watch?v=FmbQJz8kbCs
239140,Dying Light,duD-hob2f4I,"""So Dying Light 2 finally got fixed...""",2023-02-18,UCi37K5Nrz9HlgNLsFBfhE-Q,Muaxh03,False,5646158,https://www.youtube.com/watch?v=duD-hob2f4I
239140,Dying Light,5ytExEhmyes,That's why there's no 3rd person in Dying Light,2024-08-23,UCi37K5Nrz9HlgNLsFBfhE-Q,Muaxh03,False,5868108,https://www.youtube.com/watch?v=5ytExEhmyes
239140,Dying Light,qsqBCs7o5go,Dying Light: The Beast — Launch Trailer,2025-09-18,UC_LtqnFEM3N3SZzc2qPk2pg,Dying Light,True,4934210,https://www.youtube.com/watch?v=qsqBCs7o5go
239140,Dying Light,ZPx6eUiKmGw,No one escapes a Volatile in Dying Light 💀,2025-03-12,UCsrWHWH8eHRjtWnY0TE3YNg,HecticSherlock Gaming,False,6754523,https://www.youtube.com/watch?v=ZPx6eUiKmGw
239140,Dying Light,qhz_moVNNeI,Is Kyle Crane Still Alive? Dying Light Canon Ending Finally REVEALED! (The Beast),2023-05-13,UCUC1NFIMZn38gJBoMyhVNRQ,OniZombies,False,4708956,https://www.youtube.com/watch?v=qhz_moVNNeI
239140,Dying Light,CWX6DbAMTR4,"Dying Light - Good Night, Good Luck Trailer",2013-06-07,UCbu2SsF-Or3Rsn3NxqODImw,GameSpot,True,4456227,https://www.youtube.com/watch?v=CWX6DbAMTR4
239140,Dying Light,68bZ1LKKh7Q,Dying Light 2 Stay Human   Cinematic Trailer,2021-12-10,UC_LtqnFEM3N3SZzc2qPk2pg,Dying Light,True,4415630,https://www.youtube.com/watch?v=68bZ1LKKh7Q
239140,Dying Light,2rYkrGvh_oI,alanzoka jogando Dying Light - Parte #1,2022-01-18,UC5aVIcrd8YUcjlFeRMmJMsA,Lives do alanzoka,False,4383919,https://www.youtube.com/watch?v=2rYkrGvh_oI
239140,Dying Light,LyuUQU7HvMA,اللي قلبه ما يتحمل لا يشاهد المقطع 💀|Dying Light The Beast,2025-09-29,UCRu9mro2nPafhMxVy2CRfXA,AboFlah Gaming,False,4172062,https://www.youtube.com/watch?v=LyuUQU7HvMA
239140,Dying Light,noXyNn3dRGc,Easiest way to kill volatile - Dying Light 2,2023-11-28,UC-Oj__Ejp-vepYIj6gnKqWw,Graizy,False,4756231,https://www.youtube.com/watch?v=noXyNn3dRGc
239140,Dying Light,xUzbyTaFmrE,DYING LIGHT 2 Walkthrough Gameplay Part 1 - INTRO (FULL GAME),2022-02-03,UCpqXJOEqGS-TCnazcHCo0rA,theRadBrad,False,3923105,https://www.youtube.com/watch?v=xUzbyTaFmrE
239140,Dying Light,lbfiHLh6oiU,This secret bunker in Dying Light The Beast Easter egg didn’t work out! #eastereggs #easteregg,2025-10-05,UCUVfFYv8r4n3wsoaYB9W98Q,Captain Eggcellent But Shorter,False,6104362,https://www.youtube.com/watch?v=lbfiHLh6oiU
239140,Dying Light,zzBVlCRYisI,Dying Light Vs Dying Light 2,2023-05-20,UCgf6Dc016OsgZek6iitcSmg,Vaxo Gvenetadze,False,4307777,https://www.youtube.com/watch?v=zzBVlCRYisI
239140,Dying Light,1MKoa1AiFUc,Dying Light 2 is a goofy ahh game,2022-03-05,UCzXwjTI6c6mVn6oui_p6oiw,SMii7Y,False,3644310,https://www.youtube.com/watch?v=1MKoa1AiFUc
239140,Dying Light,-soYsdkw260,Dying Light Gameplay Trailer: First Gameplay - Xbox One and PS4 Zombie Game,2013-08-16,UCKk076mm-7JjLxJcFSXIPJA,outsidexbox,True,3255725,https://www.youtube.com/watch?v=-soYsdkw260
239140,Dying Light,BhDIUCDAx_Y,Dead Island 2 vs Dying Light 2 #shortsviral #gaming #viralvideos,2024-08-08,UCi1Tln5CFg1yExpz8djyxjA,gta2025,False,3818573,https://www.youtube.com/watch?v=BhDIUCDAx_Y
239140,Dying Light,x72YTpQ4EwE,DYING LIGHT Gameplay Walkthrough Part 1 FULL GAME [4K 60FPS PC ULTRA] - No Commentary,2022-02-01,UC1bwliGvJogr7cWK0nT2Eag,MKIceAndFire,False,3136765,https://www.youtube.com/watch?v=x72YTpQ4EwE
239140,Dying Light,oCMxsThDJBc,Dying Light 2 - Before You Buy,2022-02-03,UCNvzD7Z-g64bPXxGzaQaa4g,gameranx,True,2978227,https://www.youtube.com/watch?v=oCMxsThDJBc
239140,Dying Light,OOmA3nq0qiE,ZOMBIES + PARKOUR = #LEGGO | Dying Light (PS4) Gameplay - Part 1,2015-01-27,UCiYcA0gJzg855iSKMrX3oHg,CoryxKenshin,False,2958143,https://www.youtube.com/watch?v=OOmA3nq0qiE
239140,Dying Light,z-D2jmnb0hs,اللي قلبه ما يتحمل لا يشاهد المقطع 💀| Dying Light The Beast #2,2025-11-05,UCRu9mro2nPafhMxVy2CRfXA,AboFlah Gaming,False,2877370,https://www.youtube.com/watch?v=z-D2jmnb0hs
239140,Dying Light,A1ZcpabkYFA,Dying Light 2 goes from best game to worst game every minute,2022-02-13,UCd9TUql8V7J-Xy1RNgA7MlQ,zanny,False,2835899,https://www.youtube.com/watch?v=A1ZcpabkYFA
239140,Dying Light,UNqqBNfM9q4,Dying Light - Part 1 - THE INFECTION BEGINS,2020-06-28,UCmp5y07YIV6i2jPX4x82hVQ,Hollow,False,2707509,https://www.youtube.com/watch?v=UNqqBNfM9q4
239140,Dying Light,ZdmM_rbg1eI,There is a Hidden Detail Around Crane’s Wrist in Dying Light The Beast!,2025-09-25,UCeDHLImFr-Rpvw7MUV773dg,Gurifun,False,4309422,https://www.youtube.com/watch?v=ZdmM_rbg1eI
239140,Dying Light,_SNm-geXIB4,Dying Light Full Playthrough 2019 Longplay No Death,2019-08-28,UC5UZdZV_QAmrRYeOyqcKVUw,G E N E R A IL,False,2635526,https://www.youtube.com/watch?v=_SNm-geXIB4
239140,Dying Light,wPt_FhlBdio,Dying Light 2 Stay Human vs Dying Light | Direct Comparison,2022-02-03,UC-EWIqLzm4ttojYUAOSht9A,Nick930,False,2628147,https://www.youtube.com/watch?v=wPt_FhlBdio
239140,Dying Light,85x99S1jkX8,Dying Light - Vem MONSTRO,2015-02-10,UCYzp8-P162Em-3uZnCuGJOg,Games EduUu,False,2606557,https://www.youtube.com/watch?v=85x99S1jkX8
238960,Path of Exile,-PAjWI4sO6Y,Path Of Exile Review | Sponsored by Tibet™,2018-09-22,UCD6VugMZKRhSyzWEWA9W2fg,SsethTzeentach,False,4176387,https://www.youtube.com/watch?v=-PAjWI4sO6Y
238960,Path of Exile,vxgYGGFNs98,Path of Exile 2: Return of the Ancients Official Trailer,2026-05-07,UCA7X5unt1JrIiVReQDUbl_A,Path of Exile,True,4983750,https://www.youtube.com/watch?v=vxgYGGFNs98
238960,Path of Exile,V2VRRSVgCL4,Path of Exile 2 Gameplay Preview,2019-11-15,UCA7X5unt1JrIiVReQDUbl_A,Path of Exile,False,2956411,https://www.youtube.com/watch?v=V2VRRSVgCL4
238960,Path of Exile,jnwggNliqCQ,Very Juicy Path of Exile 2 update..,2025-08-26,UCn0LYvsnbm-Nk-44neVKfXg,DarthMicrotransaction TV,False,4058294,https://www.youtube.com/watch?v=jnwggNliqCQ
238960,Path of Exile,9OosC1E8TVM,Path of Exile 2 Official Trailer,2019-11-15,UCA7X5unt1JrIiVReQDUbl_A,Path of Exile,True,2136224,https://www.youtube.com/watch?v=9OosC1E8TVM
238960,Path of Exile,F1pJxPYx8n8,Path of Exile is a Really Simple Game,2023-04-09,UCMwJJL5FJFuTRT55ksbQ4GQ,Asmongold Clips,False,1900029,https://www.youtube.com/watch?v=F1pJxPYx8n8
238960,Path of Exile,Q972GGaOMBM,Path of Exile 2: Official In-Game Market Browser,2025-08-25,UCA7X5unt1JrIiVReQDUbl_A,Path of Exile,True,1888898,https://www.youtube.com/watch?v=Q972GGaOMBM
238960,Path of Exile,82CGiyshJ0c,Path of Exile 2: Witch Gameplay Walkthrough,2024-06-11,UCA7X5unt1JrIiVReQDUbl_A,Path of Exile,False,1662514,https://www.youtube.com/watch?v=82CGiyshJ0c
238960,Path of Exile,73PW5WwULh4,Path of Exile 2 - Before You Buy,2024-12-06,UCNvzD7Z-g64bPXxGzaQaa4g,gameranx,True,1482651,https://www.youtube.com/watch?v=73PW5WwULh4
238960,Path of Exile,If7yS8UzScc,Path of Exile 2 - Official Trailer,2021-04-08,UCKy1dAqELo0zrOtPkf0eTMw,IGN,True,1312039,https://www.youtube.com/watch?v=If7yS8UzScc
238960,Path of Exile,F8-HsbBP_H8,So I Tried Path of Exile 2,2025-09-03,UC1uug_uZrVmylfPVBLBvitQ,CarbotAnimations,False,1116161,https://www.youtube.com/watch?v=F8-HsbBP_H8
238960,Path of Exile,HAzQzLQltwI,1000 Divine Spark Trickster 543% proj Speed Feared.Path Of Exile 3.20,2023-03-02,UCBf54dajrbD7T_hXvOPQqjg,Name Holder,False,1260469,https://www.youtube.com/watch?v=HAzQzLQltwI
238960,Path of Exile,pM_5S55jUzk,Designing Path of Exile to Be Played Forever. Chris Wilson at GDC 2019,2019-04-07,UC7_7Ch7ef_IIFAqwB2WA7_w,Angry Roleplayer,False,920686,https://www.youtube.com/watch?v=pM_5S55jUzk
238960,Path of Exile,f_YjBTYHhug,Path of Exile Mobile Official Announcement,2019-11-15,UCA7X5unt1JrIiVReQDUbl_A,Path of Exile,True,801287,https://www.youtube.com/watch?v=f_YjBTYHhug
238960,Path of Exile,hFXwf6eANUc,Free Path of Exile 2 Weekend & Early Access Key Sale + Free Cosmetics on May 29 - June 1 PDT,2026-05-24,UCA7X5unt1JrIiVReQDUbl_A,Path of Exile,False,916812,https://www.youtube.com/watch?v=hFXwf6eANUc
238960,Path of Exile,d8Cpi4dFjm8,Path of Exile: Betrayal Official Trailer,2018-11-13,UCA7X5unt1JrIiVReQDUbl_A,Path of Exile,True,763135,https://www.youtube.com/watch?v=d8Cpi4dFjm8
238960,Path of Exile,WMo3RYyr4vY,Path of Exile 2: Duelist Deep Dive & 0.5.5 Event League,2026-08-27,UCA7X5unt1JrIiVReQDUbl_A,Path of Exile,False,1326228,https://www.youtube.com/watch?v=WMo3RYyr4vY
238960,Path of Exile,jSwqFwH0SiI,Path of Exile: Conquerors of the Atlas Official Trailer,2019-11-15,UCA7X5unt1JrIiVReQDUbl_A,Path of Exile,True,725660,https://www.youtube.com/watch?v=jSwqFwH0SiI
238960,Path of Exile,qUPz0t8qcmo,Your Guide to Path of Exile (2025 PoE Beginner Guide),2024-01-21,UCr1Axawb4zmDbTxSYpySa_A,Woolie,False,716933,https://www.youtube.com/watch?v=qUPz0t8qcmo
238960,Path of Exile,vkCu3V81N74,Path of Exile 2: Return of the Ancients Content Reveal,2026-05-07,UCA7X5unt1JrIiVReQDUbl_A,Path of Exile,False,712177,https://www.youtube.com/watch?v=vkCu3V81N74
238960,Path of Exile,uR52BaeuZZs,Path of Exile: A REAL Beginners Guide,2022-01-25,UC2ju0j2-6NZd8i8qqOIWZWA,Schwingy ,False,690953,https://www.youtube.com/watch?v=uR52BaeuZZs
238960,Path of Exile,fbU27ITv5k8,Path of Exile Review (2018),2018-08-23,UCKy1dAqELo0zrOtPkf0eTMw,IGN,True,653279,https://www.youtube.com/watch?v=fbU27ITv5k8
238960,Path of Exile,1U49GUAfWMo,My Craziest Drop EVER in Path of Exile,2025-07-05,UCSDZkgmigfYbdw7hJ-6Wo6A,ds lily,False,1327089,https://www.youtube.com/watch?v=1U49GUAfWMo
238960,Path of Exile,7hiY38mRpBk,This is Path of Exile,2023-05-31,UC2ju0j2-6NZd8i8qqOIWZWA,Schwingy ,False,637984,https://www.youtube.com/watch?v=7hiY38mRpBk
238960,Path of Exile,JeIDCxQhZM4,"Can You REALLY ""Beat"" Path of Exile as a Free Player?",2024-07-14,UC0pBj0VuvQHBV5P9Glmxhfw,DanielTheExiled,False,612738,https://www.youtube.com/watch?v=JeIDCxQhZM4
238960,Path of Exile,32V9fhfluPE,PATH OF EXILE 2 Gameplay Demo 20 Minutes 8K,2024-08-04,UC2A1530b9PvQW9rJ8DWk9Cg,WildGamerSK,False,594850,https://www.youtube.com/watch?v=32V9fhfluPE
238960,Path of Exile,vOXQLKyZlo0,Path of Exile 101 - Choose the Best Class for you!,2023-04-02,UCspY-TFjDhO-kL5lsSHT5GQ,Altek2k,False,572436,https://www.youtube.com/watch?v=vOXQLKyZlo0
238960,Path of Exile,hJgEkhoaCnU,So I Tried the New Path of Exile 2..,2026-05-30,UCQeRaTukNYft1_6AZPACnog,Asmongold TV  ,False,576672,https://www.youtube.com/watch?v=hJgEkhoaCnU
238960,Path of Exile,cOZJcWgntiM,Path of Exile 2: Martial Artist Ascendancy Showcase,2026-05-22,UCA7X5unt1JrIiVReQDUbl_A,Path of Exile,False,565313,https://www.youtube.com/watch?v=cOZJcWgntiM
238960,Path of Exile,khn9Ay9YpoI,Path of Exile 2 JACKPOT,2025-04-12,UCn0LYvsnbm-Nk-44neVKfXg,DarthMicrotransaction TV,False,1188644,https://www.youtube.com/watch?v=khn9Ay9YpoI
238960,Path of Exile,86MS6GHBAOg,Path of Exile 2: Spirit Walker Ascendancy Showcase,2026-05-12,UCA7X5unt1JrIiVReQDUbl_A,Path of Exile,False,565765,https://www.youtube.com/watch?v=86MS6GHBAOg
238960,Path of Exile,HR1vy3NAOdY,Path of Exile (Original Game Soundtrack) - Maven (Echoes of the Atlas),2021-01-14,UCvHDrd5vBwJ4FmIo-ZnPvVQ,Kamil Orman-Janowski,False,540198,https://www.youtube.com/watch?v=HR1vy3NAOdY
238960,Path of Exile,jsp5NFH5714,Grenade Launchers in Path of Exile 2: Return of the Ancients,2026-05-10,UCA7X5unt1JrIiVReQDUbl_A,Path of Exile,False,500412,https://www.youtube.com/watch?v=jsp5NFH5714
238960,Path of Exile,SRq4T1r2Qlg,Path of Exile (Original Game Soundtrack) - Orion (Conquerors of the Atlas),2019-11-28,UCvHDrd5vBwJ4FmIo-ZnPvVQ,Kamil Orman-Janowski,False,492840,https://www.youtube.com/watch?v=SRq4T1r2Qlg
238960,Path of Exile,FcluS8Y2mBw,Path of Exile (Original Game Soundtrack) - The Cleansing Fire (Siege of the Atlas),2022-02-03,UCvHDrd5vBwJ4FmIo-ZnPvVQ,Kamil Orman-Janowski,False,488051,https://www.youtube.com/watch?v=FcluS8Y2mBw
238960,Path of Exile,97SskaQuijo,Path of Exile - End-Game Dungeons,2012-07-20,UCy1Ms_5qBTawC-k7PVjHXKQ,TotalBiscuit,False,474467,https://www.youtube.com/watch?v=97SskaQuijo
238960,Path of Exile,uzjqOhqbdbA,Path Of Exile 2 Bosses Are Next Level,2024-12-20,UCA0txuM5Uo2TZ0qn0tZphRg,Gamers Heroes,False,824682,https://www.youtube.com/watch?v=uzjqOhqbdbA
238960,Path of Exile,hgaHNL_INmY,Path of Exile - this must be the fastest trader in the West  #pathofexile #mrjimgaming,2022-12-19,UCA26getjsMmm2N_a57KoFzg,MrJim,False,505283,https://www.youtube.com/watch?v=hgaHNL_INmY
238960,Path of Exile,64ZgB6qHJmc,Path of Exile: Echoes of the Atlas Content Reveal,2021-01-07,UCA7X5unt1JrIiVReQDUbl_A,Path of Exile,False,429949,https://www.youtube.com/watch?v=64ZgB6qHJmc
238960,Path of Exile,buc4-NTomSU,Path of Exile 2 - Gamescom Druid Gameplay Walkthrough,2023-08-25,UCA7X5unt1JrIiVReQDUbl_A,Path of Exile,False,421162,https://www.youtube.com/watch?v=buc4-NTomSU
238960,Path of Exile,F5dO2Gg01VU,Path of Exile 1: Curse of the Allflame Content Reveal,2026-07-16,UCA7X5unt1JrIiVReQDUbl_A,Path of Exile,False,423047,https://www.youtube.com/watch?v=F5dO2Gg01VU
238960,Path of Exile,5XrlUTbIbwI,Path of Exile 2 : New Mercenary Skills  | Voltaic Grenade and Plasma Blast Teaser,2024-11-01,UCwJ1M5zrTZF46Ole55P4RLQ,ShotKick,True,733375,https://www.youtube.com/watch?v=5XrlUTbIbwI
238960,Path of Exile,UNamlaUfqPU,World's first Path of Exile 2 DAGGER BUILD?,2026-05-21,UCn0LYvsnbm-Nk-44neVKfXg,DarthMicrotransaction TV,False,829417,https://www.youtube.com/watch?v=UNamlaUfqPU
238960,Path of Exile,QwreKFOEojg,Path of Exile: Delirium - High-level gameplay,2020-02-25,UCwEeGz642neKIXgv7AdWggA,PC Invasion,False,414647,https://www.youtube.com/watch?v=QwreKFOEojg
238960,Path of Exile,bIJiil3xAjI,Path of Exile 2: 0.5.2 Patch Preview,2026-06-11,UCA7X5unt1JrIiVReQDUbl_A,Path of Exile,False,411895,https://www.youtube.com/watch?v=bIJiil3xAjI
238960,Path of Exile,rEzP_19eQiQ,Billion Attacks Per Second Build in Path of Exile 2,2026-06-19,UCn0LYvsnbm-Nk-44neVKfXg,DarthMicrotransaction TV,False,778701,https://www.youtube.com/watch?v=rEzP_19eQiQ
238960,Path of Exile,jv0koq8MPXs,Path of Exile 3.17 - How to Craft your Endgame RF Sceptre (Guide & SSF Friendly),2022-03-15,UCgv2_w0HveLN_JgFGTqwmTw,Pohx,False,387940,https://www.youtube.com/watch?v=jv0koq8MPXs
238960,Path of Exile,0ENn7h1Zk68,Path of Exile (Original Game Soundtrack) - Venarius,2019-03-25,UCvHDrd5vBwJ4FmIo-ZnPvVQ,Kamil Orman-Janowski,False,367946,https://www.youtube.com/watch?v=0ENn7h1Zk68
238960,Path of Exile,XDEJLOHcdWw,Path of Exile 2: Shaders and Device Removed Issues Fixed,2026-07-30,UCA7X5unt1JrIiVReQDUbl_A,Path of Exile,False,370602,https://www.youtube.com/watch?v=XDEJLOHcdWw
238960,Path of Exile,mQ6GBj3JLv0,ONE TAP ENDGAME BOSSES With This BUILD | Path Of Exile 2 #poe2 #gaming,2024-12-28,UCmpTqj6b_e5XIb3qTjttXMw,Path of Exile 2 Clips,False,412446,https://www.youtube.com/watch?v=mQ6GBj3JLv0
232090,Killing Floor 2,w6GY-1MMbBs,FIRE ME UP BABY!! | Killing Floor 2 - Markiplier + Jacksepticeye + Lordminion777,2015-05-05,UC7_YxT-KID8kRbqZo7MyscQ,Markiplier,False,2248869,https://www.youtube.com/watch?v=w6GY-1MMbBs
232090,Killing Floor 2,pC1m6ppdl6o,Killing Floor 2: Hell on Earth Sanitarium Solo Sharpshooter w/King FP,2020-03-02,UC2D9_ctYzcte0sCQvsfdj7Q,Psych0Gamers,False,1562443,https://www.youtube.com/watch?v=pC1m6ppdl6o
232090,Killing Floor 2,Apq04fTZ7oc,Killing Floor 2 Review,2016-11-23,UCKy1dAqELo0zrOtPkf0eTMw,IGN,True,1468117,https://www.youtube.com/watch?v=Apq04fTZ7oc
232090,Killing Floor 2,NkyBS7daTrQ,Killing brain cells and zombies in KILLING FLOOR 2! - Worst Premade Ever,2021-09-02,UC7-e4BVU4SueDRU00h48d-A,WorstPremadeEver,False,1341500,https://www.youtube.com/watch?v=NkyBS7daTrQ
232090,Killing Floor 2,Tb9lF7KXVok,Killing Floor 2 - Helping Santalirious Save Christmas!,2022-12-14,UCKqH_9mk1waLgBiL2vT5b9g,VanossGaming,False,1076953,https://www.youtube.com/watch?v=Tb9lF7KXVok
232090,Killing Floor 2,bT3HKIXXfDg,"The Summer Sideshow ""Step Right Up"" (Killing Floor 2 OST)",2017-06-14,UCNEhG550siWdfsxzTBrK_mw,Rio Fenris,False,969191,https://www.youtube.com/watch?v=bT3HKIXXfDg
232090,Killing Floor 2,PpH8oghfsT8,Killing Floor 2- Official Launch Trailer,2016-11-18,UCbu2SsF-Or3Rsn3NxqODImw,GameSpot,True,950137,https://www.youtube.com/watch?v=PpH8oghfsT8
232090,Killing Floor 2,5HTmvgAhxMA,Let's Play - Killing Floor 2,2015-05-26,UCkxctb0jr8vwa4Do6c6su0Q,LetsPlay,False,823850,https://www.youtube.com/watch?v=5HTmvgAhxMA
232090,Killing Floor 2,wQ7rv4Prl6w,Killing Floor 2 - Meet The Zeds Trailer,2014-06-28,UCbu2SsF-Or3Rsn3NxqODImw,GameSpot,True,737322,https://www.youtube.com/watch?v=wQ7rv4Prl6w
232090,Killing Floor 2,NG99PpJluxI,KITA AKAN MEMBANTAI ZOMBIE MUTANT! Killing Floor 2,2022-07-04,UCoIiiHof6BJ85PLuLkuxuhw,Windah Basudara,False,729441,https://www.youtube.com/watch?v=NG99PpJluxI
232090,Killing Floor 2,nKIzPz1brng,Killing Floor 2: HoE Krampus Lair Solo SWAT Long Game w/Krampus,2017-12-06,UC2D9_ctYzcte0sCQvsfdj7Q,Psych0Gamers,False,642899,https://www.youtube.com/watch?v=nKIzPz1brng
232090,Killing Floor 2,tRTtsn8XA_E,Killing Floor 2 PS4 Gameplay - PAX East 2016,2016-04-24,UCKy1dAqELo0zrOtPkf0eTMw,IGN,True,636985,https://www.youtube.com/watch?v=tRTtsn8XA_E
232090,Killing Floor 2,Xjx1d8CXPz4,Killing Floor 2: HoE Airship Solo Sharpshooter Long Game w/Hans,2018-05-22,UC2D9_ctYzcte0sCQvsfdj7Q,Psych0Gamers,False,626949,https://www.youtube.com/watch?v=Xjx1d8CXPz4
232090,Killing Floor 2,C6C2czPIV3A,Killing Floor 2 - Announcement Trailer | PS4,2014-12-06,UC-2Y8dQb0S6DtpxNgAKoJKA,PlayStation,True,605809,https://www.youtube.com/watch?v=C6C2czPIV3A
232090,Killing Floor 2,S6YhSqnTfaY,Killing Floor 2 - All Weapons [2020],2020-01-31,UCVmt_GkYMH5dqisYjW7Iwrw,Weapons From Games,False,581822,https://www.youtube.com/watch?v=S6YhSqnTfaY
232090,Killing Floor 2,11X5tPfRjVI,Killing Floor: Uncovered Trailer | PS4,2015-02-18,UC-2Y8dQb0S6DtpxNgAKoJKA,PlayStation,True,579089,https://www.youtube.com/watch?v=11X5tPfRjVI
232090,Killing Floor 2,gXIehSPnsnA,Killing Floor 2: Hell on Earth Cytology Lab Solo Survivalist w/King FP,2019-04-04,UC2D9_ctYzcte0sCQvsfdj7Q,Psych0Gamers,False,569661,https://www.youtube.com/watch?v=gXIehSPnsnA
232090,Killing Floor 2,HrzpF4818Mo,"KILLING FLOOR 2 REVIEW | BRITISH™ ""People™"" SURVIVAL™",2022-10-15,UCtNTsm4XIQf-TNk5nntGTOA,Verac,False,563918,https://www.youtube.com/watch?v=HrzpF4818Mo
232090,Killing Floor 2,ON4totdTyB8,Killing Floor 2: HoE Solo 5faked SubTheWub SWAT Short Game w/Patriarch,2017-03-15,UC2D9_ctYzcte0sCQvsfdj7Q,Psych0Gamers,False,538230,https://www.youtube.com/watch?v=ON4totdTyB8
232090,Killing Floor 2,9_7kvgOlg50,Killing Floor 2: HoE Katana Only Berserker Challenge Long Game w/Hans,2016-09-28,UC2D9_ctYzcte0sCQvsfdj7Q,Psych0Gamers,False,524130,https://www.youtube.com/watch?v=9_7kvgOlg50
232090,Killing Floor 2,-gkW8HlaSoM,Killing Floor 2 Gameplay (PC HD) [1080p60FPS],2020-07-09,UCIw5rbXUrtk31t20Ap5817w,Throneful,False,515276,https://www.youtube.com/watch?v=-gkW8HlaSoM
232090,Killing Floor 2,I7eZjbWUMwA,Killing Floor 2: HoE Lockdown Solo Support Long Game w/Hans,2018-05-25,UC2D9_ctYzcte0sCQvsfdj7Q,Psych0Gamers,False,492284,https://www.youtube.com/watch?v=I7eZjbWUMwA
232090,Killing Floor 2,AO7Fcl_nC4I,The Killing Floor 2 - Meed The Zeds Trailer 2,2014-08-08,UCbu2SsF-Or3Rsn3NxqODImw,GameSpot,True,487195,https://www.youtube.com/watch?v=AO7Fcl_nC4I
232090,Killing Floor 2,RVHUfEH2QfI,Killing Floor 2: The Fleshpound - ZED Disposal Guide #1,2015-12-17,UCz_SjynsQsJy7wfEoCAIEyA,Richard Dangles,False,477826,https://www.youtube.com/watch?v=RVHUfEH2QfI
232090,Killing Floor 2,6QsmIqow-po,When you are out of ammo as field medic (Killing Floor 2),2023-03-04,UCXsY8jMekYvl6OG4veevebQ,MedivanticalLive,False,490928,https://www.youtube.com/watch?v=6QsmIqow-po
232090,Killing Floor 2,lirLihU18M8,Killing Floor 2 - Gameplay Trailer | PS4,2016-11-03,UC-2Y8dQb0S6DtpxNgAKoJKA,PlayStation,True,451423,https://www.youtube.com/watch?v=lirLihU18M8
232090,Killing Floor 2,r87FeWIuKAo,Let's Play - Killing Floor 2 - A Krampus Christmas,2017-12-27,UCkxctb0jr8vwa4Do6c6su0Q,LetsPlay,False,446758,https://www.youtube.com/watch?v=r87FeWIuKAo
232090,Killing Floor 2,M5RVfosL85Q,Killing Floor 2: HoE Nuked Solo Demolitionist Long Game w/Hans,2016-08-18,UC2D9_ctYzcte0sCQvsfdj7Q,Psych0Gamers,False,442813,https://www.youtube.com/watch?v=M5RVfosL85Q
232090,Killing Floor 2,3hv7geBBXRg,Killing Floor 2 - When the right music kicks in on Monster Ball,2019-01-27,UCD6iXv1oPZlu7oV_CpxM5ZA,PlayerEmers,False,430690,https://www.youtube.com/watch?v=3hv7geBBXRg
232090,Killing Floor 2,Lw9sJ-X1sE0,Killing Floor 2: HoE Corridor 5Faked|6P Scale|32mm|Gunslinger w/Patriarch,2017-11-25,UC2D9_ctYzcte0sCQvsfdj7Q,Psych0Gamers,False,386400,https://www.youtube.com/watch?v=Lw9sJ-X1sE0
232090,Killing Floor 2,ZUJZW9Wqckg,Killing Floor 2 Transformation Teaser Trailer 2014,2014-05-09,UCFMvBfqGInJ22WynMV8Ohrw,Tripwire Interactive,True,323320,https://www.youtube.com/watch?v=ZUJZW9Wqckg
232090,Killing Floor 2,JbKemy48J-8,Killing Floor 2: HoE Shopping Spree Solo Demolitionist Long Game w/King FP,2018-12-23,UC2D9_ctYzcte0sCQvsfdj7Q,Psych0Gamers,False,291717,https://www.youtube.com/watch?v=JbKemy48J-8
232090,Killing Floor 2,6ftiZUx-wLE,Evolution of Killing Floor Games 2009-2025 | Killing Floor 3,2025-07-08,UCUFACPZUTBAg_LedhgCbOQQ,Perfect Gaming ᴿᵉᵈ,False,412803,https://www.youtube.com/watch?v=6ftiZUx-wLE
232090,Killing Floor 2,yOZZHeT-E9U,Killing Floor 2: HoE Nuked Solo Firebug Long Game w/Hans,2017-03-25,UC2D9_ctYzcte0sCQvsfdj7Q,Psych0Gamers,False,252254,https://www.youtube.com/watch?v=yOZZHeT-E9U
232090,Killing Floor 2,OlM25RfDG9g,Killing Floor 2 - Still Worth Playing? [100 Hour Review!],2022-08-17,UCn2kjX5BH_bboLLo5IUIhMw,iMThatOnlyBeast13,False,244251,https://www.youtube.com/watch?v=OlM25RfDG9g
232090,Killing Floor 2,pgL-XL6GNB0,Killing Floor 2: HoE Santa's Workshop Solo Commando Long Game w/Krampus,2018-11-10,UC2D9_ctYzcte0sCQvsfdj7Q,Psych0Gamers,False,243215,https://www.youtube.com/watch?v=pgL-XL6GNB0
232090,Killing Floor 2,-1Wakj4Ml_0,Killing Floor 2: HoE Kholnee Solo Support Specialist Long Game w/Hans,2016-11-16,UC2D9_ctYzcte0sCQvsfdj7Q,Psych0Gamers,False,236974,https://www.youtube.com/watch?v=-1Wakj4Ml_0
232090,Killing Floor 2,9PaD0sJ1jTY,Killing Floor 2: HoE Solo Monster Ball Commando Long Game w/Hans,2018-09-07,UC2D9_ctYzcte0sCQvsfdj7Q,Psych0Gamers,False,234047,https://www.youtube.com/watch?v=9PaD0sJ1jTY
232090,Killing Floor 2,Q6I9xQjj-mg,Killing Floor 2: HoE Nightmare Solo Demolitionist Long Game w/King FP,2017-10-19,UC2D9_ctYzcte0sCQvsfdj7Q,Psych0Gamers,False,232842,https://www.youtube.com/watch?v=Q6I9xQjj-mg
232090,Killing Floor 2,y2UlJ0GTSXI,Firearms Expert Reacts to Killing Floor 2 | EXP,2025-07-19,UCDK_SJehkiiyhCwSZolGD-w,EXP,False,230507,https://www.youtube.com/watch?v=y2UlJ0GTSXI
232090,Killing Floor 2,wvkOAWJxFic,Killing Floor 2 PC Game Review,2016-11-30,UCKlUrYO3i9MDlL45Ia6j5EA,GmanLives,False,223694,https://www.youtube.com/watch?v=wvkOAWJxFic
1507580,Enigma of Fear,rW_72-NOkow,The COMPLEX Story of Enigma of Fear,2024-12-07,UC2SVI9I1L9Z79YbDgZqGIpw,Gaming Harry,False,369038,https://www.youtube.com/watch?v=rW_72-NOkow
1507580,Enigma of Fear,DAIrcqb0Gvg,Enigma of Fear (Full game),2025-02-21,UCYLHs-NR2le96KKqXofUOXg,Gab Smolders,False,286655,https://www.youtube.com/watch?v=DAIrcqb0Gvg
1507580,Enigma of Fear,cRqywIJpO6Q,Enigma of Fear | Launch Trailer,2024-11-26,UCnU2EtUW8Z4DxSqXxJ5cMQg,Cellbit,True,166287,https://www.youtube.com/watch?v=cRqywIJpO6Q
1507580,Enigma of Fear,kYJGlWM5r5g,Enigma of Fear - Official Release Date Teaser Trailer,2024-10-28,UCKy1dAqELo0zrOtPkf0eTMw,IGN,True,55551,https://www.youtube.com/watch?v=kYJGlWM5r5g
1507580,Enigma of Fear,hF_IBFtAjk4,What Is The Greatest FEAR Of All? 👁️ | Enigma of Fear (Full Playthrough) Ep.01,2024-11-29,UCpt6UHGn3ZJmpYgUGQ-gO-Q,GalaxiaVODs,False,53642,https://www.youtube.com/watch?v=hF_IBFtAjk4
1507580,Enigma of Fear,_xzbpl6jN6c,"Enigma Of Fear - A Semi-Pixelated Horror Mystery Game, First Impressions",2024-12-12,UC66gApP0mkdcFqVXyyZy9KQ,MrKravin,False,33001,https://www.youtube.com/watch?v=_xzbpl6jN6c
1507580,Enigma of Fear,WxSRGQcc4Zo,Cellbit's NEW Game BLEW MY MIND! | Enigma Of Fear (DEMO),2024-11-05,UCZch5b068HaaUAGW6CaU1kA,Aimsey LIVE,False,29399,https://www.youtube.com/watch?v=WxSRGQcc4Zo
1507580,Enigma of Fear,aI5InfuM7MM,🎄12 DAYS OF PHILMAS!🎄DAY 4 • Enigma of Fear - Philza VOD - Streamed on December 4 2024,2024-12-05,UCbbFwA30EUO2p2U1RCnwVTA,Philza VODS,False,26807,https://www.youtube.com/watch?v=aI5InfuM7MM
1507580,Enigma of Fear,9jYTbLUtE1s,Playing Enigma of Fear (Dumb Player POV) | Tubbo VOD 30th October 2024,2024-10-31,UCCuVkVd54758LQe7nZcTQyA,Archived VODS,False,24076,https://www.youtube.com/watch?v=9jYTbLUtE1s
1507580,Enigma of Fear,Gp10EQvV5ss,On découvre le jeu de Cellbit OMGG // Enigma of Fear,2024-12-01,UCH7Rxx-ALdqnhuPUtHBYzNA,BagheraJones Replay,False,22695,https://www.youtube.com/watch?v=Gp10EQvV5ss
1507580,Enigma of Fear,9t2PRRnE8vo,Building a 3D pixel art horror game in Unity's URP | Enigma of  Fear,2024-01-31,UCG08EqOAXJk_YXPDsAvReSg,Unity,False,16879,https://www.youtube.com/watch?v=9t2PRRnE8vo
1507580,Enigma of Fear,btjsrBQ6ygY,Enigma Of Fear - The Underground & The Graveyard Of Melodies,2024-12-17,UC66gApP0mkdcFqVXyyZy9KQ,MrKravin,False,14829,https://www.youtube.com/watch?v=btjsrBQ6ygY
1507580,Enigma of Fear,zCQakpthQVM,There's a DOG in this game 😭 | Enigma of Fear DEMO,2024-11-01,UCosoXm3TM9IgXHfSO04BpjA,The ManaPandalorian,False,14796,https://www.youtube.com/watch?v=zCQakpthQVM
1507580,Enigma of Fear,IcbjJHuJe4o,Enigma of Fear - (Full Game Walkthrough),2024-12-02,UCSQ1C82NLsVVGmi0ayYnh_w,Crystal Longplays,False,14762,https://www.youtube.com/watch?v=IcbjJHuJe4o
1507580,Enigma of Fear,06eZD52SFXU,The WORST Possible Start to a Horror Game | Enigma of Fear #1,2025-12-06,UCoG_YbnFEQ3S1Le3ZtxH4Jw,MoZen,False,13230,https://www.youtube.com/watch?v=06eZD52SFXU
1507580,Enigma of Fear,yyG3-xtQqWE,I Played Enigma of Fear... And I Still Have No Idea What’s Going On,2024-12-08,UCL7uJYw2pOXvgvbdEc4gRZQ,Hatterpillar,False,12691,https://www.youtube.com/watch?v=yyG3-xtQqWE
1507580,Enigma of Fear,Ede0U08s98Y,The End of This Game Made Me CRY! 👁️ | Enigma of Fear (Full Playthrough) Ep.09,2024-12-16,UCpt6UHGn3ZJmpYgUGQ-gO-Q,GalaxiaVODs,False,12225,https://www.youtube.com/watch?v=Ede0U08s98Y
1507580,Enigma of Fear,DAlFkZMsMf4,I THINK I LOVE THIS GAME | Enigma of Fear | Subathon Part 9 (30 Nov 2024),2024-12-02,UCj0AdtBhPMD2TNuZfybRasg,SeapeekayLIVE,False,7674,https://www.youtube.com/watch?v=DAlFkZMsMf4
1507580,Enigma of Fear,75BZw4iESz8,Investigate A Paranormal Event While Hunting For Your Father! | Enigma Of Fear,2024-11-01,UCZHxjyGCjAGomHgwzkM_FRQ,The Indie Buffet,False,7344,https://www.youtube.com/watch?v=75BZw4iESz8
1507580,Enigma of Fear,FjKxyP3vmjw,ENIGMA OF FEAR But I Don't Waste Your Time (Features & Things To Know Before Buying),2024-11-23,UC2THf0jmDDeBujMzG1sD2-Q,The Singleplayer Squad,False,7319,https://www.youtube.com/watch?v=FjKxyP3vmjw
1507580,Enigma of Fear,4pMQMQkpbhg,Enigma of Fear (Facecam Horror Gameplay Deutsch),2024-11-29,UCF_k3-4jHtT6aJkzQ9gnIeQ,Bruugar,False,6957,https://www.youtube.com/watch?v=4pMQMQkpbhg
1507580,Enigma of Fear,phYVhhXXiKQ,SECRET ENDING WAS EPIC | Enigma of Fear DEMO,2024-11-04,UCosoXm3TM9IgXHfSO04BpjA,The ManaPandalorian,False,6044,https://www.youtube.com/watch?v=phYVhhXXiKQ
1507580,Enigma of Fear,4gmoyV3dvjc,Beautiful New Survival Horror Game,2024-12-19,UCpy_M-JvKG9eha8OwP_yg5Q,Disassociate,False,6065,https://www.youtube.com/watch?v=4gmoyV3dvjc
1507580,Enigma of Fear,osC_3szZmQc,This shouldn't be possible | Enigma of Fear | Part 5 [Ending],2024-12-24,UCgHviTbRWSgjZoW5C0q0Pvw,Diowie,False,5729,https://www.youtube.com/watch?v=osC_3szZmQc
1507580,Enigma of Fear,XpBG006kzOE,Enigma Of Fear [3] - The Spiral Castle & The Crystal Cave,2025-01-10,UC66gApP0mkdcFqVXyyZy9KQ,MrKravin,False,5261,https://www.youtube.com/watch?v=XpBG006kzOE
1507580,Enigma of Fear,DfDLsuERpXA,"Let's Try Enigma Of Fear [Demo Part 1 | Paranormal, Investigation]",2024-11-05,UCc9wK_LLYSPmBJbwZIWn-6w,Sampa,False,5161,https://www.youtube.com/watch?v=DfDLsuERpXA
270170,Depression Quest,4JEQBKAC7yY,Warcraft 3: Reforged Lowest Metacritic Score Ever LOWER than Depression Quest.,2020-02-03,UCbQ4fbi0fy3d6Hb7q2FIATw,It'sAGundam,False,120549,https://www.youtube.com/watch?v=4JEQBKAC7yY
270170,Depression Quest,r4SnO5U2G4w,Depression Quest and the Rhetoric of Gamer Identity,2014-09-23,UC5CYeHPLer3lbEhgonvbbAA,Noah Caldwell-Gervais,False,87129,https://www.youtube.com/watch?v=r4SnO5U2G4w
270170,Depression Quest,js1OsJZq2Vg,Errant Signal - Actual Sunlight + Depression Quest (Spoilers),2014-04-21,UCm4JnxTxtvItQecKUc4zRhQ,Errant Signal,False,84649,https://www.youtube.com/watch?v=js1OsJZq2Vg
270170,Depression Quest,uwr7HNR7Dz0,U.S. Presidents Play: Goddess of Victory: Nikke - Depression Quest,2023-04-11,UCU2WglD6O2U7RyguGzMf_fg,SanctuaryRemix,False,56660,https://www.youtube.com/watch?v=uwr7HNR7Dz0
270170,Depression Quest,vWw7LwIYHbA,The Treachery of Games - Alex Lifschitz - Forward,2014-04-03,UCbbWM3aBN-Z0z-L1hI63e5A,Critical Proximity,False,23885,https://www.youtube.com/watch?v=vWw7LwIYHbA
270170,Depression Quest,IUsGXfqHWTQ,Depression Quest - Random Encounter,2013-02-21,UCbu2SsF-Or3Rsn3NxqODImw,GameSpot,True,21689,https://www.youtube.com/watch?v=IUsGXfqHWTQ
270170,Depression Quest,Fjr4AhBqpJk,"PAX East 2014: Why Internet Jerks Aren't Going to Win, And You Can Help",2014-04-17,UCmeds0MLhjfkjD_5acPnFlQ,Giant Bomb,False,15528,https://www.youtube.com/watch?v=Fjr4AhBqpJk
270170,Depression Quest,AfZtgE7zChk,Depression Quest: The Review,2016-06-25,UCA1leqY7IRVhHVBeqVAXFUQ,Apple Babble,False,11311,https://www.youtube.com/watch?v=AfZtgE7zChk
270170,Depression Quest,tSUlpitlMhI,Stream Friend - Depression Quest p.1,2013-04-07,UCYhpZj9HM_7mQP-g7tbZM4Q,supergreatfriend,False,10024,https://www.youtube.com/watch?v=tSUlpitlMhI
270170,Depression Quest,hPorCe7EIHg,Depression Quest (Complete) Gameplay,2019-01-16,UCxu8PaOMwEG2cal2k6jVI8g,PressMindToPlay,False,8851,https://www.youtube.com/watch?v=hPorCe7EIHg
270170,Depression Quest,v-16VR18KV8,World Suicide Prevention Day - Depression Quest,2014-09-10,UC_lkYO1SiTqRAD_ou1Tk4Eg,EnterElysium,False,7653,https://www.youtube.com/watch?v=v-16VR18KV8
270170,Depression Quest,m23M08rvGu4,Depression Quest: A Symphony of Pain,2020-08-22,UCg6pHvcYy4jJisuuFtpQ6-A,Mark After Dark,False,7652,https://www.youtube.com/watch?v=m23M08rvGu4
270170,Depression Quest,Rk4xMjdH31A,"Free 5* Accessories, Higher Rates For Acc Summons, Chronic Depression Quest Banners & More",2022-06-20,UCuF7enWwwh8av444Gl6m97w,Spiteful Hopes,False,5698,https://www.youtube.com/watch?v=Rk4xMjdH31A
270170,Depression Quest,w1noZFBIu4g,Depression Quest - This game is serious [Part 1],2014-09-11,UCt_ffAWBnBDft3vTzMdbFJg,PolishLynx,False,5016,https://www.youtube.com/watch?v=w1noZFBIu4g
270170,Depression Quest,kk3jbgHME6k,Let's Play Depression Quest *Fucking Kill Me Edition*,2014-08-23,UC1LcrnlRkQiT2csRwh-sLhQ,Glychd,False,4933,https://www.youtube.com/watch?v=kk3jbgHME6k
270170,Depression Quest,nhxv-7Te5fs,Depression Quest speedrun in 0:33.49 (world record),2014-08-20,UCU7G8KJmyOqIvP6bqoaQ5Bg,M1,False,4530,https://www.youtube.com/watch?v=nhxv-7Te5fs
270170,Depression Quest,G64CytyF2v4,Depression Quest,2014-08-15,UCwnEDbgPD2HCjAufFO1_30Q,Tengu Drop,False,4155,https://www.youtube.com/watch?v=G64CytyF2v4
270170,Depression Quest,BMSftAv8hL8,Stream Friend - Depression Quest p.3,2013-04-15,UCYhpZj9HM_7mQP-g7tbZM4Q,supergreatfriend,False,3860,https://www.youtube.com/watch?v=BMSftAv8hL8
270170,Depression Quest,8cJUlnQ4LLM,Stream Friend - Depression Quest p.2,2013-04-07,UCYhpZj9HM_7mQP-g7tbZM4Q,supergreatfriend,False,3282,https://www.youtube.com/watch?v=8cJUlnQ4LLM
270170,Depression Quest,oOSTy6ycNZE,CONTROVERSY: Depression Quest,2016-09-26,UCZezR9x-LhRNvmatR1L5_lA,TheCrazyEven,False,3274,https://www.youtube.com/watch?v=oOSTy6ycNZE
270170,Depression Quest,3wRfP0oLx3Q,How Actual Sunlight and Depression Quest design their depression,2021-12-14,UCJmgLa3XqyHk22XJI3vkV8A,Games Over Coffee,False,2454,https://www.youtube.com/watch?v=3wRfP0oLx3Q
270170,Depression Quest,rnhrFkbF09E,depression quest review,2014-09-06,UCCAhDmeviaIe2STiI2c9ikQ,KimonBL,False,2088,https://www.youtube.com/watch?v=rnhrFkbF09E
270170,Depression Quest,j_m8E8rU4i4,I just played Gone Home and Depression Quest.,2014-10-02,UCWcUJMh7z--7g71k9rYzd1A,The Hatman (TheHat2),False,1823,https://www.youtube.com/watch?v=j_m8E8rU4i4
270170,Depression Quest,tb0_y9PvbUc,Depression Quest - Unexpected ending [Part 7 | Final],2014-09-17,UCt_ffAWBnBDft3vTzMdbFJg,PolishLynx,False,1770,https://www.youtube.com/watch?v=tb0_y9PvbUc
270170,Depression Quest,qys7xhaq8Do,"I Played ""DEPRESSION QUEST"" So You Don't Have To",2021-02-26,UC_2GnV06fN02xUK5XTyEoVA,Fidgety Phil,False,1670,https://www.youtube.com/watch?v=qys7xhaq8Do
270170,Depression Quest,eIEUqgcGvI8,"""If you're happy and you know it (shoot your gun)"" Rust Depression Quest Starring your Estranged Dad",2021-03-06,UCId9OHNhMNQTdJs7xXyeOiw,TheMelorino,False,1641,https://www.youtube.com/watch?v=eIEUqgcGvI8
270170,Depression Quest,lJ3eORrI5DY,Readings of Depression Quest Reviews on Steam,2015-02-03,UCgmSW3MF9RaEl9pmyZPt-Vw,JT Vega,False,1229,https://www.youtube.com/watch?v=lJ3eORrI5DY
270170,Depression Quest,MBR_MU_T9Nk,"Zoe Quinn's ""Depression Quest""",2015-03-21,UCUXfg2G-3ieiK9-lC3yZqfA,Humble Gamer,False,1222,https://www.youtube.com/watch?v=MBR_MU_T9Nk
270170,Depression Quest,VcTqtsop8RA,Depression Quest Video Game #1 - The Basics | Depression Simulation Game | FiyahKitteh,2016-11-30,UC-Te7IC6Yoj7rNpxzR9V7Ww,FiyahKitteh - Gaming With Your Favorite Cat Girl,False,1104,https://www.youtube.com/watch?v=VcTqtsop8RA
270170,Depression Quest,kYZ9LcsX-nQ,Depression Quest - Full Game - No Commentary,2023-12-31,UCycXqbgPJaGm7ac6DJi9Npw,Ben's Gameplay Hoard,False,959,https://www.youtube.com/watch?v=kYZ9LcsX-nQ
270170,Depression Quest,Q5Xl6e8JWS4,Depression Quest (#1),2014-03-11,UCYFgLzw0y66OcLRtoLAZvcg,Corfitz FF,False,854,https://www.youtube.com/watch?v=Q5Xl6e8JWS4
270170,Depression Quest,OEfDXmdmobY,PERSONAL EXPERIENCES! | Part 1 | Depression Quest,2015-09-27,UCm_3ZoUsTz64va3TanHWWOg,KevGuueyBackupChannel,False,783,https://www.youtube.com/watch?v=OEfDXmdmobY
270170,Depression Quest,fzwOV9vPpb4,Full Lets Play of Depression Quest? Recorded June 2015 (sorry for the background music),2017-07-20,UC0uWCUBVPIhgsjai2RN1buQ,Argent,False,703,https://www.youtube.com/watch?v=fzwOV9vPpb4
270170,Depression Quest,AZs7bTRiFJY,Depression Quest,2016-02-01,UCvybpPPGR1PJCx4uBOszeHA,SammiiCake Gaming,False,525,https://www.youtube.com/watch?v=AZs7bTRiFJY
270170,Depression Quest,GHb7hCzAW6M,Depression Quest - Lawrence Plays Omori,2021-01-26,UCgUzZAhJkUtYDFGbPowrR0w,Lawrence Sonntag,False,482,https://www.youtube.com/watch?v=GHb7hCzAW6M
270170,Depression Quest,LRngPr0eEZ0,Indie - Depression Quest - More Serious Than I Thought,2013-03-11,UC1kVTmpCtOmE3PL4mcNEKZw,M-Pie,False,419,https://www.youtube.com/watch?v=LRngPr0eEZ0
270170,Depression Quest,RprVmR7V2DU,Depression Quest краткий обзор игры,2015-09-15,UCcZ_4qmnxN8JITa1IUqBC7g,GEN,False,406,https://www.youtube.com/watch?v=RprVmR7V2DU
270170,Depression Quest,fctFcpnFkfs,CRITICAL PATH—Zoe Quinn—Playtesting Depression Quest with Therapists,2016-04-29,UCaX9ZIG9oL0bocymR64u_rQ,Critical Path,False,474,https://www.youtube.com/watch?v=fctFcpnFkfs
270170,Depression Quest,jIUbEwDbRmg,Depression Simulation  - Depression Quest Walkthrough Gameplay,2016-03-21,UCyMo0YFDb6rA-fHDLuL7t7Q,Whalewolf Gaming,False,359,https://www.youtube.com/watch?v=jIUbEwDbRmg
270170,Depression Quest,I4N8adpZDrQ,Depression Quest - Absolute Garbage,2015-06-21,UCUeE-EqIEFEMLshkaIMNsLA,DopplerVidya,False,368,https://www.youtube.com/watch?v=I4N8adpZDrQ
270170,Depression Quest,sdncIqVjbAw,CRITICAL PATH—Zoe Quinn—Go Make a Game,2016-04-27,UCaX9ZIG9oL0bocymR64u_rQ,Critical Path,False,274,https://www.youtube.com/watch?v=sdncIqVjbAw
270170,Depression Quest,nQFXyiWrwFw,Depression Quest MLG Walkthrough,2014-08-20,UCtCwFbBzCD6bZ2UuxGlkjHw,Hemp Depot,False,244,https://www.youtube.com/watch?v=nQFXyiWrwFw
270170,Depression Quest,4X6VfB3wxwA,Depression Quest - WASD Boys,2014-08-22,UCqwzqfTCfposmxwpddTFzUg,WASD Boys,False,242,https://www.youtube.com/watch?v=4X6VfB3wxwA
270170,Depression Quest,yv1S8BHhlOk,Depression Quest   Gameplay Walkthrough   Part 1 Depression,2016-01-12,UCKJ9-P8-bCPO4qqRkM9kayA,vgamesgonewild,False,239,https://www.youtube.com/watch?v=yv1S8BHhlOk
270170,Depression Quest,b7Yum2-oHB4,"Social Justice Warriors: the Games (Gone Home, Depression Quest)",2014-09-19,UCQq2hc_aorEhHXvGk36ZhRw,Slice of Kris,False,228,https://www.youtube.com/watch?v=b7Yum2-oHB4
1986840,POPGOES Arcade,Tz5P98rPnAQ,POPGOES ARCADE: JUEGO INSPIRADO EN FNAF WORLD | iTownGamePlay,2016-04-07,UCKmlxQVs0vHtaLldRIQ8lsA,iTownGamePlay *Terror&Diversión*,False,480731,https://www.youtube.com/watch?v=Tz5P98rPnAQ
1986840,POPGOES Arcade,rIu8SDe8Wlk,SHADOW BONNIE BREAKS THE GAME! || FNAF POPGOES Arcade 2020 ENDING,2020-06-24,UCDfYcuNw-ff952Xn0VDWwDw,Dawko,False,349910,https://www.youtube.com/watch?v=rIu8SDe8Wlk
1986840,POPGOES Arcade,DoQUHjsV14w,THE FNAF ANIMATRONICS HAVE INVADED POPGOES... || FNAF POPGOES Arcade 2020 Part 1,2020-06-15,UCDfYcuNw-ff952Xn0VDWwDw,Dawko,False,242677,https://www.youtube.com/watch?v=DoQUHjsV14w
1986840,POPGOES Arcade,0KhSQBKPlkA,FINAL Y FINAL SECRETO | POPGOES ARCADE 2020 Gameplay Español,2020-06-25,UCcr9b4cbsnNYkezZZwsq6Sw,Cade,False,173852,https://www.youtube.com/watch?v=0KhSQBKPlkA
1986840,POPGOES Arcade,-7VqzEFc30o,"BONNIE GLADE, LA HIJA DE FRITZ | POPGOES Arcade (COMPLETADO) Gameplay Español",2017-04-04,UCcr9b4cbsnNYkezZZwsq6Sw,Cade,False,171962,https://www.youtube.com/watch?v=-7VqzEFc30o
1986840,POPGOES Arcade,1hozUqfpuX8,POPGOES Evergreen - Updated Gameplay Preview,2023-08-17,UCXPUr44A4aRJWTeefG_sKfw,Kane Carter,False,157865,https://www.youtube.com/watch?v=1hozUqfpuX8
1986840,POPGOES Arcade,ACAKvNpUrVk,KILLED BY SPRINGTRAP! || POPGOES Arcade 2 SECRET Ending (Five Nights at Freddys),2017-04-09,UC5enhS5tdXhHNbj8s_kdBUw,FusionZGamer,False,153558,https://www.youtube.com/watch?v=ACAKvNpUrVk
1986840,POPGOES Arcade,DNvI3WGjn7g,THE PUPPET PLAYS: POPGOES Arcade || IT IS TIME TO TAKE BACK THIS WORLD!!!,2017-05-11,UCEjTIBn0uJe2g9q_glGTolw,EthGoesBOOM,False,151993,https://www.youtube.com/watch?v=DNvI3WGjn7g
1986840,POPGOES Arcade,OnfwzWmu-y8,A NEW ARCADE MACHINE IN FAZBEARS FRIGHT || POPGOES Arcade 2 (Five Nights at Freddys),2017-04-08,UC5enhS5tdXhHNbj8s_kdBUw,FusionZGamer,False,145506,https://www.youtube.com/watch?v=OnfwzWmu-y8
1986840,POPGOES Arcade,SVeolWxQOUw,POPGOES ARCADE: Part 1 - PLAY AS THE WEASEL! WHAT HAPPENED TO THE MARIONETTE?,2016-04-01,UC5enhS5tdXhHNbj8s_kdBUw,FusionZGamer,False,135336,https://www.youtube.com/watch?v=SVeolWxQOUw
1986840,POPGOES Arcade,ZnU_ck5Jcuo,POPGOES ARCADE ENDING + FINAL BOSS,2016-04-02,UCQdgVr3dEAeUvDbhSHAw4Gg,IULITMx,False,127792,https://www.youtube.com/watch?v=ZnU_ck5Jcuo
1986840,POPGOES Arcade,1sLO4ReQNfI,THE MACHINIST TAKES OVER POPGOES ARCADE... - Popgoes & The Machinist Part 1,2022-07-03,UCDfYcuNw-ff952Xn0VDWwDw,Dawko,False,122378,https://www.youtube.com/watch?v=1sLO4ReQNfI
1986840,POPGOES Arcade,MBHNyQSBeKA,LOS MUNDOS DE FREDDY FOXY CHICA Y BONNIE | POPGOES ARCADE 2 Gameplay Español,2017-04-08,UCcr9b4cbsnNYkezZZwsq6Sw,Cade,False,112793,https://www.youtube.com/watch?v=MBHNyQSBeKA
1986840,POPGOES Arcade,J_FX58IVH6I,POPGOES HA VUELTO | POPGOES ARCADE 2020 Gameplay Español,2020-06-16,UCcr9b4cbsnNYkezZZwsq6Sw,Cade,False,112648,https://www.youtube.com/watch?v=J_FX58IVH6I
1986840,POPGOES Arcade,LBcunOwdWOM,ENDING DEAD KING FREDDY... || FNAF POPGOES Arcade 2020 Part 5,2020-06-21,UCDfYcuNw-ff952Xn0VDWwDw,Dawko,False,105622,https://www.youtube.com/watch?v=LBcunOwdWOM
1986840,POPGOES Arcade,cKitJT4KWYs,POPGOES Evergreen - Office Prototype Preview (9th July 2022 - OUTDATED),2022-07-09,UCXPUr44A4aRJWTeefG_sKfw,Kane Carter,False,103347,https://www.youtube.com/watch?v=cKitJT4KWYs
1986840,POPGOES Arcade,CFGQG4eWDdU,THE POPGOES ARCADE FINALE GIVES US A NEW EVERGREEN TEASER… - Popgoes & The Machinist ENDING,2022-07-16,UCDfYcuNw-ff952Xn0VDWwDw,Dawko,True,84335,https://www.youtube.com/watch?v=CFGQG4eWDdU
3527290,PEAK,12yfjkR8l9w,THOR VS KRATOS! THIS IS PEAK GAMING | God of War Ragnarok - Part 2,2022-11-09,UCiYcA0gJzg855iSKMrX3oHg,CoryxKenshin,False,12744310,https://www.youtube.com/watch?v=12yfjkR8l9w
3527290,PEAK,VfafMu71AaE,peak VS mill 😎😖 #freefire,2024-06-28,UCWRmZvwkp6oNca2wW3uFcFg,SATVIK,False,13403612,https://www.youtube.com/watch?v=VfafMu71AaE
3527290,PEAK,5vNohTfdyRA,New Revive Trick 🔥 Free Fire Mini Peak Tricks #srikantaff,2024-07-06,UClqrzmeA6DOuKAygb1WkRhg,Srikanta,False,13816564,https://www.youtube.com/watch?v=5vNohTfdyRA
3527290,PEAK,zDEBDiicZs0,"WADUH‼️PAS TURUN DI PEAK ,LANGSUNG DIKASIH SG 2 KUTUKAN⁉️",2024-05-16,UCz8x29vZoz5POOkYMU14yZQ,ALASAN GAMING,False,7493318,https://www.youtube.com/watch?v=zDEBDiicZs0
3527290,PEAK,6pzLkG_8S6c,ESCALÉ una MONTAÑA  😨💀🏔️ SILVIOGAMER en PEAK,2025-06-30,UCCrA8ZN1J3S52wuF4vthZFQ,Silvio Gamer,False,6371294,https://www.youtube.com/watch?v=6pzLkG_8S6c
3527290,PEAK,jvV4gnEOUtk,PEAK got an update…,2025-08-18,UCzXwjTI6c6mVn6oui_p6oiw,SMii7Y,False,6378275,https://www.youtube.com/watch?v=jvV4gnEOUtk
3527290,PEAK,z6BUtlupuSI,Как за 1 минуту пройти PEAK? #peak #imagiragi,2025-08-20,UCMsu8nlUU3oq1vizYLOhsrQ,Imagi,False,10144233,https://www.youtube.com/watch?v=z6BUtlupuSI
3527290,PEAK,bCzFD1AAWmE,Peak Insane Gameplay 😵 Killed Whole Camper Squad -Garena free fire #shorts #freefire #youtubeshorts,2024-07-11,UCP7WsVTkbPP9EaIFIUgwngg,PK GAMERS,False,7713546,https://www.youtube.com/watch?v=bCzFD1AAWmE
3527290,PEAK,U22qNCxyuFY,New BR Rank Trick 😂 Free Fire Peak Sitting Trick #srikantaff,2024-10-28,UClqrzmeA6DOuKAygb1WkRhg,Srikanta,False,7553987,https://www.youtube.com/watch?v=U22qNCxyuFY
3527290,PEAK,x5sm9OGTjHE,Peak Indonesia - Gak Niat Manjat Gunung,2025-11-02,UC0ohl1eKTtlJNqbD-HWRQVg,MILYHYA,False,5540745,https://www.youtube.com/watch?v=x5sm9OGTjHE
3527290,PEAK,H88vhSAG2F0,PEAK KING 👑 2X AWM  99% Headshot Rate ⚡ | Solo Vs Squad🪂[ Full Gameplay ] Intel i5 💻 FreeFire,2024-07-30,UCWH4I6WmCGLRxeTRtUaNoYg,INDIAN AWM,False,5177277,https://www.youtube.com/watch?v=H88vhSAG2F0
3527290,PEAK,Kv57BLSIoIw,This Game is Peak,2025-06-24,UCzXwjTI6c6mVn6oui_p6oiw,SMii7Y,False,5111656,https://www.youtube.com/watch?v=Kv57BLSIoIw
3527290,PEAK,yf25mHMmhTs,The FULL STORY of SCOUTMASTER MYRE In Peak!,2025-07-26,UC2ttPYY1p3F77TpOov9X99A,Dive In Gaming,False,8738483,https://www.youtube.com/watch?v=yf25mHMmhTs
3527290,PEAK,8CJQdEon-0g,Subimos Al Lugar MAS PELIGROSO de PEAK,2025-07-11,UCcjIvuxmWlS5IEQ0JdPV4Ng,Rubius Z,False,4740583,https://www.youtube.com/watch?v=8CJQdEon-0g
3527290,PEAK,519zvj06VSg,Playing Peak With The Boys Jynxzi And Sketch,2025-07-01,UC63anZxfVGHUEmfBAf5w7pw,CaseOh,False,4671128,https://www.youtube.com/watch?v=519zvj06VSg
3527290,PEAK,wi_czEbcQqY,Will We Reach The Peak?,2025-07-20,UCzXwjTI6c6mVn6oui_p6oiw,SMii7Y,False,4566897,https://www.youtube.com/watch?v=wi_czEbcQqY
3527290,PEAK,K_fCthUeivg,PEAK MOMENTS,2025-12-03,UCxF-D4KQkg_z_v_ntrxZVng,FUZE,False,7519497,https://www.youtube.com/watch?v=K_fCthUeivg
3527290,PEAK,CD3P4NH0FH4,Почему нельзя бросать друга в PEAK,2025-07-14,UCxeoR9-AoxgPZWDMNfAm9YA,Мазер,False,7991289,https://www.youtube.com/watch?v=CD3P4NH0FH4
3527290,PEAK,PguhZnFEEd0,Peak video game logic 💀,2026-07-26,UCuTQCReHy9BJH7u3VmN4WPQ,dawnstarz,False,10828654,https://www.youtube.com/watch?v=PguhZnFEEd0
3527290,PEAK,kox5RcJLmMk,DO NOT Play PEAK Like This,2025-12-21,UCzXwjTI6c6mVn6oui_p6oiw,SMii7Y,False,4326192,https://www.youtube.com/watch?v=kox5RcJLmMk
3527290,PEAK,_yxCu8HKxto,DO NOT Play PEAK with a Noob,2025-09-15,UCzXwjTI6c6mVn6oui_p6oiw,SMii7Y,False,4187000,https://www.youtube.com/watch?v=_yxCu8HKxto
3527290,PEAK,85whQ-TAIsA,Big tick energy in PEAK #peakgame #peak #peakgameplay,2025-07-10,UCubqpKp3okBcmhFCqkllA4w,Pedguin,False,8799518,https://www.youtube.com/watch?v=85whQ-TAIsA
3527290,PEAK,wEgNWL2e9ws,Roblox Kids Now Will Never Know Peak,2025-06-06,UC-A2WBfHTnWkhNvehNo-MaA,Tyrecordslol,False,7652569,https://www.youtube.com/watch?v=wEgNWL2e9ws
3527290,PEAK,LuU6FJes6BQ,Sobreviviendo en PEAK,2025-07-03,UCcjIvuxmWlS5IEQ0JdPV4Ng,Rubius Z,False,3868369,https://www.youtube.com/watch?v=LuU6FJes6BQ
3527290,PEAK,VxuOPp3zMsc,This Game is Still Peak,2025-07-05,UCzXwjTI6c6mVn6oui_p6oiw,SMii7Y,False,3822401,https://www.youtube.com/watch?v=VxuOPp3zMsc
3527290,PEAK,XcLc2mxKdsY,No way you can just do this 😭 - Peak,2026-08-25,UCHlga8nX89bcyVVdzrons2g,3oey Gaming,False,9359804,https://www.youtube.com/watch?v=XcLc2mxKdsY
3527290,PEAK,gFMT5kw0t5w,the game is true horror 😭   #shorts #peak,2025-06-24,UCBiE5cTVhWO9iAh3LnnLnkw,Ray Narvaez Jr Shorts,False,8194156,https://www.youtube.com/watch?v=gFMT5kw0t5w
3527290,PEAK,P9wcdGo0vDw,Ranking The Best PEAK Funniest Moments #peak #shorts #funny #gaming,2025-07-12,UCMpXGXJeiQz8ZsdokDdFBvg,teguhprem.,False,7182464,https://www.youtube.com/watch?v=P9wcdGo0vDw
3527290,PEAK,BwfhI-N_1Hc,The PEAK Developers HATE This Roblox RIPOFF!!,2025-08-08,UC2ttPYY1p3F77TpOov9X99A,Dive In Gaming,False,5487709,https://www.youtube.com/watch?v=BwfhI-N_1Hc
3527290,PEAK,aXhs0NGyLQk,MAHITO 4TH MOVE SNEAK PEAK  | jujutsu shenanigan,2024-05-29,UCrbVfomWS0QD5MG9n5aj1hA,Serototally ,False,4864142,https://www.youtube.com/watch?v=aXhs0NGyLQk
3527290,PEAK,0qu9ozQx6pc,The Boys Play Peak UNTIL THEY BEAT IT,2025-10-03,UCtwOgy4vDxfGmsHR0YMVufg,The Boys Gaming,False,3597588,https://www.youtube.com/watch?v=0qu9ozQx6pc
3527290,PEAK,5dYmA4zxvXI,PEAK got another update...,2025-11-22,UCzXwjTI6c6mVn6oui_p6oiw,SMii7Y,False,3570206,https://www.youtube.com/watch?v=5dYmA4zxvXI
3527290,PEAK,ssAV7DODxCY,Ranking The Funniest Peak Clips,2025-10-16,UCiuVuOjxsX-LX38tsC9UCMw,BionTV,False,103325548,https://www.youtube.com/watch?v=ssAV7DODxCY
3527290,PEAK,ma2cVL5bI_U,PEAK GEOMETRY DASH LEVEL?,2025-10-04,UCEq8Izumuxv6KqB59FNlouQ,Vortrox,False,6451373,https://www.youtube.com/watch?v=ma2cVL5bI_U
3527290,PEAK,jowG5tweqSY,The Final PEAK...,2026-08-27,UCzXwjTI6c6mVn6oui_p6oiw,SMii7Y,False,5161398,https://www.youtube.com/watch?v=jowG5tweqSY
3527290,PEAK,HQfpxpYCYdE,We Beat PEAK…,2025-07-02,UC63anZxfVGHUEmfBAf5w7pw,CaseOh,False,3411346,https://www.youtube.com/watch?v=HQfpxpYCYdE
3527290,PEAK,c9nKHJIupww,The Boys PEAK (CHASE MOD),2025-09-12,UCtwOgy4vDxfGmsHR0YMVufg,The Boys Gaming,False,3251894,https://www.youtube.com/watch?v=c9nKHJIupww
3527290,PEAK,0dO_CALA1Og,Climbing The TALLEST PEAK With Friends 😂😱| Gone Wrong,2025-07-27,UCHciekxM6H6F3OTPrHs6B5g,NotGamerFleet,False,3223552,https://www.youtube.com/watch?v=0dO_CALA1Og
3527290,PEAK,bAVk7T1Xiys,PASSEI MAL DE TANTO RIR! - PEAK COM OS AMIGOS,2025-06-20,UCIwspRtKNszHhIhl36gREjQ,alanzoka,False,3189086,https://www.youtube.com/watch?v=bAVk7T1Xiys
3527290,PEAK,1A6Gebw7ecI,Are You USING this UNDERRATED ITEM INCORRECTLY in PEAK?!,2025-08-03,UC2ttPYY1p3F77TpOov9X99A,Dive In Gaming,False,5932346,https://www.youtube.com/watch?v=1A6Gebw7ecI
3527290,PEAK,MvpBuIf2nM0,I Climbed THE HARDEST PEAK With Friends😂😱| Gone Wrong,2025-08-17,UCHciekxM6H6F3OTPrHs6B5g,NotGamerFleet,False,3144693,https://www.youtube.com/watch?v=MvpBuIf2nM0
3527290,PEAK,v-KiwC9_vn0,The Digital Circus Cast Plays PEAK,2025-08-16,UCZqEZgmQjT-2qiLBU1BpiRQ,Ashley Nichols Art,False,2939545,https://www.youtube.com/watch?v=v-KiwC9_vn0
3527290,PEAK,eawD_676Bik,PEAK is a horror game now,2026-08-19,UCcE5A_owKrkB8A7ty-khLiw,Aeri Andromeda,False,5929708,https://www.youtube.com/watch?v=eawD_676Bik
3527290,PEAK,_v9C5eIvmZw,Okayyy Peak buddy 😭😂,2025-08-18,UCsrWHWH8eHRjtWnY0TE3YNg,HecticSherlock Gaming,False,6048491,https://www.youtube.com/watch?v=_v9C5eIvmZw
3527290,PEAK,s7FXmJXr-Jc,FGTeeV Beats PEAK!,2026-06-13,UCC-RHF_77zQdKcA75hr5oTQ,FGTeeV,False,2812519,https://www.youtube.com/watch?v=s7FXmJXr-Jc
