appid,name,type,visible,is_free,early_access,coming_soon,release_ts,reviews,positive_pct,publishers,developers,tags,date,is_aaa,period,max_players,desc_len,has_demo,price_usd,longevity_pct,playtime_median_h,views_top50,views_per_review,price_bucket,players_bucket
348930,Lone Wolf,0,True,False,False,False,1734076869,6,100,['Play-Em'],['Play-Em'],"['2.5D', ""Beat 'em up"", 'Hack and Slash', 'Co-op', '4 Player Local', 'Local Co-Op', 'Local Multiplayer', 'Singleplayer', 'Comic Book', 'Post-apocalyptic', 'Werewolves', 'Martial Arts', 'Hand-drawn', 'Action', 'Adventure', 'RPG', 'Arcade', 'Fighting', 'PvP', 'Action RPG']",2024-12-13 08:01:09,False,2024–25,4.0,2019,False,19.99,,,,,$15–19.99,3–4
357330,Space Beast Terror Fright,0,True,False,False,False,1654309125,1256,91,['nornware AB'],['nornware AB'],"['Action Roguelike', 'Action', 'Horror', 'Indie', 'Co-op', 'FPS', 'Aliens', 'Procedural Generation', 'Local Co-Op', 'Sci-fi', 'Gore', 'Survival Horror', 'Violent', 'First-Person', 'Multiplayer', 'Roguelike', 'Split Screen', 'Space', 'Roguelite', 'Shooter']",2022-06-04 02:18:45,False,2022–23,4.0,3484,False,14.99,9.3,9.850000000000001,,,$10–14.99,3–4
362670,Curse of the Deadwood,0,True,False,False,False,1659026775,18,55,['Steamroller Studios'],['Steamroller Studios'],"['Action-Adventure', 'Top-Down Shooter', 'Twin Stick Shooter', 'Family Friendly', 'Casual', 'Local Co-Op', 'Controller', 'Adventure', '3D', 'Top-Down', 'Story Rich', 'Action', 'Hack and Slash', 'Strategy', 'Cartoony', 'Stylized', 'Hand-drawn', 'Fantasy', 'Magic', 'Combat']",2022-07-28 16:46:15,False,2022–23,,2536,False,4.99,,,,,до $5,не указано
423730,Hyper Gods,0,True,False,False,False,1705946445,7,71,['Ground Control Studios'],['Ground Control Studios'],"[""Shoot 'Em Up"", 'Bullet Hell', 'Action', 'Indie', 'Space', 'Anime', 'Competitive', 'Local Multiplayer', '3D Fighter', 'Character Customization', 'Arcade', 'Co-op', 'Action Roguelike', 'Colorful', '2D', 'Stylized', 'Combat', 'Sci-fi', 'Futuristic', 'Controller']",2024-01-22 18:00:45,False,2024–25,,983,False,6.99,,,,,$5–9.99,не указано
437550,Melon Simulator™,0,True,False,False,False,1751297197,74,85,['Delirious &amp; Co.'],['Delirious &amp; Co.'],"['Action', 'Gore', 'Fighting', 'First-Person', 'Multiplayer', 'Violent', ""Beat 'em up"", 'Physics', 'Funny', 'Difficult', 'Roguelike', 'Simulation', 'Indie', 'Co-op', 'Online Co-Op', 'FPS', 'Memes', 'Arcade', 'Sandbox', 'Destruction']",2025-06-30 15:26:37,False,2024–25,4.0,1057,False,4.99,,,,,до $5,3–4
438460,ARENA 3D,0,True,False,False,False,1646232715,36,86,['MB2 Entertainment'],['Mike Bushell'],"['Action', 'Indie', 'Casual', 'Multiplayer', 'Arcade', 'Music', 'Online Co-Op']",2022-03-02 14:51:55,False,2022–23,,2571,False,2.99,,,,,до $5,не указано
460540,Temple of Rust,0,True,False,False,False,1702376580,3,100,['dev-zoo'],['James Mearman'],"['Action-Adventure', 'Action Roguelike', ""Beat 'em up"", 'Hack and Slash', 'Spectacle fighter', 'Arena Shooter', 'Roguelite', '2D Fighter', 'Top-Down', '1980s', 'Survival', 'Perma Death', 'Procedural Generation', 'Local Co-Op', 'Gore', 'Replay Value', 'Soundtrack', 'Indie', 'Action', 'Casual']",2023-12-12 10:23:00,False,2022–23,2.0,1654,False,7.99,,,,,$5–9.99,2
517670,Cowbots and Aliens,0,True,False,False,False,1703459002,90,82,['Chicken Waffle'],"['Wizard Games Inc', 'Chicken Waffle']","['Multiplayer', 'FPS', 'PvP', 'Competitive', 'Shooter', 'eSports', 'Arcade', 'VR', 'Character Customization', 'First-Person', 'Online Co-Op', 'Action', 'Casual', 'Cartoony', 'Colorful', 'Western', 'Singleplayer', 'Physics', 'Adventure', '6DOF']",2023-12-24 23:03:22,False,2022–23,,2613,False,19.99,,,,,$15–19.99,не указано
553150,VR Dungeon,0,True,False,False,False,1657243580,9,33,['Relative Reality Studios'],['Relative Reality Studios'],"['Adventure', 'Indie', 'Casual', 'VR', 'Co-op', 'Early Access']",2022-07-08 01:26:20,False,2022–23,2.0,658,False,4.99,,,,,до $5,2
555160,Pavlov,0,True,False,False,False,1733347222,37862,88,['Vankrupt Games'],['Vankrupt Games'],"['VR', 'Shooter', 'Multiplayer', 'Action', 'FPS', 'Military', 'Zombies', 'First-Person', 'Gore', 'Singleplayer', 'Funny', 'Co-op', 'Violent', 'Competitive', 'PvP', 'Team-Based', 'Memes', 'Indie', 'Simulation', 'Online Co-Op']",2024-12-04 21:20:22,False,2024–25,,753,False,24.99,2.9,18.65,141661027.0,3742.0,$20+,не указано
588930,King 'n Knight,0,True,False,False,False,1641571788,99,85,['Jérémy Entressangle'],['Jérémy Entressangle'],"['2D Platformer', 'Action-Adventure', 'Co-op Campaign', 'Arcade', 'Platformer', 'Split Screen', 'Team-Based', '4 Player Local', 'Local Co-Op', 'Online Co-Op', 'Co-op', 'Multiplayer', 'Local Multiplayer', 'Character Customization', 'Medieval', 'Fantasy', 'Action', '2D', 'Pixel Graphics', 'Adventure']",2022-01-07 16:09:48,False,2022–23,4.0,1217,True,11.99,,,,,$10–14.99,3–4
596500,Chippy & Noppo,0,True,False,False,False,1678287629,55,92,['O-TWO inc.'],"['peakvox', 'O-TWO inc.']","['Action', 'Puzzle', 'Casual', 'Cute', 'Family Friendly', 'Singleplayer', 'Local Multiplayer', 'Local Co-Op', 'Co-op', 'Puzzle Platformer', 'Education', 'Multiplayer', 'Indie']",2023-03-08 15:00:29,False,2022–23,,1729,False,19.99,,,,,$15–19.99,не указано
611300,Task Force,0,True,False,True,False,1661623380,304,72,['Tracer Interactive'],['Tracer Interactive'],"['Third-Person Shooter', 'Team-Based', 'Competitive', 'Tactical', 'Combat', 'Action', 'Shooter', 'Multiplayer', 'FPS', 'Co-op', 'PvP', 'Military', 'War', 'Strategy', 'Violent', 'Third Person', 'First-Person', 'Indie', 'Early Access', 'Casual']",2022-08-27 18:03:00,False,2022–23,3.0,2389,False,,3.3,6.25,,,,3–4
624950,B3,0,True,False,True,False,1683817865,13,38,['4 I Lab'],['4 I Lab'],"['VR', 'Old School', 'Co-op', 'Action', 'Tactical', 'Adventure', 'PvE', 'Shooter', 'FPS', 'Realistic', 'Military', 'Sci-fi', 'Aliens', 'Futuristic', 'Space', 'Multiplayer', 'Online Co-Op', 'Singleplayer', 'Gore', 'Violent']",2023-05-11 15:11:05,False,2022–23,,863,False,0.99,,,,,до $5,не указано
640700,Narvas,0,True,False,False,False,1662213246,28,60,['GrabTheGames'],"['Stranga Games', 'TommahGames']","['Action', 'Indie', 'Adventure', 'Metroidvania', 'Side Scroller', 'Platformer', 'Difficult', '2D Platformer', '2D', 'Early Access', 'Pixel Graphics', 'Sci-fi', 'Controller', 'Co-op', 'Local Co-Op', 'Multiplayer', 'Local Multiplayer', 'Singleplayer', 'Time Attack']",2022-09-03 13:54:06,False,2022–23,,1625,True,8.99,,,,,$5–9.99,не указано
655740,Tallowmere 2: Curse of the Kittens,0,True,False,False,False,1708374328,318,79,['Chris McFarland'],['Chris McFarland'],"['Action Roguelike', '2D Platformer', 'Online Co-Op', 'Local Co-Op', 'Singleplayer', 'Roguelite', 'Dungeon Crawler', 'Hack and Slash', 'Loot', 'Perma Death', 'Pixel Graphics', 'Dark Fantasy', 'Violent', 'Controller', 'Score Attack', 'Cats', 'Procedural Generation', '4 Player Local', 'Combat', 'Action']",2024-02-19 20:25:28,False,2024–25,4.0,1676,False,9.99,4.2,13.0,,,$5–9.99,3–4
662720,Mage Rumble,0,True,False,False,False,1706661239,0,0,['Laszlo Kiraly'],['Laszlo Kiraly'],"['Multiplayer', 'Singleplayer', 'Turn-Based Combat', 'Online Co-Op', 'Co-op', 'PvE', 'PvP', 'Physics', 'Cute', 'Fantasy', 'Team-Based', 'Turn-Based Strategy', 'Turn-Based Tactics', 'Colorful', 'Magic', 'Combat', '3D', 'Arcade', 'Third Person', 'Strategy']",2024-01-31 00:33:59,False,2024–25,,1051,True,9.99,,,,,$5–9.99,не указано
666170,Space Betrayers,0,True,False,True,False,1643180318,1,100,['Kalopsita Games'],['Kalopsita Games'],"['Social Deduction', 'Card Game', 'Board Game', 'Tabletop', 'Indie', 'Resource Management', 'Survival', 'Card Battler', 'Online Co-Op', 'Team-Based', 'Turn-Based', 'Multiplayer', 'Strategy', 'Co-op', 'PvP', 'Fantasy', 'Space', 'Turn-Based Strategy', 'Isometric', 'Stylized']",2022-01-26 06:58:38,False,2022–23,6.0,1647,True,24.99,,,,,$20+,5–8
688540,ZOMBIE RAID: No One Survives,0,True,False,True,False,1720777257,128,44,['Red Dot Studio'],['Red Dot Studio'],"['Action', 'Top-Down Shooter', 'Indie', 'Survival', 'Team-Based', 'Multiplayer', 'Shooter', 'Top-Down', 'PvP', 'Co-op', 'Online Co-Op', 'Zombies', 'Realistic', 'Tactical', '3D', 'Atmospheric', 'Early Access', 'Post-apocalyptic', 'Combat', 'Inventory Management']",2024-07-12 09:40:57,False,2024–25,,2522,True,5.99,29.3,5.45,,,$5–9.99,не указано
692890,Roboquest,0,True,False,False,False,1699363960,19197,95,['RyseUp Studios'],['RyseUp Studios'],"['FPS', 'Action Roguelike', 'Roguelite', 'Shooter', 'Online Co-Op', 'Co-op', 'Fast-Paced', 'Looter Shooter', 'Bullet Hell', 'Action', 'Post-apocalyptic', 'Indie', 'Roguelike', 'Stylized', 'Multiplayer', 'Sci-fi', 'Perma Death', 'First-Person', 'Singleplayer', 'Colorful']",2023-11-07 13:32:40,False,2022–23,2.0,2936,True,24.99,27.0,21.7,3766857.0,196.0,$20+,2
698660,UKNON Jones & Guynelk - Awesome!,0,True,False,False,False,1700406821,1,100,['Guynelk ROSAMONT'],['Guynelk ROSAMONT'],"['Action', 'Adventure', 'Action-Adventure', 'Exploration', '3D', 'Third Person', 'Colorful', 'Magic', 'Modern', 'Dark', 'Lore-Rich', 'Time Travel', 'Combat', 'PvP', 'Open World', 'Nonlinear', 'Story Rich', 'Singleplayer', 'Local Co-Op', 'Local Multiplayer']",2023-11-19 15:13:41,False,2022–23,,1204,True,0.99,,,,,до $5,не указано
700360,KnightOut,0,True,False,False,False,1654268300,13,69,['Fig Publishing Inc.'],['2nd Studio'],"['Local Multiplayer', 'Fighting', '4 Player Local', 'Colorful', 'Family Friendly', 'Arcade', 'Cute', '2.5D', 'PvP', 'Swordplay', 'Medieval', 'Funny', 'Combat', 'Adventure', 'Base Building', '2D Platformer', 'Cartoon', 'Cartoony', 'Local Co-Op', 'Action']",2022-06-03 14:58:20,False,2022–23,4.0,1340,True,14.99,,,,,$10–14.99,3–4
720660,Overloop,0,True,False,False,False,1661513476,120,93,"['Digerati', 'Doyoyo Games']",['Charge Games'],"['Puzzle', 'Action', 'Adventure', '2D', 'Pixel Graphics', 'Puzzle Platformer', 'Sci-fi', 'Exploration', 'Platformer', 'Side Scroller', '2D Platformer', 'Singleplayer', 'Dark Humor', 'Atmospheric', 'Story Rich', 'Mystery', 'Indie', 'Gore', 'Local Co-Op', 'Retro']",2022-08-26 11:31:16,False,2022–23,,1616,False,11.99,27.7,3.0,,,$10–14.99,не указано
721780,Roguevive,0,True,False,False,False,1756404176,23,69,['Chiorco'],['Chiorco'],"['Action Roguelike', 'Bullet Hell', 'Twin Stick Shooter', ""Shoot 'Em Up"", 'Top-Down Shooter', 'Roguelite', 'Shooter', 'Roguelike', 'Character Customization', 'Casual', '2D', 'Co-op', 'Top-Down', 'Co-op Campaign', 'Action', 'Multiplayer', 'Colorful', 'Pixel Graphics', 'Fantasy', 'Adventure']",2025-08-28 18:02:56,False,2024–25,,462,True,1.99,,,,,до $5,не указано
756600,Trianga's Project: Battle Splash 2.0,0,True,False,False,False,1695711797,92,85,['Dranya Studio'],['Dranya Studio'],"['Arena Shooter', 'Hero Shooter', 'Cute', 'FPS', 'Female Protagonist', 'Third-Person Shooter', 'Roguelite', 'PvP', 'PvE', 'Shooter', 'Arcade', 'Family Friendly', 'Team-Based', 'Action', 'Anime', 'Tactical', 'Class-Based', 'Survival', 'Co-op', 'Online Co-Op']",2023-09-26 07:03:17,False,2022–23,4.0,2308,True,0.99,,,,,до $5,3–4
763180,Anima Flux,0,True,False,False,False,1728291654,69,78,['JollyCo'],['Avantaj Prim'],"['Adventure', 'Action', 'Indie', 'Metroidvania', '2D', 'Platformer', 'Exploration', 'Singleplayer', 'Atmospheric', 'Difficult', 'Controller', 'Action-Adventure', 'Hand-drawn', 'Co-op', 'Local Co-Op', 'Local Multiplayer', 'Side Scroller', 'Colorful', 'Cyberpunk', 'Dystopian ']",2024-10-07 09:00:54,False,2024–25,,2181,True,19.99,,,,,$15–19.99,не указано
769520,Abyss Crew,0,True,False,False,False,1743440514,10,30,"['PGM Studio', 'Deep Slap Studio']","['PGM Studio', 'Deep Slap Studio']","['Submarine', 'Underwater', 'Co-op', 'Steampunk', 'Team-Based', 'Party-Based RPG', 'Survival', 'Lovecraftian', 'Adventure', 'Atmospheric', 'Dark', 'RPG', 'Roguelite', 'Action-Adventure', 'Combat', 'Multiplayer', 'PvE', '2D', 'Top-Down', 'Naval Combat']",2025-03-31 17:01:54,False,2024–25,5.0,3590,True,9.99,,,,,$5–9.99,5–8
774801,Crab Champions,0,True,False,True,False,1680364802,26602,97,['Noisestorm'],['Noisestorm'],"['Action Roguelike', 'Multiplayer', 'Looter Shooter', 'Soundtrack', 'Roguelike', 'Arcade', 'Third-Person Shooter', '3D', 'Co-op', 'Bullet Hell', 'Shooter', 'Casual', 'Action', 'PvE', 'Platformer', 'Perma Death', 'Choices Matter', 'Memes', 'Roguelite', 'Relaxing']",2023-04-01 16:00:02,False,2022–23,,1497,False,9.99,37.6,35.35,22500969.0,846.0,$5–9.99,не указано
787920,Running Fable,0,True,False,False,False,1667581224,15,93,['Seashell Studio'],['Seashell Studio'],"['Online Co-Op', 'Combat Racing', 'Action', 'Family Friendly', 'Funny', '3D', 'Racing', 'Co-op', 'Casual', 'Party Game', 'Action-Adventure', 'Character Customization', 'Collectathon', 'Third Person', '3D Platformer', 'Cartoony', 'Colorful', 'Atmospheric', 'Platformer', 'Strategy']",2022-11-04 17:00:24,False,2022–23,10.0,1239,False,7.99,,,,,$5–9.99,9+
794350,No Captain Allowed!,0,True,False,False,False,1651502613,10,40,['9heads Game Studios'],['9heads Game Studios'],"['Action Roguelike', 'Indie', 'Adventure', 'PvE', 'Online Co-Op', 'Multiplayer', 'Roguelite', 'Roguelike', 'Action-Adventure', 'Top-Down Shooter', '3D', 'Stylized', 'Cute', 'Top-Down', 'Action', 'Third Person', 'Funny', 'Aliens', 'Space', 'Class-Based']",2022-05-02 14:43:33,False,2022–23,4.0,1747,False,9.99,,,,,$5–9.99,3–4
800080,Rising Sun - Iron Aces,0,True,False,False,False,1740185505,13,76,['Moebius One Games'],['Moebius One Games'],"['Action', 'Casual', 'Arcade', 'Shooter', 'Bullet Hell', ""Shoot 'Em Up"", 'Top-Down Shooter', '3D', 'Flight', 'Military', 'Female Protagonist', 'Controller', 'Vehicular Combat', 'Co-op', 'Local Co-Op', 'Local Multiplayer', 'Multiplayer', 'Singleplayer', 'Co-op Campaign']",2025-02-22 00:51:45,False,2024–25,,1232,False,14.99,,,,,$10–14.99,не указано
803020,Manny Boxing VR,0,True,False,True,False,1653635164,41,56,['Appnori Inc.'],['Appnori Inc.'],"['Sports', 'Boxing', 'Realistic', 'Early Access', ""Beat 'em up"", 'VR', 'Physics', 'PvE', 'PvP', 'Singleplayer', 'Online Co-Op']",2022-05-27 07:06:04,False,2022–23,,914,False,14.99,,,,,$10–14.99,не указано
803940,Collapsion,0,True,False,False,False,1645281437,2,100,['Chris Corkill'],['Chris Corkill'],"['Action', 'Casual', 'Arcade', 'Shooter', ""Shoot 'Em Up"", '2D', 'Pixel Graphics', 'Aliens', 'Destruction', 'Sci-fi', 'Space', 'Combat', 'Score Attack', 'Multiplayer', 'Indie', 'Singleplayer', 'Local Co-Op']",2022-02-19 14:37:17,False,2022–23,,997,False,0.99,,,,,до $5,не указано
806670,Lanterns,0,True,False,False,False,1694334625,4,100,['Artefact Assembly'],['Artefact Assembly'],"['Indie', 'Early Access', 'Platformer', 'Puzzle Platformer', 'Local Co-Op']",2023-09-10 08:30:25,False,2022–23,2.0,786,False,0.99,,,,,до $5,2
812380,Flock of Dogs,0,True,False,False,False,1734473423,3,100,['Max Clark'],['Max Clark'],"['Action Roguelike', 'Co-op', 'Local Co-Op', 'Online Co-Op', 'Twin Stick Shooter', 'Roguelite', 'PvE', 'Action-Adventure', '2D', 'Cute', 'Procedural Generation', 'Action', 'Casual', 'Cartoony', 'Colorful', 'Hand-drawn', 'Dogs', 'Family Friendly', 'Cartoon', 'Retro']",2024-12-17 22:10:23,False,2024–25,8.0,1794,True,9.99,,,,,$5–9.99,5–8
821870,StarBall,0,True,False,False,False,1653052947,0,0,['Blanket Fort Games'],['Blanket Fort Games'],"['Sports', 'Action', 'Basketball', 'Arcade', 'eSports', 'First-Person', '3D', 'Space', 'Sci-fi', 'Futuristic', 'Online Co-Op', 'Multiplayer']",2022-05-20 13:22:27,False,2022–23,,1556,False,19.99,,,,,$15–19.99,не указано
837350,King of the Hat,0,True,False,False,False,1692905496,130,97,['Hat Games'],['Hat Games'],"['Party Game', 'Multiplayer', '2D Fighter', 'Funny', 'Fast-Paced', 'Casual', 'Platformer', 'Memes', '2D', 'Competitive', 'Local Multiplayer', 'Online Co-Op', 'Co-op', 'Pixel Graphics', 'Cartoony', 'Colorful', '4 Player Local', 'Cute', 'Family Friendly', 'PvP']",2023-08-24 19:31:36,False,2022–23,4.0,917,True,19.99,11.3,3.6500000000000004,,,$15–19.99,3–4
844430,Sagittarius,0,True,False,False,False,1682453252,1,100,['Monsuta AB'],['Monsuta AB'],"[""Shoot 'Em Up"", 'Side Scroller', 'Old School', 'Sci-fi', 'Space', 'Top-Down', 'Controller', 'Shooter', 'Local Co-Op', 'Co-op', 'PvE', 'Singleplayer', 'Multiplayer', 'Action', 'Arcade', 'Combat', '3D', 'Casual', 'Colorful', 'Linear']",2023-04-25 20:07:32,False,2022–23,,983,False,7.99,,,,,$5–9.99,не указано
860020,EXFIL,0,True,False,True,False,1733954788,302,67,['Tiny Leviathan'],['Tiny Leviathan'],"['Military', 'Tactical', 'Co-op', 'Online Co-Op', 'Singleplayer', 'Multiplayer', 'Indie', 'Combat', 'Wargame', 'FPS', 'Realistic', 'Shooter', 'Strategy', 'Gun Customization', 'First-Person', 'Simulation', 'Team-Based', 'Old School', 'Atmospheric', 'PvP']",2024-12-11 22:06:28,False,2024–25,,4996,True,19.99,31.2,3.5,,,$15–19.99,не указано
866570,System Shock 2: 25th Anniversary Remaster,0,True,False,False,False,1750939200,1818,87,"['Nightdive Studios', 'Atari']","['Nightdive Studios', 'Looking Glass Studios', 'Irrational Games']","['Immersive Sim', 'Singleplayer', 'Multiplayer', 'Online Co-Op', 'FPS', 'Horror', 'Sci-fi', 'Cyberpunk', 'Action', 'Atmospheric', 'Adventure', 'Shooter', 'Action RPG', 'Dark', 'Action-Adventure', 'RPG', 'Metroidvania', 'Story Rich', '3D', 'First-Person']",2025-06-26 12:00:00,False,2024–25,,1432,False,29.99,30.9,18.0,,,$20+,не указано
886200,EndCycle VS,0,True,False,False,False,1650492000,81,88,"['12B3', 'Hawthorn Games']",['12B3'],"['Character Customization', 'Deckbuilding', 'Card Battler', 'Moddable', 'Action Roguelike', 'Old School', 'Multiplayer', 'Action', 'PvP', '2D Fighter', '2D', 'Singleplayer', 'Arcade', 'Adventure', 'Strategy', 'Anime', 'Action-Adventure', 'Pixel Graphics', 'Comedy', 'Co-op']",2022-04-20 22:00:00,False,2022–23,,1240,False,4.99,,,,,до $5,не указано
893900,Astral Gunners,0,True,False,False,False,1718981267,36,100,['Sati Bros'],['Sati Bros'],"['Bullet Hell', ""Shoot 'Em Up"", 'Action', 'Difficult', 'Great Soundtrack', 'Co-op', 'Arcade', '2D', 'Score Attack', 'Retro', 'Shooter', 'Side Scroller', 'Comedy', 'Funny', 'Singleplayer', 'Cartoony', 'Stylized', 'Old School', 'Family Friendly', 'Spaceships']",2024-06-21 14:47:47,False,2024–25,,2179,True,19.99,,,,,$15–19.99,не указано
894960,Evil Reap,0,True,False,True,False,1650006561,1,100,"['BIM Expert LTD', 'Elysium Interactive']",['EzeyStudio'],"['Action', 'Indie', 'Casual', 'Zombies', 'Puzzle', ""Beat 'em up"", 'Shooter', ""Shoot 'Em Up"", 'Souls-like', 'First-Person', 'Linear', 'PvE', 'Co-op', 'Multiplayer', 'Online Co-Op', 'Singleplayer', 'Local Co-Op', 'Early Access', 'Gore', 'Violent']",2022-04-15 07:09:21,False,2022–23,4.0,1243,False,5.99,,,,,$5–9.99,3–4
906870,FurryFury: Smash & Roll,0,True,False,False,False,1649944200,5,60,['SUPER PICKLE GAMES'],"['Demibug', 'SUPER PICKLE GAMES']","['Online Co-Op', 'Multiplayer', 'Turn-Based', 'Funny', 'PvP', 'Casual', 'Top-Down', 'Co-op', 'Turn-Based Strategy', '2D', 'Singleplayer', 'Tactical', '2D Fighter', 'Hand-drawn', 'Comedy', 'Cartoony', 'Family Friendly', 'Physics', 'Creature Collector', 'Turn-Based Tactics']",2022-04-14 13:50:00,False,2022–23,,1445,False,4.99,,,,,до $5,не указано
909750,Bloodbound: Vampire Hunters,0,True,False,True,False,1698265292,18,88,['Sketchy Realms'],['Sketchy Realms'],"['Action', 'Vampires', 'FPS', 'Shooter', 'Team-Based', 'Gore', 'Online Co-Op', 'First-Person', 'Hero Shooter', 'Local Multiplayer', 'PvP', 'Horror', 'Tactical', 'Co-op', 'Multiplayer', 'Casual', 'Strategy', 'Thriller', 'Gothic', 'Atmospheric']",2023-10-25 20:21:32,False,2022–23,,1347,False,14.99,,,,,$10–14.99,не указано
915810,Midnight Ghost Hunt,0,True,False,False,False,1711040635,5418,80,['Coffee Stain Publishing'],['Vaulted Sky Games'],"['Multiplayer', 'Combat', 'Team-Based', 'Supernatural', 'PvP', 'FPS', 'First-Person', 'Action', 'Shooter', ""1990's"", 'Indie', 'Sci-fi', 'Horror', 'Comedy', 'Realistic', 'Tactical', '3D', 'Co-op', 'Third-Person Shooter', 'Controller']",2024-03-21 17:03:55,False,2024–25,,3308,False,19.99,5.0,9.55,,,$15–19.99,не указано
917950,Vellum,0,True,False,False,False,1746190827,1290,89,"['Alvios, Inc.']",['Alvios Games'],"['Online Co-Op', 'Action Roguelike', 'Third-Person Shooter', 'Fantasy', 'Magic', '3D', 'Roguelite', 'Action', 'Roguelike', 'Multiplayer', 'PvE', 'Co-op', 'Arena Shooter', 'Shooter', 'Third Person', 'Arcade', 'Singleplayer', 'Combat', 'Colorful', 'Early Access']",2025-05-02 13:00:27,False,2024–25,4.0,4145,False,19.99,16.1,16.55,,,$15–19.99,3–4
918780,Sector Sweep,0,True,False,True,False,1667491283,13,84,['Moonlit S.A.'],['Moonlit S.A.'],"['Top-Down', 'Action Roguelike', 'Local Co-Op', ""Shoot 'Em Up"", 'Singleplayer', 'Sci-fi', 'Western', 'Early Access', 'Roguelike', 'Top-Down Shooter', 'Controller', '2D', 'Pixel Graphics', 'Space', 'Action', 'Hero Shooter', 'Co-op', '4 Player Local', 'Local Multiplayer', 'Score Attack']",2022-11-03 16:01:23,False,2022–23,,1056,False,2.99,,,,,до $5,не указано
934700,Dead Island 2,0,True,False,False,False,1713797578,23554,77,['Deep Silver'],['Dambuster Studios'],"['Co-op', 'Zombies', 'Gore', 'First-Person', 'Action-Adventure', 'Post-apocalyptic', 'Horror', 'Adventure', 'Action RPG', 'Dark', 'Crafting', 'FPS', 'Controller', 'Dark Humor', 'Action', 'PvE', 'Character Customization', 'Combat', 'Hack and Slash', 'Multiplayer']",2024-04-22 14:52:58,False,2024–25,,586,False,49.99,39.4,16.0,206693599.0,8775.0,$20+,не указано
941890,Mini Matches,0,True,False,False,False,1647850708,16,75,"[""It's Anecdotal""]","[""It's Anecdotal""]","['Multiplayer', 'Funny', 'Local Multiplayer', '4 Player Local', 'Casual', 'Action', 'Co-op', 'Online Co-Op', '2D', 'Competitive', 'Local Co-Op', 'Family Friendly', 'Party', 'Party Game', 'Controller', 'Minigames', 'Colorful', 'Physics', 'Singleplayer', 'Indie']",2022-03-21 08:18:28,False,2022–23,4.0,915,False,14.99,,,,,$10–14.99,3–4
956310,Musashi vs Cthulhu,0,True,False,False,False,1715866560,44,93,['QUByte Interactive'],['Cyber Rhino Studios'],"['Action', '2D', 'Fast-Paced', 'Indie', ""Beat 'em up"", 'Lovecraftian', 'Arcade', 'Early Access', 'Hack and Slash', 'Anime', 'Ninja', 'Swordplay', 'Singleplayer', 'Platformer', 'RPG', 'Co-op', 'Exploration', 'Souls-like', 'Metroidvania', 'Adventure']",2024-05-16 13:36:00,False,2024–25,,1066,False,4.99,,,,,до $5,не указано
963950,Paws in the Maze,0,True,False,False,False,1711111009,1,100,['Red Sasori'],['Red Sasori'],"['Local Co-Op', 'Split Screen', 'Local Multiplayer', '2D', 'Adventure', 'Casual', 'Singleplayer', 'Dogs', 'Top-Down', 'Puzzle', 'Walking Simulator', '2D Platformer', 'Dungeon Crawler', 'Hidden Object', 'Puzzle Platformer', 'Dark', 'Family Friendly', 'Logic', 'Mystery', 'Relaxing']",2024-03-22 12:36:49,False,2024–25,,1394,False,4.99,,,,,до $5,не указано
976890,Hidden Deep,0,True,False,True,False,1643047365,4298,76,['Daedalic Entertainment'],['Cogwheel Software'],"['Shooter', 'Physics', '2D Platformer', 'Action', 'Aliens', 'Horror', 'Dark', '2D', 'Thriller', 'Mystery', 'Puzzle', 'Action-Adventure', 'Multiplayer', 'Co-op', 'Sci-fi', 'Exploration', 'Mining', 'Singleplayer', 'Nostalgia', 'Atmospheric']",2022-01-24 18:02:45,False,2022–23,,1865,False,24.99,53.6,9.95,10337033.0,2405.0,$20+,не указано
980210,HordeCore,0,True,False,False,False,1646240047,120,64,['META Publishing'],['Digitality Games'],"['Bullet Heaven', 'Action Roguelike', 'Bullet Hell', 'Roguelite', '2.5D', 'Indie', 'Singleplayer', 'Arcade', 'Roguelike', 'Action', 'Local Co-Op', 'RPG', 'Zombies', 'Controller', 'Cyberpunk', 'Side Scroller', '4 Player Local', 'Bullet Time', 'PvE', 'Character Customization']",2022-03-02 16:54:07,False,2022–23,,2111,False,5.99,13.8,4.699999999999999,,,$5–9.99,не указано
1004620,KungFu Kickball,0,True,False,False,False,1644451219,57,91,['Blowfish Studios'],['WhaleFood Games'],"['Indie', 'Sports', 'Action', '2D', 'Multiplayer', 'Fighting', 'Pixel Graphics', 'Co-op', 'Local Co-Op', 'Competitive', 'Family Friendly', 'Beautiful', 'Team-Based', 'Colorful', 'Casual']",2022-02-10 00:00:19,False,2022–23,,1643,False,19.99,,,,,$15–19.99,не указано
1013220,River City Saga: Three Kingdoms,0,True,False,False,False,1658328946,255,71,['Arc System Works'],['Arc System Works'],"['Action', ""Beat 'em up"", '2D Platformer', 'Spectacle fighter', '2D', 'Anime', 'Pixel Graphics', 'Old School', 'Comedy', 'Retro', 'Family Friendly', 'Historical', 'Destruction', 'Funny', 'PvE', 'Controller', 'Combat', 'Tutorial', 'Online Co-Op', 'Singleplayer']",2022-07-20 14:55:46,False,2022–23,,1351,False,29.99,27.0,22.5,,,$20+,не указано
1016180,Terror of Hemasaurus,0,True,False,False,False,1666025280,769,91,['Loren Lemcke'],['Loren Lemcke'],"['Physics', 'Villain Protagonist', 'Destruction', 'Dinosaurs', 'Dark Humor', 'Comedy', 'Arcade', 'Gore', '2D', 'Co-op', ""Beat 'em up"", 'Sci-fi', 'Action', 'Adventure', 'Side Scroller', 'Local Multiplayer', 'Singleplayer', 'Dark Comedy', '4 Player Local', 'Colorful']",2022-10-17 16:48:00,False,2022–23,5.0,1811,False,14.99,23.5,3.7,,,$10–14.99,5–8
1016360,PERISH,0,True,False,False,False,1675346504,364,68,['THQ Nordic Mobile'],['ITEM42'],"['Gore', 'Action', 'Violent', 'Indie', 'Roguelite', 'First-Person', 'Online Co-Op', 'FPS', 'Multiplayer', 'Demons', 'PvE', 'Singleplayer', 'Shooter', 'Atmospheric', 'Co-op', 'Great Soundtrack', 'Hack and Slash', 'Difficult', 'Post-apocalyptic', 'Horror']",2023-02-02 14:01:44,False,2022–23,4.0,3026,False,19.99,11.0,8.25,,,$15–19.99,3–4
1020450,There Will Be Ink,0,True,False,False,False,1678446419,30,93,['Summit Fever'],['Summit Fever'],"['Real Time Tactics', 'Hand-drawn', 'Local Co-Op', 'Spectacle fighter', 'Difficult', 'Shooter', '2D', 'Co-op', 'Co-op Campaign', 'Local Multiplayer', '4 Player Local', 'Twin Stick Shooter', 'Tactical', 'Combat', 'Simulation', 'Class-Based', 'Multiplayer', 'Singleplayer', 'Team-Based', 'Cute']",2023-03-10 11:06:59,False,2022–23,8.0,4538,False,6.99,,,,,$5–9.99,5–8
1020510,Supernatural Shenanigans,0,True,False,True,False,1706562000,0,0,['Capybara Games Studios'],['Capybara Games Studios'],"['Co-op', 'Casual', 'Survival Horror', 'Psychological Horror', 'Investigation', 'Voxel', 'Action', 'Multiplayer', 'Arcade', 'Magic', 'Mystery', 'Puzzle', 'FPS', '3D', 'Cute', 'First-Person', 'Dark', 'Demons', 'Family Friendly', 'Funny']",2024-01-29 21:00:00,False,2024–25,2.0,1570,False,7.99,,,,,$5–9.99,2
1029210,30XX,0,True,False,False,False,1691600065,2516,90,['Batterystaple Games'],['Batterystaple Games'],"['Action Roguelike', '2D Platformer', 'Side Scroller', 'Roguelite', 'Platformer', 'Perma Death', 'Roguelike', '2D', 'Female Protagonist', 'Controller', 'Pixel Graphics', 'Procedural Generation', 'Action', 'Sci-fi', 'Level Editor', 'Robots', 'Adventure', 'Co-op', 'Multiplayer', 'Local Co-Op']",2023-08-09 16:54:25,False,2022–23,,1593,False,19.99,17.7,19.55,,,$15–19.99,не указано
1029690,Sniper Elite 5,0,True,False,False,False,1653523305,25093,83,['Rebellion'],['Rebellion'],"['Singleplayer', 'Sniper', 'Co-op', 'Multiplayer', 'Stealth', 'World War II', 'Action', 'Shooter', 'Third-Person Shooter', 'Adventure', 'Gore', 'Third Person', 'Violent', 'Action-Adventure', 'Open World', 'War', 'Online Co-Op', 'FPS', 'Gun Customization', 'VR']",2022-05-26 00:01:45,False,2022–23,16.0,2966,False,49.99,41.3,24.85,40807672.0,1626.0,$20+,9+
1035780,Pecker,0,True,False,False,False,1744923776,23,91,['Fonteinsoft UG'],['Fonteinsoft UG'],"['Puzzle Platformer', 'Exploration', 'Adventure', 'Collectathon', '3D Platformer', 'Colorful', 'Puzzle', '3D', 'Stylized', 'Action-Adventure', 'Cute', 'Indie', 'Medieval', 'Parkour', 'Physics', 'Platformer', 'Funny', 'Local Co-Op', 'Split Screen', 'Third Person']",2025-04-17 21:02:56,False,2024–25,4.0,631,True,9.99,,,,,$5–9.99,3–4
1037080,Zedfest,0,True,False,False,False,1680886816,191,89,['Diagrammet AB'],['Diagrammet AB'],"['Action', 'Indie', 'Gore', 'Violent', 'Co-op', 'Third-Person Shooter', 'Zombies', 'Physics', 'Shooter', 'Sci-fi', 'Cyberpunk', 'Online Co-Op', 'Horror', 'Survival', 'Early Access', 'Team-Based']",2023-04-07 17:00:16,False,2022–23,6.0,2151,False,14.99,8.7,13.05,,,$10–14.99,5–8
1043520,Polterguys: Possession Party,0,True,False,False,False,1744894825,21,90,['Amplified Games'],['Madorium Ltd'],"['PvP', 'Multiplayer', 'Party Game', 'Casual', 'Comedy', 'Funny', 'Physics', 'Competitive', 'Arcade', 'Family Friendly', 'Local Multiplayer', 'Local Co-Op', 'Colorful', 'Combat', 'Party', 'Cute', 'Character Customization', 'Controller', 'Adventure', '4 Player Local']",2025-04-17 13:00:25,False,2024–25,8.0,1645,True,9.99,,,,,$5–9.99,5–8
1053510,Super Technos World: River City & Technos Arcade Classics,0,True,False,False,False,1745463621,31,54,['Arc System Works'],['INTENSE'],"['Action', 'Sports', 'Arcade', 'Action-Adventure', '2D Platformer', '2D', 'Pixel Graphics', 'Comedy', 'PvP', 'PvE', 'Singleplayer', 'Online Co-Op', 'RPG', 'Multiplayer', 'Local Multiplayer', 'Local Co-Op', 'Co-op']",2025-04-24 03:00:21,False,2024–25,,2022,False,29.99,,,,,$20+,не указано
1054430,Fling to the Finish,0,True,False,False,False,1705598784,851,85,['Daedalic Entertainment'],['SplitSide Games'],"['Physics', 'Party Game', 'Multiplayer', 'Casual', 'Online Co-Op', 'Local Co-Op', 'Competitive', 'Racing', 'Combat Racing', 'Local Multiplayer', 'Platformer', 'Family Friendly', 'Indie', '3D', 'Action', 'Funny', 'Colorful', '4 Player Local', 'Cute', '3D Platformer']",2024-01-18 17:26:24,False,2024–25,2.0,2008,False,19.99,13.2,4.4,,,$15–19.99,2
1061270,Blacklist Brigade,0,True,False,False,False,1753376869,51,94,['Goat Forest Games'],['Goat Forest Games'],"['Top-Down Shooter', 'Difficult', 'Online Co-Op', 'Top-Down', 'Shooter', 'Action', 'Tactical', 'PvE', 'Co-op', 'Multiplayer', 'Isometric', 'Singleplayer', 'Realistic', 'Military', 'Indie', 'Strategy', 'Violent', 'Team-Based', 'Real Time Tactics', 'Gore']",2025-07-24 17:07:49,False,2024–25,4.0,1103,False,9.99,,,,,$5–9.99,3–4
1061880,Conan Chop Chop,0,True,False,False,False,1646139618,424,65,['Funcom'],['Mighty Kingdom'],"['Roguelite', 'Action Roguelike', 'Action', 'Adventure', 'Roguelike', 'Local Co-Op', 'Loot', 'Online Co-Op', 'Hack and Slash', 'Cartoony', 'Character Customization', 'Dungeon Crawler', 'Multiplayer', 'Party Game', 'Action-Adventure', 'RPG', 'Funny', 'Arcade', 'Fantasy', '4 Player Local']",2022-03-01 13:00:18,False,2022–23,4.0,2288,False,14.99,16.4,11.899999999999999,,,$10–14.99,3–4
1065310,Evil West,0,True,False,False,False,1669071600,10268,74,['Focus Entertainment'],['Flying Wild Hog'],"['Western', 'Action-Adventure', 'Co-op', ""Beat 'em up"", 'Third-Person Shooter', 'Vampires', 'Character Action Game', 'Story Rich', 'Demons', 'Gore', 'Action', 'Multiplayer', 'Hack and Slash', 'Singleplayer', 'Online Co-Op', 'Violent', 'Third Person', 'Shooter', 'RPG', 'Adventure']",2022-11-21 23:00:00,False,2022–23,,1249,False,49.99,31.0,12.8,,,$20+,не указано
1068840,Carpoon,0,True,False,False,False,1754612590,11,100,['Clutch Run Design'],['Tom Arnold'],"['Twin Stick Shooter', 'Sports', 'Local Co-Op', 'Party Game', 'PvP', 'Arcade', 'Vehicular Combat', '4 Player Local', '2D', 'Top-Down', 'Local Multiplayer', 'Funny', 'Controller', 'Action', 'PvE', 'Cute', 'Cartoony', 'Co-op', 'Hand-drawn', 'Destruction']",2025-08-08 00:23:10,False,2024–25,4.0,1330,False,4.99,,,,,до $5,3–4
1080040,Moo Lander,0,True,False,False,False,1653620627,27,85,['The Sixth Hammer'],['The Sixth Hammer'],"['Action', 'Adventure', 'Exploration', '2D Platformer', 'Indie', 'Metroidvania', '4 Player Local', 'Story Rich', 'Singleplayer', 'Multiplayer', 'Co-op', 'Atmospheric', 'Puzzle', 'Local Multiplayer', 'Family Friendly', 'Fantasy', 'Aliens', 'Funny', 'Local Co-Op', '2D']",2022-05-27 03:03:47,False,2022–23,5.0,2087,True,18.99,,,,,$15–19.99,5–8
1097620,Fast and Low,0,True,False,False,False,1681361058,737,82,['Urban Giraffe Games Inc.'],['Urban Giraffe Games Inc.'],"['VR', 'Online Co-Op', 'Tactical', 'Asymmetric VR', 'Violent', 'Cartoony', 'Local Co-Op', 'Action', 'FPS', 'Gore', 'Indie', 'Singleplayer', 'First-Person', 'Shooter', '3D', 'Bullet Time', 'Co-op', 'Local Multiplayer', 'Crime', 'Multiplayer']",2023-04-13 04:44:18,False,2022–23,4.0,3702,False,19.99,12.2,9.25,,,$15–19.99,3–4
1098280,Mago,0,True,False,False,False,1655830815,934,93,['Dream Potion Games'],['Dream Potion Games'],"['Indie', 'Platformer', 'Adventure', 'Pixel Graphics', '2D', 'Retro', 'Great Soundtrack', 'Funny', 'Difficult', 'Singleplayer', 'Action', 'Side Scroller', 'Cartoony', 'Colorful', 'Cartoon', 'Bullet Hell', 'Hand-drawn', 'Local Co-Op', 'Atmospheric', 'Co-op']",2022-06-21 17:00:15,False,2022–23,,1593,False,14.99,36.7,22.35,,,$10–14.99,не указано
1111650,Never BreakUp,0,True,False,False,False,1657900800,14,35,['凤凰游戏'],['ISVR北京互联星梦科技有限公司'],"['Platformer', 'Casual', 'Racing', 'Family Friendly', 'MOBA', 'Funny', 'Physics', 'PvP', 'Online Co-Op', '4 Player Local', 'Puzzle', 'Action-Adventure', 'Cute', 'Action', 'Co-op', 'Score Attack', '3D Platformer', 'Adventure', 'Cartoon', 'Third Person']",2022-07-15 16:00:00,False,2022–23,4.0,1639,False,8.99,,,,,$5–9.99,3–4
1111920,Airlock Arena: Profit or Perish,0,True,False,False,False,1742828426,12,91,['Frostbane Studios'],"['Mason Norvell', 'John Norvell']","['Space', 'Co-op', 'Roguelike', 'Difficult', 'Physics', 'Action Roguelike', 'Roguelite', 'Perma Death', 'PvE', 'Co-op Campaign', 'Singleplayer', 'Local Co-Op', '2D', 'Action', 'PvP', 'Action-Adventure', 'Character Customization', 'Procedural Generation', 'Top-Down', 'Tutorial']",2025-03-24 15:00:26,False,2024–25,4.0,2483,True,11.99,,,,,$10–14.99,3–4
1116170,CyberCorp,0,True,False,False,False,1745336695,353,75,['Megame LLC'],['Megame LLC'],"['Top-Down Shooter', 'Twin Stick Shooter', 'Top-Down', 'Singleplayer', 'Character Customization', 'PvE', 'Isometric', 'Tactical', 'Violent', 'Indie', 'Co-op', 'Looter Shooter', 'Gun Customization', 'Cyberpunk', 'Action', 'Inventory Management', 'Arena Shooter', 'Shooter', 'RPG', 'Adventure']",2025-04-22 15:44:55,False,2024–25,,2004,False,14.99,18.2,6.65,,,$10–14.99,не указано
1120480,The Anacrusis,0,True,False,False,False,1701799906,617,68,['Stray Bombay'],['Stray Bombay'],"['PvE', 'FPS', 'Co-op', 'PvP', 'Shooter', 'Action-Adventure', 'Moddable', 'Sci-fi', 'Space', 'Female Protagonist', 'First-Person', 'Transhumanism', 'Controller', 'Team-Based', 'Action', 'Co-op Campaign', 'Zombies', 'Colorful', 'Multiplayer', 'Character Customization']",2023-12-05 18:11:46,False,2022–23,8.0,4249,False,9.99,9.3,2.8,,,$5–9.99,5–8
1124160,VR Giants,0,True,False,True,False,1686754787,186,80,['Risa Interactive'],['Risa Interactive'],"['VR', 'Indie', 'Local Co-Op', 'Co-op', '3D Platformer', 'Puzzle Platformer', 'Physics', 'Local Multiplayer', 'Platformer', 'Asymmetric VR', 'Co-op Campaign', 'Multiplayer', 'Puzzle', 'Online Co-Op', 'Family Friendly', 'Funny', 'Action', 'Early Access', 'Adventure']",2023-06-14 14:59:47,False,2022–23,,2081,True,19.99,32.5,2.55,,,$15–19.99,не указано
1125830,Hyperspaced,0,True,False,False,False,1753196520,27,92,['Headup'],['Rarebyte'],"['Controller', '3D', 'Combat', 'Co-op', 'Local Co-Op', 'Multiplayer', 'Singleplayer', 'Co-op Campaign', 'Local Multiplayer', 'Sci-fi', 'Procedural Generation', 'Top-Down Shooter', 'Exploration', 'Funny', 'Cute', 'Action Roguelike', 'Split Screen', 'Action-Adventure', 'Action', 'Colorful']",2025-07-22 15:02:00,False,2024–25,4.0,4082,False,16.99,,,,,$15–19.99,3–4
1138440,Galactic Ruler,0,True,False,False,False,1659543404,104,47,['BattleGoat Studios'],['BattleGoat Studios'],"['Real Time Tactics', 'Co-op', 'Procedural Generation', 'Space', 'Aliens', '4X', 'Space Sim', 'Grand Strategy', 'Real-Time with Pause', 'Sci-fi', 'Singleplayer', 'RTS', 'Strategy', 'Multiplayer', 'Moddable', 'Exploration', 'Simulation', 'Wargame', 'Indie', 'Futuristic']",2022-08-03 16:16:44,False,2022–23,15.0,2182,False,19.99,35.2,8.45,,,$15–19.99,9+
1142810,Toasterball,0,True,False,False,False,1683107799,324,96,['Les Crafteurs'],['Les Crafteurs'],"['Indie', 'Local Multiplayer', 'Local Co-Op', 'Physics', 'Funny', '4 Player Local', 'Sports', 'Action', 'Arcade', 'eSports', 'Spectacle fighter', 'Competitive', 'Cute', '3D', 'Colorful', 'Stylized', 'Comedy', 'Football (Soccer)', 'Tennis', 'Team-Based']",2023-05-03 09:56:39,False,2022–23,4.0,2783,False,9.99,24.4,6.0,,,$5–9.99,3–4
1143860,Zombie Admin,0,True,False,False,False,1673625912,90,88,['Hastily Assembled'],['Hastily Assembled'],"['Top-Down Shooter', 'Zombies', 'Local Co-Op', 'Capitalism', 'Multiplayer', 'Action', 'Colorful', 'Procedural Generation', 'Comedy', 'Cartoony', 'Horror', 'Dystopian ', 'Combat', 'Twin Stick Shooter', 'Shooter', 'Top-Down', 'Local Multiplayer', 'Singleplayer', 'Co-op', 'Controller']",2023-01-13 16:05:12,False,2022–23,,1894,False,3.99,,,,,до $5,не указано
1144130,Smash Dungeon,0,True,False,False,False,1690186158,15,73,['Plastic Cow Games'],['Plastic Cow Games'],"['Action Roguelike', 'Hack and Slash', 'Dungeon Crawler', 'Procedural Generation', 'Co-op', 'Top-Down', 'Dark Fantasy', 'Roguelike', 'Indie', 'Arcade', 'Roguelite', 'Action RPG', 'RPG', 'Action', 'Fantasy', 'Medieval', 'Local Co-Op', 'Combat', '3D', 'PvE']",2023-07-24 08:09:18,False,2022–23,,2453,True,6.99,,,,,$5–9.99,не указано
1144200,Ready or Not,0,True,False,False,False,1702490460,266467,79,['VOID Interactive'],['VOID Interactive'],"['Tactical', 'Realistic', 'FPS', 'Shooter', 'Multiplayer', 'Singleplayer', 'Co-op', 'Horror', 'First-Person', 'Psychological Horror', 'Action', 'Violent', 'Gun Customization', 'Combat', 'Crime', 'Gore', 'Modern', 'Atmospheric', 'Co-op Campaign', 'VR']",2023-12-13 18:01:00,False,2022–23,5.0,4143,False,49.99,21.6,13.1,,,$20+,5–8
1145330,Skeleton Crew,0,True,False,False,False,1655391478,30,66,['Modern Wolf'],['Cinder Cone'],"['Local Co-Op', 'Singleplayer', 'Multiplayer', 'Online Co-Op', 'Local Multiplayer', '2D Platformer', ""Beat 'em up"", 'Action', 'Gothic', 'Exploration', 'Action-Adventure', 'Dungeon Crawler', 'Adventure', 'Platformer', 'Hack and Slash', 'Colorful', '2D', 'Action RPG', 'Physics', 'Lovecraftian']",2022-06-16 14:57:58,False,2022–23,4.0,1813,False,12.99,,,,,$10–14.99,3–4
1147130,Countryballs: Modern Ballfare,0,True,False,False,False,1699786126,217,94,['Mildly Professional'],['Mildly Professional'],"['PvP', 'Multiplayer', 'Third-Person Shooter', 'Online Co-Op', 'Memes', 'Political Sim', 'Arena Shooter', 'Action', 'Dark Comedy', 'Shooter', 'Comedy', '3D', 'Arcade', 'Comic Book', 'Third Person', 'Dark Humor', 'Character Customization', 'Indie', 'Simulation', 'Cartoony']",2023-11-12 10:48:46,False,2022–23,4.0,2722,False,4.99,11.7,5.0,,,до $5,3–4
1149290,Derpy Conga,0,True,False,False,False,1644483760,19,73,['Giant Door'],['Giant Door'],"['Adventure', 'Co-op', 'Funny', 'Split Screen', 'Puzzle', 'Singleplayer', 'Physics', 'Casual', 'Multiplayer', 'Puzzle Platformer', 'Family Friendly', 'Cute', 'Platformer', 'Local Co-Op', '3D Platformer', 'Local Multiplayer', 'Action', 'Colorful', '3D', 'Co-op Campaign']",2022-02-10 09:02:40,False,2022–23,,1486,True,16.99,,,,,$15–19.99,не указано
1151050,Golf Gang,0,True,False,False,False,1652976000,784,84,['Curve Games'],['Lazy Monday Games'],"['Mini Golf', 'PvP', 'Multiplayer', 'Arcade', 'Racing', 'Sports', 'Physics', 'Indie', 'Family Friendly', 'Funny', 'Combat Racing', 'Co-op', 'Cute', 'Singleplayer', 'Action', 'Party Game', 'Casual', 'Party', 'Golf', 'Online Co-Op']",2022-05-19 16:00:00,False,2022–23,8.0,1469,False,9.99,44.3,5.3,,,$5–9.99,5–8
1154830,Scathe,0,True,False,False,False,1661958300,198,56,[],['Damage State'],"['FPS', 'Co-op Campaign', 'Bullet Hell', 'Shooter', 'First-Person', 'Controller', 'Difficult', 'Multiple Endings', 'Action', 'Retro', '3D', 'Demons', 'Atmospheric', 'Dark', 'Cinematic', 'Fast-Paced', 'Horror', 'Sci-fi', 'Co-op', 'Multiplayer']",2022-08-31 15:05:00,False,2022–23,4.0,2666,False,24.99,8.3,1.55,,,$20+,3–4
1155300,Palallel,0,True,False,False,False,1653657312,41,95,['GoatApe'],['GoatApe'],"['2D', 'Co-op', 'Puzzle', 'Platformer', 'Logic', 'Multiplayer', 'Indie', 'Colorful', 'Team-Based', 'Physics', 'Comic Book', 'Hand-drawn', 'Education', '2D Platformer', 'Puzzle Platformer', 'Cute', 'Co-op Campaign', 'Action', 'Online Co-Op', 'Linear']",2022-05-27 13:15:12,False,2022–23,2.0,2102,True,5.99,,,,,$5–9.99,2
1157740,Iron Meat,0,True,False,False,False,1727323265,990,96,['Retroware'],"['Ivan Valeryevich Suvorov', 'Retroware']","['Side Scroller', 'Shooter', '2D Platformer', 'Local Co-Op', 'Sci-fi', 'Horror', 'Action', 'Character Customization', 'Arcade', 'Singleplayer', ""Shoot 'Em Up"", 'Post-apocalyptic', 'Score Attack', 'Linear', 'Pixel Graphics', 'Gun Customization', ""1990's"", 'Platformer', 'Local Multiplayer', 'Indie']",2024-09-26 04:01:05,False,2024–25,2.0,1835,True,19.99,23.5,3.95,,,$15–19.99,2
1163740,Card Hog,0,True,False,False,False,1701713420,464,93,['SnoutUp'],['SnoutUp'],"['Card Battler', 'Turn-Based', 'Roguelike Deckbuilder', 'Deckbuilding', 'Roguelite', 'Turn-Based Strategy', 'Comedy', 'Funny', 'Roguelike', 'Tactical', 'Casual', 'Tabletop', 'Strategy', 'Indie', 'Local Co-Op', 'Card Game', 'RPG', 'Dungeon Crawler', '2D', 'Board Game']",2023-12-04 18:10:20,False,2022–23,,809,False,5.99,10.0,6.2,,,$5–9.99,не указано
1166990,Kukoro: Stream chat games,0,True,False,False,False,1706895610,914,97,['HeyNau'],['HeyNau'],"['Party Game', 'Minigames', 'Multiplayer', 'Character Customization', 'Collectathon', 'Pixel Graphics', 'Party', 'PvP', 'Battle Royale', 'Team-Based', 'Experimental', 'Party-Based RPG', 'Online Co-Op', 'Idler', 'Casual', 'Massively Multiplayer', 'Indie', '2D', 'Top-Down', 'Creature Collector']",2024-02-02 17:40:10,False,2024–25,,2305,False,4.99,14.0,14.350000000000001,1933736.0,2116.0,до $5,не указано
1172930,Silicomrades,0,True,False,False,False,1750432261,43,100,['Outside the Fox'],['Outside the Fox'],"['Local Co-Op', 'Hand-drawn', 'Team-Based', 'Character Customization', 'Comedy', 'Top-Down Shooter', 'Funny', 'Action', 'Robots', 'Family Friendly', 'Cute', 'Bullet Hell', 'Cartoon', 'Co-op', 'Multiplayer', 'Local Multiplayer', 'Top-Down', 'Shooter', 'Satire', 'Cartoony']",2025-06-20 15:11:01,False,2024–25,2.0,1995,False,10.99,,,,,$10–14.99,2
1175770,TopplePOP: Bungee Blockbusters,0,True,False,True,False,1738811040,35,97,['ArkimA'],['ArkimA'],"['Falling Blocks', 'Physics', 'Puzzle', 'eSports', 'Party Game', 'Arcade', 'Singleplayer', '4 Player Local', 'Controller', 'Character Customization', 'Online Co-Op', 'Family Friendly', 'Multiplayer', 'Asynchronous Multiplayer', 'Action', 'Casual', 'Cute', 'Animals', 'Colorful', 'Sports']",2025-02-06 03:04:00,False,2024–25,4.0,1663,False,14.99,,,,,$10–14.99,3–4
1176060,Wigged Out,0,True,False,True,False,1708610448,3,100,['Encircle Games'],['Encircle Games'],"['Party Game', 'Action', 'Sports', 'Indie', 'Casual', 'Colorful', 'Action-Adventure', 'Cartoony', 'Funny', 'Multiplayer', 'Local Multiplayer', 'Online Co-Op', 'Local Co-Op', '4 Player Local', 'Co-op', 'Fighting', 'Football (Soccer)', 'PvP', 'Golf', 'Party']",2024-02-22 14:00:48,False,2024–25,,2053,True,6.99,,,,,$5–9.99,не указано
1183530,Go Fight Fantastic,0,True,False,False,False,1711450917,68,67,"['Kinda Brave', 'Aurora Punks']",['Dinomite Games'],"['Adventure', 'Multiplayer', 'Hack and Slash', 'Action RPG', 'Anime', 'Online Co-Op', 'Action-Adventure', 'Class-Based', 'Hand-drawn', 'Local Multiplayer', 'Singleplayer', 'Dogs', 'Sci-fi', '2D', 'PvE', 'Co-op', 'Loot', 'Local Co-Op', 'Isometric', 'Action']",2024-03-26 11:01:57,False,2024–25,3.0,2005,True,4.99,,,,,до $5,3–4
1186660,Bare Butt Boxing,0,True,False,False,False,1722523090,13,69,['Tuatara Games'],['Tuatara Games'],"['Casual', 'Action', 'Funny', 'Multiplayer', 'Physics', 'Party Game', 'Comedy', '3D Fighter', 'Local Co-Op', 'Online Co-Op', '4 Player Local', 'PvP', 'Co-op', 'Local Multiplayer', 'Colorful', 'Fighting', 'Party', 'Singleplayer', 'Indie']",2024-08-01 14:38:10,False,2024–25,,1066,False,4.99,,,,,до $5,не указано
1195070,Ninja JaJaMaru: The Great Yokai Battle + Hell,0,True,False,False,False,1652281408,94,93,['CITY CONNECTION'],"['CITY CONNECTION', 'Hello Quest']","['2D Platformer', 'Ninja', 'Cute', 'Pixel Graphics', 'Retro', 'Platformer', '2D', 'Side Scroller', 'Family Friendly', 'Arcade', 'Difficult', 'Action RPG', 'Action-Adventure', 'Co-op', 'Co-op Campaign', 'Comedy', 'Exploration', 'Action', 'Singleplayer', 'Controller']",2022-05-11 15:03:28,False,2022–23,2.0,2635,False,12.9,,,,,$10–14.99,2
1195420,Filthy Animals | Heist Simulator,0,True,False,False,False,1680624794,121,72,['Green Man Gaming Publishing'],"['Pewter Games Studios', 'LoPoly Games']","['Co-op Campaign', 'Adventure', 'Action-Adventure', 'Singleplayer', 'Loot', 'Puzzle', 'Local Co-Op', 'Local Multiplayer', '3D', 'Cute', 'Co-op', '4 Player Local', 'Controller', 'Multiplayer', 'Online Co-Op', 'Combat', 'Physics', 'Comedy', 'Casual', 'Action']",2023-04-04 16:13:14,False,2022–23,4.0,2504,False,19.99,7.9,3.4,,,$15–19.99,3–4
1203940,ZERONE - First Encounter,0,True,False,False,False,1702913381,1,100,['The TIM Entertainment Co. Ltd'],['The TIM Entertainment Co. Ltd'],"['Action', 'FPS', 'VR', 'Multiplayer', 'Early Access', 'Shooter', 'Sci-fi', 'Science', 'Robots', 'Cyberpunk', 'Space', 'Fantasy', '6DOF', 'PvE', 'PvP', 'Singleplayer', 'Co-op', '4 Player Local', 'Local Multiplayer', 'Local Co-Op']",2023-12-18 15:29:41,False,2022–23,4.0,1135,False,12.99,,,,,$10–14.99,3–4
1208690,Ailuri,0,True,False,False,False,1738880342,28,57,['Vivink Studios'],['Vivink Studios'],"['Adventure', 'Indie', '2D', 'Platformer', 'Hand-drawn', 'Cute', '2D Platformer', 'Fantasy', 'Nature', 'Controller', 'Co-op', 'Local Co-Op', 'Local Multiplayer', 'Multiplayer', 'Singleplayer', 'Action-Adventure', 'Puzzle Platformer', 'Colorful']",2025-02-06 22:19:02,False,2024–25,,841,False,14.99,,,,,$10–14.99,не указано
1209510,Hand In Hand,0,True,False,False,False,1701341867,94,87,['Games Harbor'],['MaxMedia'],"['Puzzle Platformer', 'Platformer', 'Split Screen', '2D Platformer', 'Local Co-Op', 'Controller', 'Singleplayer', 'Adventure', 'Fantasy', 'Atmospheric', 'Emotional', 'Relaxing', 'Team-Based', 'Indie', '2D', 'Hand-drawn', 'Magic', 'Nature', 'Linear', 'Co-op']",2023-11-30 10:57:47,False,2022–23,2.0,3159,False,11.99,,,,,$10–14.99,2
1211250,Berserk Soccer,0,True,False,False,False,1660927139,2,100,['Blue Palm Studio'],['Blue Palm Studio'],"['Action', 'Sports', '3D', 'Funny', 'Singleplayer', 'Local Co-Op', 'Online Co-Op', 'Indie', 'Gore', 'Violent', 'Multiplayer']",2022-08-19 16:38:59,False,2022–23,,919,False,4.99,,,,,до $5,не указано
1219800,Galactic Thunderdome,0,True,False,False,False,1729722528,35,100,['Pansimula'],['Pansimula'],"['Action', '2D Fighter', 'Physics', 'Funny', 'Destruction', 'Local Multiplayer', '4 Player Local', 'Twin Stick Shooter', '2D Platformer', 'Local Co-Op', 'Controller', 'Fighting', 'Precision Platformer', 'PvP', 'Multiplayer', 'Arcade', '2D', 'Sci-fi', 'Singleplayer', 'Split Screen']",2024-10-23 22:28:48,False,2024–25,8.0,2628,False,9.99,,,,,$5–9.99,5–8
1220170,Eville,0,True,False,False,False,1665471711,432,68,"['Versus Evil', 'tinyBuild']",['VestGames'],"['PvP', 'Online Co-Op', 'Co-op', 'Assassins', 'Dialogue Heavy', 'Funny', 'Social Deduction', 'Werewolves', 'Multiplayer', 'Casual', 'RPG', 'Supernatural', 'Zombies', 'Colorful', '3D', 'Investigation', 'Diplomacy', 'Strategy', 'Cartoony', 'Action']",2022-10-11 07:01:51,False,2022–23,,4520,False,14.99,15.5,5.300000000000001,,,$10–14.99,не указано
1225840,BeatBeat,0,True,False,False,False,1694523640,20,100,['Janarik Games LLC'],['Janarik Games LLC'],"['Rhythm', 'Platformer', ""1990's"", 'Level Editor', 'Music', 'Retro', 'Minimalist', '2D Platformer', '2D', 'Action', 'Singleplayer', 'Tutorial', 'Online Co-Op', 'Indie', 'Dogs', 'Controller', 'Dialogue Heavy', 'Fishing', 'Arcade', 'Multiple Endings']",2023-09-12 13:00:40,False,2022–23,,949,False,1.99,,,,,до $5,не указано
1226160,College Bowl,0,True,False,False,False,1718897504,265,84,['Super Pixel Games'],['Super Pixel Games'],"['Sports', 'Football (American)', 'Real Time Tactics', 'Immersive Sim', 'PvP', 'Arcade', 'eSports', 'Character Customization', '2.5D', 'Cute', '2D', 'Top-Down', 'Controller', 'Team-Based', 'Pixel Graphics', 'Moddable', 'Physics', '4 Player Local', 'Local Co-Op', 'Local Multiplayer']",2024-06-20 15:31:44,False,2024–25,4.0,3633,False,24.99,16.6,18.65,,,$20+,3–4
1230530,Atlas Fallen: Reign Of Sand,0,True,False,False,False,1691618020,2795,74,['Focus Entertainment'],['Deck13'],"['Action', 'Adventure', 'Action RPG', 'Action-Adventure', 'Exploration', 'Online Co-Op', '3D', 'Fantasy', 'Cinematic', 'Demons', 'Loot', 'Magic', 'Singleplayer', 'Mystery', 'Supernatural', 'Combat', 'Female Protagonist', 'RPG', 'Story Rich', 'Open World']",2023-08-09 21:53:40,False,2022–23,,1802,False,39.99,38.9,19.700000000000003,,,$20+,не указано
1234240,Last Farewell,0,True,False,False,False,1650380736,52,69,['Flat Tail Studios AB '],['Flat Tail Studios AB'],"['Action', 'Indie', 'Violent', 'Survival', 'Survival Horror', 'Multiplayer', 'Co-op', 'Early Access', 'Solitaire', 'First-Person', 'Roguelite', 'Hardware', '3D', 'Horror', 'Zombies', 'PvP', 'Combat', 'Online Co-Op', 'Singleplayer', 'RPG']",2022-04-19 15:05:36,False,2022–23,3.0,1139,False,14.99,,,,,$10–14.99,3–4
1236670,Codename: Terranova,0,True,False,False,False,1731321090,23,69,"['ACGames', '16 Bit Publishing ']",['ACGames'],"['Asynchronous Multiplayer', 'Co-op', 'Online Co-Op', 'Action', 'Multiplayer', 'Indie', 'Puzzle', 'First-Person', 'Time Management', 'Early Access', 'Experimental', 'Co-op Campaign', 'Action-Adventure', 'Arcade', 'Exploration', 'Hacking', '3D Platformer', 'Puzzle Platformer', 'Family Friendly', 'Modern']",2024-11-11 10:31:30,False,2024–25,2.0,3132,False,23.99,,,,,$20+,2
1243200,STUFFED,0,True,False,False,False,1718528637,246,77,['Amplified Games'],['Waving Bear Studio'],"['FPS', 'PvE', 'Shooter', 'Character Customization', '3D', 'First-Person', 'Cute', 'Funny', 'Action', 'Casual', 'Zombies', 'Tactical', 'Procedural Generation', 'Comedy', 'Co-op', 'Survival', 'Multiplayer', 'Online Co-Op', 'Stylized', 'Singleplayer']",2024-06-16 09:03:57,False,2024–25,4.0,896,False,12.99,6.3,1.7,,,$10–14.99,3–4
1253610,Knights of Braveland,0,True,False,False,False,1676565567,278,74,['Tortuga Team'],['Tortuga Team'],"[""Beat 'em up"", 'Online Co-Op', 'Roguelite', 'Local Co-Op', 'Hack and Slash', 'Action Roguelike', 'Co-op', '2D', '4 Player Local', 'Hand-drawn', 'Action', 'Side Scroller', 'Fantasy', 'Colorful', 'Local Multiplayer', 'RPG', 'Singleplayer', 'Cartoon', 'Multiplayer', 'Family Friendly']",2023-02-16 16:39:27,False,2022–23,4.0,1405,False,14.99,18.3,19.95,,,$10–14.99,3–4
1257660,Time Rift,0,True,False,False,False,1645089211,66,95,"['Abiding Bridge', 'IndieArk']","['Lightshards', 'Abiding Bridge']","['Puzzle', 'Time Manipulation', 'Retro', 'Controller', 'Indie', 'Fast-Paced', 'Difficult', '2D', ""Shoot 'Em Up"", 'Arcade', 'Sci-fi', 'Side Scroller', 'Action', 'Shooter', 'Great Soundtrack', 'Singleplayer', 'Co-op']",2022-02-17 09:13:31,False,2022–23,,1531,False,9.99,,,,,$5–9.99,не указано
1260320,Party Animals,0,True,False,False,False,1695208320,56306,81,['Source Technology'],['Recreate Games'],"['Multiplayer', 'Funny', 'Casual', 'Cute', 'Party Game', 'Co-op', 'Fighting', 'Action', 'PvP', 'Online Co-Op', 'Local Multiplayer', 'Party', 'Family Friendly', '4 Player Local', 'Local Co-Op', 'Physics', '3D Fighter', 'Team-Based', 'Indie', 'Action-Adventure']",2023-09-20 11:12:00,False,2022–23,,505,False,19.99,27.1,19.75,,,$15–19.99,не указано
1260800,Rocking Legend,0,True,False,False,False,1718647568,67,71,['Domuro Soft'],['Domuro Soft'],"['3D', 'Futuristic', 'Rhythm', 'Music', 'VR', 'Difficult', 'Arcade', 'Score Attack', 'PvP', 'Online Co-Op', 'First-Person', 'Relaxing', 'Controller', 'Rock Music', 'Music-Based Procedural Generation', 'Casual', 'Simulation', 'Abstract', 'Colorful', 'Realistic']",2024-06-17 18:06:08,False,2024–25,,1998,True,19.99,,,,,$15–19.99,не указано
1266470,Real VR Fishing,0,True,False,False,False,1733508106,185,74,"['Devs United Games, Inc.']","['Devs United Games, Inc']","['VR', 'Underwater', 'Fishing', 'Realistic', 'Casual', 'Immersive Sim', 'Multiplayer', 'Exploration', 'Relaxing', 'Idler', 'Sports', 'Nature', 'Tutorial', 'Arcade', 'First-Person', 'Controller', 'Open World', 'Simulation', '6DOF', 'Co-op']",2024-12-06 18:01:46,False,2024–25,4.0,1636,False,19.99,46.0,7.2,,,$15–19.99,3–4
1266700,Destroy All Humans! 2 - Reprobed,0,True,False,False,False,1661878787,2284,79,['THQ Nordic'],['Black Forest Games'],"['Aliens', 'Third-Person Shooter', 'Action-Adventure', 'Sci-fi', 'Co-op', 'Comedy', 'Adventure', 'Action', 'Third Person', 'Dark Comedy', 'Dark Humor', 'Destruction', 'Combat', 'Open World', 'Controller', 'Psychedelic', 'Local Co-Op', 'Local Multiplayer', 'Villain Protagonist', 'Multiplayer']",2022-08-30 16:59:47,False,2022–23,2.0,1087,False,39.99,30.8,14.1,,,$20+,2
1268750,Starship Troopers: Extermination,0,True,False,False,False,1728604776,29733,80,['Offworld'],['Offworld'],"['Online Co-Op', 'Action', 'FPS', 'Sci-fi', 'First-Person', 'Co-op', 'Multiplayer', 'Combat', 'Aliens', 'PvE', 'Arcade', 'Wargame', 'Shooter', 'Space', 'Base Building', 'Class-Based', 'Arena Shooter', '3D', 'Realistic', 'Singleplayer']",2024-10-10 23:59:36,False,2024–25,16.0,6572,False,29.99,4.3,31.75,34837859.0,1172.0,$20+,9+
1269300,This Means Warp,0,True,False,False,False,1683205305,438,71,['Jagex Ltd'],['Outlier'],"['Survival', 'Online Co-Op', 'Space', 'Co-op', 'Multiplayer', 'Top-Down', 'Sci-fi', 'Local Multiplayer', 'Roguelite', 'Co-op Campaign', 'Singleplayer', 'Action', 'Strategy', 'Arcade', '3D', 'Comedy', 'Roguelike', 'Funny', 'Controller', '4 Player Local']",2023-05-04 13:01:45,False,2022–23,4.0,2187,False,19.99,18.9,5.15,,,$15–19.99,3–4
1270820,Brothers in Blood: WW2,0,True,False,False,False,1707936588,6,0,['HDGS'],['HDGS'],"['Action', 'Indie', 'Violent', 'FPS', 'World War II', 'Co-op', 'Shooter', 'Early Access', 'Realistic', '3D', 'Cinematic', 'First-Person', 'Military', 'Atmospheric', 'Historical', 'War', 'Artificial Intelligence', 'Online Co-Op', 'Combat', 'Sniper']",2024-02-14 18:49:48,False,2024–25,8.0,697,False,9.99,,,,,$5–9.99,5–8
1272080,PAYDAY 3,0,True,False,False,False,1695308460,49556,45,['Starbreeze Entertainment'],['Starbreeze Studios'],"['Heist', 'Co-op', 'Crime', 'Multiplayer', 'Action', 'FPS', 'Shooter', 'Stealth', 'Tactical', 'Online Co-Op', 'Dark Humor', 'First-Person', 'PvE', 'Gun Customization', 'Combat', 'RPG', '3D', 'Realistic', ""Shoot 'Em Up"", 'Looter Shooter']",2023-09-21 15:01:00,False,2022–23,4.0,1275,False,29.99,13.6,28.8,52273836.0,1055.0,$20+,3–4
1274230,Legend of Kendor,0,True,False,True,False,1669942634,30,80,['pickysource'],['pickysource'],"['Action', 'Roguelike', 'Action Roguelike', 'Procedural Generation', 'Adventure', 'Indie', 'Top-Down', 'Pixel Graphics', 'Loot', 'Fantasy', 'Replay Value', 'Local Co-Op', 'Singleplayer', 'Early Access', 'Bullet Hell', 'Multiplayer', 'Difficult', 'Controller']",2022-12-02 00:57:14,False,2022–23,2.0,1544,False,4.99,,,,,до $5,2
1274700,You Alone Can Defeat Evil,0,True,False,True,False,1758812575,5,100,['Perfect Gen'],"['Edward Marchioni', 'Emily Dawn Gilliland']","['Dark Fantasy', 'Online Co-Op', 'Action', '2D', 'Metroidvania', 'Demons', 'Atmospheric', 'Top-Down Shooter', 'PvE', 'Story Rich', 'Difficult', 'Isometric', 'Action-Adventure', 'Survival', 'Controller', 'Magic', 'Casual', 'Pixel Graphics', 'Combat', 'Action RPG']",2025-09-25 15:02:55,False,2024–25,,2031,False,2.99,,,,,до $5,не указано
1280930,Astral Ascent,0,True,False,False,False,1699977293,5416,94,"['Hibernian Workshop', 'MP2 Games']",['Hibernian Workshop'],"['Action Roguelike', 'Roguelite', 'Hack and Slash', 'Indie', 'Atmospheric', 'Replay Value', 'Difficult', 'Story Rich', 'Anime', 'Hand-drawn', 'Roguelike', 'Magic', 'Perma Death', 'Pixel Graphics', 'Action', 'Co-op', 'Fantasy', 'Platformer', 'Singleplayer', 'Local Co-Op']",2023-11-14 15:54:53,False,2022–23,2.0,2726,False,24.99,31.4,28.65,,,$20+,2
1282760,Mad Streets,0,True,False,False,False,1647317118,201,84,['Craftshop Arts Inc.'],['Craftshop Arts Inc.'],"['Party', 'Stylized', 'Funny', 'Online Co-Op', 'Physics', 'Local Multiplayer', 'Action', 'Fighting', 'Party Game', 'Casual', 'Local Co-Op', 'Colorful', 'Co-op', '3D Fighter', 'Singleplayer', 'PvP', 'Martial Arts', 'Multiplayer', ""Beat 'em up"", 'Battle Royale']",2022-03-15 04:05:18,False,2022–23,5.0,2528,True,14.99,37.1,3.3,,,$10–14.99,5–8
1283550,Rotatex 3,0,True,False,True,False,1670577089,13,92,['Dnovel'],['Dnovel'],"['Casual', 'Adventure', 'Arcade', 'Puzzle', '2D Platformer', 'Side Scroller', 'Precision Platformer', '2D', 'Cute', 'Atmospheric', 'Linear', 'Singleplayer', 'Local Co-Op', 'Local Multiplayer', 'Early Access', 'Indie']",2022-12-09 09:11:29,False,2022–23,,487,False,9.99,,,,,$5–9.99,не указано
1285360,Alien Hominid HD,0,True,False,False,False,1698857195,594,95,['The Behemoth'],['The Behemoth'],"['Arcade', 'Action', ""Shoot 'Em Up"", 'Side Scroller', '2D', 'Hand-drawn', 'Local Co-Op', 'Old School', 'Aliens', 'Funny', 'Co-op', 'Multiplayer', 'Local Multiplayer', 'Singleplayer', 'Indie', 'Difficult', 'Great Soundtrack', 'Adventure']",2023-11-01 16:46:35,False,2022–23,2.0,1640,False,11.99,27.4,4.2,,,$10–14.99,2
1286580,Ship of Fools,0,True,False,False,False,1669136335,5062,82,['Team17'],['Fika Productions'],"['Local Co-Op', 'Online Co-Op', 'Action Roguelike', 'Roguelite', 'Local Multiplayer', 'Co-op', 'Top-Down Shooter', 'Action', 'Multiplayer', 'Roguelike', '2D', 'Cute', 'Combat', 'Fantasy', 'Singleplayer', 'Loot', 'Colorful', 'Funny', 'Indie', 'Naval']",2022-11-22 16:58:55,False,2022–23,,2730,False,21.99,43.1,10.850000000000001,4512348.0,891.0,$20+,не указано
1288320,Way of the Hunter,0,True,False,False,False,1660669013,8563,81,['THQ Nordic'],['Nine Rocks Games'],"['Adventure', 'Hunting', 'Shooter', 'Exploration', 'FPS', 'Realistic', 'Sports', 'First-Person', '3D', 'Nature', 'Colorful', 'Relaxing', 'Multiplayer', 'Open World', 'Stealth', 'Controller', 'Simulation', 'Co-op', 'Gun Customization', 'Singleplayer']",2022-08-16 16:56:53,False,2022–23,,2289,False,29.99,28.8,18.5,15197333.0,1775.0,$20+,не указано
1291970,Mythic Dungeons,0,True,False,False,False,1650617100,29,34,['Eurus Game Studio'],['Eurus Game Studio'],"['2D Platformer', 'Online Co-Op', 'Funny', 'Casual', 'PvE', 'Collectathon', 'Arcade', ""1990's"", 'Metroidvania', 'Hack and Slash', 'Class-Based', 'Platformer', 'Side Scroller', '2.5D', 'Vampires', 'Loot', 'Dragons', 'Mythology', '2D', 'Dark Fantasy']",2022-04-22 08:45:00,False,2022–23,10.0,1160,False,8.99,,,,,$5–9.99,9+
1296340,Undercat,0,True,False,False,False,1699625930,46,97,['SparkyTailGames'],['SparkyTailGames'],"['Family Friendly', 'Local Co-Op', 'Cute', '2D Platformer', 'Adventure', 'Indie', 'Pixel Graphics', 'Retro', 'Comedy', 'Dogs', 'PvP', '2D', 'Co-op', 'Action', 'Platformer', 'Multiplayer', 'Local Multiplayer', 'Singleplayer', 'Immersive Sim', 'Stealth']",2023-11-10 14:18:50,False,2022–23,,1479,True,14.99,,,,,$10–14.99,не указано
1297490,Superior: Vengeance,0,True,False,False,False,1692726078,106,77,['Gala Games'],['Drifter®'],"['Action', 'Roguelike', 'Shooter', 'Co-op', 'Superhero', 'Multiplayer', 'Action Roguelike', 'Anime', 'Co-op Campaign', 'Online Co-Op', 'Singleplayer', 'Third Person', 'Cartoon', 'Comic Book', '1980s', 'Sci-fi', 'Female Protagonist', 'Character Customization', 'Combat', 'Controller']",2023-08-22 17:41:18,False,2022–23,,1254,True,16.99,10.6,14.5,,,$15–19.99,не указано
1297680,Hex Gambit: Respawned,0,True,False,False,False,1709701247,7,100,['Blowfish Studios'],['One Man Left Studios'],"['3D', 'Turn-Based Tactics', 'Tactical RPG', 'Board Game', 'Turn-Based Strategy', 'Strategy RPG', 'Multiplayer', 'PvP', 'PvE', 'Turn-Based Combat', 'Co-op', '4 Player Local', 'Competitive', 'Tactical', 'Strategy', 'Tabletop', 'Grid-Based Movement', 'Hex Grid', 'Family Friendly', 'Controller']",2024-03-06 05:00:47,False,2024–25,4.0,1118,False,14.99,,,,,$10–14.99,3–4
1298540,Halloween Candy Reclaim,0,True,False,False,False,1730051877,4,100,['Sourcenity'],['Sourcenity'],"['On-Rails Shooter', 'PvE', 'PvP', 'Shooter', 'Arcade', 'Party Game', 'VR', 'Funny', 'Linear', 'Action', 'Casual', 'Family Friendly', 'Magic', 'Medieval', '6DOF', 'Co-op', 'Multiplayer', 'Singleplayer', '4 Player Local', 'Local Co-Op']",2024-10-27 17:57:57,False,2024–25,4.0,1680,False,5.99,,,,,$5–9.99,3–4
1299000,Toasted!,0,True,False,False,False,1647585267,2,0,['Polygon Dust Entertainment Ltd.'],['Polygon Dust Entertainment Ltd.'],"['Local Co-Op', 'Action', 'Vehicular Combat', 'Party', 'Co-op', 'Racing', 'Cute', 'Arcade', 'Local Multiplayer', '4 Player Local', 'PvP', 'Multiplayer', 'Driving', 'Singleplayer']",2022-03-18 06:34:27,False,2022–23,,1091,False,2.99,,,,,до $5,не указано
1299060,NOROI KAGO: the Grudged Domain,0,True,False,False,False,1746069141,105,79,"['TOEI ANIMATION Co.,Ltd', 'Toydium']",['Toydium'],"['Co-op', 'Horror', 'Online Co-Op', 'Action-Adventure', '3D Platformer', 'Action', '3D', 'Survival Horror', 'Stealth', 'Singleplayer', 'First-Person', 'Dark', 'Demons', 'Adventure', 'Psychological Horror', 'Supernatural', 'PvE', 'Multiplayer', 'Indie', 'Early Access']",2025-05-01 03:12:21,False,2024–25,4.0,1188,False,9.99,7.7,4.6,,,$5–9.99,3–4
1302230,Dead Containment,0,True,False,True,False,1666376660,64,92,['Grump Dog Games'],['Grump Dog Games'],"['Action', 'On-Rails Shooter', 'Arcade', 'Zombies', 'Casual', 'Co-op Campaign', 'Online Co-Op', 'Co-op', 'Multiplayer', 'Score Attack', 'Indie', 'Singleplayer', 'First-Person', 'Shooter', 'FPS', '3D', 'Horror', 'Old School', 'PvE', 'Controller']",2022-10-21 18:24:20,False,2022–23,,965,True,9.99,,,,,$5–9.99,не указано
1302240,Labyrinthine,0,True,False,False,False,1692377526,13801,84,['Valko Game Studios'],['Valko Game Studios'],"['Horror', 'Online Co-Op', 'Co-op', 'Multiplayer', 'Puzzle', 'Psychological Horror', 'Procedural Generation', 'Supernatural', 'First-Person', 'Controller', 'Atmospheric', 'Character Customization', 'Action-Adventure', 'PvE', 'Co-op Campaign', 'Team-Based', 'Realistic', 'Action', 'Lovecraftian', 'Roguelite']",2023-08-18 16:52:06,False,2022–23,8.0,2783,False,9.99,12.5,8.9,,,$5–9.99,5–8
1304680,Voidigo,0,True,False,False,False,1686225297,3784,96,['semiwork'],['semiwork'],"['Action Roguelike', 'Twin Stick Shooter', 'Roguelike', 'Local Co-Op', 'Bullet Hell', ""Shoot 'Em Up"", 'Roguelite', 'Top-Down Shooter', 'Funny', 'Pixel Graphics', 'Difficult', 'Comedy', 'Colorful', 'Cartoony', '2D', 'Shooter', 'Action', 'Singleplayer', 'Action-Adventure', 'Procedural Generation']",2023-06-08 11:54:57,False,2022–23,,793,False,4.99,25.3,16.25,,,до $5,не указано
1304930,The Outlast Trials,0,True,False,False,False,1709650061,91642,92,['Red Barrels'],['Red Barrels'],"['Horror', 'Multiplayer', 'Co-op', 'Survival Horror', 'Psychological Horror', 'First-Person', 'PvE', 'Stealth', 'Character Customization', 'Action', 'Survival', 'Dark Humor', 'Dark', 'Action-Adventure', 'Atmospheric', 'Realistic', 'Alternate History', 'Gore', 'Science', 'Adventure']",2024-03-05 14:47:41,False,2024–25,4.0,4987,False,39.99,22.0,5.699999999999999,,,$20+,3–4
1305640,Beyond Hope,0,True,False,False,False,1693245516,4,25,['Wildlak'],['Wildlak'],"['Action', 'Adventure', 'Casual', 'Indie', 'Co-op', 'Multiplayer', 'Early Access', 'Action-Adventure', 'FPS', '3D', 'Sci-fi', 'Base Building', 'Combat', 'Crafting', 'Online Co-Op', 'Singleplayer', 'Building', 'Space', 'Survival']",2023-08-28 17:58:36,False,2022–23,,1577,False,0.99,,,,,до $5,не указано
1307180,"Operation: Harsh Doorstop ""Closed Beta""",0,True,False,True,False,1680154505,23,86,[],['Drakeling Labs'],"['Action', 'Shooter', 'FPS', '3D', 'First-Person', 'Military', 'PvP', 'Combat', 'Co-op', 'Early Access', 'Multiplayer', 'Online Co-Op', 'Singleplayer']",2023-03-30 05:35:05,False,2022–23,,2636,False,34.99,,,,,$20+,не указано
1311570,Desecrators,0,True,False,False,False,1740773633,330,96,['Perp Games'],['Woodhound'],"['Flight', '6DOF', 'First-Person', 'Singleplayer', 'Shooter', 'Old School', 'Boomer Shooter', 'Retro', 'Roguelike', ""1990's"", 'Sci-fi', 'Procedural Generation', 'Indie', 'Atmospheric', '3D', 'Online Co-Op', 'Robots', 'Action', 'Stylized', 'FPS']",2025-02-28 20:13:53,False,2024–25,4.0,2060,False,14.99,48.7,9.100000000000001,,,$10–14.99,3–4
1318820,Cyberpulse,0,True,False,False,False,1716313968,26,96,['Digital Tribe'],['Scherzo Games'],"['Twin Stick Shooter', 'Arena Shooter', 'Action Roguelike', 'Local Multiplayer', 'Physics', ""Shoot 'Em Up"", 'Bullet Hell', 'Co-op', 'PvP', 'Top-Down Shooter', 'Arcade', 'Action', 'Sci-fi', 'Controller', 'PvE', 'Top-Down', 'Colorful', 'Retro', 'Score Attack', 'Indie']",2024-05-21 17:52:48,False,2024–25,4.0,1977,False,14.99,,,,,$10–14.99,3–4
1320490,Princess Farmer,0,True,False,False,False,1648742430,125,96,['Whitethorn Games'],['Samobee Games'],"['LGBTQ+', 'Match 3', 'Pixel Graphics', 'Story Rich', 'Female Protagonist', '2D', 'Cute', 'Funny', 'Farming', 'Casual', 'Relaxing', 'Puzzle', 'Interactive Fiction', 'Colorful', 'Fantasy', 'Magic', 'Retro', 'Singleplayer', 'Visual Novel', 'Co-op']",2022-03-31 16:00:30,False,2022–23,,3502,True,14.99,43.5,6.3,,,$10–14.99,не указано
1322100,Battle Bands: Rock & Roll Deckbuilder,0,True,False,False,False,1699878200,170,90,['Aerie Digital'],['Aerie Digital'],"['Roguelike Deckbuilder', 'Card Battler', 'Roguelike', 'Deckbuilding', 'Character Customization', 'Hand-drawn', 'Multiplayer', ""1990's"", 'Tactical', 'PvP', 'Online Co-Op', 'Turn-Based Combat', 'Turn-Based Tactics', 'PvE', 'Competitive', 'Strategy RPG', 'Co-op', 'Early Access', 'RPG', 'Singleplayer']",2023-11-13 12:23:20,False,2022–23,4.0,2487,False,14.99,10.8,27.6,,,$10–14.99,3–4
1324530,"Warhammer 40,000: Shootas, Blood & Teef",0,True,False,False,False,1666277689,2591,87,['Rogueside'],['Rogueside'],"['PvP', 'Adventure', 'Side Scroller', '2D Platformer', ""Shoot 'Em Up"", 'Bullet Hell', 'Twin Stick Shooter', 'Shooter', ""Beat 'em up"", 'Platformer', 'Arcade', '2D', 'Action-Adventure', 'Funny', 'Co-op', 'Cartoony', 'Action', 'Hand-drawn', 'Local Co-Op', 'Local Multiplayer']",2022-10-20 14:54:49,False,2022–23,,2556,False,19.99,21.8,5.3,,,$15–19.99,не указано
1329500,SpiderHeck,0,True,False,False,False,1663862222,3945,93,['tinyBuild'],['Neverjam'],"['Local Multiplayer', 'Physics', '2D Fighter', 'Funny', 'Fighting', 'PvP', 'Parkour', 'Swordplay', 'Multiplayer', '2D', 'Action', '4 Player Local', 'Futuristic', 'Comedy', 'Local Co-Op', 'Co-op', 'Combat', 'Colorful', 'Online Co-Op', 'Sci-fi']",2022-09-22 15:57:02,False,2022–23,,1285,False,14.99,54.5,10.95,14814413.0,3755.0,$10–14.99,не указано
1332660,Super Punch Patrol,0,True,False,False,False,1663688288,9,77,['Hörberg Productions'],['Hörberg Productions'],"['Action', '2D Fighter', 'Arcade', ""Beat 'em up"", '2.5D', 'Hand-drawn', 'Stylized', 'Cartoony', 'Cartoon', '1980s', ""1990's"", 'LGBTQ+', 'Controller', 'Co-op', 'Local Co-Op', 'Singleplayer', 'Indie', 'Multiplayer', 'Local Multiplayer']",2022-09-20 15:38:08,False,2022–23,,674,False,5.99,,,,,$5–9.99,не указано
1334110,FREAKOUT,0,True,False,False,False,1669993487,49,40,['Janner'],['Janner'],"['Horror', 'Online Co-Op', 'Multiplayer', 'Survival Horror', 'Co-op', 'Survival', 'Dark', 'Indie', 'First-Person', 'Atmospheric', 'Psychological Horror', 'Difficult', 'Singleplayer', 'Puzzle', 'Stealth', 'Gore', 'Action', 'Violent', 'FPS', '3D']",2022-12-02 15:04:47,False,2022–23,4.0,1740,False,4.99,,,,,до $5,3–4
1335400,Rangers,0,True,False,False,False,1656448916,1,100,['Sektan'],['Sektan'],"['Singleplayer', 'Action', 'Multiplayer', 'Co-op', 'Third-Person Shooter', 'Shooter', 'Third Person', 'Survival', 'Indie', 'Combat', 'Western']",2022-06-28 20:41:56,False,2022–23,4.0,606,False,5.99,,,,,$5–9.99,3–4
1337930,Inkighter,0,True,False,False,False,1721112414,1,0,['JOYTOART GAMING LIMITED'],['AQUALEN STUDIO'],"['2D Fighter', 'Spectacle fighter', 'Stylized', 'Hand-drawn', 'Mythology', 'Combat', 'Singleplayer', 'Indie', 'Action', 'Action RPG', '2D', 'Early Access', 'Fantasy', 'Strategy', 'Turn-Based Strategy', 'RPG', 'Adventure', 'Co-op', 'Online Co-Op', 'Multiplayer']",2024-07-16 06:46:54,False,2024–25,,1135,False,15.99,,,,,$15–19.99,не указано
1340180,Sherwood Extreme,0,True,False,False,False,1714399244,20,100,['CAGE Studios'],['CAGE Studios'],"['Third-Person Shooter', 'Online Co-Op', 'Archery', 'Parkour', 'Boomer Shooter', 'PvE', 'Shooter', 'Action RPG', 'Physics', 'Arcade', 'Action', 'Action-Adventure', 'RPG', 'Comic Book', 'Third Person', 'Funny', 'Singleplayer', 'Cartoony', 'Score Attack', 'Adventure']",2024-04-29 14:00:44,False,2024–25,,1443,False,9.99,,,,,$5–9.99,не указано
1341290,We Were Here Forever,0,True,False,False,False,1652179614,16286,90,['Total Mayhem Games'],['Total Mayhem Games'],"['Puzzle', 'Online Co-Op', 'Escape Room', 'Co-op', 'Multiplayer', 'Co-op Campaign', '3D', 'Fantasy', 'Mystery', 'Exploration', 'Adventure', 'Psychological Horror', 'Detective', 'Story Rich', 'Atmospheric', 'Dark', 'Action-Adventure', 'Casual', 'Horror', 'First-Person']",2022-05-10 10:46:54,False,2022–23,2.0,3835,False,17.99,41.0,12.9,,,$15–19.99,2
1342900,Basketing,0,True,False,False,False,1654808400,10,90,['Gestalt Development Studio'],['Gestalt Development Studio'],"['Online Co-Op', 'Character Customization', '3D', 'Physics', 'Co-op', 'Multiplayer', 'Casual', 'Arcade', 'Sports', 'Funny', 'Family Friendly', '4 Player Local', 'Local Co-Op', 'Local Multiplayer', 'Split Screen', 'Retro', 'Relaxing', 'PvP', 'Team-Based', 'Minimalist']",2022-06-09 21:00:00,False,2022–23,,2862,False,1.99,,,,,до $5,не указано
1345320,Deep Space Gardening,0,True,False,False,False,1676311221,23,69,['Nevolane'],['Nevolane'],"['Team-Based', 'Local Co-Op', 'Online Co-Op', 'Colorful', 'Action', 'Space', 'Nature', 'Multiplayer', 'Cute', '4 Player Local', 'Indie', 'Local Multiplayer', 'Co-op', '3D', 'Singleplayer', 'Early Access', 'Casual', 'Time Management', 'Agriculture', 'Atmospheric']",2023-02-13 18:00:21,False,2022–23,4.0,1945,False,14.99,,,,,$10–14.99,3–4
1351000,Gangs of Sherwood,0,True,False,False,False,1701363654,189,38,['Nacon'],['Appeal Studios'],"['Action', 'Co-op', 'Multiplayer', 'PvE', 'Online Co-Op', 'Singleplayer', 'Atmospheric', 'Shooter', 'Adventure', 'Third Person', 'RPG', 'Character Customization', 'Combat', 'Sci-fi', 'Fantasy', 'Violent', 'Looter Shooter', 'Team-Based', 'Female Protagonist', 'Dystopian ']",2023-11-30 17:00:54,False,2022–23,4.0,262,False,39.99,27.2,2.85,,,$20+,3–4
1352470,Carrot Heart,0,True,False,False,False,1644098766,1,0,['Moon Pub Games'],['Moon Pub Games'],"['Action Roguelike', 'Online Co-Op', 'Roguelite', 'Indie', 'Dungeon Crawler', 'Action', 'Roguelike', 'Procedural Generation', 'Hack and Slash', 'Adventure', '2D', 'Top-Down', 'Crafting', 'Co-op', 'Early Access', 'Multiplayer', 'Singleplayer']",2022-02-05 22:06:06,False,2022–23,2.0,2679,False,7.99,,,,,$5–9.99,2
1353830,Horrors of Space,0,True,False,True,False,1664543249,22,40,['JMN'],['JMN'],"['Action', 'Survival Horror', 'Thriller', 'Adventure', 'Online Co-Op', 'Action-Adventure', 'Artificial Intelligence', 'FPS', '3D', 'Sci-fi', 'First-Person', 'Realistic', 'Cinematic', 'Horror', 'Space', 'Aliens', 'VR', 'Survival', 'Multiplayer', 'Futuristic']",2022-09-30 13:07:29,False,2022–23,4.0,1708,False,2.99,,,,,до $5,3–4
1354260,Brave Escape,0,True,False,False,False,1738338418,146,97,['Hit Start Studios'],['Hit Start Studios'],"['Precision Platformer', 'Co-op', 'Difficult', 'Atmospheric', '2D Platformer', 'Puzzle Platformer', 'Online Co-Op', 'Local Co-Op', 'Pixel Graphics', 'Sci-fi', 'Robots', 'Physics', 'Platformer', '2D', 'Controller', 'Linear', 'Side Scroller', 'Retro', 'Action', 'Adventure']",2025-01-31 15:46:58,False,2024–25,2.0,1633,True,19.99,57.7,20.5,,,$15–19.99,2
1355200,Uber Destruction,0,True,False,False,False,1717786305,19,94,['Hayden Fisher'],['Hayden Fisher'],"['Action Roguelike', 'Bullet Hell', 'Shooter', 'Side Scroller', 'Pixel Graphics', 'Top-Down Shooter', 'Twin Stick Shooter', 'Roguelite', 'Perma Death', 'Difficult', 'Action-Adventure', 'Roguelike', '2D', 'Top-Down', 'Funny', 'Action', 'Adventure', 'Co-op', 'Local Co-Op', 'Local Multiplayer']",2024-06-07 18:51:45,False,2024–25,,740,False,1.99,,,,,до $5,не указано
1358790,Tipston Salvage,0,True,False,False,False,1728572144,80,97,['Pontus Karlsson'],['Pontus Karlsson'],"['Local Co-Op', 'Co-op Campaign', 'Difficult', 'Family Friendly', 'Time Management', 'Co-op', 'Local Multiplayer', 'Physics', '4 Player Local', '2.5D', 'Stylized', 'Driving', 'Strategy', 'Top-Down', 'Multiplayer', 'Indie', 'Team-Based', 'Tactical', 'Racing']",2024-10-10 14:55:44,False,2024–25,4.0,1917,False,16.99,,,,,$15–19.99,3–4
1359090,Zero Hour,0,True,False,False,False,1725897730,28583,78,['AttritoM7 Productions'],['AttritoM7 Productions'],"['Tactical', 'Shooter', 'FPS', 'Realistic', 'Multiplayer', 'Action', 'Singleplayer', 'Co-op', 'Military', 'First-Person', 'Online Co-Op', 'Third-Person Shooter', 'PvP', 'Team-Based', 'Strategy', 'Simulation', 'Immersive Sim', 'Combat', 'Stealth', 'PvE']",2024-09-09 16:02:10,False,2024–25,10.0,3402,False,9.99,8.4,5.45,71032564.0,2485.0,$5–9.99,9+
1361210,"Warhammer 40,000: Darktide",0,True,False,False,False,1669831200,108993,72,['Fatshark'],['Fatshark'],"['Co-op', 'PvE', 'FPS', 'Class-Based', 'Combat', 'Gore', 'Violent', 'Action RPG', 'Atmospheric', 'Horror', 'Realistic', 'Character Customization', 'Co-op Campaign', 'First-Person', 'Crafting', 'Zombies', 'Dark', 'Shooter', 'Action', 'RPG']",2022-11-30 18:00:00,False,2022–23,,2499,False,39.99,21.9,64.75,,,$20+,не указано
1361510,Teenage Mutant Ninja Turtles: Shredder's Revenge,0,True,False,False,False,1655384280,12981,94,['Dotemu'],['Tribute Games Inc.'],"[""Beat 'em up"", 'Multiplayer', 'Pixel Graphics', 'Side Scroller', 'Co-op Campaign', '2D', 'Action-Adventure', 'Arcade', 'Ninja', 'Action', 'Martial Arts', 'Colorful', 'Indie', 'Cartoon', 'Local Co-Op', 'Family Friendly', 'Comic Book', 'Singleplayer', 'Atmospheric', 'Adventure']",2022-06-16 12:58:00,False,2022–23,6.0,2262,False,24.99,32.0,5.0,,,$20+,5–8
1363680,FALLING OUT,0,True,False,False,False,1665004566,21,85,['Balor Games'],['PolyCrunch Games'],"['Local Co-Op', 'Multiplayer', 'Replay Value', 'Platformer', 'Co-op', 'Roguelike', '2D Platformer', 'Perma Death', 'Action', 'Adventure', '2D', 'PvP', 'Singleplayer', 'Precision Platformer', 'Roguelite', 'Funny', 'Controller', 'Procedural Generation', 'Colorful', 'Pixel Graphics']",2022-10-05 21:16:06,False,2022–23,2.0,2072,False,14.99,,,,,$10–14.99,2
1366390,LuPR: Lunar Post Recruit,0,True,False,False,False,1745015367,8,100,['Epic Tech Labs LLC'],['Epic Tech Labs LLC'],"['Retro', 'Old School', ""1990's"", 'Action', 'Arena Shooter', 'FPS', 'Local Multiplayer', 'Split Screen', '4 Player Local', 'PvP', 'PvE', 'Artificial Intelligence', 'Character Customization', 'Singleplayer', 'Party Game', 'Combat', 'Local Co-Op', 'Shooter', 'Team-Based', 'First-Person']",2025-04-18 22:29:27,False,2024–25,4.0,2058,True,4.99,,,,,до $5,3–4
1369720,Innchanted,0,True,False,False,False,1680015600,117,84,['Twin Sails Interactive'],['DragonBear Studios'],"['Casual', 'Co-op', 'Indie', 'Online Co-Op', 'Multiplayer', 'Family Friendly', 'Action RPG', 'Action-Adventure', 'Co-op Campaign', 'Time Management', 'Magic', 'Fantasy', 'Colorful', 'Cute', 'Simulation', 'Top-Down', 'Local Multiplayer', 'Management', '4 Player Local', 'Funny']",2023-03-28 15:00:00,False,2022–23,4.0,3005,False,19.99,30.5,8.85,,,$15–19.99,3–4
1374350,Tiny Troopers: Global Ops,0,True,False,False,False,1678359153,38,50,['Wired Productions'],"['Epiphany Games', 'Kukouri Mobile Entertainment']","[""Shoot 'Em Up"", 'Top-Down Shooter', 'Twin Stick Shooter', 'Shooter', 'Top-Down', 'Arcade', 'Character Customization', '3D', 'Split Screen', 'Funny', 'Co-op', 'Controller', 'Casual', 'Local Co-Op', 'Online Co-Op', 'Multiplayer', 'Action', 'Singleplayer', 'Colorful', 'Cute']",2023-03-09 10:52:33,False,2022–23,4.0,1920,False,19.99,,,,,$15–19.99,3–4
1375290,Working Zombies Steam Edition,0,True,False,False,False,1678147299,2,100,['Jupiter Corporation'],['Jupiter Corporation'],"['Casual', 'Action', 'Zombies', 'Cute', '2D', '2D Platformer', 'Puzzle', 'Singleplayer', 'Co-op', 'Local Co-Op', 'Indie', 'Top-Down', 'Score Attack', 'Tutorial', 'Multiplayer']",2023-03-07 00:01:39,False,2022–23,,920,False,19.99,,,,,$15–19.99,не указано
1375630,Pantomime,0,True,False,True,False,1731369600,0,0,"['Squalr, Inc.']","['Zachary Canann', 'Jarod Castillo']","['Adventure', 'Casual', 'Puzzle', 'Experimental', 'Exploration', 'Immersive Sim', '3D', 'Third Person', 'Indie', 'Early Access', 'Action', 'Team-Based', 'Multiplayer', 'Online Co-Op']",2024-11-12 00:00:00,False,2024–25,,3066,False,24.99,,,,,$20+,не указано
1375650,Chasers Dash & Bash,0,True,False,False,False,1753894698,15,93,['Flipstar'],['Flipstar'],"['Multiplayer', 'Action', 'Funny', 'Racing', 'Casual', 'Family Friendly', 'Party', 'Combat Racing', 'Sports', 'Cartoony', 'Cute', 'Local Multiplayer', 'Colorful', 'Online Co-Op', 'Early Access', '4 Player Local', 'Team-Based', 'Battle Royale', 'PvP', 'Arena Shooter']",2025-07-30 16:58:18,False,2024–25,12.0,2198,False,9.99,,,,,$5–9.99,9+
1376150,Roadkill,0,True,False,False,False,1660159810,1,100,['Scary Monster Studios'],['Scary Monster Studios'],"['Shooter', 'Arcade', 'Combat Racing', 'MOBA', 'Battle Royale', 'Destruction', 'Post-apocalyptic', 'PvP', 'Arena Shooter', 'Third Person', 'Combat', 'Multiplayer', 'Singleplayer', '3D', 'Automobile Sim', 'First-Person', 'Offroad', 'Casual', 'Co-op', 'Atmospheric']",2022-08-10 19:30:10,False,2022–23,,2082,False,12.99,,,,,$10–14.99,не указано
1378800,Squad 51 vs. the Flying Saucers,0,True,False,False,False,1663761583,200,92,"['WhisperGames', 'Assemble Entertainment']","['Loomiarts', 'Fehorama Filmes']","[""Shoot 'Em Up"", 'FMV', 'Side Scroller', 'Arcade', 'Space', 'Cinematic', 'Retro', 'Singleplayer', 'Local Co-Op', 'Adventure', 'Old School', 'Multiplayer', 'Aliens', 'Sci-fi', 'Noir', 'Action-Adventure', 'Physics', 'Combat', 'Story Rich', 'Racing']",2022-09-21 11:59:43,False,2022–23,,1873,False,19.99,33.0,3.45,,,$15–19.99,не указано
1382190,Killer in the cabin,0,True,False,False,False,1652360645,46,80,['Games People Play'],['Games People Play'],"['Social Deduction', 'Dialogue Heavy', 'Co-op', 'Survival', 'Multiplayer', 'Action-Adventure', 'Team-Based', 'Action', 'Adventure', 'Exploration', 'Outbreak Sim', 'PvP', '3D', 'Third Person', 'Noir', 'Colorful', 'Psychological', 'Diplomacy', 'Crime', 'Investigation']",2022-05-12 13:04:05,False,2022–23,,1497,False,6.99,,,,,$5–9.99,не указано
1383280,Josh Journey: Darkness Totems,0,True,False,False,False,1665873603,17,76,['QUByte Interactive'],['Provincia Studio'],"[""Beat 'em up"", 'Cartoon', 'Hand-drawn', '2D', 'Co-op', 'Multiplayer', 'Cartoony', 'Fighting', 'Adventure', 'Colorful', 'Action', '2.5D', 'Casual', 'Action-Adventure', 'Character Action Game', 'Cute', 'Stylized', '1980s', ""1990's"", 'Fantasy']",2022-10-15 22:40:03,False,2022–23,,2445,True,13.99,,,,,$10–14.99,не указано
1385380,Across the Obelisk,0,True,False,False,False,1660662275,10748,80,"['Paradox Interactive', 'Paradox Arc']",['Dreamsite Games'],"['Casual', 'Adventure', 'Tactical', 'Turn-Based Strategy', 'Roguelike Deckbuilder', 'Card Game', 'Roguelike', 'Deckbuilding', 'Card Battler', 'Procedural Generation', 'Indie', 'Turn-Based', 'Co-op', 'Strategy', 'Tactical RPG', 'Singleplayer', 'Roguelite', 'Online Co-Op', 'Replay Value', 'Dungeon Crawler']",2022-08-16 15:04:35,False,2022–23,4.0,3178,False,19.99,28.6,51.45,,,$15–19.99,3–4
1386650,ZCREW,0,True,False,False,False,1662972116,332,51,['Snail Games USA'],['Emotion Studio'],"['Action-Adventure', '3D', 'Zombies', 'Top-Down Shooter', 'Looter Shooter', 'Gun Customization', 'Roguelite', '4 Player Local', 'Third Person', 'Isometric', 'Online Co-Op', 'Singleplayer', 'Local Co-Op', 'Multiplayer', 'Post-apocalyptic', 'Adventure', 'Co-op', 'Action', 'Roguelike', 'Third-Person Shooter']",2022-09-12 08:41:56,False,2022–23,5.0,2121,False,6.99,8.2,5.7,,,$5–9.99,5–8
1390700,The Crackpet Show,0,True,False,False,False,1671116418,703,86,"['Ravenage Games', 'Ripples Asia Venture']",['Vixa Games'],"['Funny', 'Difficult', 'Twin Stick Shooter', 'Action Roguelike', 'Roguelike', 'Dark Humor', 'Cute', ""Shoot 'Em Up"", 'Controller', 'Replay Value', 'Bullet Hell', 'Shooter', 'Atmospheric', 'Procedural Generation', 'Roguelite', 'Co-op', 'Indie', 'Local Multiplayer', 'Dungeon Crawler', 'Local Co-Op']",2022-12-15 15:00:18,False,2022–23,4.0,2445,True,16.99,21.5,6.9,,,$15–19.99,3–4
1391200,Pixel With Your Friends,0,True,False,False,False,1722621270,53,100,['SkyCat Games'],['SkyCat Games'],"['Casual', 'Tabletop', 'Board Game', 'Online Co-Op', 'Relaxing', 'Family Friendly', 'Pixel Graphics', 'Fantasy', 'Co-op', 'Singleplayer', 'Multiplayer', '2D', 'Hand-drawn', 'Colorful', 'Cute', 'Atmospheric', 'Education', 'Anime', 'Indie', 'Cozy']",2024-08-02 17:54:30,False,2024–25,,1006,False,4.99,,,,,до $5,не указано
1392560,Serious Fun Football,0,True,False,True,False,1657814331,51,41,['KW-SFF'],['KW-SFF'],"['Football (Soccer)', 'Singleplayer', 'Multiplayer', 'PvP', 'Physics', 'Competitive', '3D', 'Arcade', 'Top-Down', 'Co-op', 'Local Co-Op', 'Local Multiplayer', 'Team-Based', 'Party Game', 'Realistic', 'Cartoony', 'Tactical', 'Artificial Intelligence', 'Sports', 'Simulation']",2022-07-14 15:58:51,False,2022–23,3.0,4113,True,9.99,,,,,$5–9.99,3–4
1392980,Leif's Adventure: Netherworld Hero,0,True,False,False,False,1734601737,15,86,['Mindscape'],['OneManOnMars Art &amp; Games e.K'],"['2D Platformer', 'Action-Adventure', 'Co-op Campaign', '2D Fighter', 'Metroidvania', 'Fighting', 'Puzzle Platformer', 'Atmospheric', '2D', 'Side Scroller', 'Local Co-Op', 'Co-op', 'Platformer', 'Hand-drawn', 'Adventure', 'Singleplayer', 'Hack and Slash', 'Fantasy', 'Action', 'Colorful']",2024-12-19 09:48:57,False,2024–25,,1940,True,19.99,,,,,$15–19.99,не указано
1393570,Superbugs: Awaken,0,True,False,False,False,1648062114,140,92,['Together Games'],['Together Games'],"['Online Co-Op', 'Difficult', 'Fast-Paced', 'Puzzle', 'Co-op', 'Action', 'Multiplayer', '3D', 'Action-Adventure', 'Funny', 'Dialogue Heavy', 'Indie', 'Local Co-Op', 'First-Person', 'Stylized', 'FPS', 'Local Multiplayer', 'Adventure', 'Roguelike', 'Strategy']",2022-03-23 19:01:54,False,2022–23,,963,False,14.99,2.9,2.0,,,$10–14.99,не указано
1393580,The Amulet of AmunRun,0,True,False,False,False,1651079132,12,66,['Fruits of Yggdrasil Studio'],['Fruits of Yggdrasil Studio'],"['Adventure', 'Co-op Campaign', 'Exploration', 'Family Friendly', '3D Platformer', '3D', 'First-Person', 'Stylized', 'Detective', 'Multiplayer', 'Fantasy', 'Historical', 'Online Co-Op', 'Linear', 'Team-Based', 'Co-op', 'Indie', 'Strategy', 'Puzzle', 'Action-Adventure']",2022-04-27 17:05:32,False,2022–23,,1934,False,11.99,,,,,$10–14.99,не указано
1398300,Suspicious Shuffle,0,True,False,False,False,1686880132,13,100,['Sami Kilani'],['Sami Kilani'],"['Online Co-Op', 'Arcade', 'Multiplayer', 'Party Game', 'PvP', 'Co-op Campaign', 'Singleplayer', 'Minimalist', '2D', 'Score Attack', 'Colorful', 'Time Management', 'Resource Management', 'Action', 'Casual', 'PvE', 'Strategy', 'Action RTS', 'Puzzle Platformer', 'Top-Down Shooter']",2023-06-16 01:48:52,False,2022–23,6.0,1307,False,4.99,,,,,до $5,5–8
1403400,Sky Squadron,0,True,False,False,False,1711615808,12,100,['Trick Shot Development'],['Trick Shot Development'],"['On-Rails Shooter', ""Shoot 'Em Up"", 'Flight', 'Shooter', 'Arcade', 'Cute', 'First-Person', 'VR', 'Action', 'Vehicular Combat', 'Simulation', 'Colorful', 'Family Friendly', 'Comedy', 'Cartoon', 'Co-op', 'Co-op Campaign', 'Multiplayer', 'Online Co-Op', 'Singleplayer']",2024-03-28 08:50:08,False,2024–25,,2169,True,9.99,,,,,$5–9.99,не указано
1405010,Exotic Kosmos,0,True,False,False,False,1691647289,0,0,['Alter Games Brasil'],['Alter Games Brasil'],"['Sports', '2D Fighter', ""Beat 'em up"", 'PvP', '4 Player Local', 'Spectacle fighter', 'Boxing', 'Martial Arts', 'Top-Down', 'Arcade', 'Soundtrack', 'PvE', 'Local Co-Op', 'Local Multiplayer', '2D', 'Action', '1980s', 'Class-Based']",2023-08-10 06:01:29,False,2022–23,4.0,1128,False,1.99,,,,,до $5,3–4
1407640,Rascal's Escape,0,True,False,False,False,1733916868,6,66,['the Good Evil GmbH'],['the Good Evil GmbH'],"['Adventure', '3D Platformer', 'Exploration', 'Family Friendly', 'Local Co-Op', 'Character Action Game', 'Education', 'Team-Based', 'Choose Your Own Adventure', 'Relaxing', 'Nature', 'Action-Adventure', 'Cute', 'Colorful', 'Tabletop', 'Cats', 'Investigation', 'Atmospheric', 'Cooking', 'Split Screen']",2024-12-11 11:34:28,False,2024–25,,2123,False,29.99,,,,,$20+,не указано
1410540,Alpha Squadron,0,True,False,False,False,1754118256,1,100,['Ender Toone'],"[""Ender's Workshop""]","['Action', ""Shoot 'Em Up"", 'Arcade', 'Pixel Graphics', 'Co-op', 'Space', 'Linear', 'Local Co-Op', 'Multiplayer', 'Singleplayer', 'Local Multiplayer', 'Side Scroller']",2025-08-02 07:04:16,False,2024–25,4.0,849,False,2.99,,,,,до $5,3–4
1411020,Perennial Order,0,True,False,False,False,1725605964,695,93,['SOEDESCO'],['Gardenfiend Games'],"['Boss Rush', 'Souls-like', 'Dark Fantasy', 'Co-op', 'Horror', 'Local Co-Op', 'Online Co-Op', 'Atmospheric', 'Lore-Rich', 'Lovecraftian', 'RPG', 'Action-Adventure', 'Difficult', 'Hand-drawn', 'Hack and Slash', 'Action', 'Combat', 'Adventure', '2D', 'Indie']",2024-09-06 06:59:24,False,2024–25,2.0,2229,False,19.99,33.2,12.55,,,$15–19.99,2
1420350,Fraymakers,0,True,False,True,False,1674097352,1283,81,"['Team Fray', 'McLeodGaming']","['Team Fray', 'McLeodGaming']","['Indie', 'Fighting', '2D Fighter', 'Multiplayer', 'Action', 'Pixel Graphics', 'Character Customization', 'Local Multiplayer', 'PvP', 'Competitive', '2D', '4 Player Local', 'Early Access', 'Co-op', 'Moddable', 'Controller', ""Beat 'em up"", 'Arcade', 'Singleplayer', 'Local Co-Op']",2023-01-19 03:02:32,False,2022–23,4.0,2006,False,19.99,28.7,12.149999999999999,,,$15–19.99,3–4
1423330,Ancient Warfare: The Han Dynasty,0,True,False,True,False,1695738000,1709,68,['方块游戏(CubeGame)'],['不秋草游戏工作室(Bamboo Games)'],"['War', 'Historical', 'Tactical', 'Wargame', 'Military', 'Grand Strategy', 'Singleplayer', 'Tactical RPG', 'Resource Management', 'Hand-drawn', 'Combat', 'Strategy', 'Turn-Based Strategy', 'Political Sim', 'RTS', 'Real Time Tactics', 'Turn-Based Tactics', 'Co-op', '4X', 'Simulation']",2023-09-26 14:20:00,False,2022–23,,2171,False,16.99,34.2,5.95,,,$15–19.99,не указано
1424860,Bish Bash Bots,0,True,False,False,False,1697720436,146,76,['Balor Games'],['CATASTROPHIC_OVERLOAD'],"['Tower Defense', 'Co-op', 'Co-op Campaign', 'Cute', 'Multiplayer', 'Action', '3D', 'Family Friendly', 'Cartoony', 'Wholesome', 'Physics', 'Local Co-Op', 'Casual', 'Funny', 'Top-Down', ""Beat 'em up"", 'Online Co-Op', 'Strategy', 'Singleplayer', 'Female Protagonist']",2023-10-19 13:00:36,False,2022–23,4.0,2298,False,19.99,17.4,7.5,,,$15–19.99,3–4
1425000,Endless Alice,0,True,False,True,False,1736956878,2377,91,"['HowlingRain', '台灣響雨互娛', '響雨@OSAKA']","['HowlingRain', '台灣響雨互娛', '響雨@OSAKA']","['Action Roguelike', 'Indie', 'Third-Person Shooter', 'Online Co-Op', 'Hack and Slash', 'JRPG', 'Anime', 'Action', 'PvE', 'Shooter', 'Roguelite', 'Adventure', 'First-Person', 'FPS', 'Looter Shooter', 'Third Person', 'Sci-fi', 'Multiplayer', 'Futuristic', 'Co-op']",2025-01-15 16:01:18,False,2024–25,5.0,683,True,8.99,65.5,5.35,,,$5–9.99,5–8
1425590,HYPER METEOR,0,True,False,False,False,1690472921,16,100,['Vertex Pop'],['Vertex Pop'],"[""Shoot 'Em Up"", 'Bullet Hell', 'Colorful', 'Score Attack', 'Local Co-Op', 'Space', 'Arcade', 'Minimalist', 'Abstract', 'Arena Shooter', 'Action', 'Top-Down Shooter', '2D', 'Pixel Graphics', 'Retro', 'Controller', 'Co-op', 'Local Multiplayer', 'Multiplayer', 'Top-Down']",2023-07-27 15:48:41,False,2022–23,2.0,987,False,7.99,,,,,$5–9.99,2
1426490,LOST EPIC,0,True,False,False,False,1658966037,1058,71,['One or Eight'],"['One or Eight', 'Team EARTHWARS']","['Action RPG', 'Action', 'Anime', 'Metroidvania', 'Souls-like', 'Dark Fantasy', 'Character Customization', 'Online Co-Op', 'Singleplayer', 'Side Scroller', 'Dark Humor', 'Female Protagonist', 'Co-op', 'Hack and Slash', 'Psychological Horror', '2D', 'Multiplayer', 'Indie', 'Difficult', 'Early Access']",2022-07-27 23:53:57,False,2022–23,,2738,False,17.99,10.4,31.15,,,$15–19.99,не указано
1430190,Killing Floor 3,0,True,False,False,False,1753362060,16569,46,['Tripwire Interactive'],['Tripwire Interactive'],"['FPS', 'Co-op', 'PvE', 'Zombies', 'Shooter', 'First-Person', 'Horror', 'Gore', 'Cyberpunk', 'Action', 'Bullet Time', 'Multiplayer', 'Character Customization', 'Sci-fi', 'Survival Horror', 'Futuristic', 'Realistic', 'Dark', '3D', 'Combat']",2025-07-24 13:01:00,False,2024–25,6.0,1671,False,39.99,17.7,20.450000000000003,,,$20+,5–8
1432050,Nobody Saves the World,0,True,False,False,False,1642510824,5795,91,['Drinkbox Studios'],['Drinkbox Studios'],"['Singleplayer', 'Indie', 'Co-op', 'Multiplayer', 'Action', 'Adventure', 'Dungeon Crawler', 'Hack and Slash', '2D', 'Local Co-Op', 'RPG', 'Fantasy', 'Action RPG', 'Colorful', 'Exploration', 'Action-Adventure', 'Funny', 'Procedural Generation', 'Hand-drawn', 'Soundtrack']",2022-01-18 13:00:24,False,2022–23,,1898,False,24.99,43.5,19.95,3200236.0,552.0,$20+,не указано
1433140,The Texas Chain Saw Massacre,0,True,False,False,False,1692365454,19787,68,['Gun Interactive'],['Sumo Digital'],"['Horror', 'Multiplayer', 'Gore', 'Survival Horror', 'Team-Based', 'PvP', 'Third Person', 'Survival', 'Action', 'Stealth', 'Violent', 'Asynchronous Multiplayer', 'Cinematic', '3D', 'Atmospheric', 'Indie', 'Nudity', 'Psychological Horror', 'Strategy', 'Co-op']",2023-08-18 13:30:54,False,2022–23,,927,False,14.99,20.1,25.35,23146826.0,1170.0,$10–14.99,не указано
1437280,Project Terminus VR,0,True,False,False,False,1691707755,43,67,['CVR'],['CVR'],"['Casual', 'Horror', 'Action', 'Stealth', 'Survival', 'Arcade', 'First-Person', 'VR', 'Post-apocalyptic', 'Story Rich', 'Sci-fi', 'Indie', 'Co-op Campaign', 'Violent', 'Adventure', 'Co-op', 'Online Co-Op', 'Multiplayer', 'Singleplayer']",2023-08-10 22:49:15,False,2022–23,4.0,2560,False,19.99,,,,,$15–19.99,3–4
1437400,Salt and Sacrifice,0,True,False,False,False,1699343876,1746,62,['Ska Studios'],"['Devoured Studios', 'Ska Studios']","['Online Co-Op', 'Souls-like', 'Metroidvania', 'Action RPG', 'Character Customization', 'Dark Fantasy', 'Co-op', 'Co-op Campaign', 'Hack and Slash', 'Action', 'Adventure', 'RPG', 'Action-Adventure', '2D Platformer', 'Side Scroller', 'Hand-drawn', 'Combat', 'PvP', 'PvE', 'Multiple Endings']",2023-11-07 07:57:56,False,2022–23,,1341,False,19.99,45.4,22.85,,,$15–19.99,не указано
1441430,Wordeous,0,True,False,False,False,1661189214,19,89,"['Junla Games', 'Equitatus Studio']","['Equitatus Studio', 'Junla Games']","['Card Game', 'Education', 'Casual', 'Time Management', 'Word Game', 'Tabletop', 'Experimental', 'Cute', '2D', 'Funny', 'Relaxing', 'Choices Matter', 'Colorful', 'Minimalist', 'Co-op', 'Family Friendly', 'Score Attack', 'Comedy', 'Multiplayer', 'Online Co-Op']",2022-08-22 17:26:54,False,2022–23,,3717,True,7.99,,,,,$5–9.99,не указано
1442840,DIG - Deep In Galaxies,0,True,False,False,False,1678279756,107,94,['Molton Studio'],['Molton Studio'],"['PvP', 'Combat', 'Action Roguelike', '2D Platformer', 'PvE', 'Platformer', 'Roguelike', '2D', 'Procedural Generation', 'Action', 'Pixel Graphics', 'Adventure', 'Retro', 'Local Co-Op', 'Local Multiplayer', 'Roguelite', 'Co-op Campaign', 'Perma Death', 'Difficult', 'Choices Matter']",2023-03-08 12:49:16,False,2022–23,4.0,1859,False,9.99,20.0,10.100000000000001,,,$5–9.99,3–4
1445790,Make Way,0,True,False,False,False,1701687365,1622,91,['Secret Mode'],['Ice BEAM'],"['Multiplayer', 'Funny', 'Local Multiplayer', 'Action', 'Level Editor', 'Casual', 'Controller', 'Local Co-Op', '4 Player Local', 'Physics', 'PvP', 'Online Co-Op', 'Co-op', 'Racing', 'Competitive', 'Party Game', 'Family Friendly', 'Party', 'Combat Racing', 'Indie']",2023-12-04 10:56:05,False,2022–23,6.0,2501,False,14.99,80.1,5.8,,,$10–14.99,5–8
1446540,Fillit,0,True,False,False,False,1654170936,5,100,['11Sheep'],['11Sheep'],"['Action', 'Casual', 'Arcade', 'Indie', '2D', '4 Player Local', 'Local Multiplayer', 'Local Co-Op', 'Competitive', 'Family Friendly', 'Physics', 'PvP', 'Retro', 'Singleplayer', 'Puzzle', 'Colorful', 'Top-Down', ""1990's"", 'Controller', 'Co-op Campaign']",2022-06-02 11:55:36,False,2022–23,4.0,737,False,1.99,,,,,до $5,3–4
1447700,ZpellCatz,0,True,False,False,False,1717598652,10,90,['SimaGames'],['SimaGames'],"['Hack and Slash', 'Dungeon Crawler', 'Fantasy', 'Cats', 'Magic', 'Loot', 'Action RPG', 'Character Customization', 'Minimalist', 'Procedural Generation', 'Colorful', 'Medieval', 'Inventory Management', 'Local Co-Op', 'Singleplayer', 'Soundtrack', 'Top-Down', 'Crafting', 'Adventure', 'RPG']",2024-06-05 14:44:12,False,2024–25,,2495,False,19.99,,,,,$15–19.99,не указано
1448840,Very Very Valet,0,True,False,False,False,1653546760,95,97,['Toyful LLC'],['Toyful LLC'],"['Co-op', 'Multiplayer', 'Casual', 'Driving', 'Physics', 'Funny', 'Party Game', 'Time Management', 'Racing', 'Arcade', '3D', 'Comedy', 'Controller', 'Action', 'Colorful', 'Family Friendly', 'Cartoon', 'Local Multiplayer', 'Wholesome', 'Minigames']",2022-05-26 06:32:40,False,2022–23,8.0,1550,False,14.99,,,,,$10–14.99,5–8
1450290,Metal Tales: Overkill,0,True,False,False,False,1650610364,2,50,['Zerouno Games'],['Zerouno Games'],"['Action', 'Action RPG', 'Top-Down', '3D Platformer', 'Magic', 'Music-Based Procedural Generation', 'Co-op', 'Local Co-Op', 'Multiplayer', 'Indie', 'Singleplayer', 'Local Multiplayer']",2022-04-22 06:52:44,False,2022–23,,2133,False,17.99,,,,,$15–19.99,не указано
1450790,Crazy Wheels,0,True,False,False,False,1657554051,8,50,['Kymera Games'],['Kymera Games'],"['Racing', 'PvP', 'Driving', 'PvE', 'Arcade', '3D', 'Split Screen', 'Third Person', 'Top-Down', 'Cartoony', 'Colorful', 'Family Friendly', 'Moddable', 'Level Editor', 'Multiplayer', 'Singleplayer', '4 Player Local', 'Co-op', 'Local Multiplayer', 'Team-Based']",2022-07-11 15:40:51,False,2022–23,4.0,3093,False,14.99,,,,,$10–14.99,3–4
1452910,Soul Shifter,0,True,False,False,False,1689810159,12,91,['Innominatum Digital'],['Innominatum Digital'],"['Dungeon Crawler', 'Roguelite', 'Hack and Slash', 'Roguelike', 'Local Co-Op', 'Stylized', 'Exploration', 'Perma Death', '3D', 'Procedural Generation', 'Multiple Endings', 'PvP', 'Pixel Graphics', 'Fantasy', 'Dark Fantasy', 'Co-op', 'Post-apocalyptic', 'Multiplayer', 'Local Multiplayer', 'Character Customization']",2023-07-19 23:42:39,False,2022–23,2.0,2629,False,4.99,,,,,до $5,2
1453900,Curse of the Sea Rats,0,True,False,False,False,1680792908,104,56,['Petoons Studio'],['Petoons Studio'],"['Story Rich', 'Combat', 'Action', 'Co-op', 'Local Co-Op', 'Metroidvania', 'Side Scroller', 'Hand-drawn', '2D Platformer', 'Hack and Slash', 'Co-op Campaign', 'RPG', 'Platformer', 'Action-Adventure', 'Multiple Endings', 'Pirates', 'Local Multiplayer', 'Colorful', 'Family Friendly', 'Fantasy']",2023-04-06 14:55:08,False,2022–23,4.0,2370,False,9.99,18.2,7.199999999999999,,,$5–9.99,3–4
1454730,Chenso Club,0,True,False,False,False,1662051600,83,74,['Aurora Punks'],['Pixadome'],"['Aliens', 'Co-op', 'Action Roguelike', '2D Platformer', 'Female Protagonist', 'Singleplayer', 'Indie', 'Character Action Game', 'PvE', 'Roguelite', 'Platformer', 'Superhero', 'Colorful', ""Beat 'em up"", 'Pixel Graphics', 'Cute', '2D', 'Action', 'Funny', 'Comedy']",2022-09-01 17:00:00,False,2022–23,,1272,False,9.99,,,,,$5–9.99,не указано
1455390,UBOAT: The Silent Wolf VR,0,True,False,False,False,1718819569,70,58,['Titan GameZ'],['Titan GameZ'],"['War', 'Multiplayer', 'VR', 'Co-op', 'Immersive Sim', 'Submarine', 'World War II', 'Survival', 'Military', 'Naval', 'Underwater', '3D', 'Historical', 'Open World', 'Naval Combat', 'Action', 'Simulation', 'Realistic', 'Combat', 'Singleplayer']",2024-06-19 17:52:49,False,2024–25,4.0,2713,False,19.99,,,,,$15–19.99,3–4
1456000,Goodbye Dr. Sanchez,0,True,False,False,False,1687273335,7,42,['Cinnamon Matcha'],['Cinnamon Matcha'],"['Horror', 'Exploration', 'Online Co-Op', 'Dungeon Crawler', 'Casual', 'Puzzle', 'Adventure', 'Action-Adventure', '3D', 'First-Person', 'Psychological Horror', 'Linear', 'Action', 'Stealth', 'Atmospheric', 'Mystery', 'Dark', 'Survival Horror', 'Co-op', 'Multiplayer']",2023-06-20 15:02:15,False,2022–23,2.0,2530,True,4.99,,,,,до $5,2
1459760,Mickey Storm and the Cursed Mask,0,True,False,False,False,1651227083,2,100,['Lion Castle Entertainment'],['Triangle Studios'],"['Action', 'Adventure', 'Action-Adventure', 'Platformer', '2D Platformer', '2.5D', 'Family Friendly', 'Fantasy', 'Mystery', 'Female Protagonist', 'Score Attack', 'Racing', 'Indie', 'Co-op', 'Local Co-Op', 'Local Multiplayer', 'Multiplayer', 'Singleplayer']",2022-04-29 10:11:23,False,2022–23,,1906,False,9.99,,,,,$5–9.99,не указано
1460650,Lodestar,0,True,False,False,False,1692310383,69,69,['Edenic Era LLC'],['Edenic Era LLC'],"['Online Co-Op', 'Multiplayer', 'Puzzle', 'Exploration', 'Space Sim', '3D', 'Space', 'Sci-fi', 'Atmospheric', 'Action-Adventure', 'Adventure', 'Co-op', 'Resource Management', 'RPG', 'Crafting', 'Building', 'Strategy', 'Base Building', 'Soundtrack', 'Story Rich']",2023-08-17 22:13:03,False,2022–23,9.0,1185,False,29.99,,,,,$20+,9+
1461370,Just Read The Instructions,0,True,False,True,False,1713303329,37,48,['Knackelibang Productions'],['Knackelibang Productions'],"['Online Co-Op', 'Shooter', 'PvE', 'Procedural Generation', 'FPS', 'Artificial Intelligence', 'Surreal', 'Co-op', 'Action', 'Survival', 'Singleplayer', 'First-Person', 'Combat', 'Multiplayer', 'Horror', 'Atmospheric', 'Dark', 'Tactical', 'Conspiracy', 'Lovecraftian']",2024-04-16 21:35:29,False,2024–25,4.0,1437,True,9.99,,,,,$5–9.99,3–4
1461930,Robotry!,0,True,False,False,False,1666796239,21,90,['Lockpickle'],['Lockpickle'],"['Physics', 'Intentionally Awkward Controls', 'Local Co-Op', 'Controller', '2D Platformer', 'Platformer', '2D', 'Puzzle Platformer', 'Action', 'Funny', 'Precision Platformer', 'Cute', 'Family Friendly', 'Atmospheric', 'Adventure', 'Co-op', 'Difficult', 'Local Multiplayer', 'Casual', 'Singleplayer']",2022-10-26 14:57:19,False,2022–23,4.0,1685,False,12.49,,,,,$10–14.99,3–4
1465070,Legendary Tales,0,True,False,False,False,1707433151,2713,76,['Urban Wolf Games Inc.'],['Urban Wolf Games Inc.'],"['VR', 'Online Co-Op', 'Swordplay', 'Action', 'Medieval', 'Gore', 'Fantasy', 'Magic', 'Adventure', 'Action RPG', 'RPG', 'Dark Fantasy', 'Combat', 'Souls-like', 'Action-Adventure', 'Dungeon Crawler', 'PvE', 'Indie', 'Simulation', 'Hack and Slash']",2024-02-08 22:59:11,False,2024–25,4.0,3806,False,39.99,8.7,21.0,,,$20+,3–4
1469690,Drift King,0,True,False,False,False,1658989441,322,77,"['SA Industry', 'BATYSTORE LTD']",['Giorgi Abelashvili'],"['Racing', 'Driving', 'Automobile Sim', 'Co-op', 'Multiplayer', 'Online Co-Op', 'Singleplayer', 'Sports', 'Early Access', 'Arcade', 'Immersive Sim', 'Indie', 'Realistic', 'Controller', 'PvP', 'Third Person', '3D', 'Hentai']",2022-07-28 06:24:01,False,2022–23,,427,True,9.99,16.1,5.65,,,$5–9.99,не указано
1473270,Are You Smarter Than The Crowd?,0,True,False,False,False,1649354363,42,54,['TipsyDuck'],['TipsyDuck'],"['Puzzle', 'Multiplayer', 'Online Co-Op', 'Co-op', 'Comedy', 'PvP', 'Character Customization', 'Cartoon', '3D', 'First-Person', 'Dark Humor', 'Funny', 'Casual', 'Multiple Endings', 'Colorful', 'Logic', 'Physics', 'Linear', 'Tabletop', 'FPS']",2022-04-07 17:59:23,False,2022–23,,1249,False,1.99,,,,,до $5,не указано
1474390,Broken : Paranormal investigation,0,True,False,True,False,1664461180,25,52,['Andromede Studio'],['Andromede Studio'],"['Indie', 'Action', 'Investigation', 'Horror', 'Survival Horror', 'Online Co-Op', 'Team-Based', 'Psychological Horror', 'First-Person', 'PvE', 'Tutorial', 'Multiplayer', 'Exploration', 'Immersive Sim', '3D', 'Realistic', 'Demons', 'Mystery', 'Supernatural', 'Psychological']",2022-09-29 14:19:40,False,2022–23,4.0,2235,False,13.99,,,,,$10–14.99,3–4
1476830,Guillotine,0,True,False,False,False,1651681757,10,10,['Felipe Rodrigues'],['Felipe Rodrigues'],"['Social Deduction', 'Multiplayer', 'Online Co-Op', 'Survival', 'Funny', 'Horror', 'Assassins', 'Casual', 'First-Person', 'Team-Based', 'Survival Horror', 'PvP', 'Exploration', '3D', 'Choices Matter', 'FPS', 'Psychological', 'Action', 'Crafting', 'Hunting']",2022-05-04 16:29:17,False,2022–23,18.0,1413,True,4.99,,,,,до $5,9+
1477300,Ninja Blast,0,True,False,False,False,1653098713,6,50,['ArsolidGames'],['Armando Rodrigues'],"['Hack and Slash', 'Souls-like', 'Real Time Tactics', 'Action-Adventure', 'Character Customization', '3D', 'Historical', 'Story Rich', 'Action', 'Anime', 'Fantasy', 'Ninja', 'Stealth', 'Emotional', 'Adventure', 'Cinematic', 'Dark', 'Local Co-Op', 'Local Multiplayer', 'Singleplayer']",2022-05-21 02:05:13,False,2022–23,,1012,True,1.99,,,,,до $5,не указано
1481210,Psychoscopy,0,True,False,False,False,1747327115,21,85,['CrowNest Games'],['CrowNest Games'],"['Action', 'Action-Adventure', 'First-Person', 'Thriller', 'Mystery', 'Demons', 'Horror', 'Dark', 'PvE', 'Indie', 'Singleplayer', 'Online Co-Op', 'Multiplayer', 'Early Access', 'Adventure', '3D', 'Open World', 'Co-op', 'FPS']",2025-05-15 16:38:35,False,2024–25,5.0,1892,False,10.99,,,,,$10–14.99,5–8
1481840,Frisbros,0,True,False,False,False,1647622242,4,100,['Nicholas Evelson'],['Nicholas Evelson'],"['Sports', 'Multiplayer', 'Co-op', 'Adventure', 'Puzzle', 'Action', 'Casual', '2D', 'Flight', 'Co-op Campaign', 'Local Co-Op', 'Family Friendly', 'Physics', 'Action-Adventure', 'Linear', 'Pixel Graphics', 'Fantasy', 'Top-Down', '2D Platformer', 'Top-Down Shooter']",2022-03-18 16:50:42,False,2022–23,,1730,False,2.99,,,,,до $5,не указано
1484180,Goons: Legends & Mayhem,0,True,False,False,False,1712845364,77,84,['Balor Games'],['RageCure Games'],"['Hockey', 'Sports', 'Party', 'Arcade', 'PvP', 'Colorful', 'Action', 'Multiplayer', 'Physics', 'Funny', 'Singleplayer', 'Skating', 'Casual', 'Class-Based', ""Beat 'em up"", 'Third Person', '3D', 'Family Friendly', 'Co-op', 'Local Co-Op']",2024-04-11 14:22:44,False,2024–25,,2865,False,19.99,,,,,$15–19.99,не указано
1485980,Orpheus: Fall For Eurydice,0,True,False,False,False,1646158493,1,100,['Astroreef'],['Astroreef'],"['Precision Platformer', 'Action', 'Difficult', 'Mythology', 'Adventure', 'Pixel Graphics', '2D Platformer', 'Multiplayer', 'Co-op', 'Action-Adventure', 'Platformer', 'Action Roguelike', '2D', 'Story Rich', 'Funny', 'Dark Humor', 'Atmospheric', 'Fantasy', 'Retro', 'Singleplayer']",2022-03-01 18:14:53,False,2022–23,,906,False,5.99,,,,,$5–9.99,не указано
1486790,Portal Mortal,0,True,False,False,False,1648832416,18,100,['Coil Games'],['Coil Games'],"['Precision Platformer', 'Puzzle Platformer', 'Online Co-Op', 'Multiplayer', 'Level Editor', 'Platformer', '2D Platformer', 'Adventure', 'Pixel Graphics', 'Futuristic', 'Character Customization', 'Puzzle', 'Moddable', '2D', 'Controller', 'Logic', 'Space', 'Co-op', 'Local Co-Op', 'Local Multiplayer']",2022-04-01 17:00:16,False,2022–23,33.0,1471,True,4.99,,,,,до $5,9+
1487390,ANVIL,0,True,False,False,False,1690423206,1900,61,['ACTION SQUARE'],['ACTION SQUARE'],"['Top-Down Shooter', 'Action Roguelike', 'Online Co-Op', 'Multiplayer', 'Roguelike', 'Action', 'Twin Stick Shooter', 'Shooter', 'Top-Down', 'Sci-fi', 'Bullet Hell', 'Co-op', 'Roguelite', 'Hack and Slash', 'Singleplayer', 'Early Access']",2023-07-27 02:00:06,False,2022–23,,2131,True,24.99,1.9,23.700000000000003,,,$20+,не указано
1488430,Fueled Up,0,True,False,False,False,1665651710,98,72,"['Fireline Games', 'Gamirror Games']",['Fireline Games'],"['Multiplayer', 'Online Co-Op', 'Local Co-Op', 'Casual', 'Co-op', 'Funny', 'Indie', '4 Player Local', 'Action', 'Local Multiplayer', 'Cute', 'Space', 'Controller', 'Singleplayer', 'Arcade', 'Colorful', 'Sci-fi', 'Stylized', 'Family Friendly', 'Co-op Campaign']",2022-10-13 09:01:50,False,2022–23,4.0,1560,True,19.99,,,,,$15–19.99,3–4
1488510,VRNOID,0,True,False,False,False,1677960990,16,93,['Fullmetal Developer'],['Fullmetal Developer'],"['Action', 'VR', 'Arcade', 'Colorful', 'Sports', 'Retro', '3D', 'Space', 'PvP', 'Local Co-Op', 'Local Multiplayer', 'Indie', 'Singleplayer', 'Split Screen', 'Level Editor', 'Bullet Hell', 'Tennis', 'Casual', 'Multiplayer', 'Co-op']",2023-03-04 20:16:30,False,2022–23,,2061,True,9.99,,,,,$5–9.99,не указано
1489620,DYNABLASTER,0,True,False,False,False,1694680246,5,80,['BBG Entertainment GmbH'],['BBG Entertainment GmbH'],"['Action', 'Casual', 'Hidden Object', 'Survival', '3D Fighter', ""Beat 'em up"", 'Wargame', '3D', 'Cartoon', 'Cartoony', 'Colorful', 'Cute', 'Isometric', 'Top-Down', 'PvP', 'Co-op', 'Online Co-Op', 'Multiplayer', 'Action RTS', 'Arena Shooter']",2023-09-14 08:30:46,False,2022–23,4.0,3028,False,19.99,,,,,$15–19.99,3–4
1491090,Downslope,0,True,False,False,False,1642658090,22,86,"[""Mind's Eye Games""]","[""Mind's Eye Games""]","['Casual', 'Racing', 'Arcade', 'Exploration', '3D', 'Local Co-Op', 'Minimalist', 'Split Screen', 'Stylized', 'Atmospheric', 'Relaxing', 'Snow', 'Snowboarding', '4 Player Local', 'PvP', 'Linear', 'Procedural Generation', 'Local Multiplayer', 'Post-apocalyptic', 'Co-op']",2022-01-20 05:54:50,False,2022–23,,928,False,4.99,,,,,до $5,не указано
1492070,Sker Ritual,0,True,False,False,False,1713445298,4907,83,['Skybound Games'],['Wales Interactive'],"['Adventure', 'Co-op', 'Atmospheric', 'Action-Adventure', 'Multiplayer', 'FPS', 'Story Rich', 'Survival', 'Zombies', 'Third-Person Shooter', 'Survival Horror', '3D', 'Online Co-Op', 'Shooter', 'Singleplayer', 'Horror', 'First-Person', 'Action', 'PvE', 'Realistic']",2024-04-18 13:01:38,False,2024–25,4.0,2990,False,19.99,13.9,6.699999999999999,4067047.0,829.0,$15–19.99,3–4
1492090,Forgotten Fragments,0,True,False,False,False,1758718813,17,70,['Assemble Entertainment'],['Binary Phoenix'],"['Precision Platformer', 'Difficult', 'Pixel Graphics', 'Indie', 'Platformer', 'Puzzle', 'Puzzle Platformer', '2D Platformer', 'Local Co-Op', 'Co-op', 'Co-op Campaign', 'Adventure', 'Fantasy', '2D', 'Female Protagonist', 'Retro', 'Action', 'Local Multiplayer', 'Multiplayer', 'Singleplayer']",2025-09-24 13:00:13,False,2024–25,2.0,1186,True,12.99,,,,,$10–14.99,2
1492320,New Joe & Mac - Caveman Ninja,0,True,False,False,False,1669941091,79,55,['Microids'],['Mr. Nutz Studio'],"['Side Scroller', '2D Platformer', 'Retro', ""1990's"", 'Arcade', 'Co-op', '2D', 'Action', 'Dinosaurs', 'Controller', 'Colorful', 'Adventure', 'Comedy', 'Platformer', 'Old School', 'Combat', 'Local Co-Op', 'Singleplayer', 'Multiplayer', 'Local Multiplayer']",2022-12-02 00:31:31,False,2022–23,,1615,False,24.99,,,,,$20+,не указано
1492650,Crooks Like Us,0,True,False,False,False,1649262241,5,60,['Out Of Tune Games'],['Out Of Tune Games'],"['Arcade', 'Action', 'Casual', 'Multiplayer', 'Party Game', 'Co-op', 'Online Co-Op', 'Funny', '3D', 'Colorful', 'Top-Down', 'Satire', 'Heist', 'Crime', 'Retro', 'Cartoony', 'Combat', '1980s', ""Beat 'em up"", 'Sandbox']",2022-04-06 16:24:01,False,2022–23,8.0,2237,False,4.99,,,,,до $5,5–8
1496150,Fury Fight,0,True,False,True,False,1649877028,26,65,['YoXia Game Studio'],['YoXia Game Studio'],"['Action', 'Funny', 'Sci-fi', 'Pixel Graphics', 'Multiplayer', 'Action-Adventure', 'Adventure', 'Female Protagonist', ""Beat 'em up"", 'Local Co-Op', '2D', 'Story Rich', 'Arcade', 'RPG', '2D Fighter', '2D Platformer', ""1990's"", 'Combat', 'Singleplayer', 'Co-op']",2022-04-13 19:10:28,False,2022–23,2.0,4748,False,12.99,,,,,$10–14.99,2
1499700,Golazo! 2,0,True,False,False,False,1662014477,109,77,['Purple Tree S R L'],['Purple Tree S R L'],"['Football (Soccer)', 'Arcade', 'Underground', 'Sports', 'Local Multiplayer', 'Local Co-Op', 'Singleplayer', 'Colorful', 'PvP', 'Anime', 'Funny', 'Controller', 'Co-op', 'Multiplayer', 'Comedy', 'Remake', 'Cartoony', 'Sequel', 'Action', 'eSports']",2022-09-01 06:41:17,False,2022–23,,889,False,14.99,43.8,4.45,,,$10–14.99,не указано
1502010,Friki,0,True,False,True,False,1645573595,56,57,['Wompa Labs'],['Wompa Labs'],"['Horror', 'Detective', 'Online Co-Op', 'Multiplayer', 'Investigation', 'Psychological Horror', 'Surreal', 'Survival Horror', 'Adventure', 'Action-Adventure', 'Mystery', '3D', 'Dark', 'First-Person', 'Stealth', 'Story Rich', 'Thriller', 'Atmospheric', 'Strategy', 'Interactive Fiction']",2022-02-22 23:46:35,False,2022–23,,1327,False,9.99,,,,,$5–9.99,не указано
1502190,From Space,0,True,False,False,False,1667494800,1425,67,['Curve Games'],['Triangle Studios'],"['Action', 'Co-op', 'Online Co-Op', 'Top-Down Shooter', 'Multiplayer', 'Twin Stick Shooter', 'Adventure', 'Top-Down', 'Action-Adventure', 'Action RPG', 'Shooter', 'Looter Shooter', 'Team-Based', 'Family Friendly', 'Atmospheric', 'Controller', 'Sci-fi', 'Funny', 'Indie', 'Singleplayer']",2022-11-03 17:00:00,False,2022–23,4.0,3125,False,14.99,14.1,7.5,,,$10–14.99,3–4
1504250,Paper Planet,0,True,False,False,False,1692637278,380,89,['2 Left Thumbs'],['Doodlegames'],"['Action Roguelike', 'Tower Defense', 'Bullet Hell', 'Local Co-Op', 'Arcade', 'Roguelike', ""Shoot 'Em Up"", 'Hand-drawn', 'Bullet Heaven', 'Cartoony', 'Space', 'Local Multiplayer', 'Co-op', 'Family Friendly', 'Singleplayer', 'Top-Down Shooter', 'Cartoon', 'Funny', 'Action', 'Retro']",2023-08-21 17:01:18,False,2022–23,4.0,1351,False,14.99,23.3,7.550000000000001,,,$10–14.99,3–4
1511880,Slime Heroes,0,True,False,False,False,1741273261,31,67,['Whitethorn Games'],['Pancake Games'],"['Colorful', 'Local Co-Op', 'Fantasy', 'Indie', 'Character Customization', 'Exploration', 'Puzzle', 'Souls-like', 'Action-Adventure', '3D', 'Family Friendly', 'Action RPG', 'Isometric', 'Controller', 'Nonlinear', 'Local Multiplayer', 'Action', 'Multiplayer', '3D Platformer', 'Funny']",2025-03-06 15:01:01,False,2024–25,,2189,False,29.99,,,,,$20+,не указано
1515210,The Past Within,0,True,False,False,False,1667390498,14696,94,['Rusty Lake'],['Rusty Lake'],"['Co-op', 'Puzzle', 'Online Co-Op', 'Multiplayer', 'Escape Room', 'Horror', 'Mystery', 'Point & Click', 'Adventure', 'Psychological Horror', 'Indie', 'Local Co-Op', 'Story Rich', 'Atmospheric', 'Asynchronous Multiplayer', 'Local Multiplayer', 'Thriller', '2D', '3D', 'Surreal']",2022-11-02 12:01:38,False,2022–23,,1718,False,5.99,26.7,3.1500000000000004,22262702.0,1515.0,$5–9.99,не указано
1519010,Kamikaze Veggies,0,True,False,False,False,1657213693,34,88,['Red Limb Studio'],['Red Limb Studio'],"['Stealth', 'Third Person', 'Story Rich', 'Dark Comedy', 'Action-Adventure', 'Split Screen', 'Dark Humor', 'Wargame', 'Abstract', 'Singleplayer', 'Colorful', 'Survival', 'Alternate History', 'Co-op', 'Assassins', 'Destruction', 'Local Co-Op', 'Action', 'Local Multiplayer', 'Time Management']",2022-07-07 17:08:13,False,2022–23,2.0,1370,False,9.99,,,,,$5–9.99,2
1519090,Welcome to ParadiZe,0,True,False,False,False,1709226025,1094,67,['Nacon'],['Eko Software'],"['Action', 'Zombies', 'Co-op', 'Multiplayer', 'Singleplayer', 'Adventure', 'Survival', 'Online Co-Op', 'Post-apocalyptic', 'Indie', 'RPG', 'Crafting', 'Isometric', 'Action RPG', 'Hack and Slash', 'Base Building', 'PvE', 'Open World', 'Open World Survival Craft', 'Violent']",2024-02-29 17:00:25,False,2024–25,4.0,1976,False,29.99,9.3,18.4,4562703.0,4171.0,$20+,3–4
1520380,HALF DEAD 3,0,True,False,False,False,1662724854,489,77,['Room710Games'],['Room710Games'],"['Adventure', 'Gore', 'Co-op', 'Action', 'Survival', 'Horror', 'Multiplayer', 'Online Co-Op', 'Local Co-Op', 'Action-Adventure', 'Puzzle', 'Exploration', 'Character Customization', '3D', 'First-Person', 'Singleplayer', 'Local Multiplayer', 'PvE', 'Procedural Generation', 'Massively Multiplayer']",2022-09-09 12:00:54,False,2022–23,4.0,951,False,4.99,18.2,2.05,,,до $5,3–4
1520590,Slap It Together!,0,True,False,False,False,1734026768,4,75,['Head Tilt Games'],['Head Tilt Games'],"['Funny', 'Controller', 'Character Customization', 'First-Person', 'Multiplayer', 'Stylized', 'Cartoony', 'Online Co-Op', 'Family Friendly', 'Physics', 'Zombies', 'Sandbox', 'PvE', 'Colorful', '3D', 'Action', 'Adventure', 'Cartoon', 'Combat', 'Co-op Campaign']",2024-12-12 18:06:08,False,2024–25,5.0,1189,False,5.99,,,,,$5–9.99,5–8
1527350,Dad's Coming,0,True,False,False,False,1737478887,32,100,['Cold Lahmen'],['Cold Lahmen'],"['Casual', 'Co-op Campaign', 'Funny', 'Action', 'Pixel Graphics', 'Co-op', 'Comic Book', 'Cartoon', 'Local Co-Op', 'Local Multiplayer', '2D', 'Cute', 'Cats', 'Comedy', 'Family Friendly', 'Female Protagonist', 'Linear', 'Physics', 'Cartoony', 'Multiplayer']",2025-01-21 17:01:27,False,2024–25,,1765,True,13.99,,,,,$10–14.99,не указано
1531490,Harmony's Odyssey,0,True,False,False,False,1666194423,309,92,"['MythicOwl', 'Neverland Entertainment']",['MythicOwl'],"['Puzzle', 'Adventure', 'Cute', 'Relaxing', 'Family Friendly', 'Puzzle Platformer', 'Female Protagonist', 'Funny', 'Controller', 'Cartoony', 'Colorful', 'Fantasy', 'Logic', 'Magic', 'Local Co-Op', 'Local Multiplayer', 'Singleplayer', '3D', 'Mystery', 'Indie']",2022-10-19 15:47:03,False,2022–23,,1973,True,14.99,43.8,5.8,,,$10–14.99,не указано
1533410,Mollycoddle Mayhem,0,True,False,False,False,1657826804,4,75,['Cozy Campfire Games'],['Cozy Campfire Games'],"['Time Management', 'Action-Adventure', 'PvE', 'Co-op', '3D', 'Cooking', 'Isometric', 'Funny', 'Controller', 'Linear', 'Team-Based', 'Cute', 'Action', 'Casual', 'Cartoony', 'Colorful', 'Family Friendly', 'Physics', 'Adventure', '4 Player Local']",2022-07-14 19:26:44,False,2022–23,4.0,1692,True,13.99,,,,,$10–14.99,3–4
1538030,Steinstern: Spacewar,0,True,False,False,False,1742427667,10,100,['Chris Baum'],['Chris Baum'],"['Local Co-Op', 'Bullet Hell', 'Top-Down Shooter', 'Procedural Generation', 'Incremental', 'Hack and Slash', ""Shoot 'Em Up"", 'Twin Stick Shooter', 'Split Screen', 'Casual', 'Action RPG', 'Cute', 'Top-Down', 'Relaxing', 'Controller', 'Action', 'Cartoony', 'Stylized', 'Shooter', 'Space']",2025-03-19 23:41:07,False,2024–25,,1150,True,5.99,,,,,$5–9.99,не указано
1538380,Animal Babysister Fighter : Zombie Coming!,0,True,False,False,False,1652889020,8,50,['KJXX GAME'],['KJXX GAME'],"['Adventure', 'Tower Defense', 'Hero Shooter', '3D', 'Zombies', 'Character Customization', 'Co-op', 'Co-op Campaign', 'Multiplayer', 'Action', 'Online Co-Op', 'Singleplayer', 'Action-Adventure', 'Shooter', 'Arcade', 'Third Person', 'Strategy', 'Space', 'Tactical', 'Indie']",2022-05-18 15:50:20,False,2022–23,4.0,1665,False,7.99,,,,,$5–9.99,3–4
1538550,LEGO® Voyagers,0,True,False,False,False,1757941200,1876,88,['Annapurna Interactive'],['Light Brick Studio'],"['Adventure', 'Co-op Campaign', 'Local Co-Op', 'Online Co-Op', 'Casual', 'Puzzle', '3D Platformer', 'Puzzle Platformer', 'Abstract', 'Cute', 'Atmospheric', 'Family Friendly', 'Co-op', 'Physics', 'Cozy', 'Colorful', 'Exploration', 'Local Multiplayer', 'Multiplayer', 'Building']",2025-09-15 13:00:00,False,2024–25,2.0,1318,False,24.99,41.8,4.8,,,$20+,2
1547670,A Day Out,0,True,False,False,False,1719519744,608,76,['KevTheDev'],"['KevTheDev', 'gamesbychris']","['Horror', 'Hunting', 'Online Co-Op', 'Supernatural', 'Demons', 'Mystery', 'Conspiracy', 'Character Customization', 'Third Person', 'Controller', 'Action', 'Adventure', 'Multiplayer', 'Singleplayer', 'Action-Adventure', 'Wholesome', 'Female Protagonist', 'Co-op', 'Open World', 'Stylized']",2024-06-27 20:22:24,False,2024–25,,1022,False,9.99,25.6,16.0,,,$5–9.99,не указано
1548850,Six Days in Fallujah,0,True,False,True,False,1687441904,13043,79,['Victura'],['Highwire Games'],"['Military', 'Tactical', 'Realistic', 'FPS', 'Singleplayer', 'Co-op', 'War', 'Multiplayer', 'Shooter', 'Survival Horror', 'Simulation', 'Team-Based', 'Stealth', 'Online Co-Op', 'First-Person', 'Wargame', 'Horror', 'Historical', 'Villain Protagonist', 'PvE']",2023-06-22 13:51:44,False,2022–23,4.0,3207,False,39.99,30.8,7.9,21703817.0,1664.0,$20+,3–4
1552940,Minigolf,0,True,False,True,False,1671704965,5,80,['Single Geared Games'],['Single Geared Games'],"['Mini Golf', '4 Player Local', 'Local Multiplayer', 'Local Co-Op', 'Controller', 'Casual', 'Survival', 'Sports', '3D Platformer', 'Arcade', 'Action', 'Multiplayer', 'Platformer', 'PvP', 'Turn-Based Strategy', 'Singleplayer', 'Precision Platformer', 'Puzzle Platformer', 'eSports', 'Co-op']",2022-12-22 10:29:25,False,2022–23,8.0,1245,False,1.99,,,,,до $5,5–8
1554170,Coonwood,0,True,False,False,False,1691006758,24,87,['SoloQ'],['SoloQ'],"['Action', 'Multiplayer', 'Survival Horror', 'Asynchronous Multiplayer', 'Horror', 'PvP', 'Action Roguelike', 'Arcade', 'Thriller', 'First-Person', 'Psychological Horror', 'Pixel Graphics', '3D', 'Stylized', 'Aliens', 'Action RPG', 'Co-op', 'Dark', 'Cartoon', 'Colorful']",2023-08-02 20:05:58,False,2022–23,,1644,False,0.99,,,,,до $5,не указано
1555980,Mother Machine,0,True,False,False,False,1742994157,54,72,['Maschinen-Mensch'],['Maschinen-Mensch'],"['Platformer', 'Co-op', 'Exploration', 'Atmospheric', 'Comedy', 'Controller', 'Online Co-Op', 'Local Co-Op', 'Procedural Generation', '2D Platformer', 'Character Customization', '2.5D', 'Roguelite', '2D', '3D', 'Cute', 'Funny', 'Action', 'Colorful', 'Adventure']",2025-03-26 13:02:37,False,2024–25,4.0,1903,True,14.99,,,,,$10–14.99,3–4
1556100,Killer Klowns From Outer Space: The Game,0,True,False,False,False,1717516800,3398,73,['Balor Games'],"['IllFonic', 'Teravision Games']","['Multiplayer', 'Horror', 'Survival Horror', 'Team-Based', 'Violent', 'Stealth', 'Third Person', 'Survival', 'Co-op', 'Online Co-Op', 'Character Customization', 'PvP', 'Action', 'Atmospheric', 'Combat', 'Dark', 'Sci-fi', '1980s', 'Open World', 'Realistic']",2024-06-04 16:00:00,False,2024–25,7.0,1374,False,39.99,10.5,9.5,105914219.0,31170.0,$20+,5–8
1556170,Survive the Night,0,True,False,False,False,1647455727,0,0,['Stimulant Systems'],['Stimulant Systems'],"['Online Co-Op', 'Zombies', 'Action', 'Top-Down Shooter', 'Shooter', 'Action Roguelike', ""Shoot 'Em Up"", 'Procedural Generation', 'Top-Down', 'Cartoony', 'Gore', 'Violent', 'Indie', 'Military', 'Multiplayer', 'Singleplayer', '3D']",2022-03-16 18:35:27,False,2022–23,,414,False,4.99,,,,,до $5,не указано
1557720,RoboDunk,0,True,False,False,False,1695653191,90,95,['Jollypunch Games'],['Jollypunch Games'],"['Sports', 'Arcade', 'Roguelite', 'Basketball', 'Action Roguelike', 'Robots', 'Colorful', 'Action', '2.5D', '4 Player Local', '3D', 'Co-op', 'Co-op Campaign', 'Local Multiplayer', 'Singleplayer', 'Local Co-Op', 'Combat', 'Character Customization', 'Multiplayer', 'Stylized']",2023-09-25 14:46:31,False,2022–23,4.0,1642,False,14.99,,,,,$10–14.99,3–4
1558830,RIPOUT,0,True,False,False,False,1716915547,784,65,['3D Realms'],['Pet Project Games'],"['Online Co-Op', 'FPS', 'Horror', 'First-Person', 'Shooter', 'PvE', 'Survival', 'Sci-fi', 'Action', 'Atmospheric', 'Aliens', 'Science', 'Dark', 'Space', 'Exploration', 'Destruction', 'Survival Horror', 'Hero Shooter', 'Character Customization', 'Combat']",2024-05-28 16:59:07,False,2024–25,,2001,False,19.99,17.4,7.5,,,$15–19.99,не указано
1562420,FOREWARNED,0,True,False,False,False,1714064278,5045,90,['Dreambyte Games'],['Dreambyte Games'],"['Horror', 'Online Co-Op', 'Survival Horror', 'Co-op', 'Multiplayer', 'Psychological Horror', 'VR', 'PvE', 'Survival', 'Asymmetric VR', 'Action-Adventure', 'Atmospheric', 'Dark', 'Exploration', 'PvP', 'First-Person', 'Action', 'Adventure', 'Singleplayer', '3D']",2024-04-25 16:57:58,False,2024–25,4.0,2907,False,12.99,8.0,10.95,15442562.0,3061.0,$10–14.99,3–4
1567190,Shores of Plunder,0,True,False,True,False,1701788478,5,100,['Snowchimp Interactive'],['Snowchimp Interactive'],"['Party Game', 'Multiplayer', 'Collectathon', '3D Platformer', 'Pirates', 'Funny', 'Action', 'Runner', 'Comedy', 'Casual', 'Family Friendly', 'Third Person', 'Third-Person Shooter', 'PvP', 'Cute', 'Platformer', 'Online Co-Op', 'Cartoony', 'Stylized', 'Fantasy']",2023-12-05 15:01:18,False,2022–23,4.0,3693,True,9.99,,,,,$5–9.99,3–4
1568620,MetaPhysical,0,True,False,False,False,1702141994,289,83,['Paper Promises Programming'],['Paper Promises Programming'],"['Supernatural', 'Detective', 'Horror', 'Demons', 'Online Co-Op', 'First-Person', 'Dark', 'Atmospheric', 'Psychological Horror', 'Character Customization', 'Mystery', 'Action', 'Mythology', 'Action-Adventure', 'Survival Horror', 'Gothic', 'FPS', 'Fantasy', 'Dark Fantasy', 'Shooter']",2023-12-09 17:13:14,False,2022–23,6.0,5265,False,14.99,10.5,15.05,,,$10–14.99,5–8
1570330,West Hunt,0,True,False,False,False,1679587107,1520,84,['Wandering Wizard'],['NewGen'],"['Social Deduction', 'Party Game', 'Multiplayer', 'Western', 'Stealth', 'Competitive', 'Team-Based', 'Hidden Object', 'PvP', 'Online Co-Op', 'Funny', 'Survival', 'Casual', 'Detective', 'Third-Person Shooter', 'Assassins', 'Action RPG', '3D', 'Indie', 'Co-op']",2023-03-23 15:58:27,False,2022–23,8.0,1513,False,9.99,47.2,3.7,51382880.0,33805.0,$5–9.99,5–8
1572150,The Monster Mole,0,True,False,True,False,1658423046,4,50,['DILUI'],['DILUI'],"['Survival Horror', 'Multiplayer', 'PvP', 'Dark', 'Atmospheric', 'Online Co-Op', 'First-Person', 'Action', 'Horror', '3D', 'Character Customization', 'Conspiracy', 'Procedural Generation', 'LGBTQ+', 'Adventure', 'Action-Adventure', 'FPS', 'Realistic', 'Survival', 'Team-Based']",2022-07-21 17:04:06,False,2022–23,,1672,False,4.99,,,,,до $5,не указано
1573560,Dungeons & Drivers,0,True,False,False,False,1758297627,26,84,['Digital Synapsis'],['Digital Synapsis'],"['Action Roguelike', 'Bullet Hell', 'Roguelite', 'Roguelike', 'Online Co-Op', 'Driving', 'PvE', '3D', 'Top-Down', 'Controller', 'Vehicular Combat', 'Action', 'Co-op', 'Multiplayer', 'Singleplayer', 'RPG', 'Medieval', 'Destruction', 'Combat', 'Third Person']",2025-09-19 16:00:27,False,2024–25,,1344,False,9.99,,,,,$5–9.99,не указано
1574870,USC: Counterforce,0,True,False,False,False,1721321711,206,63,['Firesquid'],"['Angry Cat Studios', 'Creatio 49']","['Military', 'Local Co-Op', 'Multiplayer', 'Singleplayer', 'Local Multiplayer', 'Turn-Based', 'Turn-Based Tactics', 'Difficult', 'Strategy RPG', 'Procedural Generation', 'Turn-Based Strategy', 'Character Customization', 'RPG', 'Strategy', 'Top-Down', 'Turn-Based Combat', 'Sci-fi', 'Tactical', 'Space', 'Crafting']",2024-07-18 16:55:11,False,2024–25,,2361,False,19.99,15.0,15.6,,,$15–19.99,не указано
1575750,ShapeVS,0,True,False,False,False,1711699338,5,100,['Smash Attack Aus'],['Smash Attack Aus'],"['Arena Shooter', 'Side Scroller', '2D Platformer', ""Shoot 'Em Up"", 'PvP', 'Arcade', 'Casual', '2D', 'Top-Down', 'Colorful', 'Minimalist', 'Dystopian ', 'Sci-fi', 'Score Attack', '1980s', ""1990's"", 'Old School', 'Combat', 'Co-op', 'Local Co-Op']",2024-03-29 08:02:18,False,2024–25,4.0,1528,False,1.99,,,,,до $5,3–4
1575830,ArcRunner,0,True,False,False,False,1682600626,196,68,['PQube'],['Trickjump Games Ltd'],"['Action Roguelike', 'Cyberpunk', 'Third-Person Shooter', 'Shooter', 'Third Person', 'Online Co-Op', 'Sci-fi', 'Roguelite', 'Co-op', 'Action', 'Multiplayer', 'Futuristic', 'Gun Customization', 'Procedural Generation', 'PvE', 'Singleplayer', 'Indie', 'Robots', '3D', 'Controller']",2023-04-27 13:03:46,False,2022–23,3.0,2077,False,19.99,19.0,7.0,,,$15–19.99,3–4
1583290,Which Wizard?,0,True,False,True,False,1729580555,21,85,['Intentional Games'],['Intentional Games'],"['Social Deduction', 'Multiplayer', 'Magic', 'Fantasy', 'Online Co-Op', 'Mystery', 'Party', '2D', 'Investigation', 'Casual', 'Hand-drawn', 'Cute', 'Funny', 'Co-op', 'Dark Fantasy', 'Atmospheric', 'Survival', 'Early Access', 'Detective', 'Colorful']",2024-10-22 07:02:35,False,2024–25,10.0,3350,False,4.99,,,,,до $5,9+
1584690,TrinityS,0,True,False,False,False,1714100697,182,69,['Phoenixx Inc.'],['Indie-us Games'],"['Action', 'Casual', 'Top-Down', 'Online Co-Op', 'Multiplayer', 'Co-op', 'Arcade', 'Party-Based RPG', 'Action RPG', 'Magic', 'Stylized', 'Fantasy', 'Class-Based', 'Action RTS', 'PvE', 'Medieval', 'Tactical', 'Anime', '3D', 'Real Time Tactics']",2024-04-26 03:04:57,False,2024–25,3.0,1969,False,14.99,4.5,6.15,,,$10–14.99,3–4
1585650,OrbWars,0,True,False,False,False,1685117499,12,100,['Neox Games'],['Neox Games'],"['Roguelike', 'Action Roguelike', 'Local Co-Op', 'Co-op', 'Casual', 'Action-Adventure', 'Local Multiplayer', '4 Player Local', 'Mystery Dungeon', 'PvE', '3D', 'Family Friendly', 'Controller', 'Combat', 'Action', 'Colorful', 'Atmospheric', 'Cute', 'Mystery', 'Singleplayer']",2023-05-26 16:11:39,False,2022–23,4.0,2162,True,9.99,,,,,$5–9.99,3–4
1587020,Parapsychology,0,True,False,True,False,1649311164,12,41,['Batuhan Necati Keleş'],['Batuhan Necati Keleş'],"['Adventure', 'Action', 'Casual', 'Puzzle', '3D Platformer', '3D', 'Thriller', 'Demons', 'Faith', 'Horror', 'Psychological', 'Psychological Horror', 'Magic', 'Artificial Intelligence', 'Story Rich', '4 Player Local', 'Co-op', 'Singleplayer', 'Online Co-Op', 'Multiplayer']",2022-04-07 05:59:24,False,2022–23,,617,False,3.99,,,,,до $5,не указано
1588250,Contract Killer,0,True,False,False,False,1652976005,24,91,['Sumerian Games'],['Paperboy Games\u200e'],"[""Beat 'em up"", 'Pixel Graphics', '4 Player Local', '2.5D', '2D Fighter', 'Action', 'Funny', 'Cartoony', 'Arcade', '2D', 'Old School', 'Controller', 'Stylized', 'Side Scroller', 'Team-Based', 'Colorful', 'Hack and Slash', 'Casual', 'Capitalism', 'Local Co-Op']",2022-05-19 16:00:05,False,2022–23,4.0,2135,False,9.99,,,,,$5–9.99,3–4
1591590,Traxion 2,0,True,False,False,False,1748848337,0,0,['Games Foundation GmbH'],['Play With Fire UG'],"['Physics', 'Adventure', 'Local Co-Op', 'Space', 'Exploration', 'Combat', 'Local Multiplayer', 'Action', 'Shooter', 'Underground', 'Arcade', 'Side Scroller', 'PvE', 'PvP', 'Co-op', 'Action-Adventure', '2D', 'Controller', ""Shoot 'Em Up"", 'Team-Based']",2025-06-02 07:12:17,False,2024–25,2.0,1457,False,4.99,,,,,до $5,2
1592290,Paranoia Place: Escape Together,0,True,False,False,False,1744220116,1562,88,['Bloody Pixel Games'],['Bloody Pixel Games'],"['Survival Horror', 'Horror', 'Puzzle', 'Survival', 'Stealth', 'Perma Death', 'First-Person', 'Psychological Horror', 'Post-apocalyptic', 'Co-op', 'Realistic', 'Demons', 'Co-op Campaign', 'Supernatural', 'Multiplayer', 'Online Co-Op', 'Hunting', 'Action-Adventure', 'Singleplayer', 'Action']",2025-04-09 17:35:16,False,2024–25,4.0,1504,False,7.99,24.4,5.6,113885.0,73.0,$5–9.99,3–4
1593160,Warp Tango,0,True,False,False,False,1700242173,3,100,['Madsaur Games'],['Madsaur Games'],"['Multiplayer', 'Twin Stick Shooter', 'Team-Based', 'Top-Down Shooter', '2D', 'Zombies', 'Survival', 'Hand-drawn', 'Post-apocalyptic', 'Isometric', 'Top-Down', 'Sci-fi', 'Action', 'Combat', 'Abstract', 'Casual', 'Action-Adventure', 'Shooter', ""Shoot 'Em Up"", 'Co-op']",2023-11-17 17:29:33,False,2022–23,6.0,1238,True,1.99,,,,,до $5,5–8
1595620,Pair of Aces,0,True,False,False,False,1651701457,3,100,['Immobilehome Studios'],['Immobilehome Studios'],"['Action', 'Arcade', '2D', 'Hand-drawn', 'Shooter', 'Cartoon', 'Cartoony', 'Colorful', 'Military', 'Naval', 'Old School', 'Retro', 'War', 'World War I', 'World War II', 'Controller', 'Naval Combat', 'PvP', 'Local Co-Op', 'Local Multiplayer']",2022-05-04 21:57:37,False,2022–23,,995,True,9.99,,,,,$5–9.99,не указано
1595900,Knight Flight,0,True,False,False,False,1671715829,0,0,['Games Foundation GmbH'],[],"['Co-op', 'Side Scroller', 'Turn-Based Tactics', 'Local Co-Op', 'Puzzle Platformer', 'Puzzle', 'PvE', 'Action-Adventure', '2D', 'Cute', 'Funny', 'Adventure', 'Relaxing', 'Controller', 'Casual', 'Linear', 'Local Multiplayer', 'Cartoony', 'Colorful', 'Family Friendly']",2022-12-22 13:30:29,False,2022–23,,1160,False,1.99,,,,,до $5,не указано
1596360,Unnatural Investigations,0,True,False,False,False,1742764949,4,25,['Dimension Unknown Studio'],['Dimension Unknown Studio'],"['Multiplayer', 'Horror', 'Detective', 'Investigation', 'First-Person', 'Atmospheric', 'Action', 'Realistic', 'Shooter', 'Exploration', 'Demons', 'Gore', 'FPS', '3D', 'Team-Based', 'Co-op', 'Online Co-Op', 'Singleplayer', 'Nudity', 'Dark']",2025-03-23 21:22:29,False,2024–25,4.0,1053,False,1.99,,,,,до $5,3–4
1596940,Ryan's Rescue Squad,0,True,False,False,False,1646384130,12,75,['Outright Games Ltd.'],['Stage Clear Studios'],"['Family Friendly', 'Adventure', '2D Platformer', 'Wholesome', 'Local Co-Op', 'Casual', 'Singleplayer', 'Platformer', 'Side Scroller', 'Cartoon', 'Colorful', 'Co-op', 'Local Multiplayer', 'Multiplayer', 'Action-Adventure', 'Action', 'Arcade', 'Controller', 'Horror', 'Story Rich']",2022-03-04 08:55:30,False,2022–23,2.0,1699,False,39.99,,,,,$20+,2
1598470,PixelGround,0,True,False,False,False,1661910338,1,100,['NNSOFT'],['NNSOFT'],"['Action', 'Pixel Graphics', '2D Fighter', 'Battle Royale', 'eSports', '2D Platformer', ""1990's"", 'Survival', 'Family Friendly', 'Fantasy', 'Character Customization', 'Co-op', 'RPG', 'Sports', 'Singleplayer', '2D', 'Early Access', 'Cartoony', 'Comic Book', 'Action Roguelike']",2022-08-31 01:45:38,False,2022–23,40.0,796,False,4.99,,,,,до $5,9+
1600780,MY LITTLE PONY: A Maretime Bay Adventure,0,True,False,False,False,1653638714,649,79,['Outright Games Ltd.'],['Melbot Studios'],"['Adventure', '3D Platformer', 'Wholesome', 'Family Friendly', 'Casual', 'Cute', 'Colorful', 'Horses', 'Female Protagonist', 'Controller', 'Cartoon', 'Co-op', 'Local Co-Op', 'Local Multiplayer', 'Singleplayer', 'Relaxing', 'Multiplayer', 'Arcade', 'Platformer', '3D']",2022-05-27 08:05:14,False,2022–23,2.0,1655,False,39.99,36.5,2.3499999999999996,,,$20+,2
1601630,The Fate of Baldr,0,True,False,False,False,1716372027,16,68,['Ananki Game Studio'],['Ananki Game Studio'],"['Tower Defense', 'Online Co-Op', 'Third-Person Shooter', 'Vikings', 'Class-Based', 'Mythology', 'Singleplayer', 'Sci-fi', 'PvE', 'Shooter', 'Controller', 'Multiplayer', 'Strategy', '3D', 'Third Person', 'Action', 'Space', 'Tactical', 'Combat', 'Co-op']",2024-05-22 10:00:27,False,2024–25,,1352,True,9.99,,,,,$5–9.99,не указано
1602700,Teabat!,0,True,False,False,False,1646330400,32,93,['Phantasma Digital'],['Phantasma Digital'],"['Adventure', '2D Platformer', 'Pixel Graphics', 'Supernatural', 'Gothic', 'Fantasy', 'Collectathon', 'Exploration', 'Singleplayer', 'Multiplayer', 'Open World', 'Cute', 'Colorful', 'Online Co-Op', 'Atmospheric', 'Casual', 'Arcade', '1980s', 'Medieval', 'Emotional']",2022-03-03 18:00:00,False,2022–23,,745,True,7.99,,,,,$5–9.99,не указано
1603180,Mining Mechs,0,True,False,False,False,1698415237,2589,89,['Delayed Victory'],['Delayed Victory'],"['Co-op', 'Online Co-Op', 'Multiplayer', 'Mining', 'Singleplayer', 'Underground', 'Adventure', 'Casual', 'Robots', 'Indie', 'Exploration', 'Colorful', 'Choose Your Own Adventure', 'Family Friendly', 'Crafting', 'Pixel Graphics', 'Side Scroller', 'Mechs', 'Sandbox', 'Procedural Generation']",2023-10-27 14:00:37,False,2022–23,8.0,1220,False,2.99,45.4,10.75,,,до $5,5–8
1603420,Doomsday Paradise,0,True,False,False,False,1699464037,185,89,"['Lemonade Flashbang', 'Astrolabe Games']",['Lemonade Flashbang'],"['LGBTQ+', 'Anime', 'Dating Sim', 'Dark Humor', 'Local Co-Op', 'Singleplayer', 'Card Game', 'Casual', 'Visual Novel', 'Roguelite', 'Funny', 'Romance', 'PvP', 'RPG', 'Story Rich', 'Turn-Based Combat', 'Multiple Endings', 'Choose Your Own Adventure', 'Dialogue Heavy', 'Simulation']",2023-11-08 17:20:37,False,2022–23,,1267,False,14.99,20.2,7.1,,,$10–14.99,не указано
1607680,Bread & Fred,0,True,False,False,False,1684850464,4225,78,"['Infogrames', 'Atari']",['SandCastles Studio'],"['Co-op', 'Local Co-Op', 'Cute', 'Pixel Graphics', 'Multiplayer', '2D Platformer', 'Difficult', 'Precision Platformer', 'Platformer', '2D', 'Local Multiplayer', 'Family Friendly', 'Funny', 'Comedy', 'Online Co-Op', 'Snow', 'Side Scroller', 'Controller', 'Casual', 'Colorful']",2023-05-23 14:01:04,False,2022–23,2.0,2093,True,14.99,60.6,2.1,198926.0,47.0,$10–14.99,2
1608700,Soundfall,0,True,False,False,False,1652280585,997,73,['Noodlecake'],['Drastic Games'],"['Rhythm', 'Online Co-Op', 'Multiplayer', 'Looter Shooter', 'Music-Based Procedural Generation', 'Female Protagonist', 'Dungeon Crawler', 'Procedural Generation', 'Music', 'Top-Down Shooter', 'Action-Adventure', 'Action', 'Hack and Slash', 'Collectathon', 'Character Customization', 'Shooter', '3D', 'Third Person', 'Controller', 'Loot']",2022-05-11 14:49:45,False,2022–23,5.0,1671,False,29.99,18.4,3.05,,,$20+,5–8
1609570,Agonize,0,True,False,False,False,1663372821,117,58,['Vault Interactive'],['Vault Interactive'],"['Horror', 'Online Co-Op', 'Multiplayer', 'Survival Horror', 'Psychological Horror', 'Co-op', 'Indie', 'Dark', 'Puzzle', 'Difficult', 'Atmospheric', 'Action', 'Singleplayer', 'First-Person', 'Thriller', 'Violent', 'Stealth', 'Adventure', '3D', 'FPS']",2022-09-17 00:00:21,False,2022–23,4.0,2086,False,4.99,3.6,3.45,,,до $5,3–4
1609730,Aliens vs. Ghosts,0,True,False,True,False,1657130529,597,89,['Sayan'],['Sayan'],"['Action', 'Shooter', 'FPS', '3D', 'First-Person', 'Sci-fi', 'Stylized', 'Class-Based', 'Early Access', 'Combat', 'Singleplayer', 'Co-op', 'Aliens', 'Online Co-Op']",2022-07-06 18:02:09,False,2022–23,,631,False,7.49,48.1,9.45,,,$5–9.99,не указано
1610370,Horror Royale,0,True,False,False,False,1739870385,56,66,['Ben Wade'],['Ben Wade'],"['Horror', '4 Player Local', 'Online Co-Op', 'Psychological Horror', 'Dark', 'VR', 'Split Screen', 'Local Co-Op', 'Controller', 'Local Multiplayer', 'Multiplayer', 'PvP', 'Arcade', 'Action-Adventure', 'Co-op', 'First-Person', '3D', 'Casual', 'Stealth', 'Action']",2025-02-18 09:19:45,False,2024–25,4.0,8228,False,5.99,,,,,$5–9.99,3–4
1611290,Puzzle Compound,0,True,False,False,False,1685019426,63,93,['Noble Phantom Games LLC'],['Noble Phantom Games LLC'],"['Puzzle', 'Online Co-Op', 'Investigation', 'Exploration', 'Relaxing', 'Co-op', 'Family Friendly', 'First-Person', 'Casual', 'Dialogue Heavy', 'Logic', 'Indie', '3D', 'Multiplayer', 'Controller', 'Adventure', 'Cartoony', 'Third Person', 'Minimalist']",2023-05-25 12:57:06,False,2022–23,2.0,1917,False,11.99,,,,,$10–14.99,2
1615740,Machina Blade,0,True,False,False,False,1662584327,52,73,['Guilda Entertainment'],['Guilda Entertainment'],"['Action Roguelike', 'Pixel Graphics', 'Local Co-Op', 'Action', 'Hack and Slash', '2D', 'Adventure', 'Platformer', 'Multiplayer', ""Beat 'em up"", 'Roguelike', 'Class-Based', 'Combat', 'Co-op', 'Singleplayer', 'Co-op Campaign', 'Procedural Generation', 'Fantasy', 'Retro', 'Indie']",2022-09-07 20:58:47,False,2022–23,4.0,951,False,11.99,,,,,$10–14.99,3–4
1616110,Glitch Busters: Stuck On You,0,True,False,False,False,1684814177,99,73,['Skybound Games'],['Toylogic Inc.'],"['Action', 'Shooter', 'Looter Shooter', ""Shoot 'Em Up"", 'Third-Person Shooter', 'Cartoon', 'Colorful', 'Third Person', ""1990's"", 'Retro', 'PvE', 'Team-Based', 'Co-op', 'Multiplayer', 'Singleplayer', 'Co-op Campaign', 'Online Co-Op', 'Party', 'Local Co-Op']",2023-05-23 03:56:17,False,2022–23,4.0,1488,False,19.99,,,,,$15–19.99,3–4
1618320,Doodle Champs,0,True,False,False,False,1747893883,19,89,['SquidRockGames'],['SquidRockGames'],"['Party Game', 'Design & Illustration', 'Multiplayer', 'Indie', 'Comedy', 'Online Co-Op', 'Family Friendly', 'Funny', 'Casual', 'PvP', 'Singleplayer', 'Relaxing', 'Colorful', 'Hand-drawn', 'Co-op', '2D', 'Party', 'Memes', 'Parody ', 'Sandbox']",2025-05-22 06:04:43,False,2024–25,4.0,3489,False,4.99,,,,,до $5,3–4
1618330,Out of Order,0,True,False,False,False,1647461158,16,87,['Follow the fun'],['Follow the fun'],"['Arcade', 'Casual', 'Co-op', 'Puzzle', 'Cute', 'Roguelite', 'Hand-drawn', '4 Player Local', 'Loot', 'Survival', 'Abstract', 'Local Co-Op', 'Cartoon', 'Top-Down', 'Multiplayer', 'Singleplayer', 'Action', '2D', 'Colorful', 'Level Editor']",2022-03-16 20:05:58,False,2022–23,4.0,1454,False,5.99,,,,,$5–9.99,3–4
1619310,SWAT Commander,0,True,False,True,False,1753959612,672,77,['Ritual Interactive'],"['Red Mountain Games', 'Ritual Interactive']","['Early Access', 'FPS', 'Action', 'Shooter', 'Multiplayer', 'Tactical', 'First-Person', 'Military', 'Realistic', 'Co-op', 'Singleplayer', 'Team-Based', 'Cinematic', 'Simulation', 'Gun Customization', 'Crime', 'Real Time Tactics', 'Indie', 'Stealth', 'Combat']",2025-07-31 11:00:12,False,2024–25,,2667,False,19.99,52.5,5.05,,,$15–19.99,не указано
1620030,Avatar: The Last Airbender - Quest for Balance,0,True,False,False,False,1695398436,156,37,['GameMill Entertainment'],['Bamtang Games'],"['Action', 'Adventure', 'Action-Adventure', 'Anime', 'Cartoon', 'Cartoony', 'Combat', 'Co-op', 'Local Co-Op', 'Multiplayer', 'Local Multiplayer', 'Online Co-Op', 'Singleplayer', 'Puzzle']",2023-09-22 16:00:36,False,2022–23,2.0,1291,False,49.99,29.5,12.05,,,$20+,2
1620540,Pixel Cup Soccer - Ultimate Edition,0,True,False,False,False,1665769450,878,83,['BATOVI Games'],['BATOVI Games'],"['Football (Soccer)', 'Sports', 'Arcade', 'Pixel Graphics', 'PvP', 'eSports', 'Action', 'Local Multiplayer', 'Controller', 'Old School', 'Co-op', 'Retro', 'Multiplayer', 'Funny', 'Moddable', 'Simulation', 'Nostalgia', 'Competitive', 'Local Co-Op', 'Management']",2022-10-14 17:44:10,False,2022–23,9.0,2659,False,16.99,38.3,16.2,,,$15–19.99,9+
1621000,Ultimate Waifu Battle Online,0,True,False,False,False,1668010036,2,0,['callysgames'],['callysgames'],"['Anime', 'Tower Defense', 'Indie', 'Action', 'Casual', 'Online Co-Op', 'Third-Person Shooter', 'Tabletop', 'Shooter', '3D', 'Fantasy', 'Adventure', 'Strategy', 'Dark', 'Co-op', 'Multiplayer', 'Singleplayer', 'Female Protagonist']",2022-11-09 16:07:16,False,2022–23,,776,False,2.99,,,,,до $5,не указано
1622040,Lila's Tale and the Hidden Forest,0,True,False,False,False,1668072099,26,88,['Skullfish Studios'],['Skullfish Studios'],"['2D Platformer', 'Platformer', 'Cartoony', 'Casual', 'Cartoon', 'Adventure', 'Family Friendly', '2D', 'Colorful', 'Comic Book', 'Hand-drawn', 'Magic', 'Nature', 'Female Protagonist', 'Team-Based', 'Multiplayer', 'Singleplayer', 'Co-op', 'Co-op Campaign', 'Local Co-Op']",2022-11-10 09:21:39,False,2022–23,,1312,False,3.99,,,,,до $5,не указано
1624320,Eigengrau,0,True,False,False,False,1685965333,86,100,['Martin Mauersics'],['Martin Mauersics'],"[""Shoot 'Em Up"", 'Bullet Hell', 'Arcade', 'Action', 'Puzzle', 'Shooter', 'Score Attack', 'Controller', 'Difficult', 'Colorful', '2.5D', 'Sci-fi', 'Singleplayer', 'Co-op', 'Local Co-Op', 'Local Multiplayer', 'Top-Down Shooter', 'Twin Stick Shooter', 'Indie', 'Retro']",2023-06-05 11:42:13,False,2022–23,,1855,True,9.99,,,,,$5–9.99,не указано
1625830,Brendan Keogh's Putting Challenge,0,True,False,False,False,1645750771,30,96,['Paper House'],['Brendan Keogh'],"['Adventure', 'Casual', 'Golf', 'Mini Golf', '2D', 'Colorful', 'Sports', 'Pixel Graphics', 'Walking Simulator', 'Co-op', 'Exploration', 'Top-Down', 'Open World', 'Comedy', 'RPG', 'Funny', 'Action-Adventure', 'Top-Down Shooter', 'Character Customization', 'Controller']",2022-02-25 00:59:31,False,2022–23,4.0,1641,False,5.99,,,,,$5–9.99,3–4
1627210,Morgenstern,0,True,False,True,False,1758211586,88,72,['Doublesmith GmbH'],['Doublesmith GmbH'],"['Action Roguelike', 'Online Co-Op', 'Hack and Slash', 'Multiplayer', 'Souls-like', 'PvE', 'Fantasy', 'Action RPG', 'Replay Value', 'Third Person', '3D', 'Controller', 'Co-op', 'RPG', 'Character Customization', 'PvP', 'Action', 'Dark Fantasy', 'Medieval', 'Adventure']",2025-09-18 16:06:26,False,2024–25,,2219,False,12.99,,,,,$10–14.99,не указано
1627850,Deadly Broadcast,0,True,False,False,False,1675334378,611,66,['Apphic Games'],['Apphic Games'],"['FPS', 'Action', 'Adventure', 'Multiplayer', 'Horror', 'Co-op', 'Survival Horror', 'Supernatural', '3D', 'Survival', 'Online Co-Op', 'Demons', 'Thriller', 'Psychological Horror', 'Surreal', 'Mystery', 'Zombies', 'First-Person', 'Dark', 'Action-Adventure']",2023-02-02 10:39:38,False,2022–23,5.0,3301,False,4.99,24.6,3.0,,,до $5,5–8
1627890,Ants Took My Eyeball,0,True,False,False,False,1713586744,249,93,['Bosmic Forge'],['Bosmic Forge'],"['Pixel Graphics', 'Loot', 'Difficult', 'Action Roguelike', '4 Player Local', '2D Platformer', 'Roguelite', 'Twin Stick Shooter', 'Dungeon Crawler', '2D', 'Looter Shooter', 'Platformer', 'Local Co-Op', 'Roguelike', 'Procedural Generation', 'Perma Death', 'Sci-fi', 'Funny', 'Underground', 'Action RPG']",2024-04-20 04:19:04,False,2024–25,4.0,1514,False,12.99,28.4,21.049999999999997,,,$10–14.99,3–4
1632670,Cave Guessers,0,True,False,False,False,1665128719,59,66,['Acureus'],['Acureus'],"['Multiplayer', 'Word Game', 'Family Friendly', 'Casual', 'Puzzle', 'Indie', '2D', 'Cartoony', 'Stylized', 'Funny', 'Nature', 'PvP', 'Online Co-Op', 'Co-op']",2022-10-07 07:45:19,False,2022–23,16.0,2328,False,3.99,,,,,до $5,9+
1633300,ANIQUILATION,0,True,False,False,False,1659056161,2,100,['Gamirror Games'],['R-Next'],"['Action', 'Adventure', 'Shooter', 'Space Sim', 'Top-Down Shooter', 'Twin Stick Shooter', '3D', 'Third Person', 'Aliens', 'Dark', 'Fantasy', 'Futuristic', 'Robots', 'Sci-fi', 'Space', 'PvP', 'Controller', 'Co-op', 'Local Co-Op', 'Local Multiplayer']",2022-07-29 00:56:01,False,2022–23,,2397,False,24.99,,,,,$20+,не указано
1636030,Crossfire: Sierra Squad,0,True,False,False,False,1698894240,480,73,['Smilegate'],['Smilegate '],"['FPS', 'PvE', 'VR', 'Action-Adventure', 'Shooter', 'Arcade', 'First-Person', 'Story Rich', 'Action', 'Casual', 'Sniper', 'Military', 'War', 'Combat', 'Artificial Intelligence', 'Modern', 'Co-op', 'Online Co-Op', 'Multiplayer', 'Singleplayer']",2023-11-02 03:04:00,False,2022–23,4.0,2385,False,29.99,20.4,6.2,,,$20+,3–4
1637400,Let's Cook Together 2,0,True,False,False,False,1738860403,37,75,['Yellow Dot'],['Yellow Dot'],"['Casual', 'Action', 'Singleplayer', 'Cooking', 'Co-op', 'Level Editor', '4 Player Local', 'Family Friendly', 'Co-op Campaign', 'Adventure', 'Local Co-Op', 'Local Multiplayer', 'Top-Down', 'Action-Adventure', 'Cartoony', 'PvP', 'Multiplayer', 'Story Rich', 'Funny', 'Precision Platformer']",2025-02-06 16:46:43,False,2024–25,4.0,2887,True,23.99,,,,,$20+,3–4
1638440,Gatedelvers,0,True,False,True,False,1676916692,65,90,['Unikone'],['Unikone'],"['Action Roguelike', 'Online Co-Op', 'Class-Based', 'Dungeon Crawler', 'Procedural Generation', 'Roguelike', 'Combat', 'PvE', 'Multiplayer', 'Perma Death', 'Co-op', '3D', 'Stylized', 'Fantasy', 'Action', 'Magic', 'Stealth', 'Singleplayer', 'Difficult', 'Roguelite']",2023-02-20 18:11:32,False,2022–23,4.0,1548,True,14.99,,,,,$10–14.99,3–4
1640160,G-Darius HD,0,True,False,False,False,1648652336,160,94,['TAITO CORP.'],"['TAITO CORP.', 'M2 Co., Ltd.']","['Side Scroller', ""Shoot 'Em Up"", 'Shooter', 'Arcade', 'Female Protagonist', '2.5D', '3D', 'Underwater', 'Action', 'Controller', 'Multiple Endings', 'Sci-fi', 'Score Attack', ""1990's"", 'Aliens', 'Futuristic', 'Co-op', 'Local Co-Op', 'Local Multiplayer', 'Singleplayer']",2022-03-30 14:58:56,False,2022–23,,2538,False,29.99,38.8,5.2,,,$20+,не указано
1640640,Billy's Nightmare,0,True,False,False,False,1698336023,41,97,['Insomnia Interactive'],['Insomnia Interactive'],"['Action', 'Adventure', 'Roguelike', 'Action Roguelike', 'Shooter', 'Procedural Generation', 'Pixel Graphics', 'Online Co-Op', 'Local Co-Op', 'Co-op', '2D', 'Top-Down', 'Perma Death', 'Singleplayer', 'Controller', 'Dark', 'Surreal', 'Indie', 'Gore', 'Violent']",2023-10-26 16:00:23,False,2022–23,,1268,False,9.99,,,,,$5–9.99,не указано
1640700,The Ghost - Task of the Ghost Hunters,0,True,False,True,False,1685721714,1,0,['MS Games and Software UG'],['MS Games and Software UG'],"['Action-Adventure', 'Survival', 'Exploration', 'Survival Horror', 'Logic', 'Singleplayer', 'Adventure', '3D Platformer', 'War', 'Zombies', '3D', 'Co-op', 'Strategy', 'Online Co-Op', 'Indie', 'Multiplayer', 'Grand Strategy', 'Dark', 'Horror', 'Action']",2023-06-02 16:01:54,False,2022–23,8.0,2683,False,34.99,,,,,$20+,5–8
1641470,Final Foe,0,True,False,False,False,1652860791,6,66,['Alekliart'],['Alekliart'],"['Survival', 'Online Co-Op', 'Top-Down', 'Fantasy', 'PvE', 'Isometric', 'Hack and Slash', 'Tower Defense', 'Dungeon Crawler', 'Multiplayer', 'Medieval', 'Cartoony', 'Action RPG', 'RPG', 'Co-op Campaign', 'Co-op', 'Indie', 'Magic', 'Arena Shooter', 'Replay Value']",2022-05-18 07:59:51,False,2022–23,4.0,2337,False,12.99,,,,,$10–14.99,3–4
1642170,Dawn of the Monsters,0,True,False,False,False,1647339612,128,89,['WayForward'],"['13AM Games', 'WayForward']","['Action', 'Adventure', 'Side Scroller', 'Action-Adventure', '2D', 'Sci-fi', 'Combat', ""Beat 'em up"", 'Singleplayer', 'Co-op', 'Local Multiplayer', 'Arcade', 'Comic Book', 'Anime', 'Funny', 'Atmospheric', 'Comedy', 'Robots', 'Open World', 'Local Co-Op']",2022-03-15 10:20:12,False,2022–23,2.0,1388,False,29.99,33.3,11.25,,,$20+,2
1644490,Occult,0,True,False,False,False,1652963438,1508,70,['Renderise'],['Renderise'],"['Horror', 'Multiplayer', 'Co-op', 'Psychological Horror', '3D', 'Online Co-Op', 'First-Person', 'Multiple Endings', 'Atmospheric', 'Dark', 'Action', 'Indie', 'Mystery', 'Violent', 'Singleplayer', 'Massively Multiplayer', 'Early Access', 'Survival Horror', 'Adventure', 'Puzzle']",2022-05-19 12:30:38,False,2022–23,,913,False,4.99,36.6,2.35,,,до $5,не указано
1651030,Dandy & Randy DX,0,True,False,False,False,1651248648,25,96,['Ratalaika Games S.L.'],['Asteristic Game Studio'],"['Adventure', 'Action-Adventure', 'Pixel Graphics', 'Exploration', 'Co-op', '2D', 'Action', 'Local Co-Op', 'Story Rich', 'Funny', 'Casual', 'Cute', 'Fantasy', 'Controller', 'Retro', 'Local Multiplayer', 'Multiplayer', 'Singleplayer', 'Indie']",2022-04-29 16:10:48,False,2022–23,,1027,True,6.99,,,,,$5–9.99,не указано
1651500,Harvest Hero Origins,0,True,False,False,False,1644281518,22,95,['Gemdrop Games'],['Gemdrop Games'],"['Action', 'Arcade', 'Local Co-Op', 'Pixel Graphics', ""Shoot 'Em Up"", 'Dark Fantasy', '2D', 'Hack and Slash', 'Indie', 'Top-Down', 'Medieval', 'Dark', 'Singleplayer']",2022-02-08 00:51:58,False,2022–23,2.0,562,False,2.99,,,,,до $5,2
1651950,En Route: A Co-Op Space Escape,0,True,False,False,False,1651849967,65,64,['Alcedo Games'],['Alcedo Games'],"['Adventure', 'Online Co-Op', 'Puzzle', 'Atmospheric', 'Puzzle Platformer', 'Stylized', 'Space', 'Mystery', 'Logic', 'Exploration', 'Co-op', 'Futuristic', 'Linear', 'Investigation', 'Cute', '3D', 'First-Person', 'FPS', 'Colorful', 'Sci-fi']",2022-05-06 15:12:47,False,2022–23,2.0,956,False,6.99,,,,,$5–9.99,2
1653980,Goblin Town,0,True,False,True,False,1644967225,11,45,['RiceCrab Studios'],['RiceCrab Studios'],"['Action', 'Adventure', 'Shooter', 'Fantasy', 'Roguelike', 'Exploration', 'FPS', 'Funny', '3D', 'First-Person', 'Comedy', 'Combat', 'Traditional Roguelike', 'Open World', 'PvE', 'Co-op', 'Multiplayer', 'Online Co-Op', 'Early Access', 'Casual']",2022-02-15 23:20:25,False,2022–23,,1472,False,6.99,,,,,$5–9.99,не указано
1654680,Red Wings: American Aces,0,True,False,False,False,1648720692,44,70,['Untold Tales'],['All in! Games'],"['Action', 'Arcade', 'Shooter', 'Flight', 'Comic Book', 'Old School', 'Military', 'Retro', 'World War I', 'War', 'Combat', 'Controller', 'PvE', 'PvP', 'Local Co-Op', 'Multiplayer', 'Singleplayer', 'Indie']",2022-03-31 09:58:12,False,2022–23,5.0,2625,False,11.99,,,,,$10–14.99,5–8
1655220,Star Trek Prodigy: Supernova,0,True,False,False,False,1665734915,74,60,['Outright Games Ltd.'],['Tessera Studios'],"['Action', 'Adventure', 'Family Friendly', 'Sci-fi', 'Action-Adventure', 'Platformer', '3D', 'Cartoon', 'Split Screen', 'Aliens', 'Space', 'Combat', 'Story Rich', 'Co-op', 'Team-Based', 'Local Co-Op', 'Local Multiplayer', 'Multiplayer', 'Singleplayer', 'Puzzle']",2022-10-14 08:08:35,False,2022–23,2.0,1436,False,,,,,,,2
1655990,Mortal Rite,0,True,False,True,False,1730998930,53,62,['Round Toast Studios'],['Round Toast Studios'],"['Souls-like', 'Roguelite', 'Dark Fantasy', 'Online Co-Op', 'Singleplayer', 'Difficult', 'Medieval', 'Choices Matter', 'Action', 'PvE', 'PvP', 'Action Roguelike', 'Combat', 'Action RPG', 'Controller', 'Tutorial', 'Fighting', 'Cinematic', 'Multiplayer', 'Class-Based']",2024-11-07 17:02:10,False,2024–25,5.0,2315,False,14.99,,,,,$10–14.99,5–8
1656930,Coridden,0,True,False,False,False,1738169873,428,89,['Anshar Publishing'],['Aftnareld'],"['Adventure', 'Local Multiplayer', 'Online Co-Op', 'Multiplayer', 'Singleplayer', 'Hack and Slash', 'Action RPG', 'Local Co-Op', 'Co-op', '3D', 'Action', 'RPG', 'Exploration', 'Story Rich', 'Character Customization', 'Fantasy', 'PvE', 'Post-apocalyptic', 'Top-Down', 'Isometric']",2025-01-29 16:57:53,False,2024–25,4.0,2846,True,19.99,21.4,15.55,,,$15–19.99,3–4
1658540,Bullion - The Curse of the Cut-Throat Cattle,0,True,False,False,False,1707523261,4,100,['Leda Entertainment'],['Leda Entertainment'],"['4 Player Local', 'Local Multiplayer', 'Family Friendly', 'Pirates', ""Beat 'em up"", 'Cartoony', 'Hack and Slash', 'Action', 'Singleplayer', 'PvE', 'PvP', '3D Fighter', '3D', 'Colorful', 'Comedy', 'Combat', 'Co-op', 'Local Co-Op', 'Multiplayer', 'Battle Royale']",2024-02-10 00:01:01,False,2024–25,4.0,1398,True,17.99,,,,,$15–19.99,3–4
1660850,Flesh,0,True,False,False,False,1690847099,6,83,['Pollapee'],['Pollapee'],"['Bullet Hell', ""Shoot 'Em Up"", 'Hand-drawn', 'Action', 'Surreal', 'Gore', '2D', 'Horror', 'Shooter', 'Aliens', 'Indie', 'Singleplayer', 'Linear', 'Local Multiplayer', 'Multiplayer', 'Local Co-Op', 'Co-op']",2023-07-31 23:44:59,False,2022–23,,2156,True,9.99,,,,,$5–9.99,не указано
1661630,KarmaZoo,0,True,False,False,False,1699980562,956,88,['Devolver Digital'],['Pastagames'],"['Action', 'Casual', 'Platformer', 'Puzzle', '2D Platformer', 'Puzzle Platformer', '2D', 'Cartoony', 'Multiplayer', 'Colorful', 'Cute', 'Family Friendly', 'Stylized', 'Controller', 'Co-op', 'Online Co-Op', 'Singleplayer', 'Co-op Campaign', 'Party Game', 'Experimental']",2023-11-14 16:49:22,False,2022–23,10.0,1760,True,9.99,9.0,4.8,,,$5–9.99,9+
1661950,Ace Breakout,0,True,False,False,False,1657744658,1,100,['Maxwell Nisben'],['Maxwell Nisben'],"['Action', 'Arcade', 'Shooter', 'Top-Down Shooter', '3D', 'Cartoon', 'Cartoony', 'Third Person', 'Top-Down', 'Alternate History', 'Futuristic', 'Sci-fi', 'Combat', 'Crafting', 'PvE', 'Co-op', 'Multiplayer', 'Online Co-Op', 'Singleplayer', 'Co-op Campaign']",2022-07-13 20:37:38,False,2022–23,,1196,False,4.99,,,,,до $5,не указано
1662080,Goonya Monster,0,True,False,False,False,1670146572,185,76,['MUTAN'],['MUTAN'],"['Action', 'Funny', 'Spectacle fighter', '3D Platformer', 'Shooter', 'Co-op', 'Local Multiplayer', 'Online Co-Op', 'PvE', 'PvP', 'Family Friendly', 'Cute', 'Loot', 'Survival', 'Character Customization', 'Casual', 'Zombies', 'Dark Humor', 'MOBA', 'Hidden Object']",2022-12-04 09:36:12,False,2022–23,,1630,False,19.99,21.6,8.25,,,$15–19.99,не указано
1662570,Rescue Party: Live!,0,True,False,False,False,1642088572,164,70,['505 Games'],['TAG Studio'],"['Co-op', 'Casual', 'Colorful', 'Party', 'Local Co-Op', 'Online Co-Op', 'Singleplayer', 'Arcade', 'Puzzle', '4 Player Local', 'Cute', 'Action', 'Controller', 'Simulation', 'Indie', 'Local Multiplayer', 'Multiplayer', 'Team-Based', 'Party Game']",2022-01-13 15:42:52,False,2022–23,4.0,1670,True,9.99,17.2,6.0,,,$5–9.99,3–4
1662940,Anatomy of Fear,0,True,False,False,False,1643226828,13,23,['GenemesicX'],['GenemesicX'],"['FPS', 'Third-Person Shooter', 'Cinematic', 'Third Person', 'Sci-fi', 'Thriller', 'Horror', '4 Player Local', 'Zombies', 'Online Co-Op', 'Singleplayer', 'Violent', 'Indie', 'Early Access']",2022-01-26 19:53:48,False,2022–23,,1525,False,2.99,,,,,до $5,не указано
1663210,PixelJunk™ Scrappers Deluxe,0,True,False,False,False,1690441193,11,36,['Q-Games Ltd.'],['Q-Games Ltd.'],"['Action', ""Beat 'em up"", 'Multiplayer', 'Casual', 'Local Multiplayer', 'Cyberpunk', '2D Fighter', 'Arcade', 'Collectathon', 'Colorful', 'Stylized', 'Futuristic', 'Robots', 'Combat', 'Co-op', 'Local Co-Op', 'Online Co-Op', 'Singleplayer', '4 Player Local', 'Indie']",2023-07-27 06:59:53,False,2022–23,4.0,1684,False,14.99,,,,,$10–14.99,3–4
1663250,Hyper Gunsport,0,True,False,False,False,1671728689,30,100,"['Necrosoft Games', 'Mystic Systems']","['Necrosoft Games', 'Mystic Systems']","['Co-op', 'Local Multiplayer', 'Team-Based', 'Tutorial', 'Sports', 'PvP', 'Competitive', 'Shooter', 'Arcade', 'eSports', '2D', 'Cyberpunk', 'Controller', 'Action', 'Casual', 'Pixel Graphics', 'Family Friendly', 'Retro', 'Futuristic', 'Robots']",2022-12-22 17:04:49,False,2022–23,4.0,4167,False,9.99,,,,,$5–9.99,3–4
1663320,Wrestling Cardboard Championship,0,True,False,False,False,1711458973,1,100,['Evil Geometry'],['Evil Geometry'],"['Fighting', 'Wrestling', 'Sports', '3D Fighter', '4 Player Local', 'Singleplayer', 'Local Co-Op', 'Physics', 'Martial Arts', 'Arcade', 'Local Multiplayer', 'Multiplayer', 'Action', 'Family Friendly', 'Controller', 'Boxing', '3D', 'Third Person', 'Funny', 'PvP']",2024-03-26 13:16:13,False,2024–25,4.0,1524,True,7.99,,,,,$5–9.99,3–4
1664810,Gluua,0,True,False,False,False,1709175997,50,38,['Knarl Studio'],['Knarl Studio'],"['Horror', 'Multiplayer', 'Exploration', 'Puzzle', 'Dark', 'Psychological Horror', 'Mystery', 'Demons', 'Supernatural', 'Thriller', 'Simulation', 'Surreal', 'Atmospheric', 'Investigation', 'First-Person', 'Detective', 'PvE', 'Realistic', 'Physics', 'Online Co-Op']",2024-02-29 03:06:37,False,2024–25,,1634,False,9.99,,,,,$5–9.99,не указано
1666800,Parkour Posse,0,True,False,False,False,1707368382,0,0,['Magic Rock Software'],['Magic Rock Software'],"['Side Scroller', '2D Platformer', 'Runner', 'Parkour', 'Platformer', '2D', 'Cute', 'Controller', 'Linear', 'Casual', 'Cartoony', 'Colorful', 'Family Friendly', 'Score Attack', 'Co-op', 'Local Co-Op', 'Multiplayer', 'Online Co-Op', 'Singleplayer', 'Indie']",2024-02-08 04:59:42,False,2024–25,2.0,883,False,9.99,,,,,$5–9.99,2
1670120,Turn the Line!,0,True,False,True,False,1648774944,59,79,['Megatent Inc.'],['Megatent Inc.'],"['Co-op', '4 Player Local', 'Local Co-Op', 'Party Game', 'Co-op Campaign', 'Arcade', '3D', 'Cute', 'Multiplayer', 'Local Multiplayer', 'Funny', 'Controller', 'Team-Based', 'Casual', 'Colorful', 'Family Friendly', 'Space', 'Comedy', 'Crafting', 'Animals']",2022-04-01 01:02:24,False,2022–23,4.0,1126,False,13.99,,,,,$10–14.99,3–4
1675000,Surmount,0,True,False,False,False,1714654813,126,83,"['Indiana-Jonas', 'Jasper Oprel', 'popagenda']","['Jasper Oprel', 'Indiana-Jonas']","['Action', 'Procedural Generation', 'Colorful', 'Singleplayer', 'Physics', 'Nature', 'Family Friendly', 'Local Co-Op', 'Adventure', 'Controller', 'Parkour', 'Sports', 'Funny', 'Platformer', 'Character Customization', 'Exploration', 'Cute', 'Cartoony', 'Roguelite', 'Action-Adventure']",2024-05-02 13:00:13,False,2024–25,,1505,True,14.99,21.2,7.4,,,$10–14.99,не указано
1679220,Portal Dungeon,0,True,False,False,False,1690354801,995,88,['Dusk Dog Studio'],['Dusk Dog Studio'],"['Action Roguelike', 'Roguelite', 'Multiplayer', 'Pixel Graphics', 'Side Scroller', 'Roguelike', 'PvE', 'Shooter', 'Dungeon Crawler', 'Platformer', '2D Platformer', '2D', 'Bullet Hell', 'Action', 'Fantasy', 'Cats', 'Comedy', 'Combat', 'Co-op', 'Singleplayer']",2023-07-26 07:00:01,False,2022–23,4.0,1438,True,14.99,17.9,31.6,,,$10–14.99,3–4
1679800,Get Tanked!,0,True,False,True,False,1649430123,2,100,['LTDR'],['LTDR'],"['Co-op', 'Physics', 'Comedy', 'PvP', 'Arena Shooter', 'Controller', 'Colorful', 'Funny', 'Family Friendly', 'Fast-Paced', 'Tactical', 'Casual', 'Multiplayer', 'Competitive', 'Action', 'Team-Based', 'Difficult', 'eSports', 'Split Screen', 'Arcade']",2022-04-08 15:02:03,False,2022–23,,1519,False,8.99,,,,,$5–9.99,не указано
1681110,Drunken Nuke'em,0,True,False,True,False,1659028670,1,100,['DrazorStudio'],['DrazorStudio'],"['Multiplayer', 'Third Person', ""Beat 'em up"", 'PvP', 'Online Co-Op', 'Casual', 'Dark Humor', 'Action', 'Arcade', 'Asynchronous Multiplayer', 'Comedy', 'Life Sim', 'Third-Person Shooter', 'Cartoony', 'First-Person', '3D', 'Funny', 'Assassins', 'Class-Based', 'Memes']",2022-07-28 17:17:50,False,2022–23,4.0,3159,False,1.99,,,,,до $5,3–4
1682380,Survive The Hill,0,True,False,False,False,1692205987,55,67,['Redivided Studios'],['Redivided Studios'],"['Casual', 'Survival Horror', 'Online Co-Op', 'Action', 'Multiplayer', 'Cinematic', 'Zombies', 'Co-op', 'Third-Person Shooter', 'Realistic', 'Thriller', '4 Player Local', 'Singleplayer', 'Adventure', 'Action-Adventure', 'Indie', 'Early Access', 'Gore', 'PvP', 'Horror']",2023-08-16 17:13:07,False,2022–23,8.0,1306,False,19.99,,,,,$15–19.99,5–8
1685510,Couch Combat,0,True,False,False,False,1657721093,36,72,['ButWhyLevin'],['ButWhyLevin'],"['Split Screen', 'Local Multiplayer', '4 Player Local', 'FPS', 'Local Co-Op', 'PvP', 'Shooter', 'Arcade', '3D', 'First-Person', 'Action', 'Controller', 'Colorful', 'Multiplayer', 'Minimalist', 'Stylized', 'Comedy', 'Retro', 'Funny', 'Old School']",2022-07-13 14:04:53,False,2022–23,4.0,1685,False,9.99,,,,,$5–9.99,3–4
1688270,I've Seen Everything,0,True,False,False,False,1643377069,6,100,['NLB project'],['NLB project'],"['Casual', 'Indie', 'Science', 'Logic', 'Time Attack', 'Score Attack', 'Education', 'Co-op', 'Fast-Paced', 'Great Soundtrack', 'PvP', 'Multiplayer', 'Competitive', 'Difficult', 'Singleplayer', 'Short', 'Replay Value', 'Family Friendly', 'Choices Matter', 'PvE']",2022-01-28 13:37:49,False,2022–23,4.0,1537,False,7.99,,,,,$5–9.99,3–4
1689640,Warden's Will,0,True,False,False,False,1736352050,303,70,['ELYZIO'],['ELYZIO'],"['Roguelite', 'Action Roguelike', 'Third Person', 'Procedural Generation', 'Sci-fi', 'Stylized', 'Shooter', 'Bullet Hell', 'Multiplayer', 'Online Co-Op', 'Action', 'Singleplayer', 'Co-op', 'Robots', 'Combat', 'Adventure', 'Hero Shooter', ""Shoot 'Em Up"", 'Third-Person Shooter', 'PvE']",2025-01-08 16:00:50,False,2024–25,4.0,1163,False,14.99,8.4,5.55,,,$10–14.99,3–4
1691320,Hellbreach: Vegas,0,True,False,False,False,1723654553,504,74,['Iceberg Interactive'],['Infinity Ape Studios'],"['Online Co-Op', 'Indie', 'FPS', 'Zombies', 'PvE', 'Action', 'Shooter', 'Co-op', 'Survival', 'Demons', 'Multiplayer', 'Horror', 'First-Person', 'Team-Based', 'Arena Shooter', 'Singleplayer', 'Noir', 'Post-apocalyptic', 'Arcade', '3D']",2024-08-14 16:55:53,False,2024–25,4.0,1907,True,14.99,9.4,2.4,,,$10–14.99,3–4
1692400,Last Shape Standing,0,True,False,True,False,1671120013,1,0,['Ember Works'],['Ember Works'],"['Arcade', '4 Player Local', 'Local Co-Op', 'Singleplayer', 'Action', 'Minimalist', 'Casual', 'Survival', 'Score Attack', '2D Platformer', 'Arena Shooter', 'Bullet Hell', 'Choose Your Own Adventure', ""Shoot 'Em Up"", 'Top-Down Shooter', 'PvP', 'Local Multiplayer', 'Controller', 'Multiplayer', 'Family Friendly']",2022-12-15 16:00:13,False,2022–23,4.0,812,True,8.99,,,,,$5–9.99,3–4
1694600,THE HOUSE OF THE DEAD: Remake,0,True,False,False,False,1651150820,2708,68,['Forever Entertainment S. A.'],['MegaPixel Studio S. A.'],"['On-Rails Shooter', 'Action', 'Shooter', 'First-Person', 'Zombies', 'Horror', 'Arcade', '3D', 'Local Co-Op', ""1990's"", 'Old School', 'Local Multiplayer', 'Gore', 'Remake', 'Violent', 'Singleplayer', 'Combat', 'Co-op', 'Multiple Endings', 'Classic']",2022-04-28 13:00:20,False,2022–23,2.0,777,False,24.99,34.2,1.15,,,$20+,2
1694610,Beku,0,True,False,False,False,1645803194,4,50,['Hound Picked Games'],['WiwiGameStudio'],"['Action', 'Adventure', 'Action-Adventure', 'Arcade', 'Platformer', '2D Platformer', 'Side Scroller', 'Pixel Graphics', 'Roguelike', 'Hack and Slash', 'Fantasy', 'Action Roguelike', 'Roguelite', '2D', 'Singleplayer', 'Local Co-Op', 'Survival', 'Combat', 'Dark Fantasy', 'Difficult']",2022-02-25 15:33:14,False,2022–23,,2944,True,5.99,,,,,$5–9.99,не указано
1697170,4 Rush Together,0,True,False,False,False,1736216669,29,86,['Honglizi'],['Honglizi'],"['Casual', 'Racing', 'Sports', '4 Player Local', 'Multiplayer', 'Funny', 'Relaxing', 'Physics', 'Runner', 'Split Screen', 'Parkour', 'Score Attack', 'Online Co-Op', 'Third Person', '3D', 'Cute', 'PvP', 'Co-op', 'Party Game', 'Colorful']",2025-01-07 02:24:29,False,2024–25,4.0,1961,False,4.99,,,,,до $5,3–4
1704920,Scelestum,0,True,False,False,False,1667146862,3,66,['Duckisoft Limited'],['Duckisoft Limited'],"['Puzzle', 'Co-op', 'Investigation', 'Exploration', 'Multiplayer', 'Online Co-Op', 'Hidden Object', 'Escape Room', 'PvE', 'Fantasy', 'Medieval', 'Mystery', '3D', 'First-Person', 'Singleplayer', 'Indie', 'Detective', 'Replay Value', 'Casual', 'Early Access']",2022-10-30 16:21:02,False,2022–23,5.0,1690,False,9.99,,,,,$5–9.99,5–8
1706480,Alive Paint,0,True,False,False,False,1679756378,2,100,['Kiepska Spółka'],['Kiepska Spółka'],"['Design & Illustration', 'Animation & Modeling', 'Point & Click', 'Relaxing', 'Hand-drawn', 'Cute', 'Casual', 'Colorful', 'Family Friendly', '2D', 'Cartoony', 'Stylized', 'Fantasy', 'Singleplayer', 'Indie', 'Co-op']",2023-03-25 14:59:38,False,2022–23,,1945,False,4.99,,,,,до $5,не указано
1706550,Nebular Crush,0,True,False,True,False,1657891555,0,0,['Sunamico'],['Sunamico'],"['Action', ""Shoot 'Em Up"", 'Side Scroller', 'Shooter', 'Arcade', 'Platformer', '2D', 'Retro', 'Local Co-Op', 'Bullet Hell', 'Psychedelic', 'Old School', 'Nonlinear', 'Sci-fi', '1980s', ""1990's"", 'Pixel Graphics', 'Controller', 'Local Multiplayer', 'Adventure']",2022-07-15 13:25:55,False,2022–23,,691,False,5.99,,,,,$5–9.99,не указано
1706800,The Art Of Flight,0,True,False,False,False,1744027268,7,100,['Page To Pixel Publishing LLC'],['Et Al Games'],"[""Shoot 'Em Up"", 'Arcade', 'Bullet Hell', 'Local Co-Op', 'Top-Down Shooter', 'Difficult', 'Action', 'Shooter', 'Procedural Generation', 'Indie', 'Colorful', 'Sci-fi', 'Space', 'Combat', 'Controller', 'Score Attack', 'Singleplayer', 'Flight', 'Top-Down', 'Co-op']",2025-04-07 12:01:08,False,2024–25,5.0,2393,False,9.99,,,,,$5–9.99,5–8
1707540,Escape From Monster,0,True,False,False,False,1657540911,206,70,['Thunder Games'],['Thunder Games'],"['Horror', 'Multiplayer', 'Survival Horror', 'Co-op', 'Action', 'Singleplayer', 'Adventure', 'Stealth', 'First-Person', 'PvE', 'Co-op Campaign', 'Online Co-Op', 'Indie', 'Massively Multiplayer', 'Action-Adventure', 'Survival', 'Idler', '3D']",2022-07-11 12:01:51,False,2022–23,2.0,908,False,4.99,20.0,2.4,,,до $5,2
1707790,Dorfs: Hammers for Hire,0,True,False,False,False,1655838165,18,88,['Ravegan'],['Ravegan'],"['Funny', '3D', 'Cartoony', 'Singleplayer', 'Action', 'Indie', 'Casual', 'Co-op', 'Co-op Campaign', 'Local Co-Op', 'Online Co-Op', 'Family Friendly', 'PvP', '4 Player Local', 'Local Multiplayer', 'Crafting', 'Party Game', 'Platformer', 'PvE', 'Multiplayer']",2022-06-21 19:02:45,False,2022–23,4.0,2445,False,8.99,,,,,$5–9.99,3–4
1708270,Running Robot Man 4,0,True,False,False,False,1714188716,6,83,['Slightly Esoteric Studios'],['Slightly Esoteric Studios'],"['Third-Person Shooter', 'Action Roguelike', 'Multiplayer', 'Action', 'Co-op', 'Roguelite', '3D Platformer', 'Precision Platformer', 'Dungeon Crawler', 'Action-Adventure', 'Procedural Generation', '3D', 'Roguelike', 'Online Co-Op', 'Adventure', 'Platformer', 'Perma Death', 'Third Person', 'Replay Value', 'Difficult']",2024-04-27 03:31:56,False,2024–25,,8454,False,3.99,,,,,до $5,не указано
1708550,Cassiodora,0,True,False,False,False,1671120037,15,93,"['PID Games', 'Dear Villagers']",['Void Studios'],"['Side Scroller', 'Bullet Hell', ""Shoot 'Em Up"", 'Shooter', 'Character Customization', '2.5D', 'Action', 'Split Screen', 'Controller', 'Colorful', 'Fantasy', 'Adventure', 'Medieval', 'Score Attack', 'Combat', 'Co-op', 'Co-op Campaign', 'Local Co-Op', 'Local Multiplayer', 'Multiplayer']",2022-12-15 16:00:37,False,2022–23,3.0,1834,False,14.99,,,,,$10–14.99,3–4
1708800,COTTOn 2 - Saturn Tribute,0,True,False,False,False,1644418827,29,62,['CITY CONNECTION'],['CITY CONNECTION'],"['Action', 'Arcade', 'Shooter', ""Shoot 'Em Up"", 'Side Scroller', 'Cute', 'Pixel Graphics', ""1990's"", 'Comedy', 'Fantasy', 'Retro', 'Magic', 'Controller', 'Female Protagonist', 'Singleplayer', 'Local Multiplayer', 'Local Co-Op', 'Co-op', 'Multiplayer']",2022-02-09 15:00:27,False,2022–23,,1077,False,17.99,,,,,$15–19.99,не указано
1708810,COTTOn Boomerang - Saturn Tribute,0,True,False,False,False,1644418859,17,58,['CITY CONNECTION'],['CITY CONNECTION'],"['Action', 'Arcade', 'Shooter', ""Shoot 'Em Up"", 'Side Scroller', 'Cute', 'Pixel Graphics', ""1990's"", 'Comedy', 'Fantasy', 'Retro', 'Magic', 'Controller', 'Female Protagonist', 'Singleplayer', 'Multiplayer', 'Local Multiplayer', 'Local Co-Op', 'Co-op']",2022-02-09 15:00:59,False,2022–23,,1070,False,17.99,,,,,$15–19.99,не указано
1708820,Guardian Force - Saturn Tribute,0,True,False,False,False,1644418889,16,75,['CITY CONNECTION'],['CITY CONNECTION'],"['Action', 'Arcade', 'Shooter', ""Shoot 'Em Up"", 'Top-Down Shooter', 'Pixel Graphics', 'Top-Down', ""1990's"", 'Sci-fi', 'Military', 'Retro', 'Futuristic', 'Controller', 'Singleplayer', 'Multiplayer', 'Local Multiplayer', 'Local Co-Op', 'Co-op']",2022-02-09 15:01:29,False,2022–23,,822,False,17.99,,,,,$15–19.99,не указано
1710670,Tracery of Fate,0,True,False,False,False,1734621688,129,73,['Sign Narva'],['Sign Narva'],"['Violent', 'VR', 'Swordplay', 'Action', 'Co-op Campaign', 'Hack and Slash', 'Magic', 'Co-op', 'Multiplayer', 'Singleplayer', 'First-Person', 'Action RPG', 'RPG', 'Adventure', 'Exploration', 'Fantasy', 'Zombies', 'Puzzle', 'Souls-like', 'Indie']",2024-12-19 15:21:28,False,2024–25,4.0,4378,False,19.99,5.5,2.8,,,$15–19.99,3–4
1710830,Super Nano Blaster,0,True,False,False,False,1651579265,20,100,['Ankama Games'],['3.5 Inch Team'],"[""Shoot 'Em Up"", 'Bullet Hell', 'Score Attack', 'Pixel Graphics', 'Arcade', 'Minimalist', 'Shooter', 'Co-op', 'Singleplayer', 'Local Co-Op', '2D', 'Controller', 'Action', 'Sci-fi', 'Dystopian ', 'Futuristic', 'Multiplayer', 'Local Multiplayer', 'PvE', 'Indie']",2022-05-03 12:01:05,False,2022–23,,1186,True,11.99,,,,,$10–14.99,не указано
1712050,Gehinnom,0,True,False,False,False,1696352413,54,75,['Chaos Minds'],['Chaos Minds'],"['Horror', 'Multiplayer', 'Online Co-Op', 'Survival Horror', 'Action', 'Co-op', 'Dark', 'Atmospheric', 'PvP', 'PvE', 'Puzzle', 'Psychological Horror', 'Difficult', 'Stealth', 'First-Person', 'Singleplayer', 'Indie', 'Gore', 'Violent', '3D']",2023-10-03 17:00:13,False,2022–23,4.0,1683,False,9.99,,,,,$5–9.99,3–4
1713310,League of Felt Tanks: Together,0,True,False,False,False,1726430426,4,75,['Utage Guys'],['Utage Guys'],"['Multiplayer', 'Online Co-Op', 'Top-Down Shooter', 'Party Game', 'Casual', 'PvP', 'Arcade', 'Cute', 'PvE', 'Co-op', 'Funny', 'Memes', 'Shooter', 'Character Customization', 'Tanks', 'Top-Down', 'Vehicular Combat', 'Automobile Sim', 'Battle Royale', 'Bullet Time']",2024-09-15 20:00:26,False,2024–25,8.0,848,False,2.99,,,,,до $5,5–8
1714190,Breakout: Recharged,0,True,False,False,False,1644480247,96,81,['Atari'],"['Adamvision Studios', 'SneakyBox']","['Action', 'Casual', 'Arcade', '2D', 'Colorful', 'Psychedelic', '1980s', 'Family Friendly', 'Modern', 'Retro', 'Linear', 'Physics', 'Score Attack', 'Co-op', 'Local Co-Op', 'Multiplayer', 'Singleplayer', 'Local Multiplayer', 'Puzzle']",2022-02-10 08:04:07,False,2022–23,,1522,False,9.99,,,,,$5–9.99,не указано
1714240,Soul Stalker,0,True,False,False,False,1729757109,77,77,['Conradical Games'],"['Radhood', 'Conradical Games']","['Bullet Heaven', 'Action Roguelike', 'Bullet Hell', 'Roguelite', 'Roguelike', ""Shoot 'Em Up"", 'Action', 'Early Access', 'Singleplayer', 'Top-Down', 'Combat', '2D', 'Local Multiplayer', 'Retro', 'Local Co-Op', 'Co-op', 'Multiplayer', 'Arcade', 'Visual Novel', 'Comedy']",2024-10-24 08:05:09,False,2024–25,,1295,False,4.99,,,,,до $5,не указано
1714420,Fursan al-Aqsa: The Knights of the Al-Aqsa Mosque,0,True,False,False,False,1650287280,931,96,['Nidal Nijm Games'],['Nidal Nijm Games'],"['FPS', 'PvE', 'Shooter', 'Tactical', 'Military', 'First-Person', 'Hero Shooter', 'Wargame', 'Historical', 'Action', 'Team-Based', 'Co-op', 'Nonlinear', 'Realistic', 'Stealth', 'War', 'Emotional', 'Modern', 'Survival Horror', 'Action-Adventure']",2022-04-18 13:08:00,False,2022–23,,2102,True,14.99,44.6,2.05,,,$10–14.99,не указано
1715730,Boo Men,0,True,False,True,False,1663244573,2086,88,['Twisted Corridor👻'],['Twisted Corridor👻'],"['Horror', 'Online Co-Op', 'Multiplayer', 'Action', 'Heist', 'Dark', 'First-Person', 'Action-Adventure', 'Stealth', 'Character Customization', 'Co-op', 'Singleplayer', 'Hidden Object', 'Collectathon', '3D', 'Realistic', 'Psychological Horror', 'Atmospheric', 'Early Access', 'Indie']",2022-09-15 12:22:53,False,2022–23,5.0,1802,False,7.99,41.1,8.1,,,$5–9.99,5–8
1716830,Sumo Seals,0,True,False,True,False,1666422488,8,75,['Neokoro'],['Victor Chui'],"['Action', 'Minigames', 'Family Friendly', 'Party Game', 'Physics', 'Arcade', 'Comedy', 'Casual', 'Cartoon', 'Party', '3D Platformer', 'Team-Based', '3D Fighter', 'Colorful', 'Cute', 'PvP', 'Local Multiplayer', 'Singleplayer', '4 Player Local', 'Local Co-Op']",2022-10-22 07:08:08,False,2022–23,4.0,2124,False,19.99,,,,,$15–19.99,3–4
1717190,Fallen City Brawl,0,True,False,False,False,1755000008,61,77,['Eastasiasoft Limited'],['Fallen City Studio'],"['Side Scroller', 'Action', ""Beat 'em up"", '2D Fighter', '2D', 'Controller', 'Linear', 'Pixel Graphics', '1980s', ""1990's"", 'Old School', 'Indie', 'Co-op', 'Local Co-Op', 'Local Multiplayer', 'Multiplayer', 'Singleplayer']",2025-08-12 12:00:08,False,2024–25,,1855,True,14.99,,,,,$10–14.99,не указано
1718290,Guardians Of Gaia,0,True,False,False,False,1746371583,1,100,['Handmade Games'],['Handmade Games'],"['PvP', 'Third Person', 'Controller', 'Team-Based', 'Hack and Slash', 'Multiplayer', 'Action', 'Stylized', '3D Fighter', 'Combat', 'Online Co-Op', 'Competitive', 'Swordplay', '3D', 'MOBA', 'Fantasy', 'Martial Arts', 'Strategy', 'Cartoony', 'Family Friendly']",2025-05-04 15:13:03,False,2024–25,,1031,False,19.99,,,,,$15–19.99,не указано
1719550,Platypus Adventures,0,True,False,False,False,1657177255,17,100,['Figtree Digital'],['Figtree Digital'],"['Adventure', 'Action', 'Cute', 'Singleplayer', 'Collectathon', 'Colorful', 'Family Friendly', 'Atmospheric', 'Combat', 'Exploration', 'Nature', 'Cartoony', 'Third Person', 'Local Co-Op', 'Casual', 'Action-Adventure', ""Beat 'em up"", 'Hidden Object', 'Surreal', 'Controller']",2022-07-07 07:00:55,False,2022–23,,2092,False,19.99,,,,,$15–19.99,не указано
1721110,Abyssus,0,True,False,False,False,1755010060,5064,84,"['The Arcade Crew', 'Dotemu']",['DoubleMoose Games'],"['FPS', 'Co-op', 'Roguelike', 'Online Co-Op', 'Roguelite', 'PvE', 'Multiplayer', 'Looter Shooter', 'Indie', 'Action Roguelike', 'Action', 'First-Person', 'Shooter', 'Steampunk', 'Underwater', 'Dungeon Crawler', 'Arena Shooter', '3D', 'Submarine', 'Character Customization']",2025-08-12 14:47:40,False,2024–25,4.0,2595,False,24.99,36.1,15.25,,,$20+,3–4
1725350,Mari and Bayu - The Road Home,0,True,False,False,False,1658242466,28,53,"['PID Games', 'Dear Villagers']",['Skinny Bandit'],"['Adventure', 'Co-op', 'Family Friendly', 'Action-Adventure', 'Platformer', '2D', 'Local Multiplayer', 'Exploration', 'Emotional', 'Singleplayer', 'Action', 'Indie', 'Controller', 'Nature']",2022-07-19 14:54:26,False,2022–23,2.0,1665,False,12.99,,,,,$10–14.99,2
1729140,Hired 2 Die,0,True,False,False,False,1738335659,169,82,['Electric Monkeys'],['Electric Monkeys'],"['Stealth', 'Atmospheric', 'Singleplayer', 'Horror', 'Online Co-Op', 'Multiplayer', 'Co-op', 'Comedy', 'Action', '3D', 'First-Person', 'Perma Death', 'Time Management', 'Psychological Horror', 'Survival Horror', 'Simulation', 'PvE', 'Dark', 'Survival', 'Difficult']",2025-01-31 15:00:59,False,2024–25,4.0,1726,True,9.99,23.1,9.1,,,$5–9.99,3–4
1729640,COROCONNECT,0,True,False,True,False,1727659268,12,91,['Fly Penguin inc.'],['Fly Penguin inc.'],"['Side Scroller', '2D Platformer', 'Platformer', 'Cute', 'Voxel', 'Action', 'Funny', 'Casual', 'Controller', 'Colorful', 'Family Friendly', 'Retro', 'Online Co-Op', 'Multiplayer', 'Co-op', '2.5D', 'Relaxing', 'Early Access', 'Indie', 'Local Multiplayer']",2024-09-30 01:21:08,False,2024–25,4.0,1325,False,4.99,,,,,до $5,3–4
1730650,REQUISITION VR,0,True,False,False,False,1683234310,392,62,['Spheroom'],['Arcadia'],"['VR', 'Action', 'Shooter', 'Zombies', 'Multiplayer', 'Gore', 'Adventure', 'Survival Horror', 'FPS', 'Violent', 'Looter Shooter', 'Co-op', 'Singleplayer', 'Crafting', 'Survival', 'Horror', 'Post-apocalyptic', 'Open World', 'Physics', 'Atmospheric']",2023-05-04 21:05:10,False,2022–23,,514,False,19.99,16.7,3.3499999999999996,,,$15–19.99,не указано
1731460,LEGO® Brawls,0,True,False,False,False,1662105780,664,78,['LEGO® Games'],['Red Games Co.'],"['Casual', 'Action', 'Platformer', '2D Platformer', '2D Fighter', 'Character Customization', 'Family Friendly', 'Multiplayer', 'Competitive', 'Online Co-Op', 'Local Multiplayer', 'Funny', 'PvP', 'Team-Based', 'Building', '2D', 'Controller', 'Cartoony', 'Battle Royale', 'Co-op']",2022-09-02 08:03:00,False,2022–23,,1397,False,9.99,71.1,6.15,,,$5–9.99,не указано
1732420,Spanky!,0,True,False,True,False,1714435244,119,79,['HappyHead Games'],['HappyHead Games'],"['Physics', 'Parkour', 'PvP', '3D Platformer', 'Funny', 'Character Customization', 'Multiplayer', 'Arcade', 'Action', 'Level Editor', 'Stylized', 'Colorful', '3D', 'Third Person', 'Platformer', 'Combat', 'Casual', 'Co-op', 'Cartoony', 'Satire']",2024-04-30 00:00:44,False,2024–25,8.0,2277,False,9.99,20.7,2.05,,,$5–9.99,5–8
1733890,"Warhammer 40,000: Battle Sister",0,True,False,False,False,1646755005,598,70,['Soul Assembly Ltd'],['Soul Assembly Ltd'],"['Action', 'FPS', 'VR', 'Shooter', 'Action-Adventure', 'Story Rich', 'Singleplayer', 'Online Co-Op', 'PvE', 'Female Protagonist', '6DOF', 'Sci-fi', 'Atmospheric', 'Dark', 'Adventure', 'Dark Fantasy', 'Combat', 'Tactical', 'Bullet Time', 'Gothic']",2022-03-08 15:56:45,False,2022–23,,1336,False,19.99,40.5,4.75,,,$15–19.99,не указано
1734970,Planet Hotpot,0,True,False,False,False,1642260969,1,100,['Attyc Games'],['Attyc Games'],"['Action', 'Cartoony', 'Shooter', 'VR', ""Shoot 'Em Up"", '3D', 'Aliens', 'Multiplayer', 'Capitalism', 'Sci-fi', 'Character Customization', 'Combat', 'PvE', 'Singleplayer', 'Co-op']",2022-01-15 15:36:09,False,2022–23,,608,False,2.99,,,,,до $5,не указано
1736120,Gambit!,0,True,False,False,False,1680800530,38,26,['XREAL Games'],['XREAL Games'],"['Co-op Campaign', 'Story Rich', 'Dark Humor', 'Funny', 'Post-apocalyptic', 'VR', 'Shooter', 'Singleplayer', 'Multiplayer', 'PvP', 'Dystopian ', 'FPS', 'Action', 'Co-op', 'Online Co-Op', 'Gun Customization', 'Character Customization', 'First-Person', '6DOF', 'PvE']",2023-04-06 17:02:10,False,2022–23,4.0,1045,False,19.99,,,,,$15–19.99,3–4
1740660,Miraculous: Rise of the Sphinx,0,True,False,False,False,1666713504,166,53,['GameMill Entertainment'],['Magic Pockets'],"['Adventure', 'Action', 'Co-op', 'Local Co-Op', 'Local Multiplayer', 'Singleplayer', 'Multiplayer']",2022-10-25 15:58:24,False,2022–23,,2101,False,49.99,38.4,5.4,,,$20+,не указано
1741160,Catch Me!,0,True,False,False,False,1674571597,26,84,"[""ByteRockers' Games""]","[""ByteRockers' Games""]","['Party Game', 'Multiplayer', 'Online Co-Op', 'Family Friendly', 'Team-Based', 'Casual', 'Runner', 'Sports', '2D Platformer', 'Parkour', 'Cartoony', 'Arcade', 'Comic Book', 'Controller', 'PvP', 'Wholesome', 'Competitive', 'Comedy', 'Combat', 'eSports']",2023-01-24 14:46:37,False,2022–23,4.0,1529,False,1.99,,,,,до $5,3–4
1741420,OplitisAV,0,True,False,False,False,1694538322,0,0,['DreamWaves'],['DreamWaves'],"['Action', 'Arcade', 'Action Roguelike', 'Co-op', 'Local Co-Op', '4 Player Local', 'Action-Adventure', 'Singleplayer', 'Abstract', 'Top-Down', 'Minimalist', 'Third Person', 'Hacking', 'Robots', 'Combat', 'Controller', 'Procedural Generation', 'PvE', '3D', 'Colorful']",2023-09-12 17:05:22,False,2022–23,,654,False,3.99,,,,,до $5,не указано
1745040,History of Football World Cup,0,True,False,False,False,1652355273,8,100,['Dejavu Games'],['Dejavu Games'],"['Football (Soccer)', 'Sports', 'Puzzle', 'First-Person', 'Historical', 'Retro', '3D', 'Singleplayer', 'Exploration', '2D Platformer', 'Co-op', 'Casual', 'Funny', 'Remake', 'Simulation', 'Arcade', 'Action', 'Adventure']",2022-05-12 11:34:33,False,2022–23,,744,False,0.99,,,,,до $5,не указано
1745640,MACE: Mapinguari's Temple,0,True,False,False,False,1651254299,14,100,['Crit42 Studio'],['Crit42 Studio'],"['Social Deduction', 'Multiplayer', 'Procedural Generation', 'Horror', 'Casual', 'Adventure', 'Party Game', 'Dungeon Crawler', 'Survival Horror', 'Stealth', 'Co-op', 'Action-Adventure', 'Singleplayer', 'PvE', 'Retro', 'Pixel Graphics', 'Mystery', 'Supernatural', 'Thriller', 'Puzzle']",2022-04-29 17:44:59,False,2022–23,10.0,2046,False,4.99,,,,,до $5,9+
1745680,Odd Remedy,0,True,False,True,False,1730959236,162,87,['Oddscure'],['Oddscure'],"['Online Co-Op', 'Action-Adventure', 'Physics', 'Exploration', 'Survival', 'Loot', 'Funny', 'FPS', 'Survival Horror', 'First-Person', 'Co-op', 'PvE', 'Atmospheric', 'Action', 'Adventure', 'Stealth', 'Driving', 'Open World', 'Post-apocalyptic', 'Action Roguelike']",2024-11-07 06:00:36,False,2024–25,8.0,2628,False,9.99,53.3,4.9,,,$5–9.99,5–8
1746620,Where is Paradise ?,0,True,False,False,False,1718112130,23,82,['Spynosa Studio'],['Spynosa Studio'],"['Multiplayer', 'Online Co-Op', 'Social Deduction', 'Mystery Dungeon', 'Exploration', 'Puzzle', '2D', 'Colorful', 'Cute', 'Mystery', 'Atmospheric', 'Team-Based', 'PvP', 'Adventure', 'Top-Down', 'Party Game', 'Minigames', 'Fantasy', 'Indie', 'Casual']",2024-06-11 13:22:10,False,2024–25,8.0,1199,False,0.99,,,,,до $5,5–8
1746660,Space Ballers,0,True,False,False,False,1659349799,16,100,['Rackaway Studios'],['Rackaway Studios'],"['Casual', 'Sports', 'Spaceships', 'Football (Soccer)', '2D', 'PvP', 'Space', 'Top-Down', 'Combat', 'Team-Based', 'Score Attack', 'Local Co-Op', 'Vehicular Combat', 'Competitive', 'Co-op', 'Action', 'Multiplayer', 'Local Multiplayer', '4 Player Local', 'Singleplayer']",2022-08-01 10:29:59,False,2022–23,4.0,1687,False,1.99,,,,,до $5,3–4
1746760,BOOMER SLAYERS,0,True,False,False,False,1646080838,1,100,['Yury Himin'],['Yury Himin'],"['Action', 'Top-Down', 'Shooter', 'Local Co-Op', 'Adventure', 'Old School', 'Rock Music', 'Difficult', 'Twin Stick Shooter', 'Isometric', 'Fast-Paced', 'Soundtrack', 'Cartoony', 'Co-op Campaign', 'Combat', 'Singleplayer', 'Co-op', 'Local Multiplayer', 'Retro', 'Physics']",2022-02-28 20:40:38,False,2022–23,,983,False,7.99,,,,,$5–9.99,не указано
1752540,Lost Twins 2,0,True,False,False,False,1755183530,46,86,['Playdew'],['Playdew'],"['Puzzle Platformer', 'Logic', 'Puzzle', 'Relaxing', 'Platformer', 'Adventure', 'Colorful', 'Local Co-Op', 'Old School', 'Stylized', 'Family Friendly', 'Split Screen', 'Emotional', 'Female Protagonist', 'Cute', '2D Platformer', 'Side Scroller', 'Anime', 'Surreal', 'Co-op']",2025-08-14 14:58:50,False,2024–25,,2870,False,14.99,,,,,$10–14.99,не указано
1755580,The Jackbox Party Starter,0,True,False,False,False,1656563495,413,94,"['Jackbox Games, Inc.']","['Jackbox Games, Inc.']","['Casual', 'Trivia', '2D', 'Cartoon', 'Colorful', 'Comedy', 'Dark Comedy', 'Dark Humor', 'Family Friendly', 'Funny', 'PvP', 'Co-op', 'Local Co-Op', 'Local Multiplayer', 'Multiplayer', 'Party', 'Singleplayer', 'Indie', 'Strategy', 'Party Game']",2022-06-30 04:31:35,False,2022–23,8.0,4286,False,19.99,68.5,8.649999999999999,,,$15–19.99,5–8
1755680,Everything Is For Humanity,0,True,False,False,False,1656108906,107,66,['Vanquisher Games'],['Vanquisher Games'],"['Adventure', 'First-Person', 'Horror', 'Psychological Horror', 'Singleplayer', 'Story Rich', 'Indie', 'Action', 'Puzzle', 'Exploration', '3D', 'Realistic', 'Fantasy', 'Thriller', 'Sci-fi', 'Linear', 'Multiplayer', 'Co-op', 'Psychological', 'Online Co-Op']",2022-06-24 22:15:06,False,2022–23,,2068,False,14.99,18.9,2.0,,,$10–14.99,не указано
1756150,SCP: Keter,0,True,False,True,False,1671278377,30,16,['Glacier LTD'],['DRAUGR'],"['Multiplayer', 'Survival Horror', 'Action', 'Military', 'Horror', 'Sci-fi', 'Supernatural', 'Online Co-Op', 'PvP', 'Early Access', 'Gore', 'Cinematic', 'Violent', 'Co-op', 'First-Person', 'Action-Adventure', 'Third Person', 'Psychological Horror', 'Asynchronous Multiplayer', 'Outbreak Sim']",2022-12-17 11:59:37,False,2022–23,3.0,2831,False,5.99,,,,,$5–9.99,3–4
1756160,Unsafe Express,0,True,False,False,False,1731340652,222,59,['OnSkull Games'],['OnSkull Games'],"['Online Co-Op', 'Horror', 'First-Person', 'Co-op', 'Survival Horror', 'Sci-fi', 'Multiplayer', 'Adventure', 'Action-Adventure', 'Hacking', 'Action', 'Aliens', 'Space', 'Futuristic', 'Exploration', 'Psychological Horror', 'FPS', 'Capitalism', 'Shooter', 'Realistic']",2024-11-11 15:57:32,False,2024–25,4.0,1661,False,11.99,2.6,2.75,,,$10–14.99,3–4
1757300,Jump Space,0,True,False,True,False,1758290424,11259,85,['Keepsake Games'],['Keepsake Games'],"['Co-op', 'PvE', 'Space', 'Sci-fi', 'FPS', 'Roguelite', 'First-Person', 'Action', 'Exploration', 'Shooter', 'Spaceships', 'Adventure', 'Early Access', 'Multiplayer', 'Indie', 'Flight', 'Looter Shooter', 'Dark', 'Combat', 'Atmospheric']",2025-09-19 14:00:24,False,2024–25,4.0,2244,False,19.99,32.5,20.6,,,$15–19.99,3–4
1761670,Apré Lapli [After the rain],0,True,False,False,False,1665676540,0,0,['2112Games'],['2112Games'],"['Adventure', 'Interactive Fiction', 'Choose Your Own Adventure', 'Puzzle Platformer', 'Exploration', '3D', 'Third Person', 'Colorful', 'Stylized', 'Split Screen', 'Relaxing', 'Atmospheric', 'Emotional', 'Open World', 'Female Protagonist', 'Story Rich', 'Local Co-Op', 'Singleplayer', 'Indie']",2022-10-13 15:55:40,False,2022–23,,1720,False,3.99,,,,,до $5,не указано
1761900,EXOME,0,True,False,True,False,1671217663,265,80,['RudeFrog Studios'],['RudeFrog Studios'],"['Early Access', 'Exploration', 'Third-Person Shooter', 'PvE', 'Difficult', 'Shooter', 'Third Person', 'Horror', 'Lore-Rich', 'Nonlinear', 'Open World', 'Action', 'Sci-fi', 'Atmospheric', 'Mystery', 'Adventure', 'Aliens', 'Futuristic', 'Survival Horror', 'Co-op']",2022-12-16 19:07:43,False,2022–23,4.0,1297,False,14.99,15.6,4.35,,,$10–14.99,3–4
1763290,Fight Club - All Stars,0,True,False,False,False,1682060441,4,50,['Alex Mas'],['Alex Mas'],"['Fighting', 'Physics', '4 Player Local', 'Local Co-Op', 'Local Multiplayer', 'Action', 'Party', 'Indie', 'Controller', 'Singleplayer', 'Cartoon', 'Simulation', 'Third Person', 'Funny', 'PvP', 'Co-op', 'Sports', 'Early Access']",2023-04-21 07:00:41,False,2022–23,4.0,963,False,4.99,,,,,до $5,3–4
1764660,FROM FEAR,0,True,False,False,False,1698257358,32,53,['Gearfall Studios'],['Gearfall Studios'],"['Horror', 'Online Co-Op', 'Singleplayer', 'Loot', 'Psychological Horror', 'Co-op', 'Supernatural', 'First-Person', 'PvE', 'Action', '3D', 'Multiplayer', 'Survival Horror', 'Realistic', 'Thriller', 'Indie', 'Tactical', 'Early Access', 'Violent', 'Gore']",2023-10-25 18:09:18,False,2022–23,4.0,1049,False,12.99,,,,,$10–14.99,3–4
1765310,Halloween is Crazy as Hell,0,True,False,False,False,1652278792,16,100,['Ciro Fernandes (Cube Legal)'],['Ciro Fernandes (Cube Legal)'],"['Action', 'Roguelike', 'Action Roguelike', 'Bullet Hell', 'Roguelite', '2D', 'Pixel Graphics', 'Top-Down', 'Dark Fantasy', 'Supernatural', 'Dark', 'Procedural Generation', 'PvE', 'Co-op', 'Local Co-Op', 'Multiplayer', 'Local Multiplayer', 'Singleplayer']",2022-05-11 14:19:52,False,2022–23,,1757,False,9.99,,,,,$5–9.99,не указано
1765990,PuckOFF,0,True,False,False,False,1652463379,25,64,['Kuura Playhouse'],['Kuura Playhouse'],"['Hockey', 'Sports', 'Skating', 'Violent', 'Controller', 'Action', 'Co-op Campaign', 'Third Person', 'Team-Based', 'Character Customization', '3D Fighter', 'eSports', 'Visual Novel', 'Snow', 'Split Screen', 'Co-op', 'Singleplayer', 'Boxing', ""Beat 'em up"", 'Creature Collector']",2022-05-13 17:36:19,False,2022–23,4.0,2574,False,19.99,,,,,$15–19.99,3–4
1770490,PAW Patrol: Grand Prix,0,True,False,False,False,1664525800,71,81,['Outright Games Ltd.'],['3DClouds'],"['Racing', 'Combat Racing', 'Driving', 'Family Friendly', 'Wholesome', 'PvP', '3D', 'Cartoon', 'Co-op', 'Local Co-Op', 'Local Multiplayer', 'Multiplayer', 'Singleplayer', 'Dogs', 'Cute', 'Split Screen', 'Controller', 'Action', '4 Player Local', 'Arcade']",2022-09-30 08:16:40,False,2022–23,4.0,1439,False,29.99,,,,,$20+,3–4
1771180,No Fair Play,0,True,False,False,False,1690574051,451,90,['Self MADev'],['Self MADev'],"['Football (Soccer)', 'Multiplayer', 'eSports', 'Combat', 'Parkour', 'Physics', 'Online Co-Op', 'Spectacle fighter', 'Puzzle Platformer', 'PvP', 'Funny', 'Collectathon', 'Martial Arts', '3D Fighter', '3D', 'Sports', 'VR', 'Third Person', 'Destruction', 'Action']",2023-07-28 19:54:11,False,2022–23,,1346,False,2.99,81.4,5.550000000000001,,,до $5,не указано
1774770,Phantom Hysteria,0,True,False,True,False,1665633626,41,60,['Lunar Tale Games LLC'],['Lunar Tale Games LLC'],"['Horror', 'Psychological Horror', 'Online Co-Op', 'Investigation', '3D', 'Action', 'First-Person', 'Atmospheric', 'Supernatural', 'Class-Based', 'Combat', 'Controller', 'Nonlinear', 'Co-op', 'PvE', 'Team-Based', 'Tutorial', 'Action RPG', 'FPS', 'Character Customization']",2022-10-13 04:00:26,False,2022–23,4.0,3874,False,9.99,,,,,$5–9.99,3–4
1777600,Paranormal Hunter,0,True,False,True,False,1684719365,12,41,['EALoGAMES'],['EALoGAMES'],"['Action', 'Survival Horror', 'VR', 'Asymmetric VR', 'Casual', 'Online Co-Op', 'Co-op', 'Action-Adventure', '3D Platformer', 'FPS', 'Collectathon', '3D', 'First-Person', 'Cinematic', '6DOF', 'Controller', 'Stealth', 'Multiplayer', 'Singleplayer', 'Early Access']",2023-05-22 01:36:05,False,2022–23,5.0,1640,False,9.99,,,,,$5–9.99,5–8
1777790,Pool Party,0,True,False,False,False,1715846431,21,85,['Mindscape'],['Lakeview Games'],"['Action', '4 Player Local', 'Physics', 'Sports', 'Arcade', 'Casual', 'Local Co-Op', 'Top-Down', 'Family Friendly', 'Combat', 'Team-Based', 'Multiplayer', 'Local Multiplayer', 'Competitive', 'Comedy', 'Party', 'Funny', 'PvP', 'Cute', 'Singleplayer']",2024-05-16 08:00:31,False,2024–25,4.0,2201,False,9.99,,,,,$5–9.99,3–4
1779080,Project Bridge,0,True,False,False,False,1702930811,13,76,['NE Games'],['NE Games'],"['Co-op', 'Multiplayer', 'Local Multiplayer', 'Local Co-Op', 'Online Co-Op', 'Funny', 'Casual', 'Runner', 'Colorful', 'Pixel Graphics', 'Family Friendly', 'Procedural Generation', 'Roguelike', 'Relaxing', 'Cute', 'Building', 'Top-Down', '4 Player Local', 'Singleplayer', 'Voxel']",2023-12-18 20:20:11,False,2022–23,4.0,2507,False,9.99,,,,,$5–9.99,3–4
1785120,Forsake: Urban horror,0,True,False,False,False,1680277279,157,80,['Unseen Interactive'],['Unseen Interactive'],"['Horror', 'Survival Horror', 'Online Co-Op', 'Exploration', 'Multiplayer', 'Action', 'Singleplayer', 'Indie', 'Psychological Horror', 'Co-op', 'Loot', 'First-Person', 'Artificial Intelligence', 'Dark', 'Supernatural', '3D', 'FPS', 'Survival', 'Investigation', 'Shooter']",2023-03-31 15:41:19,False,2022–23,4.0,2452,False,9.99,13.7,6.25,,,$5–9.99,3–4
1785150,Friends vs Friends,0,True,False,False,False,1685455026,10899,83,['Raw Fury'],['Brainwash Gang'],"['Card Game', 'Action', 'Old School', 'Online Co-Op', 'Co-op', 'FPS', 'Battle Royale', 'Multiplayer', 'Colorful', 'Team-Based', 'Indie', 'PvP', 'Shooter', 'Combat', 'Arena Shooter', 'First-Person', 'Hero Shooter', 'Pixel Graphics', 'Gun Customization', 'Destruction']",2023-05-30 13:57:06,False,2022–23,,1611,False,9.99,46.0,6.6,,,$5–9.99,не указано
1785270,L.O.L. Surprise! B.B.s BORN TO TRAVEL™,0,True,False,False,False,1665129768,1,100,['Outright Games Ltd.'],['Xaloc Studios'],"['Colorful', 'Casual', 'Arcade', '3D', 'Cute', '4 Player Local', 'Action', 'Party', 'Family Friendly', 'Multiplayer', 'Wholesome', 'Adventure', 'Singleplayer', 'Crafting', 'Controller', 'Co-op', 'Local Co-Op', 'Local Multiplayer', 'Simulation', 'Funny']",2022-10-07 08:02:48,False,2022–23,5.0,1524,False,39.99,,,,,$20+,5–8
1787190,Hamster Blitz!,0,True,False,True,False,1645937401,9,100,['Mellow Armadillo'],['Mellow Armadillo'],"['Action-Adventure', 'Arcade', 'Platformer', '3D Platformer', 'Third-Person Shooter', '3D', 'Action', 'Cartoon', 'Casual', 'Physics', 'Cartoony', 'PvE', 'Colorful', 'Cute', 'Funny', 'Co-op', 'Third Person', 'Family Friendly', 'Multiplayer', 'Tactical']",2022-02-27 04:50:01,False,2022–23,4.0,806,False,3.99,,,,,до $5,3–4
1787630,Jump Challenge!,0,True,False,False,False,1647651602,2,100,['Source Byte Sp. z o.o.'],['Source Byte Sp. z o.o.'],"['Action', 'Casual', 'Racing', 'Battle Royale', 'Parkour', '4 Player Local', 'Multiplayer', 'Local Co-Op', 'Platformer', 'Arcade', 'Co-op', 'PvP', 'Pixel Graphics', 'Runner', 'Exploration', '2D Platformer', 'Puzzle Platformer', 'Funny', '2D', 'Rhythm']",2022-03-19 01:00:02,False,2022–23,4.0,1024,False,2.99,,,,,до $5,3–4
1787760,Pets at Work,0,True,False,False,False,1646071558,140,94,['Nibb Games'],"['Nibb Games', 'Guimaraf Studio']","['Local Co-Op', 'Puzzle Platformer', 'Dogs', 'Cats', 'Pixel Graphics', 'Colorful', 'Casual', '2D', 'Co-op', 'Adventure', 'Strategy', '2D Platformer', 'Platformer', 'Puzzle', 'Cartoony', 'Local Multiplayer', 'Arcade', 'Cute', 'Singleplayer', 'Relaxing']",2022-02-28 18:05:58,False,2022–23,,546,False,2.99,33.6,1.55,,,до $5,не указано
1789310,Monsters Loot Swag,0,True,False,False,False,1746730848,3,66,['YorkshireRifles'],['YorkshireRifles'],"['Action Roguelike', 'Top-Down Shooter', 'Twin Stick Shooter', 'Online Co-Op', 'Loot', 'Action', 'Shooter', 'Collectathon', 'Multiplayer', 'Singleplayer', 'Top-Down', 'Perma Death', 'Third Person', 'Dark Fantasy', 'Sci-fi', 'Survival Horror', 'Female Protagonist', 'Co-op', ""Shoot 'Em Up"", 'Roguelite']",2025-05-08 19:00:48,False,2024–25,4.0,1176,True,19.99,,,,,$15–19.99,3–4
1790250,Moon Dancer,0,True,False,False,False,1642200080,35,97,['TERARIN GAMES'],['TERARIN GAMES'],"[""Shoot 'Em Up"", 'Shooter', 'Action', 'Pixel Graphics', 'Score Attack', 'Retro', 'Indie', 'Singleplayer', 'Casual', 'Arcade', '2D', 'Anime', 'Difficult', 'Simulation', 'Funny', 'Exploration', 'Co-op', 'Visual Novel', 'Comedy', 'Sports']",2022-01-14 22:41:20,False,2022–23,,1179,False,14.99,,,,,$10–14.99,не указано
1790340,KUUKIYOMI: Consider It! ONLINE,0,True,False,True,False,1655690400,23,60,['G-MODE'],['G-MODE'],"['Multiplayer', 'Online Co-Op', 'Space', '2D', 'Funny', 'Action', 'Co-op', 'Casual', 'PvP', 'Sci-fi', 'Cartoony', 'Hand-drawn', 'Comic Book', 'Comedy', 'Parody ', 'Dark Humor', 'Early Access', 'Indie', 'Atmospheric', 'Trivia']",2022-06-20 02:00:00,False,2022–23,7.0,2368,False,8.99,,,,,$5–9.99,5–8
1790710,Monster Fighter,0,True,False,False,False,1652169394,0,0,"[""Ethereal's Flow Entertainment""]","[""Ethereal's Flow Entertainment""]","['Action', 'Casual', '2D Fighter', 'Funny', 'Combat', '2D', 'Local Co-Op', 'Indie']",2022-05-10 07:56:34,False,2022–23,2.0,1009,True,2.99,,,,,до $5,2
1791910,Silent Rain,0,True,False,False,False,1721048478,175,69,['Seedlers Interactive'],"['2Brains&amp;Coffee', 'Seedlers Interactive']","['Horror', 'First-Person', 'Action', 'Atmospheric', 'Multiplayer', 'Survival Horror', 'Co-op', 'Online Co-Op', 'Singleplayer', 'Psychological Horror', 'Dark', 'Indie', 'Mystery', '3D', 'Survival', 'Gore', 'Adventure', 'Story Rich', 'Puzzle', 'Exploration']",2024-07-15 13:01:18,False,2024–25,4.0,1590,False,9.99,6.5,2.9,,,$5–9.99,3–4
1792250,Serious Sam: Siberian Mayhem,0,True,False,False,False,1643126233,4748,92,['Devolver Digital'],"['Croteam', 'Timelock Studio']","['Boomer Shooter', 'Action', 'Adventure', 'Shooter', 'First-Person', 'Atmospheric', '3D', 'Dark', 'Old School', 'Horror', 'Online Co-Op', 'Sci-fi', 'Combat', 'FPS', 'Linear', 'Singleplayer', 'Fantasy', 'Demons', 'Co-op', 'Multiplayer']",2022-01-25 15:57:13,False,2022–23,,2481,False,19.99,35.7,6.0,,,$15–19.99,не указано
1792660,Runaway Animals,0,True,False,True,False,1663877343,15,80,['Regl Studios'],"['Regl Studios', 'Roger G Lugo']","['Action', 'Survival', 'Funny', 'Co-op', 'PvP', 'PvE', 'Singleplayer', 'Time Management', 'Story Rich', '3D Platformer', 'Arcade', 'Action-Adventure', 'Third Person', 'Casual', '3D', 'Cartoony', 'Stylized', 'Colorful', 'Fantasy', 'Tactical']",2022-09-22 20:09:03,False,2022–23,4.0,1571,False,4.99,,,,,до $5,3–4
1794670,Limited Rescue,0,True,False,False,False,1675529835,6,100,['LimitedRescue'],['LimitedRescue'],"['Combat', '4 Player Local', 'Arena Shooter', 'PvP', 'Action', 'Local Multiplayer', 'Bullet Hell', 'Casual', 'Fantasy', 'Battle Royale', 'Score Attack', '2D Fighter', '2D', 'Top-Down', 'Magic', 'Physics', 'Controller', 'Team-Based', 'Local Co-Op', 'Singleplayer']",2023-02-04 16:57:15,False,2022–23,6.0,1096,False,1.99,,,,,до $5,5–8
1794680,Vampire Survivors,0,True,False,False,False,1666281692,251988,98,['poncle'],['poncle'],"['Action Roguelike', 'Bullet Hell', 'Roguelite', 'Pixel Graphics', 'Vampires', 'Indie', '2D', 'Singleplayer', 'Casual', 'Roguelike', 'Arcade', 'Action', 'Local Co-Op', 'RPG', 'Controller', 'Score Attack', 'Retro', 'Dark Fantasy', 'Action RPG', 'Co-op']",2022-10-20 16:01:32,False,2022–23,4.0,1135,False,4.99,15.1,16.35,,,до $5,3–4
1794830,Macabre,0,True,False,True,False,1758924098,82,53,['Weforge Studio'],['Weforge Studio'],"['Adventure', 'Co-op', 'Horror', 'Singleplayer', 'Dark Humor', 'Sci-fi', 'Survival Horror', 'Online Co-Op', 'Multiplayer', 'Realistic', 'Casual', 'Atmospheric', 'Aliens', 'Investigation', 'Stealth', 'PvE', 'First-Person', 'Immersive', 'Mystery', 'Supernatural']",2025-09-26 22:01:38,False,2024–25,4.0,3088,False,9.99,,,,,$5–9.99,3–4
1795010,Funtasia,0,True,False,False,False,1664467227,69,57,['indie.io'],['Fantastico Studio'],"['Racing', 'Co-op', 'PvP', 'Side Scroller', 'Adventure', 'Multiplayer', 'Action', 'Local Multiplayer', 'Platformer', 'Local Co-Op', 'Indie', '2D', 'Hand-drawn', 'Arcade', 'Cartoony', 'Singleplayer', 'Fantasy', 'Physics', '2D Platformer', 'Colorful']",2022-09-29 16:00:27,False,2022–23,,1884,False,14.99,,,,,$10–14.99,не указано
1795820,OctoRaid VR,0,True,False,True,False,1698762789,4,75,['BLENS'],['BLENS'],"['Asymmetric VR', 'Action', 'PvP', 'VR', 'Third-Person Shooter', 'Party Game', 'Multiplayer', 'Casual', 'Indie', 'Early Access', 'Family Friendly', 'Retro', 'Party', 'Shooter', 'Bullet Hell', 'FPS', 'Fantasy', 'Online Co-Op', 'Strategy', 'Massively Multiplayer']",2023-10-31 14:33:09,False,2022–23,,3821,True,9.99,,,,,$5–9.99,не указано
1797680,Wee Tanks!,0,True,False,False,False,1684249231,549,90,['Studio Kit'],['Studio Kit'],"['Action', 'Action-Adventure', ""Shoot 'Em Up"", 'Hero Shooter', 'Vehicular Combat', 'Family Friendly', 'Level Editor', 'Adventure', 'PvE', 'Combat', '4 Player Local', 'Co-op', 'Local Co-Op', 'Tanks', 'Shooter', 'Cartoony', 'Bullet Hell', 'Colorful', 'Cute', 'Building']",2023-05-16 15:00:31,False,2022–23,,623,True,9.99,22.9,7.85,,,$5–9.99,не указано
1798270,Where is Earth?,0,True,False,False,False,1667283369,4,75,['Jovano Software'],['Jovano Software'],"['Casual', 'Retro', 'Space Sim', 'Exploration', ""Shoot 'Em Up"", 'Old School', 'Vehicular Combat', 'Space', 'Top-Down', 'Top-Down Shooter', 'Shooter', 'Strategy', '2D', 'Action', 'Family Friendly', 'Sci-fi', 'Aliens', 'Futuristic', 'Combat', 'Local Co-Op']",2022-11-01 06:16:09,False,2022–23,,3005,False,3.99,,,,,до $5,не указано
1798340,Taqoban,0,True,False,False,False,1648224431,1,100,[' Ratalaika Games S.L.'],['ABX Games Studio'],"['Sokoban', 'Casual', '2D Platformer', 'Puzzle Platformer', 'Puzzle', '3D', 'Cute', 'Controller', 'Colorful', 'Nature', 'Cartoon', 'Indie', 'Co-op', 'Local Co-Op', 'Local Multiplayer', 'Multiplayer', 'Singleplayer']",2022-03-25 16:07:11,False,2022–23,2.0,893,False,4.99,,,,,до $5,2
1799220,Escape: Malice,0,True,False,False,False,1667441011,818,17,['Nimbus Games'],['Nimbus Games'],"['Escape Room', 'Horror', 'Puzzle', 'Online Co-Op', 'Atmospheric', 'Psychological Horror', 'Supernatural', 'Exploration', 'Indie', 'Co-op', 'Dark', 'Mystery', 'First-Person', '3D', 'Surreal', 'Logic', 'Psychological', 'Realistic', 'Thriller', 'Adventure']",2022-11-03 02:03:31,False,2022–23,2.0,2431,False,7.99,5.3,5.699999999999999,,,$5–9.99,2
1801110,BOKURA,0,True,False,False,False,1691593389,10910,91,['Kodansha'],['tokoronyori'],"['Online Co-Op', 'Pixel Graphics', 'Adventure', 'Co-op', 'Psychological Horror', 'Action', '2D', 'Multiplayer', 'Puzzle Platformer', 'Story Rich', 'Cute', 'Action-Adventure', 'Emotional', 'Casual', 'Indie', 'Atmospheric', 'Local Co-Op', 'Local Multiplayer', 'Early Access', 'Puzzle']",2023-08-09 15:03:09,False,2022–23,2.0,3387,False,5.49,81.0,5.9,,,$5–9.99,2
1801520,Zombieville USA 3D,0,True,False,False,False,1741366777,2191,92,"['Mika Mobile, Inc.']","['Mika Mobile, Inc.']","['Arcade', 'Action', 'Top-Down Shooter', 'Shooter', 'Action Roguelike', 'Roguelite', 'Zombies', 'Co-op', 'Isometric', 'Old School', 'Funny', 'PvE', '3D', 'Character Customization', 'Dark Humor', 'Casual', 'Cartoony', 'Stylized', 'Comedy', 'Controller']",2025-03-07 16:59:37,False,2024–25,3.0,1370,True,9.99,18.8,13.399999999999999,,,$5–9.99,3–4
1804170,Mimicry,0,True,False,False,False,1661411246,250,78,['Euphoria Games'],['Euphoria Games'],"['Horror', 'Comedy', 'Online Co-Op', 'Action', 'Sci-fi', 'Minigames', '3D', 'Survival', 'Dungeon Crawler', 'Shooter', 'Co-op', 'Psychological Horror', 'Party Game', 'Multiplayer', 'Atmospheric', 'Survival Horror', 'First-Person', 'Space', 'Indie', 'Procedural Generation']",2022-08-25 07:07:26,False,2022–23,9.0,1394,False,4.99,47.7,13.6,,,до $5,9+
1805240,Layer Section™ & Galactic Attack™ S-Tribute,0,True,False,False,False,1651071621,45,77,['CITY CONNECTION'],['CITY CONNECTION'],"['Action', 'Arcade', ""Shoot 'Em Up"", 'Shooter', 'Top-Down Shooter', '2D', 'Top-Down', ""1990's"", 'Sci-fi', 'Retro', 'Space', 'Futuristic', 'Controller', 'Singleplayer', 'Multiplayer', 'Local Multiplayer', 'Local Co-Op', 'Co-op']",2022-04-27 15:00:21,False,2022–23,,2431,False,29.99,,,,,$20+,не указано
1805500,PURGE FORCE 2070,0,True,False,False,False,1674734984,0,0,['SIENTURE'],['SIENTURE'],"['Top-Down Shooter', 'Co-op', 'Sci-fi', '3D', 'Futuristic', 'Action', 'PvE', 'Casual', 'Shooter', 'Space', 'War', 'Zombies', 'Cyberpunk', 'Top-Down', 'Retro', 'Old School', 'Survival Horror', 'Combat', 'Singleplayer', 'Multiplayer']",2023-01-26 12:09:44,False,2022–23,4.0,932,False,6.99,,,,,$5–9.99,3–4
1806050,Exanimate,0,True,False,False,False,1740753408,3,100,['CodeCabanaGames'],['CodeCabanaGames'],"['2D Platformer', 'Split Screen', 'Local Co-Op', 'Post-apocalyptic', 'Zombies', 'Shooter', 'Co-op', '4 Player Local', 'Character Customization', 'Arena Shooter', 'Singleplayer', 'Multiplayer', 'Local Multiplayer', 'Platformer', 'Action', 'PvE', 'Survival', 'Combat', 'Pixel Graphics', '2D']",2025-02-28 14:36:48,False,2024–25,4.0,1273,True,11.99,,,,,$10–14.99,3–4
1807080,Ghost Exile,0,True,False,True,False,1641563862,3696,88,['LostOneTeam'],['LostOneTeam'],"['Horror', 'Online Co-Op', 'Co-op', 'Multiplayer', 'Psychological Horror', 'Action', 'Perma Death', 'Choices Matter', 'First-Person', 'Atmospheric', 'Early Access', 'Indie', 'Singleplayer', 'PvE', 'Team-Based', '3D', 'Violent', 'Gore', 'Investigation', 'VR']",2022-01-07 13:57:42,False,2022–23,4.0,2453,False,14.99,77.7,20.7,,,$10–14.99,3–4
1807220,Welcome to Empyreum,0,True,False,False,False,1726815646,19,78,['Tapioca Games'],['Tapioca Games'],"['Time Management', 'Local Co-Op', 'Local Multiplayer', 'Multiplayer', 'Action-Adventure', 'Character Customization', 'Female Protagonist', 'Top-Down', 'Split Screen', '4 Player Local', 'Cute', 'Funny', 'Team-Based', 'Controller', 'Action', 'Family Friendly', 'Casual', 'Colorful', 'Co-op', 'Cartoony']",2024-09-20 07:00:46,False,2024–25,4.0,2055,False,14.99,,,,,$10–14.99,3–4
1807380,Animal Crusaders,0,True,False,False,False,1650658090,1,0,['Alan Mendez'],['Alan Mendez'],"['Hack and Slash', ""Beat 'em up"", 'PvP', '3D Fighter', 'Character Customization', '3D', 'Dragons', 'Action', 'Funny', 'Controller', 'Stylized', 'Fantasy', 'Magic', 'Medieval', 'Survival', 'Physics', 'Combat', 'Co-op', 'Local Co-Op', 'Local Multiplayer']",2022-04-22 20:08:10,False,2022–23,4.0,1225,False,14.99,,,,,$10–14.99,3–4
1808330,RGBY,0,True,False,True,False,1651647791,3,0,['HappyDaram Inc.'],['HappyDaram Inc.'],"['Bullet Hell', 'Shooter', 'Twin Stick Shooter', '2D', 'Casual', 'Minimalist', 'Indie', 'Early Access', '4 Player Local', 'Local Co-Op', 'PvE', 'PvP', ""Shoot 'Em Up"", 'Controller', 'Futuristic', 'Local Multiplayer', 'Multiplayer']",2022-05-04 07:03:11,False,2022–23,4.0,783,False,4.99,,,,,до $5,3–4
1812090,Escape Academy,0,True,False,False,False,1657771167,1112,86,['iam8bit Presents'],['Coin Crew Games'],"['Escape Room', 'Puzzle', 'Multiplayer', 'Online Co-Op', 'Local Co-Op', 'Co-op', 'Adventure', 'Visual Novel', 'Casual', 'Mystery', 'Story Rich', '3D', 'Cartoony', 'Colorful', 'First-Person', 'Split Screen', 'Controller', 'Team-Based', 'Singleplayer', 'Local Multiplayer']",2022-07-14 03:59:27,False,2022–23,2.0,3608,False,19.99,50.4,6.3,,,$15–19.99,2
1812170,Danghost,0,True,False,False,False,1695798711,27,100,['Umeshu Lovers'],['Umeshu Lovers'],"['Local Multiplayer', 'Mystery', 'Puzzle', 'PvE', 'Colorful', 'PvP', 'Competitive', 'Multiplayer', 'Indie', 'Casual', 'Arcade', 'Funny', 'Score Attack', 'Female Protagonist', '2D', 'Action', 'Combat', 'Local Co-Op', 'Strategy', 'Singleplayer']",2023-09-27 07:11:51,False,2022–23,4.0,1088,True,14.99,,,,,$10–14.99,3–4
1812230,Astro Chef,0,True,False,False,False,1710403837,9,33,"['Lion Castle', 'Current Games']",['Fusion'],"['Time Management', 'Cooking', 'VR', 'Local Co-Op', 'Puzzle', 'Comedy', 'Co-op', 'Sci-fi', 'Aliens', 'Space', '6DOF', 'First-Person', '3D', 'Stylized', 'Simulation', 'Party Game', 'Singleplayer', 'Asynchronous Multiplayer', 'Space Sim', 'Team-Based']",2024-03-14 08:10:37,False,2024–25,,2034,False,19.99,,,,,$15–19.99,не указано
1816930,Mad Experiments: Escape Room 2,0,True,False,False,False,1665711862,69,65,['PlayTogether Studio'],['PlayTogether Studio'],"['Singleplayer', 'Dark', 'Sports', 'Escape Room', 'Puzzle', 'Co-op', 'Mystery', 'Realistic', 'Interactive Fiction', 'Casual', 'Atmospheric', 'Simulation', 'Surreal', 'First-Person', 'Adventure', 'Multiplayer', 'Investigation', 'Hidden Object', 'Team-Based', 'Online Co-Op']",2022-10-14 01:44:22,False,2022–23,6.0,2203,False,12.99,,,,,$10–14.99,5–8
1819290,Spaceship Hunters,0,True,False,False,False,1643628205,1,100,['Pierre Nury'],['PIerre Nury'],"['Local Multiplayer', 'Local Co-Op', '4 Player Local', 'Co-op Campaign', 'Action', 'Multiplayer', 'Co-op', '2D', 'Space', 'Difficult', 'Controller', 'Combat', 'Sci-fi', 'Pixel Graphics', 'Colorful', 'Arcade', ""Shoot 'Em Up"", 'Indie']",2022-01-31 11:23:25,False,2022–23,4.0,1502,False,5.99,,,,,$5–9.99,3–4
1820460,Lands of Rage,0,True,False,False,False,1722604187,1,100,['Jabagaming'],['Jabagaming'],"['Action', 'Platformer', 'Controller', 'Co-op', 'Local Co-Op', 'Side Scroller', 'Singleplayer', ""Shoot 'Em Up"", 'Indie', 'Magic', 'Action-Adventure', 'Multiplayer', 'Local Multiplayer', 'Fantasy', 'Split Screen', 'PvP', 'Difficult', 'Bullet Hell', 'Cartoony', 'Action Roguelike']",2024-08-02 13:09:47,False,2024–25,,2667,True,0.99,,,,,до $5,не указано
1823200,Jumanji: Wild Adventures,0,True,False,False,False,1699001910,13,84,['Outright Games Ltd.'],['Cradle Games'],"['Family Friendly', 'Action', 'Platformer', 'Puzzle', 'Local Multiplayer', 'Co-op', 'Adventure', 'Action-Adventure', 'Cartoon', 'Local Co-Op', 'Multiplayer', 'Singleplayer', '4 Player Local', 'Combat', 'RPG', 'Simulation', 'Sports', 'Arcade', 'Exploration', 'Comedy']",2023-11-03 08:58:30,False,2022–23,,1106,False,39.99,,,,,$20+,не указано
1823740,Drawize - Draw and Guess,0,True,False,False,False,1644912085,5,20,['Lomboos'],['Lomboos'],"['Casual', 'Multiplayer', 'Hand-drawn', 'Puzzle', 'Education', 'Party Game', 'Cartoon', 'Word Game', '2D', 'Design & Illustration', 'Choices Matter', 'PvP', 'Family Friendly', 'Co-op', 'Singleplayer', 'Arcade', 'Spelling', 'Colorful', 'Relaxing', 'Party']",2022-02-15 08:01:25,False,2022–23,,1778,False,2.99,,,,,до $5,не указано
1826000,Comit Legends,0,True,False,False,False,1676322590,2,100,['LunarCore Games'],['LunarCore Games'],"['Action', 'Platformer', '2D Platformer', '2D', 'Pixel Graphics', ""1990's"", 'Old School', 'Retro', 'Space', 'Controller', 'Score Attack', 'Singleplayer', 'Fast-Paced', 'Remake', 'Casual', 'Indie', 'Local Multiplayer', 'Multiplayer', 'Local Co-Op', 'PvP']",2023-02-13 21:09:50,False,2022–23,,2538,True,4.99,,,,,до $5,не указано
1826570,First Class Escape 2: Head in the Clouds,0,True,False,False,False,1644334419,262,81,['0 Deer Soft'],['0 Deer Soft'],"['Escape Room', 'Puzzle', 'Online Co-Op', 'Co-op', 'Multiplayer', 'Mystery', 'Investigation', 'Hidden Object', 'Detective', 'Exploration', 'Adventure', 'Casual', 'Co-op Campaign', 'Logic', 'Atmospheric', 'Realistic', 'First-Person', 'Singleplayer', 'Relaxing', 'Linear']",2022-02-08 15:33:39,False,2022–23,5.0,1159,False,7.99,45.3,5.65,,,$5–9.99,5–8
1829370,Death Horizon: Reloaded,0,True,False,False,False,1684429634,76,80,['Horizon Lab LLP'],['Horizon Lab LLP'],"['VR', 'Shooter', 'Action', 'Horror', 'Zombies', 'Survival', 'First-Person', 'Atmospheric', 'FPS', '6DOF', 'Co-op', 'Singleplayer', 'Realistic', 'Post-apocalyptic', 'Multiplayer', 'Physics', 'Adventure', 'Survival Horror', 'Exploration', 'Superhero']",2023-05-18 17:07:14,False,2022–23,2.0,1865,False,19.99,,,,,$15–19.99,2
1829960,Zephyrus Prelude,0,True,False,False,False,1671567284,3,100,['MageLoop'],['MageLoop'],"['VR', 'Dungeon Crawler', 'Online Co-Op', 'Magic', 'Fantasy', 'Logic', 'Singleplayer', 'Adventure', 'Puzzle', 'Family Friendly', '4 Player Local', 'Local Co-Op', 'Multiplayer', 'Local Multiplayer', 'Co-op', 'Puzzle Platformer', 'Escape Room', 'Tutorial', 'Cats', 'Funny']",2022-12-20 20:14:44,False,2022–23,,1342,False,9.99,,,,,$5–9.99,не указано
1831670,Eldorado FPS,0,True,False,True,False,1712851545,26,76,['Fresh AF'],['madilumar'],"['Action', '3D Fighter', 'FPS', '3D', 'Cartoony', 'Colorful', 'First-Person', 'Military', 'Post-apocalyptic', 'Survival', 'Tactical', 'War', 'Zombies', 'PvP', 'Character Customization', 'Combat', 'Controller', 'PvE', 'Co-op', 'Multiplayer']",2024-04-11 16:05:45,False,2024–25,,2810,False,0.99,,,,,до $5,не указано
1834980,Ritual Night,0,True,False,True,False,1730728830,27,85,['Outfox Games'],['Outfox Games'],"['Funny', 'Multiplayer', 'Social Deduction', 'Party Game', 'Lovecraftian', 'Roguelite', 'Survival', 'Psychological', 'Character Customization', 'Minigames', 'Horror', 'Cartoony', 'Cute', 'Dialogue Heavy', '2D', 'Online Co-Op', 'Survival Horror', 'Investigation', 'PvP', 'Casual']",2024-11-04 14:00:30,False,2024–25,8.0,1759,False,4.99,,,,,до $5,5–8
1836730,Echo Point Nova,0,True,False,False,False,1727186428,7567,96,['Greylock Studio'],['Greylock Studio'],"['FPS', 'Shooter', 'Online Co-Op', 'Exploration', 'Arena Shooter', 'Action', 'First-Person', '3D', 'Parkour', 'Stylized', 'Adventure', 'Voxel', 'Destruction', 'Atmospheric', 'Co-op', 'Old School', 'Co-op Campaign', 'Relaxing', 'Open World', 'Retro']",2024-09-24 14:00:28,False,2024–25,4.0,2167,False,24.99,44.0,9.3,,,$20+,3–4
1836790,Amshay,0,True,False,False,False,1652098803,4,100,['Wainstop James'],['bankbank'],"['Local Multiplayer', 'Puzzle', 'Creature Collector', 'Retro', 'Local Co-Op', 'Arcade', 'Solitaire', 'Co-op', 'Co-op Campaign', 'Pixel Graphics', 'Time Attack', 'Grid-Based Movement', 'Controller', 'Multiplayer', '2D', 'Strategy', 'Asynchronous Multiplayer', 'Singleplayer', 'Indie']",2022-05-09 12:20:03,False,2022–23,,974,False,5.0,,,,,$5–9.99,не указано
1836900,Netherspace 2,0,True,False,False,False,1641552832,2,100,['Konstantinos Katsoris'],['Konstantinos Katsoris'],"['Action', 'Shooter', 'Bullet Hell', 'Character Customization', 'Multiplayer', ""Shoot 'Em Up"", '2D', 'Pixel Graphics', 'Roguelite', 'Aliens', 'Space', 'Futuristic', 'Sci-fi', 'Supernatural', 'Colorful', 'Old School', 'Co-op', 'Local Co-Op', 'Local Multiplayer', 'Indie']",2022-01-07 10:53:52,False,2022–23,4.0,1652,False,7.99,,,,,$5–9.99,3–4
1836920,Hunt-or-Haunt,0,True,False,True,False,1643449620,6,83,['DAONE GAMES'],['DAONE GAMES'],"['Multiplayer', 'Party Game', 'Stealth', 'Magic', 'Online Co-Op', 'Top-Down', '2D', 'Cartoon', 'Comedy', 'PvP', 'Action', 'Indie', 'Stylized', 'Cute', 'Funny', 'Medieval', 'Fantasy', 'eSports', 'Casual', 'Early Access']",2022-01-29 09:47:00,False,2022–23,12.0,2285,True,4.99,,,,,до $5,9+
1838540,Stealth Kart,0,True,False,False,False,1662181557,1,100,['halfmule'],['halfmule'],"['Stealth', 'Real Time Tactics', 'Local Co-Op', 'Family Friendly', 'Cute', 'Linear', 'Co-op', 'Action', 'Puzzle', 'Tactical', 'Aliens', 'Controller', 'Arcade', '3D', 'Casual', 'Driving', 'Combat Racing', 'Local Multiplayer', 'Vehicular Combat', 'Cartoon']",2022-09-03 05:05:57,False,2022–23,,1203,False,4.99,,,,,до $5,не указано
1839680,Titan Isles,0,True,False,False,False,1758819618,41,92,['Psytec Games Ltd'],['Psytec Games Ltd'],"['VR', 'Action-Adventure', 'Co-op', 'PvE', 'Mechs', 'Team-Based', 'Sci-fi', 'Singleplayer', 'Combat', 'Action', 'Adventure', 'Physics', 'First-Person', 'Futuristic', '6DOF', 'Co-op Campaign', 'Multiplayer', 'Online Co-Op', 'Indie', 'Action Roguelike']",2025-09-25 17:00:18,False,2024–25,4.0,1611,False,24.99,,,,,$20+,3–4
1841150,Hitori Kakurenbo Online,0,True,False,True,False,1709218865,17,94,['Infinite Thread Games'],['Infinite Thread Games'],"['Casual', 'Multiplayer', 'Horror', 'Survival Horror', 'Demons', '3D', 'Anime', 'Violent', 'Early Access', 'Online Co-Op', 'Indie']",2024-02-29 15:01:05,False,2024–25,,1670,False,9.99,,,,,$5–9.99,не указано
1841810,Speed Master,0,True,False,False,False,1696585659,5,100,['Carpi Studio'],['Carpi Studio'],"['Racing', 'Action', 'Arcade', 'Isometric', 'Physics', 'Casual', 'Cartoony', 'Driving', '3D', 'PvP', 'Split Screen', 'Colorful', 'Minimalist', 'Retro', 'Family Friendly', 'Old School', 'Automobile Sim', 'Linear', 'Co-op', 'Local Co-Op']",2023-10-06 09:47:39,False,2022–23,5.0,2252,False,4.99,,,,,до $5,5–8
1842540,Medieval Battlegrounds,0,True,False,True,False,1650504874,1,100,['Quicki Studios'],['Quicki Studios'],"['Battle Royale', 'Medieval', 'Multiplayer', 'Action', 'PvP', 'Cartoon', 'Casual', '3D Fighter', 'Shooter', 'Action Roguelike', 'Arena Shooter', 'Hack and Slash', '3D', 'Funny', 'Magic', 'Swordplay', 'Combat', 'Co-op', 'Singleplayer', 'Early Access']",2022-04-21 01:34:34,False,2022–23,60.0,1447,False,4.99,,,,,до $5,9+
1843310,Funko Fusion,0,True,False,False,False,1726229120,683,63,['1010 Games'],['1010 Games'],"['Action', 'Adventure', 'Online Co-Op', 'Singleplayer', 'Puzzle Platformer', 'Combat', 'Character Customization', 'Collectathon', 'Cartoony', 'Superhero', 'Parody ', 'Funny', 'Memes', 'Colorful', 'Action-Adventure', 'Controller', 'Puzzle', 'Third Person', 'Comedy', 'Story Rich']",2024-09-13 12:05:20,False,2024–25,4.0,1461,False,34.99,31.2,5.0,,,$20+,3–4
1843540,Akimbot,0,True,False,False,False,1724943262,792,82,['PLAION'],['Evil Raptor'],"['3D Platformer', 'Platformer', 'Singleplayer', 'Shooter', 'Action', 'Third-Person Shooter', 'Cartoony', 'Colorful', 'Stylized', 'Third Person', 'Sci-fi', 'Combat', '3D', 'Robots', 'Linear', 'Adventure', 'Retro', 'Story Rich', 'Action-Adventure', 'Co-op']",2024-08-29 14:54:22,False,2024–25,,2661,False,19.99,33.4,9.649999999999999,,,$15–19.99,не указано
1843710,PURGE - Three vs Blood,0,True,False,False,False,1653600752,18,50,['Witte Studio'],['Witte Studio'],"['Horror', 'Survival Horror', 'Zombies', 'Arena Shooter', 'Post-apocalyptic', 'Action Roguelike', 'Perma Death', 'Combat', 'PvE', 'Online Co-Op', 'Multiplayer', 'Third-Person Shooter', 'Team-Based', 'Adventure', 'Action-Adventure', 'Shooter', 'Singleplayer', 'Gore', 'Third Person', 'Action']",2022-05-26 21:32:32,False,2022–23,3.0,1896,False,6.99,,,,,$5–9.99,3–4
1843730,Last Group Out,0,True,False,False,False,1645163904,574,82,['Woodland Development'],['Woodland Development'],"['Action', 'Shooter', 'Pixel Graphics', 'Looter Shooter', 'Gun Customization', 'Extraction Shooter', 'Survival', 'Inventory Management', 'Combat', 'Singleplayer', 'Online Co-Op', 'Multiplayer', 'RPG', 'Strategy', 'Post-apocalyptic', 'Roguelite']",2022-02-18 05:58:24,False,2022–23,4.0,1201,False,9.99,54.0,28.35,,,$5–9.99,3–4
1844060,Holy Purge : Exorcist,0,True,False,False,False,1644976691,168,69,['Celeritas Games'],['Celeritas Games'],"['Horror', 'Multiplayer', 'Online Co-Op', 'Survival Horror', 'Co-op', 'Psychological Horror', 'First-Person', 'Atmospheric', 'Dark', 'Indie', 'Demons', 'Supernatural', 'Singleplayer', 'Thriller', 'Werewolves', 'PvE', 'Action', 'Action-Adventure', 'Gothic', 'PvP']",2022-02-16 01:58:11,False,2022–23,4.0,1567,False,9.99,71.9,2.6,,,$5–9.99,3–4
1844170,Galactic Wars EX,0,True,False,False,False,1650556529,23,78,['JanduSoft'],['Volcano Bytes'],"[""Shoot 'Em Up"", 'Top-Down Shooter', 'Aliens', 'Local Co-Op', 'Action', 'Retro', 'Arcade', 'Adventure', 'Shooter', '2D', 'Pixel Graphics', 'Top-Down', 'PvE', 'Team-Based', 'Vehicular Combat', 'Co-op', 'Local Multiplayer', 'Multiplayer', 'Singleplayer', 'Co-op Campaign']",2022-04-21 15:55:29,False,2022–23,2.0,1296,False,7.99,,,,,$5–9.99,2
1846940,There Won't be Light,0,True,False,True,False,1664127558,50,56,['BarCoffee Studio'],['BarCoffee Studio'],"['Online Co-Op', 'Multiplayer', 'First-Person', 'Horror', 'Psychological Horror', 'Mystery Dungeon', 'Dungeon Crawler', 'PvP', 'PvE', 'Action', 'Action-Adventure', '3D', 'Stealth', 'Thriller', 'Survival', 'Atmospheric', 'Psychological', 'Adventure', 'Co-op', 'Singleplayer']",2022-09-25 17:39:18,False,2022–23,4.0,870,True,4.99,,,,,до $5,3–4
1847380,雷鸟Thunderbird,0,True,False,True,False,1665371469,16,87,['HyenaStudio'],['HyenaStudio'],"['Action', 'Shooter', 'Top-Down Shooter', ""Beat 'em up"", 'Bullet Hell', ""Shoot 'Em Up"", '2D', 'Top-Down', 'Pixel Graphics', 'Retro', 'Sci-fi', 'Multiple Endings', 'Combat', 'Controller', 'Singleplayer', 'Co-op', 'Multiplayer', 'Local Co-Op', 'Local Multiplayer', 'Indie']",2022-10-10 03:11:09,False,2022–23,,972,True,5.99,,,,,$5–9.99,не указано
1848430,Walk to the Woods,0,True,False,False,False,1655424741,1,100,"['Forever Rain Studios, LLC']","['Forever Rain Studios, LLC']","['Dialogue Heavy', 'Casual', 'Emotional', 'LGBTQ+', 'Party Game', 'Romance', 'Nature', 'Atmospheric', 'Local Multiplayer', '2D', 'Party', 'Hand-drawn', 'Philosophical', 'Linear', 'Co-op', 'Local Co-Op', 'Multiplayer', 'Indie']",2022-06-17 00:12:21,False,2022–23,,3768,False,9.99,,,,,$5–9.99,не указано
1849530,Save Us: Island Escape,0,True,False,False,False,1644491059,7,57,['Infunas Games'],['Infunas Games'],"['Action', 'Looter Shooter', 'Battle Royale', 'FPS', 'PvE', 'PvP', 'Survival', '3D', 'First-Person', 'Multiplayer', 'Open World', 'Dialogue Heavy', 'Co-op', 'Stealth', 'Tactical', 'Atmospheric', 'Adventure', 'Multiple Endings', 'Inventory Management', 'Choices Matter']",2022-02-10 11:04:19,False,2022–23,,2281,False,2.99,,,,,до $5,не указано
1850550,I'm on Observation Duty 5,0,True,False,False,False,1652461281,776,96,['Notovia'],['Notovia'],"['Horror', 'Psychological Horror', 'Atmospheric', 'Puzzle', 'Mystery', 'Dark', 'Psychological', 'Sokoban', 'Hidden Object', 'Lovecraftian', 'Realistic', 'Logic', 'Casual', 'Story Rich', 'Singleplayer', 'Co-op', 'Indie', '3D', 'Tabletop', 'Nudity']",2022-05-13 17:01:21,False,2022–23,,1465,False,9.99,49.3,9.149999999999999,,,$5–9.99,не указано
1850740,Ghost Watchers,0,True,False,False,False,1753365896,12732,86,['Renderise'],['Renderise'],"['Horror', 'Co-op', 'Multiplayer', 'Survival Horror', 'Demons', 'Adventure', 'Puzzle', 'First-Person', 'Action-Adventure', 'Cinematic', 'Dark', 'Realistic', 'Detective', 'Online Co-Op', 'PvE', 'Team-Based', 'Nonlinear', 'Singleplayer', 'VR', 'Sexual Content']",2025-07-24 14:04:56,False,2024–25,,1015,False,14.99,4.1,16.35,,,$10–14.99,не указано
1850930,Camp Wars,0,True,False,False,False,1648337100,0,0,['DX Gameworks'],"['DX Gameworks', 'Caxa Games Estudio']","['Action', 'FPS', 'Multiplayer', 'Colorful', 'Shooter', 'Funny', 'Competitive', 'PvP', 'Family Friendly', 'Co-op', 'Free to Play', 'Local Co-Op', 'Online Co-Op', 'Indie', 'Local Multiplayer']",2022-03-26 23:25:00,False,2022–23,,402,False,,,,,,,не указано
1850960,The Jackbox Party Pack 9,0,True,False,False,False,1666241998,606,84,"['Jackbox Games, Inc.']","['Jackbox Games, Inc.']","['Casual', 'Trivia', 'Board Game', 'Word Game', 'Party Game', '2D', 'Party', 'Comedy', 'Family Friendly', 'Local Multiplayer', 'Cartoon', 'Colorful', 'Funny', 'Local Co-Op', 'PvP', 'Team-Based', 'Indie', 'Co-op', 'Strategy', 'Multiplayer']",2022-10-20 04:59:58,False,2022–23,10.0,2691,True,29.99,23.3,7.95,,,$20+,9+
1851020,River City Girls Zero,0,True,False,False,False,1663780583,190,67,"['WayForward', 'Arc System Works']",['WayForward'],"[""Beat 'em up"", 'Motorbike', 'Arcade', 'Retro', '2D', 'Controller', 'Linear', 'Anime', 'Music', 'Multiplayer', 'Female Protagonist', 'Pixel Graphics', 'Crime', 'Adventure', ""1990's"", 'Dark', 'Action-Adventure', 'Combat', 'Co-op', '2D Platformer']",2022-09-21 17:16:23,False,2022–23,,1783,False,14.99,34.0,3.9,,,$10–14.99,не указано
1851610,River Tails: Stronger Together,0,True,False,False,False,1702569045,187,80,['Kid Onion Studio'],['Kid Onion Studio'],"['Co-op', 'Adventure', 'Action', 'Cats', 'Atmospheric', '3D Platformer', 'Split Screen', 'Platformer', '3D', 'Cute', 'Colorful', 'Cartoony', 'Funny', 'Emotional', 'Nature', 'Action-Adventure', 'Family Friendly', 'Controller', 'Story Rich', 'Local Co-Op']",2023-12-14 15:50:45,False,2022–23,2.0,2673,True,19.99,41.9,8.4,,,$15–19.99,2
1851840,Kitsune Battlemage,0,True,False,True,False,1682575220,2,50,['Everflame Studio'],['Everflame Studio'],"['PvP', 'Multiplayer', 'Magic', 'Action', 'Arena Shooter', 'Fantasy', '3D Fighter', 'Third-Person Shooter', 'Shooter', 'Third Person', '3D', 'Action RPG', 'Team-Based', 'Colorful', 'Stylized', 'Nature', 'Aliens', 'Indie', 'Combat', 'Co-op']",2023-04-27 06:00:20,False,2022–23,,1205,True,7.99,,,,,$5–9.99,не указано
1852290,CrazyParty,0,True,False,True,False,1641565184,6,66,['Kentaro'],['Kentaro'],"['Party Game', 'Parkour', 'Action', 'Card Battler', 'Deckbuilding', 'Indie', 'Early Access', 'Online Co-Op', 'Co-op', 'PvP', 'Singleplayer', 'Multiplayer', 'Open World', 'Battle Royale', 'Inventory Management', '3D', 'Anime', 'Cartoony', 'Hand-drawn', 'Sci-fi']",2022-01-07 14:19:44,False,2022–23,,769,False,7.99,,,,,$5–9.99,не указано
1852300,Sharp Wands,0,True,False,False,False,1647018164,0,0,['GamesNux'],['GamesNux'],"['2D Platformer', 'PvP', 'Platformer', '2D Fighter', '2D', 'Funny', 'Action', 'Swordplay', 'Casual', 'Controller', 'Colorful', 'Stylized', 'Fantasy', 'Medieval', 'Cartoon', 'Combat', '4 Player Local', 'Co-op', 'Local Co-Op', 'Local Multiplayer']",2022-03-11 17:02:44,False,2022–23,4.0,1542,False,2.99,,,,,до $5,3–4
1853200,TYRONE vs COPS,0,True,False,False,False,1644692459,2204,94,['Team SNEED'],['Team SNEED'],"['Action', 'Memes', 'Dark Comedy', 'Dark Humor', 'Satire', 'Comedy', 'Arcade', 'Parody ', 'Short', 'Third-Person Shooter', 'Funny', 'Shooter', '3D', 'Third Person', 'Combat', 'Singleplayer', 'Violent', 'Online Co-Op', 'Multiplayer', 'Co-op']",2022-02-12 19:00:59,False,2022–23,4.0,810,False,0.99,54.8,1.9,,,до $5,3–4
1853660,Squirrels are going nuts,0,True,False,False,False,1644106042,2,50,['TTLCIC'],['TTLCIC'],"['Co-op', 'Local Co-Op', 'Cute', 'Pixel Graphics', 'Multiplayer', '4 Player Local', 'Grid-Based Movement', '2D Platformer', 'Casual', 'Controller', 'Procedural Generation', 'Local Multiplayer', 'Colorful', 'Family Friendly', 'Tactical', 'Top-Down', 'Party Game', 'Indie', 'Puzzle', 'Action']",2022-02-06 00:07:22,False,2022–23,4.0,1328,False,3.99,,,,,до $5,3–4
1854280,The Vision Of The Ant,0,True,False,False,False,1642158982,4,75,['Xeaker'],['Xeaker'],"['JRPG', 'Dungeon Crawler', 'Creature Collector', 'Turn-Based Combat', 'Party-Based RPG', 'Old School', 'Turn-Based', 'Adventure', '2D', 'Difficult', 'Retro', 'Dark Fantasy', 'Singleplayer', 'RPG', 'Procedural Generation', 'Online Co-Op']",2022-01-14 11:16:22,False,2022–23,,1342,True,12.99,,,,,$10–14.99,не указано
1855580,DreadHaunt,0,True,False,False,False,1727112123,39,64,"['Digital Happiness', 'Nuon Games', 'Agate', 'Dark Product']",['Digital Happiness'],"['Horror', 'Online Co-Op', 'Social Deduction', 'Survival Horror', 'Multiplayer', 'Third Person', 'PvP', 'Choices Matter', 'Co-op', 'Survival', 'Exploration', 'Character Customization', 'First-Person', 'Action', 'Adventure', 'Indie']",2024-09-23 17:22:03,False,2024–25,,2756,False,19.99,,,,,$15–19.99,не указано
1858650,In Sink: A Co-op Escape Adventure,0,True,False,False,False,1731427719,1445,86,['Kwalee'],['Clock Out Games'],"['Online Co-Op', 'Colorful', 'Escape Room', 'Puzzle', 'Multiplayer', 'Indie', 'Co-op', 'Family Friendly', '3D', 'Point & Click', 'First-Person', 'Surreal', 'Controller', 'Adventure', 'Casual', 'Exploration', 'Cartoony', 'Stylized', 'Logic', 'Noir']",2024-11-12 16:08:39,False,2024–25,2.0,1427,False,14.99,42.3,14.65,,,$10–14.99,2
1859270,Perfect Partner,0,True,False,False,False,1688068800,107,79,['RD Studio'],['RD Studio'],"['PvP', 'Local Co-Op', 'Team-Based', 'Online Co-Op', 'Multiplayer', 'Character Customization', 'Funny', 'Level Editor', 'Cute', 'Battle Royale', 'Physics', 'Combat Racing', 'Casual', 'PvE', 'Action', 'Puzzle Platformer', 'Sports', 'Indie', '3D Platformer', 'Racing']",2023-06-29 20:00:00,False,2022–23,2.0,268,True,8.99,36.6,2.7,,,$5–9.99,2
1860510,Total Conflict: Resistance,0,True,False,True,False,1682088044,5102,74,['Thunder Devs.'],['Thunder Devs.'],"['Cinematic', 'Realistic', 'War', 'Action RTS', 'FPS', 'RTS', 'Tactical', 'Wargame', 'Real Time Tactics', 'Action', 'Grand Strategy', 'Military', 'Political Sim', 'Choices Matter', 'Strategy', 'Co-op', 'Simulation', '4X', 'Shooter', 'Destruction']",2023-04-21 14:40:44,False,2022–23,,4061,False,29.99,51.6,21.35,,,$20+,не указано
1863010,DuckHunt - Missouri,0,True,False,False,False,1647901873,1,100,['MobileTVGames'],['Predrag Lazic'],"['Action', 'Casual', 'Sports', 'Shooter', 'Visual Novel', 'Bullet Hell', 'Immersive Sim', ""Shoot 'Em Up"", 'Cartoon', 'Cartoony', 'Colorful', 'Comic Book', 'Stylized', 'Hunting', 'PvP', 'Co-op', 'Local Co-Op', 'Local Multiplayer', 'Massively Multiplayer', 'Multiplayer']",2022-03-21 22:31:13,False,2022–23,,1848,False,1.99,,,,,до $5,не указано
1865940,Lead the Way - Full Collection,0,True,False,False,False,1650429301,0,0,['Theana Productions'],['Theana Productions'],"['Casual', 'Arcade', 'Minimalist', 'Indie', 'Puzzle', 'Singleplayer', 'Puzzle Platformer', '2D', 'Pixel Graphics', 'Top-Down', 'Family Friendly', 'Level Editor', 'Replay Value', 'Cute', 'PvP', 'Local Co-Op', 'Relaxing']",2022-04-20 04:35:01,False,2022–23,2.0,1004,False,0.99,,,,,до $5,2
1866470,Guns N Stuff 2,0,True,False,False,False,1657664959,12,100,['Alexander Voidoc'],['Alexander Voidoc'],"['Action', 'Third-Person Shooter', 'PvP', 'PvE', 'Multiplayer', 'Zombies', 'Singleplayer', 'Funny', 'Combat', 'Physics', 'Online Co-Op', 'Shooter', 'Casual', 'Arena Shooter', '3D Fighter', '3D Platformer', 'Roguelite', 'Third Person', '3D', 'Cartoon']",2022-07-12 22:29:19,False,2022–23,8.0,829,False,6.99,,,,,$5–9.99,5–8
1866980,Worlds of Aria,0,True,False,False,False,1727185451,221,90,['Ishtar Games'],['Ludogram'],"['Co-op', 'Local Multiplayer', 'Singleplayer', 'Magic', 'Party-Based RPG', 'Comedy', 'Dice', 'Adventure', 'Tabletop', 'Board Game', 'RPG', '3D', 'Funny', 'Choices Matter', 'Choose Your Own Adventure', 'Co-op Campaign', 'Multiple Endings', 'Fantasy', 'Medieval', 'Multiplayer']",2024-09-24 13:44:11,False,2024–25,4.0,3165,True,14.99,23.7,9.1,,,$10–14.99,3–4
1867580,Final Space - The Rescue,0,True,False,False,False,1643829651,24,91,['Grab Games'],['Grab Games'],"['FPS', 'PvE', 'Shooter', 'VR', 'Action-Adventure', 'Action', 'Funny', 'Linear', 'Cartoony', 'Sci-fi', '6DOF', 'Space', 'Robots', 'Adventure', 'Co-op', 'Multiplayer', 'Online Co-Op', 'Singleplayer', 'Co-op Campaign']",2022-02-02 19:20:51,False,2022–23,4.0,568,False,14.99,,,,,$10–14.99,3–4
1868070,Whispers in the West - Co-op Murder Mystery,0,True,False,False,False,1690303018,51,68,"['Infinite Whys', 'Wings']",['Infinite Whys'],"['Escape Room', 'Online Co-Op', 'Indie', 'Point & Click', 'Detective', 'Mystery', 'Story Rich', 'Co-op', 'Crime', 'Multiplayer', 'Puzzle', 'Party', 'Short', 'Investigation', 'Team-Based', 'Side Scroller', 'Adventure', 'Visual Novel', '2D', 'Supernatural']",2023-07-25 16:36:58,False,2022–23,4.0,3556,True,4.99,,,,,до $5,3–4
1869780,UnderMine 2,0,True,False,True,False,1753197808,832,75,['Thorium'],['Thorium'],"['Action Roguelike', 'Roguelite', 'Action-Adventure', 'Co-op', 'Roguelike', 'Pixel Graphics', 'Action', 'Adventure', 'Dungeon Crawler', '2D', 'Lore-Rich', 'Top-Down', 'Choices Matter', 'Dark Humor', 'Mining', 'Procedural Generation', 'Combat', 'Mystery', 'RPG', 'Retro']",2025-07-22 15:23:28,False,2024–25,2.0,2449,False,19.99,29.0,27.85,,,$15–19.99,2
1870490,Prop Hunt 2.0,0,True,False,False,False,1657681200,53,30,['HorseGames'],['HorseGames'],"['Casual', 'PvP', 'Shooter', 'Team-Based', '3D Platformer', 'Co-op', 'FPS', '3D', 'First-Person', 'Multiplayer', 'Stylized', 'Online Co-Op', 'Colorful', 'Gambling', 'Atmospheric', 'Old School', 'Party Game', 'Indie', 'Parody ', 'Relaxing']",2022-07-13 03:00:00,False,2022–23,,1006,False,12.99,,,,,$10–14.99,не указано
1870660,(Dis)assemble,0,True,False,False,False,1695662361,7,100,['Dragon Fruit Studio'],['Dragon Fruit Studio'],"['Puzzle', 'Sokoban', 'Cute', 'Casual', '2D', 'Logic', 'Top-Down', 'Local Co-Op', 'Colorful', 'Co-op Campaign', 'Pixel Graphics', 'Sci-fi', 'Magic', 'Nature', 'Robots', 'Grid-Based Movement', 'Singleplayer', 'Linear', 'Strategy']",2023-09-25 17:19:21,False,2022–23,,829,True,7.99,,,,,$5–9.99,не указано
1871700,Yeah Yeah Beebiss II,0,True,False,False,False,1643916681,5,100,['Nami Tentou'],"[""Rigg'd Games"", 'Nami Tentou']","['Action', 'Platformer', '2D Platformer', 'Pixel Graphics', 'Controller', 'Local Co-Op', 'Local Multiplayer', 'Retro', 'Singleplayer', 'Indie']",2022-02-03 19:31:21,False,2022–23,2.0,1499,False,9.99,,,,,$5–9.99,2
1875280,Miner Ultra Adventures 2,0,True,False,False,False,1652356816,536,67,['Sinned Games'],['Sinned Games'],"['3D Platformer', 'Difficult', 'Third-Person Shooter', 'Platformer', 'Arcade', 'Third Person', 'Dark Comedy', 'Surreal', 'Funny', 'Action', '3D', 'Cartoony', 'Fantasy', 'Comedy', 'Physics', 'Cartoon', 'Memes', 'Old School', 'Co-op', 'Local Co-Op']",2022-05-12 12:00:16,False,2022–23,,728,False,5.99,40.2,4.85,,,$5–9.99,не указано
1876030,Dark Past,0,True,False,True,False,1666718117,60,63,['SURPRISED HOTDOG LIMITED'],['SURPRISED HOTDOG LIMITED'],"['Horror', 'Online Co-Op', 'Multiplayer', 'Psychological Horror', 'Investigation', 'Supernatural', 'Demons', 'Detective', 'Dark', 'Exploration', 'First-Person', 'Mystery', 'Indie', 'Thriller', 'Action-Adventure', 'Tactical', 'Lovecraftian', 'Character Customization', 'Action', 'Co-op']",2022-10-25 17:15:17,False,2022–23,4.0,1251,False,5.99,,,,,$5–9.99,3–4
1876950,Judgeball: Lethal Arena - Early Access,0,True,False,True,False,1701780395,4,75,['Wild Bishop'],['Wild Bishop'],"['Casual', 'Indie', 'Multiplayer', 'Sports', 'eSports', 'PvP', 'Action', 'Football (American)', 'Team-Based', 'Cyberpunk', 'Third Person', 'Realistic', 'Demons', 'Sci-fi', 'Combat', 'Co-op', 'Singleplayer', 'Online Co-Op', 'MOBA', 'Character Customization']",2023-12-05 12:46:35,False,2022–23,,2465,True,14.99,,,,,$10–14.99,не указано
1877000,Retro Kart Rush,0,True,False,False,False,1646916622,59,100,['kurigamedev'],['kurigamedev'],"['Racing', 'Arcade', 'Split Screen', 'Sports', 'Funny', 'Pixel Graphics', 'Atmospheric', '3D', 'Cute', 'Colorful', 'PvP', 'Combat Racing', 'Stylized', 'Family Friendly', 'Retro', 'Casual', '4 Player Local', 'Local Co-Op', 'Multiplayer', 'Local Multiplayer']",2022-03-10 12:50:22,False,2022–23,4.0,791,False,2.99,,,,,до $5,3–4
1879030,Return the Backrooms,0,True,False,True,False,1668139101,108,62,['Skmaestro'],['Skmaestro'],"['Exploration', 'FPS', 'Puzzle', 'PvE', 'First-Person', 'Horror', '3D', 'Psychological Horror', 'Linear', 'Sci-fi', 'Psychedelic', 'Adventure', 'Atmospheric', 'Mystery', 'Survival Horror', 'Dark', 'Co-op', 'Online Co-Op', 'Multiplayer', 'Singleplayer']",2022-11-11 03:58:21,False,2022–23,4.0,1945,False,3.99,20.2,1.95,,,до $5,3–4
1879220,Zeppelin: Escape Room,0,True,False,False,False,1644682474,12,16,['Exscape'],['Exscape'],"['Sci-fi', 'Mystery', 'Puzzle', 'Atmospheric', 'Online Co-Op', 'First-Person', 'Adventure', 'Logic', 'Multiplayer', 'Space', 'Detective', 'Realistic', 'Futuristic', 'Time Management', 'Co-op Campaign', 'Mystery Dungeon', 'Hidden Object', 'Casual', 'Fantasy', 'Cinematic']",2022-02-12 16:14:34,False,2022–23,4.0,800,False,1.99,,,,,до $5,3–4
1879400,Paramnesia: Escape Together,0,True,False,False,False,1709736669,43,90,['Suymo'],['Suymo'],"['Escape Room', 'Puzzle', 'Exploration', 'Investigation', 'Multiplayer', 'Online Co-Op', 'Party-Based RPG', 'Dungeon Crawler', 'Logic', 'First-Person', 'Hidden Object', 'Surreal', 'Abstract', 'Psychedelic', 'Adventure', 'Choose Your Own Adventure', 'Psychological Horror', 'Detective', 'Dynamic Narration', 'Horror']",2024-03-06 14:51:09,False,2024–25,4.0,1938,True,8.99,,,,,$5–9.99,3–4
1880080,The Baleful Tower,0,True,False,False,False,1731898337,5,100,['Grant Adkins'],['Grant Adkins'],"['Action Roguelike', 'Roguelike', 'Action', 'Dungeon Crawler', 'Arcade', 'Online Co-Op', 'Controller', 'Colorful', 'Isometric', 'Hack and Slash', 'Co-op', 'Twin Stick Shooter', 'Early Access', 'Fantasy', 'Indie', 'Magic', 'Class-Based', 'Procedural Generation', 'Family Friendly', 'Multiplayer']",2024-11-18 02:52:17,False,2024–25,4.0,1426,True,2.99,,,,,до $5,3–4
1880230,Trigger Witch,0,True,False,False,False,1653680728,42,95,['Rainbite Ltd'],['Rainbite Ltd'],"['Action-Adventure', 'Action', 'Twin Stick Shooter', 'Adventure', 'Pixel Graphics', 'Magic', 'Shooter', 'Top-Down Shooter', 'Bullet Hell', '2D', 'Fantasy', 'Lore-Rich', 'Colorful', 'Cute', 'Isometric', 'Open World', 'Story Rich', 'Singleplayer', 'Local Co-Op', 'Local Multiplayer']",2022-05-27 19:45:28,False,2022–23,,1517,False,14.99,,,,,$10–14.99,не указано
1881160,Covid Carl,0,True,False,False,False,1666729959,14,85,['Dumpster Fire Studio LLC'],['Dumpster Fire Studio LLC'],"['Action', 'Platformer', 'Shooter', '2D Platformer', 'Metroidvania', '2D', 'Pixel Graphics', ""1990's"", 'Dark Humor', 'Controller', 'Singleplayer', 'Casual', ""Shoot 'Em Up"", 'Side Scroller', 'PvE', 'Multiplayer', 'Co-op', 'Indie']",2022-10-25 20:32:39,False,2022–23,,1751,True,2.49,,,,,до $5,не указано
1881480,MEDIEVAL KNIGHTMARE,0,True,False,True,False,1644811258,15,53,['MrFatcat'],['MrFatcat'],"['Action', 'Adventure', 'Action-Adventure', 'Tower Defense', 'FPS', 'Hack and Slash', 'Souls-like', '3D', 'Swordplay', 'Dark Fantasy', 'Medieval', 'Zombies', 'Combat', 'Co-op', 'Online Co-Op', 'Multiplayer', 'Singleplayer', 'Early Access', 'Indie']",2022-02-14 04:00:58,False,2022–23,,1164,False,3.99,,,,,до $5,не указано
1882130,Ultra Mega Cats,0,True,False,True,False,1750168833,70,74,['Fallen Leaf'],"['Fallen Leaf', 'Unseen Silence', 'Black Drakkar Games']","['Roguelite', 'Fast-Paced', 'Multiplayer', 'Online Co-Op', 'Shooter', 'Action Roguelike', 'Co-op', 'PvE', 'Third-Person Shooter', 'Looter Shooter', 'Roguelike', 'Cats', 'Arena Shooter', 'Singleplayer', 'Action', 'Robots', 'Character Customization', 'Class-Based', 'Cyberpunk', 'Third Person']",2025-06-17 14:00:33,False,2024–25,3.0,2699,False,11.99,,,,,$10–14.99,3–4
1883530,SnackHunter,0,True,False,False,False,1657299624,18,94,[],['PolyPirates UG'],"['Multiplayer', 'Party Game', 'Family Friendly', 'Online Co-Op', 'Magic', 'Party', 'Funny', 'Team-Based', 'Local Multiplayer', 'Tabletop', 'Casual', 'Colorful', 'Atmospheric', 'Comedy', 'Co-op', 'Cooking', 'Dark Humor', 'Local Co-Op', 'Cute', 'Stealth']",2022-07-08 17:00:24,False,2022–23,16.0,2850,False,9.99,,,,,$5–9.99,9+
1885140,Guntech 2,0,True,False,False,False,1645030605,6,100,['Utopos Games'],['Jani Penttinen'],"['Action', 'Arcade', 'Shooter', ""Shoot 'Em Up"", 'Side Scroller', 'Twin Stick Shooter', '2D', '3D', ""1990's"", 'Dragons', 'Futuristic', 'Old School', 'Retro', 'Sci-fi', 'Space', 'Controller', 'Gun Customization', 'Physics', '4 Player Local', 'Local Co-Op']",2022-02-16 16:56:45,False,2022–23,4.0,4215,False,14.99,,,,,$10–14.99,3–4
1886070,USAC: Code Breach,0,True,False,False,False,1666795512,1069,91,['Questions Factory'],['Questions Factory'],"['Online Co-Op', 'Puzzle', 'FPS', 'Psychological Horror', 'Cyberpunk', 'Shooter', 'Investigation', 'Difficult', 'Adventure', 'Action-Adventure', 'Dystopian ', 'Realistic', 'Immersive', 'Transhumanism', 'Combat', 'Hacking', 'Resource Management', 'Multiplayer', 'Co-op', 'Local Co-Op']",2022-10-26 14:45:12,False,2022–23,2.0,2054,False,14.99,70.5,8.95,,,$10–14.99,2
1888440,Frite Medium,0,True,False,False,False,1649175764,6,100,['Roll Mops Interactive'],['Roll Mops Interactive'],"['Adventure', 'Co-op', 'Narrative', 'Interactive Fiction', 'Comic Book', 'Online Co-Op', '2D', 'Cartoony', 'Colorful', 'Hand-drawn', 'Comedy', 'Relaxing', 'Dialogue Heavy', 'Split Screen', 'Story Rich', 'Hidden Object', 'Local Co-Op', 'Indie']",2022-04-05 16:22:44,False,2022–23,,1126,False,4.99,,,,,до $5,не указано
1889640,The Backrooms: Survival,0,True,False,False,False,1694803892,880,82,['RE:CODE'],['RE:CODE'],"['Horror', 'Multiplayer', 'Survival Horror', 'Online Co-Op', 'Psychological Horror', 'Co-op', 'Roguelike', 'Dark', 'Dungeon Crawler', 'Roguelite', 'Adventure', 'Memes', 'Mystery Dungeon', 'Survival', 'Psychological', 'Simulation', 'Retro', 'PvP', 'Psychedelic', 'First-Person']",2023-09-15 18:51:32,False,2022–23,11.0,4020,False,9.99,7.6,3.4000000000000004,,,$5–9.99,9+
1890820,Journey To Destiny,0,True,False,False,False,1668023323,5,60,['Tree Games Interactive'],['Tree Games Interactive'],"['Exploration', 'Puzzle', 'Online Co-Op', 'Action-Adventure', 'First-Person', 'Co-op Campaign', '3D', 'Casual', 'Detective', 'Linear', 'Realistic', 'Fantasy', 'Adventure', 'Mystery', 'Futuristic', 'Co-op', 'Multiplayer', 'Indie']",2022-11-09 19:48:43,False,2022–23,,1662,False,1.99,,,,,до $5,не указано
1891090,Final Vendetta,0,True,False,False,False,1655449145,384,81,['Numskull Games'],['Bitmap Bureau'],"[""Beat 'em up"", 'Action', 'Arcade', 'Pixel Graphics', 'Soundtrack', 'Female Protagonist', '2D Fighter', 'Side Scroller', 'Fighting', 'Martial Arts', 'Indie', 'Combat', 'Wrestling', 'Multiplayer', 'Singleplayer', 'Local Co-Op', 'Retro', '2D']",2022-06-17 06:59:05,False,2022–23,,1835,False,24.99,39.1,2.8,,,$20+,не указано
1892140,Cryptid Farm,0,True,False,False,False,1729897261,153,96,['GameByFlamey'],['GameByFlamey'],"['Online Co-Op', 'Farming Sim', 'Psychological Horror', 'Multiplayer', 'Casual', 'Indie', '2D', 'Co-op', 'Horror', 'Agriculture', 'Hand-drawn', 'Time Management', 'Top-Down', 'Aliens', 'Mystery', 'Surreal', 'Survival Horror', 'Singleplayer', 'Action', 'Survival']",2024-10-25 23:01:01,False,2024–25,16.0,1946,False,4.99,14.9,5.9,,,до $5,9+
1892640,Marble Ball Friends,0,True,False,False,False,1651204021,19,52,['STP WORKS'],['STP WORKS'],"['Top-Down Shooter', 'Collectathon', 'Idler', 'Nature', 'Physics', 'Tabletop', 'Arcade', '3D', 'Cute', 'Relaxing', 'Casual', 'Simulation', 'Controller', 'Realistic', 'Family Friendly', 'Resource Management', 'Online Co-Op', 'Singleplayer', 'Multiplayer', 'Co-op']",2022-04-29 03:47:01,False,2022–23,,1826,False,3.99,,,,,до $5,не указано
1894730,Asterix & Obelix XXXL : The Ram From Hibernia,0,True,False,False,False,1666876164,40,45,['Microids'],['OSome Studio'],"['Hack and Slash', '3D Platformer', ""Beat 'em up"", 'PvP', 'PvE', 'Arcade', 'Action-Adventure', 'Comic Book', '3D', 'Cute', 'Rome', 'Action', 'Casual', 'Anime', 'Colorful', 'Medieval', 'Adventure', 'Cartoon', 'Combat', 'Co-op']",2022-10-27 13:09:24,False,2022–23,4.0,1710,False,29.99,,,,,$20+,3–4
1894770,Bloody Forest,0,True,False,False,False,1651154739,11,36,['Louys Inc'],['Louys'],"['Action', 'First-Person', 'Horror', 'Survival Horror', 'Dark', 'Supernatural', 'Survival', 'Online Co-Op', 'Adventure', 'Multiplayer', 'Co-op', 'Action-Adventure', 'Choose Your Own Adventure', 'FPS', '3D', 'Realistic', 'PvP', 'Artificial Intelligence', 'PvE', 'Team-Based']",2022-04-28 14:05:39,False,2022–23,5.0,1156,False,4.99,,,,,до $5,5–8
1898550,Brutal Rifters,0,True,False,False,False,1645193350,1,100,['Capky Games'],"['CapturedLeek27', 'Doky']","['Action', 'Multiplayer', 'Adventure', 'PvP', 'Online Co-Op', 'Action-Adventure', 'eSports', '3D Fighter', 'Exploration', 'Third-Person Shooter', '3D', 'Third Person', 'Realistic', 'Sci-fi', 'Space', 'Swordplay', 'Aliens', 'Fantasy', 'Futuristic', 'Artificial Intelligence']",2022-02-18 14:09:10,False,2022–23,4.0,832,False,4.99,,,,,до $5,3–4
1898860,whale.,0,True,False,False,False,1645999425,10,100,['Rex K.'],['Rex K.'],"['Exploration', ""Shoot 'Em Up"", 'PvP', '2D Fighter', 'Arcade', '2D', 'Top-Down', 'Historical', 'Casual', 'Choices Matter', 'Open World', 'Pixel Graphics', 'Adventure', 'Management', 'Combat', 'Multiplayer', 'Online Co-Op', 'Indie']",2022-02-27 22:03:45,False,2022–23,,833,False,1.99,,,,,до $5,не указано
1899200,Bombardier,0,True,False,False,False,1696105770,6,66,['Studio Squid Inc'],['Studio Squid Inc'],"['Early Access', 'Funny', 'Party Game', 'Local Multiplayer', 'Multiplayer', 'Action', 'Co-op', 'Local Co-Op', 'Casual', '4 Player Local', 'Party', 'Arcade', 'Indie', 'Battle Royale', 'Team-Based', ""Beat 'em up"", 'Shooter', 'Arena Shooter', 'Hero Shooter', 'Top-Down Shooter']",2023-09-30 20:29:30,False,2022–23,4.0,1406,False,6.99,,,,,$5–9.99,3–4
1901810,Nearly Dead - Live and Let Die,0,True,False,False,False,1700564803,116,73,"['Mono Software, Inc.']","['Mono Software, Inc.']","['Multiplayer', 'Online Co-Op', 'Singleplayer', 'Action Roguelike', 'Hack and Slash', 'Top-Down', '2D', 'Post-apocalyptic', 'Action RPG', 'Pixel Graphics', 'Casual', 'Surreal', 'Zombies', 'Roguelite', 'RPG', 'Cartoon', 'Co-op', 'Action', 'Military', 'Shooter']",2023-11-21 11:06:43,False,2022–23,4.0,1631,False,6.99,13.4,6.05,,,$5–9.99,3–4
1902650,Come See My Hole,0,True,False,False,False,1666882931,143,96,['Trip Time Games'],['Trip Time Games'],"['Casual', 'Multiplayer', 'Dialogue Heavy', 'Atmospheric', '3D', 'Singleplayer', 'First-Person', 'Colorful', 'Party Game', 'Immersive Sim', 'Cozy', 'Memes', 'Philosophical', 'Psychedelic', 'Satire', 'Wholesome', 'Story Rich', 'Co-op', 'Online Co-Op', 'Immersive']",2022-10-27 15:02:11,False,2022–23,4.0,623,False,0.99,11.6,0.4,,,до $5,3–4
1902830,Night Racer,0,True,False,False,False,1653299629,2,100,['Smash Game Studios'],['Smash Game Studios'],"['Indie', 'Driving', 'Racing', 'Multiplayer', 'Stylized', 'PvP', 'Arcade', 'Singleplayer', '3D', 'Cyberpunk', 'Immersive Sim', 'Casual', 'Controller', 'Futuristic', 'Score Attack', 'Combat Racing', 'Physics', 'Online Co-Op', 'Automobile Sim', 'Simulation']",2022-05-23 09:53:49,False,2022–23,,1201,False,7.99,,,,,$5–9.99,не указано
1903530,Heart attack,0,True,False,False,False,1673979652,114,68,['LilMemes Production'],['LilMemes Production'],"['Action', 'Action RPG', 'Walking Simulator', 'Life Sim', 'Hidden Object', 'Creature Collector', 'FPS', 'First-Person', 'Psychological', 'Psychological Horror', 'Horror', 'Survival Horror', 'PvP', 'Nonlinear', 'Multiple Endings', 'Perma Death', 'Multiplayer', 'Singleplayer', 'Co-op', 'Online Co-Op']",2023-01-17 18:20:52,False,2022–23,,910,False,0.99,11.3,1.2,,,до $5,не указано
1903560,Atomic Picnic,0,True,False,True,False,1730994723,443,70,['BitCake Studio'],['BitCake Studio'],"['Roguelike', 'Roguelite', 'Action Roguelike', 'Bullet Hell', 'Online Co-Op', 'Third-Person Shooter', 'Early Access', 'Co-op', 'Multiplayer', 'Indie', 'Action', 'Singleplayer', 'PvE', 'Third Person', 'Fast-Paced', '3D', 'Shooter', 'Stylized', 'Colorful', 'Controller']",2024-11-07 15:52:03,False,2024–25,4.0,1039,False,19.99,23.9,7.65,,,$15–19.99,3–4
1903730,IT Simulator,0,True,False,False,False,1654099319,140,90,['Bad Byte Games'],['Bad Byte Games'],"['Online Co-Op', 'Adventure', 'Horror', 'Stealth', 'Pixel Graphics', 'Underground', 'Linear', 'Puzzle', 'First-Person', 'Multiplayer', 'Exploration', '3D', 'Lovecraftian', 'Sci-fi', 'Co-op', 'Co-op Campaign']",2022-06-01 16:01:59,False,2022–23,2.0,2148,True,4.99,44.0,4.7,,,до $5,2
1906520,Azeriom,0,True,False,False,False,1691075192,3,100,['Arcan Studios'],['Arcan Studios'],"['Action', 'FPS', 'Shooter', 'Singleplayer', 'Multiplayer', 'Online Co-Op', 'PvE', 'PvP', '3D', 'First-Person', 'Indie', 'Sci-fi', 'Futuristic', 'Female Protagonist']",2023-08-03 15:06:32,False,2022–23,,270,False,4.99,,,,,до $5,не указано
1907280,Collab Ball,0,True,False,False,False,1673423010,12,100,['Omni Games'],['Omni Games'],"['Arcade', 'Casual', 'Platformer', '3D Platformer', 'Atmospheric', 'Multiplayer', 'Local Co-Op', 'Singleplayer', 'Indie', '3D', 'Split Screen']",2023-01-11 07:43:30,False,2022–23,,633,False,2.99,,,,,до $5,не указано
1907620,Gamma Space,0,True,False,False,False,1646074090,2,50,['DIG Games'],['DIG Games'],"['Casual', 'Adventure', 'Action', 'Shooter', ""Shoot 'Em Up"", 'Multiplayer', 'Singleplayer', 'Co-op', 'Indie', 'Local Co-Op', 'Local Multiplayer']",2022-02-28 18:48:10,False,2022–23,,432,False,3.99,,,,,до $5,не указано
1908560,Hungry Zombies,0,True,False,False,False,1647072862,2,100,['CasGame'],['CuberZ'],"['Action', 'Adventure', 'Shooter', ""Shoot 'Em Up"", '2D', 'Zombies', 'Controller', 'Multiplayer', 'Singleplayer', 'Indie', 'Co-op', 'Local Co-Op', 'Local Multiplayer']",2022-03-12 08:14:22,False,2022–23,,969,False,4.99,,,,,до $5,не указано
1909820,ALTAIR BREAKER,0,True,False,False,False,1660842667,46,63,"['Thirdverse, Co., Ltd.']","['Thirdverse, Co., Ltd.']","['Action', 'VR', 'PvE', 'Online Co-Op', 'Multiplayer', 'Adventure', 'Action RPG', 'Action-Adventure', 'Combat', 'Spectacle fighter', '3D', 'Hack and Slash', 'Robots', 'Anime', 'Artificial Intelligence', 'Futuristic', 'Singleplayer', 'Co-op', 'RPG']",2022-08-18 17:11:07,False,2022–23,3.0,1541,False,24.99,,,,,$20+,3–4
1911510,Stone Protectors,0,True,False,False,False,1647356993,7,57,"['Piko Interactive LLC', 'Bleem!']",['Eurocom'],"['Action', '2D Fighter', 'Arcade', ""Beat 'em up"", 'Side Scroller', '2D', 'Cartoon', 'Cartoony', 'Comic Book', 'Pixel Graphics', ""1990's"", 'Funny', 'Old School', 'Retro', 'Sci-fi', 'Superhero', 'Controller', 'Co-op', 'Local Co-Op', 'Local Multiplayer']",2022-03-15 15:09:53,False,2022–23,,925,False,12.99,,,,,$10–14.99,не указано
1911610,Windblown,0,True,False,True,False,1729785561,9096,88,"['Motion Twin', 'Kepler Ghost']",['Motion Twin'],"['Action Roguelike', 'Hack and Slash', 'Online Co-Op', 'Roguelite', 'Combat', 'Metroidvania', 'Fast-Paced', 'Dark Fantasy', 'Early Access', 'Action', 'Souls-like', 'Difficult', 'PvE', 'Top-Down', 'Arcade', 'Roguelike', 'Isometric', '3D', 'Indie', 'Procedural Generation']",2024-10-24 15:59:21,False,2024–25,3.0,3120,False,24.99,21.5,16.35,,,$20+,3–4
1911780,Lost Fleet,0,True,False,True,False,1664298622,67,61,['InfinityNan Studios'],['InfinityNan Studios'],"['Third-Person Shooter', 'Action Roguelike', 'Online Co-Op', 'Multiplayer', 'Flight', 'Roguelite', 'PvE', 'PvP', 'Space Sim', 'Action-Adventure', '3D', 'Action', 'Third Person', 'Team-Based', 'Space', 'Sci-fi', '6DOF', 'Adventure', 'Mining', 'Combat']",2022-09-27 17:10:22,False,2022–23,6.0,1330,False,19.99,,,,,$15–19.99,5–8
1911900,OverNight,0,True,False,True,False,1659057448,26,53,['Raynmakyr'],['Raynmakyr'],"['Horror', 'Online Co-Op', 'Survival Horror', 'Psychological Horror', 'Multiplayer', 'Co-op', 'Team-Based', 'First-Person', 'Demons', 'Atmospheric', 'Supernatural', 'Mystery', 'Dark', 'Early Access', 'Singleplayer', 'Indie', '3D', 'Action', 'Adventure']",2022-07-29 01:17:28,False,2022–23,,3307,False,7.99,,,,,$5–9.99,не указано
1913210,AEW: Fight Forever,0,True,False,False,False,1688043367,1347,60,"['THQ Nordic', 'All Elite Wrestling, LLC']","[""YUKE'S""]","['Sports', '3D Fighter', 'Wrestling', '3D', 'Realistic', 'Atmospheric', 'PvP', 'Character Customization', 'Controller', 'Combat', 'Team-Based', 'Singleplayer', 'Co-op', 'Local Co-Op', 'Local Multiplayer', 'Multiplayer', 'Online Co-Op', 'Action', 'Violent', 'Arcade']",2023-06-29 12:56:07,False,2022–23,,1861,False,39.99,17.6,10.35,,,$20+,не указано
1913680,Elevator Action™ -Returns- S-Tribute,0,True,False,False,False,1669820422,79,87,['CITY CONNECTION'],['CITY CONNECTION'],"['Action', 'Arcade', '2D Platformer', '2D', 'Runner', 'Pixel Graphics', ""1990's"", 'Singleplayer', 'Multiplayer', 'Local Multiplayer', 'Local Co-Op', 'Classic']",2022-11-30 15:00:22,False,2022–23,2.0,2914,False,14.99,,,,,$10–14.99,2
1915550,Nemesis: Lockdown,0,True,False,False,False,1654019838,733,68,['Awaken Realms'],['InterStudio'],"['Board Game', 'Multiplayer', 'Turn-Based Tactics', 'Singleplayer', 'Choices Matter', 'Team-Based', 'Exploration', 'Turn-Based Strategy', 'Card Game', 'Survival Horror', 'Realistic', '3D', 'Isometric', 'Online Co-Op', 'Sci-fi', 'Strategy', 'Aliens', 'Adventure', 'Cinematic', 'Turn-Based Combat']",2022-05-31 17:57:18,False,2022–23,,3550,False,24.99,39.9,12.850000000000001,,,$20+,не указано
1916150,SnakeByte,0,True,False,False,False,1647690038,8,87,['Happy Sphinx Studios'],['Happy Sphinx Studios'],"['Casual', 'Puzzle', 'Arcade', '2D', 'Colorful', 'Minimalist', 'Pixel Graphics', 'Cyberpunk', 'Futuristic', 'Old School', 'PvP', 'Character Customization', 'Combat', 'Controller', 'Grid-Based Movement', 'PvE', 'Score Attack', 'Local Co-Op', 'Local Multiplayer', 'Singleplayer']",2022-03-19 11:40:38,False,2022–23,4.0,719,False,2.99,,,,,до $5,3–4
1916310,Remnant Records,0,True,False,False,False,1706022149,419,79,['Noctiluca Studio'],['Noctiluca Studio'],"['Horror', 'First-Person', 'Multiplayer', 'Online Co-Op', 'Co-op', 'Survival Horror', 'Action', 'Investigation', 'Psychological Horror', 'Procedural Generation', 'Atmospheric', 'Dark', 'Demons', '3D', 'Indie', 'Detective', 'Supernatural', 'Realistic', 'Mystery', 'Singleplayer']",2024-01-23 15:02:29,False,2024–25,4.0,2245,False,15.99,13.3,4.15,,,$15–19.99,3–4
1917170,Ink'n'Think,0,True,False,False,False,1646997179,6,100,['Undev Games'],['Undev Games'],"['Local Co-Op', 'Puzzle', '2D Platformer', 'Colorful', 'Hidden Object', 'Casual', 'Puzzle Platformer', 'Platformer', '2D', 'Relaxing', 'Funny', 'Linear', 'Controller', 'Cartoony', 'Co-op', 'Family Friendly', 'Multiplayer', 'Singleplayer', 'Local Multiplayer']",2022-03-11 11:12:59,False,2022–23,,374,False,2.99,,,,,до $5,не указано
1917810,Rooms of Realities,0,True,False,False,False,1700230350,53,94,['Gamedust'],['Bluekey'],"['VR', 'Puzzle', 'Adventure', 'Indie', 'Mystery', 'Story Rich', 'Singleplayer', 'Online Co-Op', 'Escape Room', 'Co-op', 'Psychological Horror', 'Investigation', 'Atmospheric', 'Multiple Endings', 'Multiplayer', 'Co-op Campaign', 'Exploration', 'Mystery Dungeon', 'Hidden Object']",2023-11-17 14:12:30,False,2022–23,,1073,True,17.99,,,,,$15–19.99,не указано
1918320,TactiCats,0,True,False,False,False,1740067220,7,100,['Pineapple Works'],['HungryDingo'],"['PvE', 'PvP', 'Battle Royale', '2D Fighter', 'Arcade', '2D', 'Cute', 'Top-Down', 'Controller', 'Action', 'Casual', 'Colorful', 'Pixel Graphics', 'Cats', 'Family Friendly', 'Comedy', 'Retro', 'Combat', '4 Player Local', 'Co-op']",2025-02-20 16:00:20,False,2024–25,4.0,1010,True,5.99,,,,,$5–9.99,3–4
1918970,Eresys,0,True,False,False,False,1702922374,344,58,['Dragonis Games'],['Ares Dragonis'],"['Action', 'Horror', 'Online Co-Op', 'Lovecraftian', 'Multiplayer', 'Adventure', 'Survival', 'Co-op', 'Mystery', 'Puzzle', 'Stealth', 'Singleplayer', 'FPS', 'Combat', 'First-Person', 'Dark', '3D', 'Psychological Horror', 'Gore']",2023-12-18 17:59:34,False,2022–23,4.0,2991,False,8.99,23.2,3.4,,,$5–9.99,3–4
1919140,Antioch: Scarlet Bay,0,True,False,False,False,1669372010,220,78,"['Unexpected', 'FondGame']",['Midnight Mood Studio'],"['Detective', 'Multiple Endings', 'Noir', 'Online Co-Op', 'Co-op', 'Asynchronous Multiplayer', ""1990's"", 'Thriller', 'Dark Comedy', 'Interactive Fiction', 'Funny', 'Story Rich', 'Choices Matter', 'Comic Book', 'Visual Novel', 'Choose Your Own Adventure', 'Dark', 'Colorful', 'Multiplayer', 'Adventure']",2022-11-25 10:26:50,False,2022–23,,1316,False,4.99,18.7,5.65,,,до $5,не указано
1919570,Charset Crossfire,0,True,False,False,False,1648517784,1,100,['Groombridge34'],['Lemon &amp; Plum'],"['Action', '2D', 'Arcade', 'Retro', 'Top-Down Shooter', 'Singleplayer', 'Controller', '4 Player Local', 'Top-Down', 'PvE', 'Combat', 'Pixel Graphics', 'Local Multiplayer', 'Local Co-Op', 'PvP']",2022-03-29 01:36:24,False,2022–23,4.0,813,False,2.5,,,,,до $5,3–4
1920430,FUMES,0,True,False,True,False,1753714764,2850,96,['FUMES team'],['FUMES team'],"['Vehicular Combat', 'Singleplayer', 'Co-op', 'Boomer Shooter', 'Post-apocalyptic', 'Automobile Sim', 'Retro', 'Offroad', 'Driving', 'PvE', 'Third-Person Shooter', 'Shooter', 'Online Co-Op', 'Open World', 'Exploration', 'Action', 'Combat', 'Racing', 'Roguelite', 'Early Access']",2025-07-28 14:59:24,False,2024–25,,1871,True,14.99,50.2,9.9,,,$10–14.99,не указано
1921130,Disinfection,0,True,False,True,False,1654077338,26,69,['Evil Turtle Productions'],['Evil Turtle Productions'],"['Sci-fi', 'Horror', 'Online Co-Op', 'Singleplayer', 'Multiplayer', 'Procedural Generation', 'Atmospheric', 'First-Person', 'Realistic', 'Team-Based', 'Puzzle', 'FPS', 'Space Sim', 'Co-op', 'Simulation', 'Artificial Intelligence', 'Casual', 'Early Access', 'Indie', 'Action']",2022-06-01 09:55:38,False,2022–23,,1573,False,10.99,,,,,$10–14.99,не указано
1921180,Escape Game - FORT BOYARD 2022,0,True,False,False,False,1657184515,9,66,['Microids'],['Balio Studio'],"['Sports', 'Board Game', 'Party Game', 'Arcade', 'Character Customization', '3D', 'Controller', 'Action', 'Adventure', 'Co-op', 'Local Co-Op', 'Local Multiplayer', 'Multiplayer', 'Singleplayer', 'Party', 'Minigames', 'Remake', 'Comedy', 'PvP', 'RPG']",2022-07-07 09:01:55,False,2022–23,,1885,False,19.99,,,,,$15–19.99,не указано
1921240,DuckHunt - Missouri Kidz,0,True,False,False,False,1647901916,1,0,['MobileTVGames'],['Predrag Lazic'],"['Action', 'Casual', 'Sports', 'Shooter', 'Visual Novel', 'Immersive Sim', 'Cartoon', 'Cartoony', 'Colorful', 'Comic Book', 'Cute', 'First-Person', 'Hand-drawn', 'Family Friendly', 'Game Development', 'Relaxing', 'PvP', 'Score Attack', 'Co-op', 'Massively Multiplayer']",2022-03-21 22:31:56,False,2022–23,,1926,False,1.99,,,,,до $5,не указано
1922980,Xheres,0,True,False,False,False,1732152283,3,33,['TROPIC PENGUIN GAMES'],['TROPIC PENGUIN GAMES'],"['Zombies', 'Action', 'FPS', 'Third-Person Shooter', 'Adventure', 'Combat', 'Thriller', 'Horror', 'First-Person', 'Third Person', 'Action-Adventure', 'Realistic', 'Shooter', 'Sci-fi', 'Destruction', 'Character Customization', 'Singleplayer', 'Co-op', 'Online Co-Op', 'Multiplayer']",2024-11-21 01:24:43,False,2024–25,,2792,False,11.99,,,,,$10–14.99,не указано
1923380,Robot-X,0,True,False,False,False,1669406103,20,100,['Isaac Kasdorf'],['Isaac Kasdorf'],"['2D Platformer', 'Shooter', 'Retro', 'Action', 'Adventure', '2D', 'Linear', 'Platformer', 'Pixel Graphics', 'Side Scroller', 'Sci-fi', 'Robots', 'Futuristic', ""1990's"", 'Local Co-Op', 'Local Multiplayer', 'Indie', 'Co-op', 'Difficult', 'Singleplayer']",2022-11-25 19:55:03,False,2022–23,,1041,True,6.99,,,,,$5–9.99,не указано
1923990,For Your Information,0,True,False,True,False,1690537225,2,100,['Vu'],['Vu'],"['Action', 'Adventure', 'Trivia', 'Puzzle', 'Puzzle Platformer', '3D', 'First-Person', 'Capitalism', 'Logic', 'Stealth', 'Early Access', 'Casual', 'Simulation', 'Indie', 'PvP', 'Team-Based', 'Co-op', 'Multiplayer']",2023-07-28 09:40:25,False,2022–23,,1410,False,3.99,,,,,до $5,не указано
1924150,CYBERHUNK,0,True,False,False,False,1664035311,90,80,['Birch Tree Games'],['Birch Tree Games'],"['FPS', 'Boomer Shooter', 'Online Co-Op', 'Retro', 'Action Roguelike', '3D', 'Old School', 'Zombies', 'Pixel Graphics', 'Cyberpunk', 'Shooter', 'First-Person', 'Gore', 'Violent', 'Roguelike', 'PvE', 'Action', 'Multiplayer', 'Singleplayer', 'Co-op']",2022-09-24 16:01:51,False,2022–23,4.0,1932,False,4.99,,,,,до $5,3–4
1924460,Light The Lamp Hockey,0,True,False,False,False,1716936945,6,83,['Scalded Dog Games'],['Jordan Cross'],"['Sports', 'Hockey', 'PvP', 'Arcade', '2D', 'Nonlinear', 'Pixel Graphics', 'Old School', 'Retro', 'Co-op', 'Local Co-Op', 'Multiplayer', 'Singleplayer', 'Local Multiplayer', 'Gaming']",2024-05-28 22:55:45,False,2024–25,,1179,False,9.99,,,,,$5–9.99,не указано
1925320,Escape Memoirs: Mansion Heist,0,True,False,False,False,1655402606,484,85,['0 Deer Soft'],['0 Deer Soft'],"['Escape Room', 'Online Co-Op', 'Puzzle', 'Multiplayer', 'Adventure', 'Detective', 'Exploration', 'Logic', 'Casual', 'Hidden Object', 'Investigation', 'Co-op', 'Co-op Campaign', 'Realistic', 'Mystery', 'Relaxing', 'Singleplayer', 'Atmospheric', 'First-Person', 'Linear']",2022-06-16 18:03:26,False,2022–23,5.0,1224,False,7.99,76.5,4.7,,,$5–9.99,5–8
1925930,KONGEER,0,True,False,False,False,1654034786,5,80,['Ferulox Studios'],['Ferulox Studios'],"['Adventure', 'Arcade', '2D Platformer', 'Precision Platformer', 'Pixel Graphics', 'Medieval', '1980s', 'Old School', 'Controller', 'Score Attack', 'Indie', 'Action', 'Co-op', 'Local Co-Op', 'Multiplayer', 'Singleplayer', 'Retro']",2022-05-31 22:06:26,False,2022–23,2.0,718,False,2.99,,,,,до $5,2
1926240,REPULSOR,0,True,False,False,False,1652976022,13,92,['TOITAN'],['TOITAN'],"['Arcade', ""Shoot 'Em Up"", 'Score Attack', 'Local Co-Op', 'Difficult', 'Old School', 'Retro', 'Controller', 'Colorful', 'Top-Down Shooter', '1980s', 'Twin Stick Shooter', 'Minimalist', 'Casual', 'Indie', 'Sci-fi', 'Stylized', 'Replay Value', 'Action', 'Singleplayer']",2022-05-19 16:00:22,False,2022–23,2.0,1030,False,5.99,,,,,$5–9.99,2
1927030,UFOBIA,0,True,False,False,False,1669935587,29,41,['Rokay Games'],['Rokay Games'],"['Aliens', 'Co-op', 'Horror', 'PvE', 'Sci-fi', 'Supernatural', 'Atmospheric', 'Mystery', 'Online Co-Op', 'Co-op Campaign', '3D', 'First-Person', 'Action', 'Shooter', 'Singleplayer', 'Multiplayer', 'FPS', 'Indie', 'Violent']",2022-12-01 22:59:47,False,2022–23,4.0,558,False,2.99,,,,,до $5,3–4
1927380,TEMPLE of RUBBO,0,True,False,False,False,1646910342,36,86,['Sokpop Collective'],['Sokpop Collective'],"['Action Roguelike', 'Dungeon Crawler', 'Local Co-Op', 'Hack and Slash', 'Action', 'Colorful', 'Adventure', 'Action RPG', 'Roguelike', 'Roguelite', '2D', 'Cute', 'Family Friendly', 'Fantasy', 'Funny', 'Magic', 'Old School', 'Combat', 'Controller', 'Procedural Generation']",2022-03-10 11:05:42,False,2022–23,4.0,2061,False,4.99,,,,,до $5,3–4
1928670,Hajis هاجس,0,True,False,False,False,1666717279,84,80,['VIOE'],['VIOE'],"['Survival Horror', 'Escape Room', 'Online Co-Op', 'Hidden Object', 'Indie', 'Horror', 'Realistic', 'Multiplayer', 'Psychological Horror', 'Demons', 'Puzzle', 'First-Person', 'Action', 'Simulation', 'Stealth', 'Massively Multiplayer', 'Casual', 'Strategy', 'Violent', 'Adventure']",2022-10-25 17:01:19,False,2022–23,4.0,1197,False,4.99,,,,,до $5,3–4
1929610,Demonologist,0,True,False,False,False,1695653691,18925,85,['Clock Wizard Games'],['Clock Wizard Games'],"['Horror', 'Multiplayer', 'Online Co-Op', 'Psychological Horror', 'Co-op', 'First-Person', 'Dark', 'Investigation', 'Demons', 'Surreal', 'Detective', 'Mystery', 'Thriller', 'Cinematic', 'Indie', '3D', 'Action', 'Tactical', 'Lovecraftian', 'Survival Horror']",2023-09-25 14:54:51,False,2022–23,4.0,1190,True,19.99,18.1,21.9,34897329.0,1844.0,$15–19.99,3–4
1930350,Fallen Worlds,0,True,False,True,False,1744902690,1,0,['RealmBreak Games'],['RealmBreak Games'],"['Action Roguelike', 'Online Co-Op', 'Roguelite', 'Early Access', 'Indie', 'Hack and Slash', 'Action RPG', 'Co-op', 'Fantasy', 'Roguelike', 'Replay Value', 'Isometric', 'Difficult', 'Action', 'RPG', 'Multiplayer', 'PvE', 'Procedural Generation', 'Dungeon Crawler', 'Stylized']",2025-04-17 15:11:30,False,2024–25,4.0,2790,False,14.99,,,,,$10–14.99,3–4
1931370,JellyMen,0,True,False,False,False,1650673810,6,100,['Cordless Games Studio'],['Cordless Games Studio'],"['Action', 'Shooter', '4 Player Local', 'Arcade', 'Platformer', '3D Platformer', 'Arena Shooter', 'Third-Person Shooter', '3D', 'Cartoony', 'Colorful', 'Third Person', 'Comedy', 'Funny', 'Character Customization', 'Local Multiplayer', 'Physics', 'Combat', 'Controller', 'Local Co-Op']",2022-04-23 00:30:10,False,2022–23,4.0,1439,True,4.99,,,,,до $5,3–4
1931950,Vade Retro : Exorcist,0,True,False,False,False,1666936857,921,70,['Forceight'],['Forceight'],"['Online Co-Op', 'Horror', 'Multiplayer', 'Co-op', 'Survival Horror', 'Survival', 'Psychological Horror', 'God Game', 'Class-Based', 'Action', 'Simulation', 'Action RTS', 'Action-Adventure', 'First-Person', 'Spectacle fighter', '3D', 'Third Person', 'Realistic', 'Magic', 'PvP']",2022-10-28 06:00:57,False,2022–23,4.0,1306,False,6.99,16.9,4.8,12807343.0,13906.0,$5–9.99,3–4
1933230,Let's Go!,0,True,False,False,False,1648065609,2,100,['Redsquirrel Tribute Games'],['Redsquirrel Tribute Games'],"['Action', 'Action-Adventure', 'Shooter', 'FPS', 'Third-Person Shooter', 'Cartoony', 'Colorful', 'Cute', 'Funny', 'Tactical', 'Indie', 'PvP', 'Team-Based', 'Local Co-Op', 'Local Multiplayer']",2022-03-23 20:00:09,False,2022–23,,614,False,4.99,,,,,до $5,не указано
1933490,Let's Play! Oink Games,0,True,False,False,False,1657152058,67,79,['Oink Games Inc.'],['Oink Games Inc.'],"['Casual', 'Board Game', 'Multiplayer', 'Local Multiplayer', 'Turn-Based Tactics', 'Real Time Tactics', 'PvP', 'Tabletop', '3D', 'Controller', 'Family Friendly', 'Online Co-Op', 'Singleplayer', 'Local Co-Op', 'Co-op', '4 Player Local', 'Card Game']",2022-07-07 00:00:58,False,2022–23,8.0,2387,False,24.99,,,,,$20+,5–8
1933570,IDF-ASD,0,True,False,True,False,1648196519,0,0,['Initial Node'],['Initial Node'],"['Bullet Hell', ""Shoot 'Em Up"", 'Top-Down Shooter', 'Flight', 'Difficult', 'Shooter', '3D', 'Controller', 'Linear', 'Action', 'Casual', 'Sci-fi', 'Physics', 'Combat', 'Local Co-Op', 'Singleplayer', 'Early Access', 'Indie', 'Arcade', 'Multiplayer']",2022-03-25 08:21:59,False,2022–23,2.0,1334,False,4.99,,,,,до $5,2
1933850,HUNGRY PIGS,0,True,False,False,False,1665208423,4,75,['Balloon'],['Balloon'],"['Action', 'Arcade', 'Spectacle fighter', 'Top-Down', 'Comedy', 'Co-op', 'Multiplayer', 'Singleplayer', '3D', 'Score Attack']",2022-10-08 05:53:43,False,2022–23,4.0,3153,False,5.99,,,,,$5–9.99,3–4
1935750,Glorious Day to Die,0,True,False,True,False,1659367273,0,0,['Green Can Games'],['Green Can Games'],"['Hero Shooter', 'Action', 'Third-Person Shooter', 'PvE', 'Shooter', '3D', 'Gun Customization', 'Survival', 'Adventure', 'Combat', 'Early Access', 'Inventory Management', 'Co-op', 'Multiplayer', 'Online Co-Op', 'Singleplayer']",2022-08-01 15:21:13,False,2022–23,,1269,False,9.99,,,,,$5–9.99,не указано
1936360,Escape From Mandrillia: Local Asymmetric VR+PC,0,True,False,False,False,1757969941,181,95,['German Bandera'],['German Bandera'],"['Asymmetric VR', 'Local Multiplayer', 'Survival Horror', 'Indie', 'VR', 'Action', 'PvP', 'Stealth', 'Shooter', 'Exploration', '3D', 'Split Screen', 'Gore', 'Violent', 'Robots', 'Dark', 'Local Co-Op', 'Co-op', 'Horror', 'Party Game']",2025-09-15 20:59:01,False,2024–25,2.0,2602,False,12.99,6.4,5.55,,,$10–14.99,2
1936640,Shenanigans,0,True,False,False,False,1706217426,5,100,"['Mythos Makers', 'John Coday']","['Mythos Makers', 'John Coday', 'GardenWolf']","['Adventure', 'Cartoony', '2D Platformer', 'Hand-drawn', 'Platformer', 'Controller', 'Action-Adventure', 'Cartoon', '2D', 'Comic Book', 'Action', 'Funny', 'Colorful', 'Magic', 'Comedy', 'Combat', '4 Player Local', 'Co-op', 'Local Co-Op', 'Local Multiplayer']",2024-01-25 21:17:06,False,2024–25,,1185,False,4.99,,,,,до $5,не указано
1937230,Shatter Remastered Deluxe,0,True,False,False,False,1667332311,46,71,['PikPok'],['PikPok'],"['Casual', 'Arcade', '2D', 'Retro', 'Physics', 'Colorful', '1980s', 'Cyberpunk', 'Destruction', 'Futuristic', 'Sci-fi', 'Abstract', 'Stylized', 'Space', 'Linear', 'PvP', 'Score Attack', 'Local Co-Op', 'Local Multiplayer', 'Co-op']",2022-11-01 19:51:51,False,2022–23,,1821,False,9.99,,,,,$5–9.99,не указано
1937540,Potato Arena,0,True,False,False,False,1736166602,21,71,['Erik Games'],['Erik Games'],"['Controller', 'Party', 'Physics', 'Online Co-Op', 'Multiplayer', 'Arcade', 'Funny', 'PvP', 'Indie', 'Casual', 'Family Friendly', 'Local Multiplayer', 'Local Co-Op', '4 Player Local', 'Minigames', 'Cute', 'Action', '3D Platformer', 'Stylized', '3D']",2025-01-06 12:30:02,False,2024–25,4.0,1334,True,9.99,,,,,$5–9.99,3–4
1938410,Cyber Pool,0,True,False,False,False,1649423292,6,16,['Revulo Games'],['Revulo Games'],"['Casual', 'Sports', 'Arcade', '2D', 'Colorful', 'Cute', '1980s', 'Atmospheric', 'Retro', 'PvP', 'Score Attack', '4 Player Local', 'Indie', 'Co-op', 'Local Multiplayer', 'Singleplayer', 'Billiards']",2022-04-08 13:08:12,False,2022–23,,1103,False,4.99,,,,,до $5,не указано
1940380,Dogfight,0,True,False,False,False,1681383589,14,85,['Hound Picked Games'],['Katsu Entertainment LLC'],"[""Shoot 'Em Up"", 'Side Scroller', 'Family Friendly', 'Local Co-Op', '4 Player Local', 'Arcade', 'Singleplayer', '2D', 'Action', 'Controller', 'Funny', 'Cartoony', 'Casual', 'Colorful', 'Hand-drawn', 'Cartoon', 'Co-op', 'Linear', 'Multiplayer', 'Local Multiplayer']",2023-04-13 10:59:49,False,2022–23,4.0,1061,True,9.99,,,,,$5–9.99,3–4
1941700,Exterminate Zombies: Get Paid,0,True,False,False,False,1665404846,5,60,['EZGP Team'],['EZGP Team'],"['Action', 'Shooter', 'Top-Down Shooter', 'Top-Down', 'Zombies', 'Combat', 'Co-op', 'Casual', 'Indie', 'Online Co-Op', 'Arcade', 'Bullet Hell', ""Shoot 'Em Up"", 'Twin Stick Shooter', 'Post-apocalyptic', 'Character Customization', 'Controller', 'PvE', 'Multiplayer', 'Singleplayer']",2022-10-10 12:27:26,False,2022–23,4.0,1105,False,2.99,,,,,до $5,3–4
1942280,Brotato,0,True,False,False,False,1687514379,111826,95,['Blobfish'],['Blobfish'],"['Roguelike', 'Singleplayer', 'Bullet Hell', 'Action Roguelike', 'Local Co-Op', 'Bullet Heaven', 'Multiplayer', 'Survival', 'Arena Shooter', 'Sci-fi', 'Roguelite', 'Replay Value', 'Top-Down Shooter', 'Hack and Slash', 'Arcade', 'Co-op', 'Casual', '2D', 'Action', 'Controller']",2023-06-23 09:59:39,False,2022–23,4.0,1117,False,4.99,36.0,20.15,,,до $5,3–4
1942850,Sunshower,0,True,False,False,False,1730433766,10,100,['NOKOGODO'],['NOKOGODO'],"['Action', 'Cute', 'Hand-drawn', 'Colorful', 'Casual', 'Bullet Hell', 'Relaxing', 'Pixel Graphics', 'Cartoony', 'Score Attack', '2D', 'Nature', 'Magic', 'Sci-fi', 'Old School', 'Arcade', ""Shoot 'Em Up"", 'Philosophical', 'Co-op', 'Local Co-Op']",2024-11-01 04:02:46,False,2024–25,,1513,False,4.99,,,,,до $5,не указано
1943160,Overdriven Evolution,0,True,False,False,False,1662116957,3,100,['TOMAGameStudio'],['TOMAGameStudio'],"['Bullet Hell', ""Shoot 'Em Up"", 'Match 3', 'Shooter', '2D', 'Action', '3D', 'Top-Down', 'Flight', 'Space', 'Sci-fi', 'Score Attack', 'Robots', '1980s', ""1990's"", 'Aliens', 'Futuristic', 'Old School', 'Combat', 'Local Co-Op']",2022-09-02 11:09:17,False,2022–23,4.0,2125,True,14.99,,,,,$10–14.99,3–4
1944050,Farm Under Fire,0,True,False,False,False,1680962417,4,100,['Furious Production LTD'],['Furious Production LTD'],"['Action', 'Team-Based', 'PvP', 'Co-op', 'Satire', 'Online Co-Op', 'Old School', 'Casual', 'Multiplayer', ""Beat 'em up"", 'Shooter', 'Arena Shooter', ""Shoot 'Em Up"", 'Third-Person Shooter', '3D', 'Stylized', 'Colorful', 'Third Person', 'Funny', 'Parody ']",2023-04-08 14:00:17,False,2022–23,,1307,False,0.99,,,,,до $5,не указано
1945260,Jelly Express,0,True,False,False,False,1696167594,136,80,['StoryMode Publishing'],['xxgamestudio'],"['Multiplayer', 'Co-op', 'Local Co-Op', 'Casual', 'Funny', 'Puzzle Platformer', 'Platformer', 'Party Game', 'Cute', '2D Platformer', 'Physics', 'Difficult', 'Hand-drawn', 'Strategy', 'Indie', 'Action-Adventure', 'Relaxing', '2D', 'Adventure', 'Level Editor']",2023-10-01 13:39:54,False,2022–23,,1598,True,6.99,23.4,2.3,,,$5–9.99,не указано
1947660,LiMiT's Escape Room Games,0,True,False,False,False,1650211522,104,66,['Marco Hirschfeld'],['Marco Hirschfeld'],"['Escape Room', 'Online Co-Op', 'Multiplayer', 'Puzzle', 'Team-Based', 'Mystery Dungeon', 'Trivia', '3D', 'First-Person', 'Exploration', 'Time Management', 'Tabletop', 'Casual', 'Romance', 'Adventure', 'Investigation', 'Strategy', 'Singleplayer', 'Co-op', 'Indie']",2022-04-17 16:05:22,False,2022–23,8.0,998,False,3.99,38.5,2.6,,,до $5,5–8
1948490,Xion Leak,0,True,False,False,False,1745856015,34,100,['Gentle Beasts Studio'],['Gentle Beasts Studio'],"['Local Multiplayer', 'Multiplayer', 'Online Co-Op', 'Local Co-Op', 'Co-op', 'Racing', 'Platformer', 'Robots', '2D Platformer', '2D', 'Funny', 'Pixel Graphics', 'Action', 'Retro', 'Side Scroller', 'Precision Platformer', 'Split Screen', 'Team-Based', 'Puzzle Platformer', 'Adventure']",2025-04-28 16:00:15,False,2024–25,2.0,983,True,8.99,,,,,$5–9.99,2
1949890,Jack & Detectives - A Silent Social Detection Game -,0,True,False,False,False,1726020621,52,75,['Curiouspark'],['Curiouspark'],"['PvP', 'Co-op', 'Turn-Based Tactics', 'Cute', '3D Platformer', 'Puzzle Platformer', 'Board Game', 'Turn-Based Strategy', 'Character Customization', 'Tabletop', 'Strategy', '3D', 'Detective', 'Horror', 'Casual', 'Realistic', 'Stealth', 'Werewolves', 'Logic', 'Online Co-Op']",2024-09-11 02:10:21,False,2024–25,,2791,False,4.99,,,,,до $5,не указано
1951610,Spudtoon - Born To Peel,0,True,False,False,False,1759518313,1,100,['Retrope Studios'],['simon Emms'],"['Action', 'Roguelike', ""Shoot 'Em Up"", 'Top-Down Shooter', 'Pixel Graphics', 'Roguelite', 'Twin Stick Shooter', 'Singleplayer', '4 Player Local', 'Adventure', 'Split Screen', 'Shooter', 'Cartoon', 'Parody ', 'War', 'Combat', '2.5D', 'Controller', 'Local Co-Op', '2D Platformer']",2025-10-03 19:05:13,False,2024–25,2.0,1508,False,6.99,,,,,$5–9.99,2
1951650,Calcium Chaos,0,True,False,False,False,1731094226,52,96,['Spelkollektivet'],['Lunch Money Games'],"['Twin Stick Shooter', 'Roguelite', 'Action-Adventure', 'Local Co-Op', 'Casual', 'Comedy', 'Cute', '2D', 'Top-Down', 'Action', 'Adventure', 'Controller', '4 Player Local', 'Cartoony', 'Co-op', 'Trains', 'Hand-drawn', 'Funny', 'Singleplayer', 'Indie']",2024-11-08 19:30:26,False,2024–25,5.0,1322,True,9.99,,,,,$5–9.99,5–8
1951780,Jumping Jazz Cats,0,True,False,False,False,1747756838,148,74,['Team17'],['Le Catnip Collective'],"['Cats', 'Party Game', 'Multiplayer', '3D Platformer', 'Casual', 'Funny', 'Cute', 'Online Co-Op', 'Action', 'Character Customization', 'Party', 'Physics', 'Cartoon', 'Colorful', 'LGBTQ+', 'Platformer', 'Collectathon', 'Parkour', 'Team-Based', 'Sandbox']",2025-05-20 16:00:38,False,2024–25,9.0,1863,False,8.99,59.8,1.3,,,$5–9.99,9+
1952690,Bytebond,0,True,False,False,False,1758196833,74,89,['Anshar Publishing'],['DVD Unicorns'],"['Co-op Campaign', 'Puzzle', 'Logic', 'Adventure', 'Co-op', 'Local Co-Op', 'Sci-fi', 'Platformer', 'Action', 'Online Co-Op', 'Atmospheric', 'Controller', 'Singleplayer', 'Action-Adventure', 'Multiplayer', 'Casual', 'Robots', 'Cute', 'Top-Down', 'Family Friendly']",2025-09-18 12:00:33,False,2024–25,,1700,True,11.99,,,,,$10–14.99,не указано
1953230,Whisper Mountain Outbreak,0,True,False,True,False,1754917220,2435,84,['Toge Productions'],['Toge Productions'],"['Online Co-Op', 'Survival Horror', 'Isometric', '2.5D', 'Zombies', 'Action Roguelike', 'Tactical', 'Horror', 'Pixel Graphics', 'Investigation', 'PvE', 'Lovecraftian', 'Extraction Shooter', 'Twin Stick Shooter', 'Top-Down Shooter', 'Exploration', 'Puzzle', 'Co-op', 'Multiplayer', 'Singleplayer']",2025-08-11 13:00:20,False,2024–25,4.0,2096,True,7.99,33.3,6.300000000000001,,,$5–9.99,3–4
1954550,Project Hover,0,True,False,True,False,1733498380,27,88,['Ulysses Graphics'],['Ulysses Graphics'],"['Flight', 'Racing', 'Sports', 'Driving', 'Physics', 'Competitive', 'PvE', 'PvP', 'Arcade', '3D', 'Cyberpunk', 'Controller', 'Simulation', 'Realistic', 'Sci-fi', 'Retro', 'Futuristic', 'Multiplayer', 'Singleplayer', 'Co-op']",2024-12-06 15:19:40,False,2024–25,,3463,False,9.99,,,,,$5–9.99,не указано
1954720,Tameshi,0,True,False,False,False,1702548449,12,83,['171Dev'],['171Dev'],"[""Shoot 'Em Up"", 'Bullet Hell', 'Shooter', 'Arcade', 'Software', '2D', 'Linear', 'Controller', 'Action', 'Pixel Graphics', 'Colorful', 'Space', 'Sci-fi', 'Destruction', ""1990's"", 'Combat', 'Singleplayer', 'Local Multiplayer', 'Multiplayer', 'Local Co-Op']",2023-12-14 10:07:29,False,2022–23,,902,False,5.99,,,,,$5–9.99,не указано
1955340,Super Raft Boat Together,0,True,False,False,False,1690302934,209,81,['Brace Yourself Games'],['Shattered Journal Games'],"['Online Co-Op', 'Roguelite', 'Multiplayer', 'Co-op', 'Local Co-Op', 'Roguelike', 'Action Roguelike', 'Top-Down Shooter', 'Twin Stick Shooter', 'Arcade', 'PvE', 'Female Protagonist', '2D', 'Action', 'Building', 'Combat', 'Survival', 'Top-Down', 'Pixel Graphics', 'Local Multiplayer']",2023-07-25 16:35:34,False,2022–23,4.0,1413,False,14.99,46.8,7.95,,,$10–14.99,3–4
1955440,Tick Tack Puppet,0,True,False,False,False,1679321227,0,0,['TenkaiGames'],['TenkaiGames'],"['Bullet Time', 'Time Manipulation', '2D Platformer', 'Online Co-Op', 'Singleplayer', 'Stylized', 'Sci-fi', 'Action', 'Physics', '2D', 'Multiplayer', 'Platformer', 'Indie']",2023-03-20 14:07:07,False,2022–23,4.0,1637,False,3.99,,,,,до $5,3–4
1955850,Basureroes: Invasion,0,True,False,False,False,1738236137,14,100,['Javs Game Studios'],['Javs Game Studios'],"['Indie', 'Platformer', 'Pixel Graphics', 'Retro', '8-bit Music', '2D Platformer', 'Action', 'Precision Platformer', 'Adventure', 'Old School', 'Combat', 'Boss Rush', 'Local Multiplayer', 'Linear', 'Difficult', 'Singleplayer', '4 Player Local', 'Local Co-Op', 'Superhero', 'Action-Adventure']",2025-01-30 11:22:17,False,2024–25,4.0,1782,False,11.99,,,,,$10–14.99,3–4
1956180,Catbusters,0,True,False,False,False,1669312892,3,66,['Tekotronics'],['Tekotronics'],"['VR', 'Online Co-Op', 'Co-op', 'Multiplayer', 'Singleplayer', 'Action', 'Family Friendly', 'Casual', 'Zombies', 'Arcade', ""Shoot 'Em Up"", 'First-Person', 'Minimalist', 'Fantasy', 'Futuristic', 'Retro', 'Sci-fi', '3D', '6DOF', 'Controller']",2022-11-24 18:01:32,False,2022–23,,500,False,3.99,,,,,до $5,не указано
1956770,M.O.O.D.S.,0,True,False,False,False,1752134573,29,82,"['StickyStoneStudio', 'Erabit']",['StickyStoneStudio'],"['Action Roguelike', 'Top-Down Shooter', 'Twin Stick Shooter', 'Bullet Hell', 'Roguelite', 'Shooter', 'Roguelike', 'Dungeon Crawler', '3D', 'Gun Customization', 'Top-Down', 'Post-apocalyptic', 'Mechs', 'Local Multiplayer', 'Procedural Generation', 'RPG', 'Action', 'Singleplayer', 'Co-op', 'Local Co-Op']",2025-07-10 08:02:53,False,2024–25,4.0,2414,False,12.99,,,,,$10–14.99,3–4
1957110,Christmas Shooter,0,True,False,False,False,1661500598,1,0,['Jakub'],['Jakub'],"['Action', 'Adventure', 'Casual', '2D Fighter', 'Point & Click', 'Action-Adventure', '2D Platformer', '2D', 'Survival', 'Tactical', 'Physics', 'Character Customization', 'Co-op', 'Online Co-Op', 'Singleplayer', 'Multiplayer']",2022-08-26 07:56:38,False,2022–23,,1057,False,4.99,,,,,до $5,не указано
1958540,GRAVIATORS,0,True,False,False,False,1693483345,5,100,['Bonus Stage Publishing'],['Couch in the Woods Interactive'],"['Casual', 'Sports', 'Arcade', 'Colorful', 'Stylized', 'Family Friendly', 'Futuristic', 'PvP', 'Team-Based', 'Singleplayer', 'Local Co-Op', 'Local Multiplayer', 'eSports', 'Arena Shooter', 'Top-Down Shooter', 'Multiplayer', '2.5D', 'Top-Down', 'Indie', 'Flight']",2023-08-31 12:02:25,False,2022–23,4.0,3164,False,9.99,,,,,$5–9.99,3–4
1961160,Cats Love Boxes,0,True,False,False,False,1709149829,433,97,['Devcats'],['Devcats'],"['Sokoban', 'Cats', 'Co-op', 'Puzzle', 'Wholesome', 'Hand-drawn', 'Co-op Campaign', 'Casual', 'Adventure', 'Character Customization', 'Local Co-Op', 'Grid-Based Movement', 'Cartoony', 'Cozy', 'Cute', 'Family Friendly', 'Relaxing', 'Logic', 'Local Multiplayer', 'Singleplayer']",2024-02-28 19:50:29,False,2024–25,,553,False,3.99,62.7,4.6,,,до $5,не указано
1962130,CubeLoop,0,True,False,False,False,1661873580,5,40,['Factory Trashcension'],['Factory Trashcension'],"['Puzzle', 'Multiplayer', 'Online Co-Op', 'Escape Room', 'Difficult', 'Co-op', 'Logic', 'Psychological', 'Atmospheric', 'First-Person', 'Casual', 'Sci-fi', '3D', 'Mystery', 'Exploration', 'Perma Death', 'Minimalist', 'Simulation', 'Point & Click', 'Dungeon Crawler']",2022-08-30 15:33:00,False,2022–23,,1260,True,8.99,,,,,$5–9.99,не указано
1962760,Buccaneers Shipshape,0,True,False,False,False,1753207150,31,87,['Merso Entertainment'],['Merso Entertainment'],"[""Beat 'em up"", 'Side Scroller', 'Pixel Graphics', 'Multiplayer', 'Co-op Campaign', 'Hack and Slash', 'Cartoon', 'Pirates', 'Comedy', 'Arcade', 'Action', 'Remake', 'Female Protagonist', 'Villain Protagonist', 'Swordplay', '1980s', 'Co-op', 'Local Co-Op', '4 Player Local', 'Local Multiplayer']",2025-07-22 17:59:10,False,2024–25,4.0,1815,False,12.99,,,,,$10–14.99,3–4
1963200,惊魂日记 FrightDiary,0,True,False,False,False,1678614876,9,88,['Erdos Xuelian Future Technology'],['Erdos Xuelian Future Technology'],"['Adventure', 'Puzzle', 'Action-Adventure', 'Puzzle Platformer', 'Thriller', 'Action', 'Action Roguelike', 'First-Person', 'Zombies', 'Horror', 'Mystery', 'Detective', 'PvE', 'Singleplayer', 'Casual', 'Multiplayer', 'Co-op', 'Online Co-Op', 'Violent']",2023-03-12 09:54:36,False,2022–23,,2681,False,0.99,,,,,до $5,не указано
1965320,Potion Blast : Battle of Wizards,0,True,False,False,False,1687871958,0,0,['Dypsloom'],['Dypsloom'],"['4 Player Local', 'PvP', '2D Fighter', 'Arcade', '3D Fighter', 'Action', '2.5D', 'Controller', 'Colorful', 'Stylized', 'Fantasy', 'Magic', 'Moddable', 'Mystery', 'Combat', '2D Platformer', 'Local Co-Op', 'Local Multiplayer', 'Indie']",2023-06-27 13:19:18,False,2022–23,4.0,2781,False,10.99,,,,,$10–14.99,3–4
1965390,Online Sparkler,0,True,False,False,False,1656068424,72,88,['宮村あつき'],['宮村あつき'],"['Immersive Sim', 'Word Game', 'Nature', 'Life Sim', 'Cute', '3D', 'Relaxing', 'Funny', 'Surreal', 'Casual', 'Simulation', 'Realistic', 'Philosophical', 'Family Friendly', 'Atmospheric', 'Platformer', 'Psychological', 'Memes', 'Indie', 'Co-op']",2022-06-24 11:00:24,False,2022–23,20.0,1143,False,4.99,,,,,до $5,9+
1965940,Ninja Sneaking R,0,True,False,False,False,1653033744,3,100,['WINGLAY'],['WINGLAY'],"['Action', 'Platformer', '2D Platformer', 'Pixel Graphics', 'Ninja', 'Stealth', 'Local Co-Op', 'Co-op', 'Multiplayer', 'Singleplayer', 'Local Multiplayer']",2022-05-20 08:02:24,False,2022–23,,821,False,4.99,,,,,до $5,не указано
1966180,The Bear And The Admiral,0,True,False,False,False,1745514872,1,100,['Jack Boylan'],['Jack Boylan'],"[""1990's"", 'Cartoon', 'Hand-drawn', 'Co-op', 'Funny', 'Cartoony', 'Platformer', 'Cute', 'Colorful', '2D Platformer', 'Comedy', 'Animation & Modeling', 'Space', '2D', ""Shoot 'Em Up"", 'Family Friendly', 'Aliens', 'Side Scroller', '1980s', 'Action']",2025-04-24 17:14:32,False,2024–25,,652,False,7.99,,,,,$5–9.99,не указано
1966220,Pampas & Selene: The Maze of Demons,0,True,False,False,False,1716295667,369,90,['Unepic Games'],['@unepic_fran'],"['Metroidvania', 'Pixel Graphics', 'Retro', 'Local Co-Op', 'Singleplayer', 'Online Co-Op', 'Split Screen', '2D Platformer', '1980s', 'Controller', 'Action', 'Magic', 'Female Protagonist', 'Medieval', 'Fantasy', 'Adventure', 'Co-op Campaign', 'Exploration', 'Demons', 'Old School']",2024-05-21 12:47:47,False,2024–25,,3570,True,9.99,38.5,12.55,,,$5–9.99,не указано
1966610,HRS: devil game I,0,True,False,False,False,1657200575,3,100,"['Unk games', 'Ali']","['Unk games', 'Abdullah', 'Mortatha']","['Action', 'Adventure', 'Horror', 'Survival', 'War', '3D', 'Multiplayer', 'Shooter', 'First-Person', 'Third Person', 'Action RPG', 'Action-Adventure', 'Co-op', 'Driving', 'Sci-fi', 'Character Customization', 'Robots', 'Online Co-Op', 'Singleplayer', 'Combat']",2022-07-07 13:29:35,False,2022–23,,1261,False,4.99,,,,,до $5,не указано
1966660,Drunk or Dead 2,0,True,False,True,False,1718377390,12,33,['4 I Lab'],['4 I Lab'],"['Shooter', 'VR', 'Story Rich', 'Action', 'Zombies', 'FPS', 'PvE', '3D', 'PvP', 'Action-Adventure', 'Character Customization', 'Comedy', 'Dark Humor', 'First-Person', 'Post-apocalyptic', 'Multiplayer', 'Simulation', 'Co-op', 'Adventure', 'Hero Shooter']",2024-06-14 15:03:10,False,2024–25,4.0,2800,False,3.99,,,,,до $5,3–4
1966720,Lethal Company,0,True,False,True,False,1698095392,411708,97,['Zeekerss'],['Zeekerss'],"['Online Co-Op', 'Horror', 'First-Person', 'Co-op', 'Survival Horror', 'Funny', 'Exploration', 'Psychological Horror', 'Sci-fi', 'PvE', 'Atmospheric', 'Procedural Generation', 'Aliens', 'Time Management', 'Adventure', 'Dungeon Crawler', 'Action', 'Early Access', 'Action-Adventure', 'Perma Death']",2023-10-23 21:09:52,False,2022–23,,1164,False,9.99,29.2,21.85,,,$5–9.99,не указано
1967260,Double Dragon Gaiden: Rise Of The Dragons,0,True,False,False,False,1690441334,1276,86,"['Maximum Entertainment', 'Joystick']",['Secret Base'],"[""Beat 'em up"", 'Side Scroller', 'Local Co-Op', 'Action Roguelike', 'Pixel Graphics', '2D', 'Retro', 'Local Multiplayer', 'Action', 'Martial Arts', ""1990's"", 'Adventure', 'Old School', 'Combat', 'Post-apocalyptic', 'Controller', 'Co-op', 'Multiplayer', 'Singleplayer', 'Casual']",2023-07-27 07:02:14,False,2022–23,2.0,3182,False,24.99,46.4,10.05,,,$20+,2
1968300,Ambushed,0,True,False,True,False,1667551403,7,57,['Rainy K Games'],['Rainy K Games'],"['Horror', 'Online Co-Op', 'Psychological Horror', 'Survival Horror', 'First-Person', 'Thriller', 'Demons', 'Puzzle', 'Dark Fantasy', 'Mystery', 'Nature', 'Casual', 'Exploration', 'Action', 'Hidden Object', 'Time Management', '3D', 'Realistic', 'Stylized', 'Logic']",2022-11-04 08:43:23,False,2022–23,5.0,2080,False,6.99,,,,,$5–9.99,5–8
1969100,MIGHT'N MOW'EM: CO-OP SURVIVORS ONLINE,0,True,False,True,False,1666613746,144,59,['ELEET GAMES'],['ELEET GAMES'],"['Singleplayer', 'Early Access', '1980s', 'Indie', 'Dark Fantasy', 'Retro', 'Action RPG', 'Co-op', 'Action Roguelike', 'Bullet Hell', 'Pixel Graphics', 'Roguelite', 'Online Co-Op', '2D', 'Multiplayer', 'Vampires', 'RPG', 'Arcade', 'Score Attack', 'Hack and Slash']",2022-10-24 12:15:46,False,2022–23,4.0,2686,False,2.99,32.5,6.2,,,до $5,3–4
1969260,Ewephoria,0,True,False,False,False,1669928131,1,100,['ROGR Games'],['ROGR Games'],"['Local Co-Op', 'Top-Down', 'Agriculture', 'Farming Sim', 'Time Management', '2D', 'Relaxing', 'Casual', 'Indie', 'Minimalist', 'Local Multiplayer', 'Multiplayer']",2022-12-01 20:55:31,False,2022–23,,2457,False,3.99,,,,,до $5,не указано
1969370,LEGO® Party!,0,True,False,False,False,1759248430,1128,87,['Fictions'],['SMG Studio'],"['Party Game', 'Party', 'Multiplayer', 'Local Multiplayer', '4 Player Local', 'Casual', 'Minigames', 'Funny', 'Arcade', 'Online Co-Op', '3D', 'Colorful', 'Character Customization', 'Controller', 'Co-op', 'Local Co-Op', 'Singleplayer', 'Cartoony', 'Adventure', 'Comedy']",2025-09-30 16:07:10,False,2024–25,4.0,2104,False,39.99,25.4,10.6,15049881.0,13342.0,$20+,3–4
1969930,Decisive Strike,0,True,False,True,False,1652705768,1,0,['Crisis Cleaver'],['Crisis Cleaver'],"['Arena Shooter', 'Third-Person Shooter', 'PvP', 'Shooter', 'Third Person', 'Action', 'Post-apocalyptic', 'Team-Based', 'Realistic', 'Stylized', 'Sci-fi', 'Dystopian ', 'Tactical', 'War', 'Combat', 'Multiplayer', 'Online Co-Op', 'Singleplayer', 'Early Access', 'Violent']",2022-05-16 12:56:08,False,2022–23,,877,False,0.99,,,,,до $5,не указано
1970840,VOSS Turbo,0,True,False,True,False,1663708825,0,0,['Maverick Software LLC'],['Maverick Software LLC'],"['Bullet Hell', 'Twin Stick Shooter', 'Roguelite', 'Tutorial', 'Shooter', 'Arcade', 'Character Customization', 'Action', 'Abstract', 'Stylized', 'Adventure', 'Family Friendly', 'Sci-fi', '1980s', ""1990's"", 'Old School', 'Retro', 'Local Co-Op', 'Singleplayer', 'Early Access']",2022-09-20 21:20:25,False,2022–23,,839,True,4.99,,,,,до $5,не указано
1975370,Snipe Hunt,0,True,False,False,False,1666603699,27,51,['Flux-Soul'],['Flux-Soul'],"['Horror', 'Online Co-Op', 'Lovecraftian', 'Psychological Horror', 'Investigation', 'Supernatural', 'Survival Horror', 'Adventure', 'Action', 'Multiplayer', 'Puzzle', 'Procedural Generation', 'Co-op', 'Hunting', 'Singleplayer', 'First-Person', 'Detective', 'Atmospheric', 'Western', 'Dark']",2022-10-24 09:28:19,False,2022–23,,1414,False,6.99,,,,,$5–9.99,не указано
1978210,The Grinch: Christmas Adventures,0,True,False,False,False,1697184283,35,62,['Outright Games Ltd.'],['Casual Brothers Ltd.'],"['Family Friendly', 'Action', '2D Platformer', 'Cartoon', 'Adventure', 'Local Multiplayer', 'Multiplayer', 'Platformer', 'Dogs', 'Local Co-Op', 'Cute', 'Co-op', 'Comedy', 'Colorful', 'Funny', 'Singleplayer', 'Arcade', 'Exploration', 'Visual Novel', 'Simulation']",2023-10-13 08:04:43,False,2022–23,2.0,1731,False,19.99,,,,,$15–19.99,2
1978460,Death's Playground,0,True,False,False,False,1696199253,12,91,['Dipsi'],['Dipsi'],"['Horror', 'Multiplayer', 'Online Co-Op', 'Survival Horror', 'Psychological Horror', 'Team-Based', 'Dark', 'First-Person', 'Atmospheric', 'Stealth', 'Investigation', 'Gore', 'Psychological', 'Survival', 'Violent', 'Action', 'Thriller', 'Early Access', 'Indie', 'PvP']",2023-10-01 22:27:33,False,2022–23,4.0,3082,False,6.99,,,,,$5–9.99,3–4
1979460,Sinister Night,0,True,False,False,False,1654737311,130,63,['zstar'],['zstar'],"['Horror', 'Multiplayer', 'Social Deduction', 'Supernatural', 'Psychological Horror', 'Detective', 'Online Co-Op', 'Adventure', 'Survival Horror', 'Survival', 'Exploration', 'Action', 'Co-op', '3D', 'First-Person', 'Action-Adventure', 'PvP', 'Gore', 'Violent', 'Indie']",2022-06-09 01:15:11,False,2022–23,8.0,2314,False,9.99,10.1,3.8,,,$5–9.99,5–8
1980770,Floor44,0,True,False,False,False,1678362981,126,70,['Glen Games'],['Glen Games'],"['Multiplayer', 'Co-op', 'Adventure', 'Roguelike', 'Dungeon Crawler', 'Survival', 'Survival Horror', 'Horror', 'Exploration', 'Roguelite', 'RPG', 'First-Person', 'Procedural Generation', '3D', 'Action', 'Noir', 'Stealth', 'Indie', 'Combat', 'Singleplayer']",2023-03-09 11:56:21,False,2022–23,,1796,False,9.99,16.4,23.6,,,$5–9.99,не указано
1981780,FAMILY BATTLE タッグアリーナ,0,True,False,True,False,1659711617,3,33,['Kodansha'],['nekogameteacher'],"['Action', '3D Fighter', 'Spectacle fighter', 'PvP', 'Comic Book', 'Multiplayer', 'Online Co-Op', 'Shooter', 'Indie', 'Third-Person Shooter', 'Stylized', 'Cartoon', 'Co-op', 'Casual', 'Early Access']",2022-08-05 15:00:17,False,2022–23,,2482,False,9.99,,,,,$5–9.99,не указано
1981820,Strike Force Heroes,0,True,False,False,False,1699617679,4202,79,['IndieArk'],['Sky9 Games'],"['Action', 'Shooter', '2D', 'Arena Shooter', 'Character Customization', 'Multiplayer', 'Nostalgia', 'Singleplayer', 'Remake', 'Story Rich', 'Dark Humor', 'Indie', 'Combat', '2D Platformer', 'Military', 'Co-op', 'Tactical', 'RPG', 'Soundtrack', 'Online Co-Op']",2023-11-10 12:01:19,False,2022–23,,3024,False,19.99,19.1,11.1,,,$15–19.99,не указано
1984570,Cyber League Football,0,True,False,False,False,1713350693,3,33,['Head Coach Games'],['Head Coach Games'],"['Casual', 'Sports', 'eSports', '3D', 'Isometric', 'Third Person', 'Football (American)', 'Futuristic', 'Robots', 'Sci-fi', 'Controller', 'Action', 'PvE', 'Local Co-Op', 'Local Multiplayer', 'Singleplayer', '4 Player Local', 'Arcade', 'Colorful', 'Family Friendly']",2024-04-17 10:44:53,False,2024–25,,1496,False,9.99,,,,,$5–9.99,не указано
1985420,This is a Ghost,0,True,False,False,False,1713368571,367,92,['Nuci'],['Nuci'],"['Horror', 'Action', 'Online Co-Op', 'Indie', 'Psychological Horror', 'Co-op', 'Investigation', 'Multiplayer', 'First-Person', 'Supernatural', 'Demons', '3D', 'Detective', 'Dark', 'Mystery', 'PvE', 'Atmospheric', 'Survival Horror', 'FPS', 'Singleplayer']",2024-04-17 15:42:51,False,2024–25,4.0,2426,False,16.99,7.8,28.950000000000003,,,$15–19.99,3–4
1986560,Tilted Tennis,0,True,False,True,False,1742178569,2,100,['Kittens Are Software'],['Kittens Are Software'],"['PvP', 'Competitive', 'Arcade', 'Party Game', '2D', 'Team-Based', 'Casual', 'Minimalist', 'Level Editor', 'Co-op', 'Local Co-Op', 'Local Multiplayer', 'Multiplayer', 'Online Co-Op', 'Early Access', 'Controller', 'Singleplayer']",2025-03-17 02:29:29,False,2024–25,4.0,1619,False,12.99,,,,,$10–14.99,3–4
1987080,Inside the Backrooms,0,True,False,True,False,1655744359,38839,80,"['MrFatcat', 'Dropsiick']",['MrFatcat'],"['Horror', 'Multiplayer', 'Survival Horror', 'Puzzle', 'Psychological Horror', 'Co-op', 'Online Co-Op', 'Adventure', 'Exploration', 'First-Person', 'Atmospheric', 'FPS', '3D', 'Dark', 'Mystery', 'VR', 'Sci-fi', 'Story Rich', 'PvE', 'Early Access']",2022-06-20 16:59:19,False,2022–23,4.0,4267,False,6.99,62.7,12.45,96404844.0,2482.0,$5–9.99,3–4
1987860,Another Generic Space Shooter,0,True,False,False,False,1689913635,1,100,['Embrion'],['Embrion'],"['Arena Shooter', 'Bullet Hell', 'Top-Down Shooter', 'PvE', 'Shooter', 'Space', '2D', 'Top-Down', 'Action', '4 Player Local', 'Controller', 'Family Friendly', 'Sci-fi', 'Comedy', 'Combat', 'Co-op', 'Local Co-Op', 'Local Multiplayer', 'Multiplayer', 'Singleplayer']",2023-07-21 04:27:15,False,2022–23,,2342,False,9.99,,,,,$5–9.99,не указано
1990060,Unbearable,0,True,False,False,False,1709660075,42,64,['Farelas'],['Farelas'],"['Psychological Horror', 'Survival Horror', 'Horror', 'Co-op Campaign', 'Split Screen', 'Action-Adventure', 'Third-Person Shooter', 'Local Co-Op', 'Hidden Object', 'Story Rich', 'Cinematic', 'Exploration', 'Third Person', 'Puzzle', 'Emotional', 'Dark', 'Combat', '3D', 'Female Protagonist', 'Co-op']",2024-03-05 17:34:35,False,2024–25,,1251,False,7.99,,,,,$5–9.99,не указано
1990510,Night Out,0,True,False,False,False,1708369057,0,0,['Wicked Pixels'],['Mario Portillo'],"['Action', 'Adventure', 'Casual', 'Arcade', 'Platformer', 'Puzzle', '2D Platformer', 'Precision Platformer', 'Puzzle Platformer', '2D', 'Pixel Graphics', 'Relaxing', 'Bullet Time', 'Character Customization', 'PvP', 'Multiplayer', 'Online Co-Op', 'Singleplayer', 'Strategy', 'Indie']",2024-02-19 18:57:37,False,2024–25,4.0,1854,False,7.99,,,,,$5–9.99,3–4
1991600,The Newton Mystery,0,True,False,False,False,1730353526,8,100,['In The Snow Studios'],['In The Snow Studios'],"['Adventure', 'Casual', 'Platformer', 'Puzzle', '2D Platformer', 'Collectathon', 'Exploration', 'Puzzle Platformer', '2D', 'Cartoony', 'Cute', 'Comedy', 'Detective', 'Funny', 'Mystery', 'Supernatural', 'Controller', 'Local Co-Op', 'Indie', 'Cartoon']",2024-10-31 05:45:26,False,2024–25,,2091,False,5.99,,,,,$5–9.99,не указано
1991820,Drunken FC,0,True,False,True,False,1731342451,75,80,['Sloppy Games'],"['Sloppy Games', 'Red Herring Labs']","['Co-op', 'Action', 'Party Game', 'Football (Soccer)', 'Funny', 'Casual', 'Split Screen', 'Sports', 'Arcade', 'Local Multiplayer', '3D', 'Cartoon', 'Cartoony', 'Party', 'eSports', 'Colorful', 'Third Person', 'PvP', 'Physics', 'Tactical']",2024-11-11 16:27:31,False,2024–25,4.0,1375,False,6.99,,,,,$5–9.99,3–4
1992860,Vetrix Worlds,0,True,False,False,False,1688047749,3,66,['Vagabond'],['Vagabond'],"['Casual', 'VR', 'Puzzle', 'Arcade', 'Singleplayer', 'Multiplayer', 'PvP', 'Online Co-Op', 'Logic', 'Score Attack', 'Colorful', 'Family Friendly', '6DOF', '3D', 'First-Person', 'Stylized', ""1990's"", 'Atmospheric', 'Relaxing', 'Team-Based']",2023-06-29 14:09:09,False,2022–23,,1258,False,14.99,,,,,$10–14.99,не указано
1998040,Psycho Reign,0,True,False,True,False,1665095444,37,64,['D4'],['D4'],"['Atmospheric', 'Dark', 'Horror', 'Online Co-Op', 'Survival Horror', 'Multiplayer', 'Co-op', 'First-Person', 'FPS', 'Stealth', 'Psychological Horror', 'Hidden Object', 'Puzzle', 'Singleplayer', 'Action', 'PvE', 'Realistic', 'Adventure', 'Exploration', 'Multiple Endings']",2022-10-06 22:30:44,False,2022–23,2.0,2800,False,2.99,,,,,до $5,2
1998320,Death Bind,0,True,False,True,False,1657178003,2,100,['Code Drifters'],['Code Drifters'],"['Action', 'Zombies', 'Casual', 'Shooter', 'Local Co-Op', '2D', 'Top-Down', 'Pixel Graphics', 'Arcade', 'Post-apocalyptic', 'Early Access', 'Violent', 'Survival', 'PvE', 'Singleplayer', 'Combat']",2022-07-07 07:13:23,False,2022–23,2.0,871,False,2.99,,,,,до $5,2
1999520,CATO: Buttered Cat,0,True,False,False,False,1725588026,2804,98,['GCORES PUBLISHING'],['Team Woll'],"['Puzzle Platformer', 'Cats', 'Cute', 'Adventure', 'Puzzle', 'Pixel Graphics', 'Indie', 'Platformer', 'Multiplayer', 'Singleplayer', 'Local Co-Op', 'Funny', '2D Platformer', 'Local Multiplayer', 'Cartoon', 'Physics', 'Controller', 'Science', 'Fantasy', 'Hidden Object']",2024-09-06 02:00:26,False,2024–25,,3926,True,10.99,22.7,10.350000000000001,,,$10–14.99,не указано
2000590,Alvo VR,0,True,False,False,False,1707751831,26,65,['OutsideIn Entertainment'],['OutsideIn Entertainment'],"['VR', 'FPS', 'Shooter', 'Action', 'Zombies', 'PvP', 'Multiplayer', 'Combat', 'Military', 'Parkour', 'War', 'Co-op', 'Character Customization', 'Gun Customization', 'Strategy', 'Action-Adventure', 'First-Person', 'Horror', 'Tactical', 'Team-Based']",2024-02-12 15:30:31,False,2024–25,,2081,False,14.99,,,,,$10–14.99,не указано
2002850,Raiden IV x MIKADO remix,0,True,False,False,False,1675188055,19,63,"['NIS America, Inc.']","['MOSS Co., Ltd.']","['Action', 'Adventure', 'Arcade', 'Shooter', 'Bullet Hell', ""Shoot 'Em Up"", 'Top-Down Shooter', 'Colorful', 'Pixel Graphics', 'Top-Down', 'Aliens', 'Flight', 'Sci-fi', 'Space', 'Score Attack', 'Co-op Campaign', 'Local Co-Op', 'Singleplayer']",2023-01-31 18:00:55,False,2022–23,,2365,False,29.99,,,,,$20+,не указано
2002860,Raiden III x MIKADO MANIAX,0,True,False,False,False,1694106019,25,72,"['NIS America, Inc.']","['MOSS Co., Ltd.']","['Action', 'Adventure', 'Arcade', 'Bullet Hell', ""Shoot 'Em Up"", 'Top-Down Shooter', '2D', 'Pixel Graphics', 'Top-Down', 'Aliens', 'Flight', 'Sci-fi', 'Space', 'Female Protagonist', 'Score Attack', 'Co-op', 'Local Co-Op', 'Local Multiplayer', 'Singleplayer', 'Multiplayer']",2023-09-07 17:00:19,False,2022–23,,2004,False,29.99,,,,,$20+,не указано
2003990,Arcade Sundown,0,True,False,False,False,1697548374,31,100,['The Fully Arcade'],['The Fully Arcade'],"['Pinball', 'Arcade', 'PvP', 'Singleplayer', 'Casual', 'Local Multiplayer', '4 Player Local', 'Action', '3D', 'Top-Down', 'Party Game', 'Comic Book', 'Team-Based', '1980s', 'Third Person', 'Female Protagonist', 'Co-op', 'Surreal', 'Zombies', 'Dark Fantasy']",2023-10-17 13:12:54,False,2022–23,,1636,False,8.99,,,,,$5–9.99,не указано
2004060,Wild Rumble,0,True,False,False,False,1738574026,33,87,['Mean Mink'],['Mean Mink'],"['Roguelike', 'Action', 'Co-op', 'Action Roguelike', 'Arcade', 'Singleplayer', 'Sports', 'Multiplayer', 'Football (Soccer)', 'Roguelite', 'PvP', '4 Player Local', 'Funny', 'Anime', '2D', 'Local Co-Op', 'Local Multiplayer', 'Remake', 'Adventure', 'RPG']",2025-02-03 09:13:46,False,2024–25,6.0,1110,False,14.99,,,,,$10–14.99,5–8
2004960,Slam and Roll,0,True,False,False,False,1731603176,39,100,['KaleidoGames'],['KaleidoGames'],"['Platformer', 'Pixel Graphics', '2D', 'Arcade', 'Co-op', 'Action Roguelike', 'Local Co-Op', 'Old School', 'Retro', 'Action', 'Multiplayer', 'Family Friendly', 'Local Multiplayer', '2D Platformer', 'Character Customization', 'PvP', 'Side Scroller', 'Colorful', 'Skateboarding', ""1990's""]",2024-11-14 16:52:56,False,2024–25,,3147,False,7.99,,,,,$5–9.99,не указано
2005670,Alien Task Force,0,True,False,True,False,1658220607,2,50,['Play 2 Crush Gaming'],['Benjamin Mccormick'],"['Third Person', 'Action', 'Third-Person Shooter', 'Singleplayer', 'Shooter', 'Casual', 'Adventure', 'Futuristic', 'Controller', 'PvE', 'Co-op', 'Indie', 'Early Access', 'Local Co-Op', 'Local Multiplayer', 'Multiplayer', 'Online Co-Op', 'Co-op Campaign']",2022-07-19 08:50:07,False,2022–23,,811,False,0.99,,,,,до $5,не указано
2006430,Epic Jump!,0,True,False,False,False,1656263956,0,0,['R4ptor Studios'],['R4ptor Studios'],"['2D Platformer', 'Adventure', 'Runner', '2.5D', 'Realistic', '2D', 'Action', 'Split Screen', 'Third Person', 'Family Friendly', 'Physics', 'Funny', 'Old School', 'Racing', 'Relaxing', 'Singleplayer', 'Local Co-Op', 'Indie']",2022-06-26 17:19:16,False,2022–23,,881,False,2.99,,,,,до $5,не указано
2006450,Katana Arena,0,True,False,False,False,1712329169,4,25,['KAIRA Deepware'],['KAIRA Deepware'],"['Action', 'Combat', 'Online Co-Op', 'Gore', 'Violent', 'Co-op', 'Third Person', 'Singleplayer', 'Bullet Time', 'Character Customization', 'Multiplayer', 'Swordplay', 'Female Protagonist', '3D Fighter', 'Martial Arts', 'Hack and Slash', 'Medieval', 'PvE', 'Spectacle fighter', 'Controller']",2024-04-05 14:59:29,False,2024–25,,932,False,4.99,,,,,до $5,не указано
2008410,Garfield Lasagna Party,0,True,False,False,False,1668089487,151,80,['Microids'],['Balio Studio'],"['PvP', 'Arcade', 'Party Game', 'Comic Book', '3D', 'Story Rich', 'Action', 'Anime', 'Colorful', 'Family Friendly', 'Comedy', 'Adventure', 'Memes', 'Local Co-Op', 'Multiplayer', 'Singleplayer', '4 Player Local', 'Local Multiplayer', 'Great Soundtrack', 'Online Co-Op']",2022-11-10 14:11:27,False,2022–23,4.0,1640,False,29.99,39.1,1.65,,,$20+,3–4
2011860,Refund Me If You Can,0,True,False,False,False,1658474831,113,78,['Sungame Studio'],['Sungame Studio'],"['Horror', 'Exploration', 'Underground', 'Female Protagonist', 'Score Attack', 'Dark', 'Stealth', 'First-Person', 'Singleplayer', 'Choose Your Own Adventure', 'Realistic', 'Action-Adventure', 'Adventure', '3D', 'Indie', 'Action', 'Co-op', 'Free to Play', 'Multiplayer', 'VR']",2022-07-22 07:27:11,False,2022–23,,884,False,3.99,7.1,1.1,,,до $5,не указано
2011900,Zero Wing,0,True,False,False,False,1676376005,76,90,['Clear River Games'],"['Bitwave Games', 'Toaplan']","['Side Scroller', ""Shoot 'Em Up"", 'Arcade', 'Action', '2D', 'Controller', 'Pixel Graphics', 'Sci-fi', 'Space', 'Score Attack', '1980s', 'Old School', ""1990's"", 'Retro', 'Combat', 'Co-op', 'Local Co-Op', 'Local Multiplayer', 'Multiplayer', 'Singleplayer']",2023-02-14 12:00:05,False,2022–23,,2042,False,7.99,,,,,$5–9.99,не указано
2012320,Parallel Experiment,0,True,False,False,False,1749118106,715,84,['Eleven Puzzles'],['Eleven Puzzles'],"['Puzzle', 'Co-op', 'Point & Click', 'Adventure', 'Comic Book', 'Escape Room', 'Story Rich', 'Narrative', 'Minigames', 'Mystery', 'Crime', 'Atmospheric', 'Female Protagonist', 'Online Co-Op', '2D', 'Detective', 'Multiplayer', 'Investigation', 'Co-op Campaign', 'Family Friendly']",2025-06-05 10:08:26,False,2024–25,2.0,3786,False,9.99,50.9,7.45,,,$5–9.99,2
2012840,Portal with RTX,0,True,False,False,False,1670508900,0,0,['NVIDIA'],['Lightspeed Studios™'],"['Action', 'Puzzle', 'First-Person', 'Singleplayer', 'Beautiful', 'Sci-fi', 'Story Rich', 'Realistic', 'Mod', 'Free to Play', 'Female Protagonist', 'Atmospheric', 'Puzzle Platformer', 'Psychological Horror', 'Physics', 'Remake', 'Funny', 'Platformer', 'FPS', 'Co-op']",2022-12-08 14:15:00,False,2022–23,,1242,False,,,,,,,не указано
2015620,Valkyrie of Phantasm,0,True,False,False,False,1729234976,556,86,['PLAYISM'],['AREAZERO'],"['Faith', '3D Fighter', 'Character Action Game', 'Third-Person Shooter', 'Action', 'PvP', 'Female Protagonist', 'Anime', 'Multiplayer', 'Singleplayer', 'Cute', '3D', 'Indie', 'Fantasy', 'Flight', 'Co-op', 'Shooter', 'Early Access', 'JRPG']",2024-10-18 07:02:56,False,2024–25,4.0,2905,False,29.99,3.8,4.3,,,$20+,3–4
2015650,Disembowel,0,True,False,False,False,1669330202,57,35,['Yandere Gameworks'],['Highlander Interactive'],"['Horror', 'Online Co-Op', 'Multiplayer', 'Psychological Horror', 'Co-op', 'Singleplayer', 'First-Person', 'Gore', 'Violent', 'Indie', 'Survival Horror', 'Dark']",2022-11-24 22:50:02,False,2022–23,4.0,1457,False,3.99,,,,,до $5,3–4
2022880,Truxton,0,True,False,False,False,1676376049,105,94,['Clear River Games'],"['Bitwave Games', 'Toaplan']","['Action', 'Arcade', ""Shoot 'Em Up"", 'Top-Down Shooter', 'Side Scroller', 'Co-op', 'Old School', 'Retro', '1980s', ""1990's"", 'Pixel Graphics', 'Top-Down', 'Combat', 'Controller', '2D', 'Score Attack', 'Local Co-Op', 'Local Multiplayer', 'Multiplayer', 'Singleplayer']",2023-02-14 12:00:49,False,2022–23,,2226,False,7.99,31.6,3.7,,,$5–9.99,не указано
2022910,Twin Cobra,0,True,False,False,False,1676376051,55,83,['Clear River Games'],"['Bitwave Games', 'Toaplan']","['Arcade', 'Top-Down Shooter', 'Top-Down', '1980s', 'Pixel Graphics', 'Score Attack', ""Shoot 'Em Up"", ""1990's"", 'Old School', 'Retro', '2D', 'Military', 'Combat', 'Action', 'Controller', 'Linear', 'Co-op', 'Local Co-Op', 'Singleplayer', 'Multiplayer']",2023-02-14 12:00:51,False,2022–23,,2164,False,7.99,,,,,$5–9.99,не указано
2022920,Out Zone,0,True,False,False,False,1676376027,64,90,['Clear River Games'],"['Bitwave Games', 'Toaplan']","['Arcade', 'Top-Down Shooter', ""Shoot 'Em Up"", 'Action', '2D', 'Retro', 'Old School', '1980s', ""1990's"", 'Multiplayer', 'Co-op', 'Local Co-Op', 'Top-Down', 'Controller', 'Singleplayer', 'Pixel Graphics', 'Score Attack', 'Aliens', 'Combat', 'Local Multiplayer']",2023-02-14 12:00:27,False,2022–23,,2167,False,7.99,,,,,$5–9.99,не указано
2023000,Batsugun,0,True,False,False,False,1706789919,113,98,['Clear River Games'],"['Bitwave Games', 'Toaplan']","['Bullet Hell', ""Shoot 'Em Up"", 'Difficult', 'Arcade', 'Female Protagonist', 'Pixel Graphics', '2D', 'Controller', 'Action', 'Score Attack', ""1990's"", 'Old School', 'Retro', 'Combat', 'Co-op', 'Local Co-Op', 'Local Multiplayer', 'Multiplayer', 'Singleplayer', 'Remake']",2024-02-01 12:18:39,False,2024–25,,2821,False,7.99,29.5,4.699999999999999,,,$5–9.99,не указано
2023010,Truxton 2,0,True,False,False,False,1712569655,54,92,['Clear River Games'],"['Bitwave Games', 'Toaplan']","[""Shoot 'Em Up"", 'Top-Down Shooter', 'Arcade', 'Difficult', '2D', 'Top-Down', 'Controller', 'Linear', 'Action', 'Pixel Graphics', 'Space', 'Sci-fi', ""1990's"", 'Old School', 'Retro', 'Aliens', 'Combat', 'Co-op', 'Local Co-Op', 'Local Multiplayer']",2024-04-08 09:47:35,False,2024–25,2.0,2548,False,7.99,,,,,$5–9.99,2
2023020,Twin Hawk,0,True,False,False,False,1712569774,17,82,['Clear River Games'],"['Bitwave Games', 'Toaplan']","[""Shoot 'Em Up"", 'Top-Down Shooter', 'Arcade', '1980s', '2D', 'Action', 'Top-Down', 'Linear', 'Pixel Graphics', 'Military', 'War', 'Old School', 'Retro', 'Combat', 'Co-op', 'Local Co-Op', 'Local Multiplayer', 'Singleplayer', 'Multiplayer']",2024-04-08 09:49:34,False,2024–25,2.0,2727,False,7.99,,,,,$5–9.99,2
2023170,Vimana,0,True,False,False,False,1706789730,19,94,['Clear River Games'],"['Bitwave Games', 'Toaplan']","['Action', 'Arcade', ""Shoot 'Em Up"", '2D', 'Pixel Graphics', 'Old School', 'Retro', 'Combat', 'Controller', 'Score Attack', 'Co-op', 'Local Co-Op', 'Local Multiplayer', 'Singleplayer', 'Multiplayer', ""1990's""]",2024-02-01 12:15:30,False,2024–25,,2280,False,7.99,,,,,$5–9.99,не указано
2023180,Fixeight,0,True,False,False,False,1706789930,16,93,['Clear River Games'],"['Bitwave Games', 'Toaplan']","[""Shoot 'Em Up"", 'Arcade', '2D', 'Action', 'Controller', 'Pixel Graphics', 'Score Attack', 'Old School', 'Retro', 'Combat', ""1990's"", 'Co-op', 'Local Co-Op', 'Singleplayer', 'Local Multiplayer', 'Multiplayer']",2024-02-01 12:18:50,False,2024–25,3.0,2401,False,7.99,,,,,$5–9.99,3–4
2023200,Dogyuun,0,True,False,False,False,1712569539,23,86,['Clear River Games'],"['Bitwave Games', 'Toaplan']","['Bullet Hell', ""Shoot 'Em Up"", 'Top-Down Shooter', 'Arcade', '2D', 'Top-Down', 'Action', 'Futuristic', 'Linear', 'Pixel Graphics', ""1990's"", 'Retro', 'Robots', 'Old School', 'Combat', 'Co-op', 'Local Co-Op', 'Local Multiplayer', 'Multiplayer', 'Singleplayer']",2024-04-08 09:45:39,False,2024–25,2.0,2459,False,7.99,,,,,$5–9.99,2
2024300,Hide Alone,0,True,False,False,False,1660320022,194,71,['FLUXJIN'],['Sangwoon Jin'],"['Horror', 'Indie', 'Dark', 'Psychological Horror', 'Realistic', 'Demons', 'Atmospheric', 'Singleplayer', 'Difficult', 'First-Person', 'Thriller', 'Survival Horror', 'Mystery', 'Psychological', 'Action', 'Adventure', 'Multiplayer', 'Co-op', 'Sexual Content', 'Cinematic']",2022-08-12 16:00:22,False,2022–23,,1434,False,4.99,22.9,1.25,,,до $5,не указано
2025320,Estencel,0,True,False,False,False,1674129623,154,65,['Rone Vine'],['Rone Vine'],"['Souls-like', 'Exploration', 'Multiplayer', 'Difficult', 'Online Co-Op', 'Hack and Slash', 'Rhythm', 'Action RPG', 'Third Person', 'Action-Adventure', 'PvE', 'Nonlinear', 'Action', 'Singleplayer', 'Spectacle fighter', 'Co-op Campaign', '6DOF', 'Horror', 'Character Customization', 'Co-op']",2023-01-19 12:00:23,False,2022–23,8.0,1039,True,0.99,36.4,9.25,,,до $5,5–8
2027560,Valkyrie Champions,0,True,False,False,False,1683646874,26,69,['Valorware'],['Valorware'],"['Arena Shooter', 'Hero Shooter', 'Looter Shooter', 'Bullet Hell', 'Hack and Slash', 'Shooter', 'Arcade', 'Female Protagonist', '3D', 'Top-Down', 'Action', 'Controller', 'Casual', 'Dark Fantasy', 'Fantasy', 'Loot', 'Magic', 'Medieval', 'Online Co-Op', 'Co-op']",2023-05-09 15:41:14,False,2022–23,5.0,961,False,3.99,,,,,до $5,5–8
2050050,Rift Loopers,0,True,False,False,False,1682514591,104,71,['Monster Tooth Studios'],['Monster Tooth Studios'],"['Twin Stick Shooter', 'Action Roguelike', 'Online Co-Op', 'Multiplayer', 'Procedural Generation', 'Top-Down Shooter', 'Action RPG', 'Roguelike', 'Cyberpunk', 'Roguelite', 'Action', 'RPG', 'Co-op', '3D', '1980s', 'Aliens', 'Sci-fi', 'PvE', 'Top-Down', 'Singleplayer']",2023-04-26 13:09:51,False,2022–23,4.0,1322,False,4.99,12.5,6.4,,,до $5,3–4
2051870,Shadow Survival,0,True,False,True,False,1737732689,3,100,['Celestial Knight Studios'],['Celestial Knight Studios'],"['Co-op', 'Multiplayer', 'Hero Shooter', 'FPS', 'Looter Shooter', 'Loot', 'Action Roguelike', 'Shooter', 'Class-Based', 'Character Customization', 'Gun Customization', 'Procedural Generation', '3D', 'First-Person', 'Post-apocalyptic', 'Action', 'Survival', 'Crafting', 'PvE', 'Base Building']",2025-01-24 15:31:29,False,2024–25,,2289,True,9.99,,,,,$5–9.99,не указано
2052660,Gorgon's quest,0,True,False,False,False,1729860748,10,100,['Swansong games'],['Swansong games'],"['Action', '2D Platformer', 'Mythology', 'Local Co-Op', 'Arcade', 'Pixel Graphics', 'Twin Stick Shooter', 'Female Protagonist', 'Old School', 'Platformer', 'Adventure', 'Retro', 'Precision Platformer', '2D', 'Colorful', 'Score Attack', 'Co-op', 'Stylized', 'Local Multiplayer', 'Fantasy']",2024-10-25 12:52:28,False,2024–25,,897,True,3.99,,,,,до $5,не указано
2053590,Nice Disc : The Last Hot Blood,0,True,False,False,False,1683851574,3,100,['Nice Gear Games'],['Nice Gear Games'],"['Action', '2D Fighter', 'Side Scroller', 'Cartoony', '1980s', 'PvP', 'Sports', 'Co-op', 'Indie', '2D Platformer', '2D', 'Cute', 'Multiplayer', 'Local Multiplayer', 'Local Co-Op', 'Singleplayer']",2023-05-12 00:32:54,False,2022–23,4.0,1032,False,4.99,,,,,до $5,3–4
2054300,Futr8,0,True,False,True,False,1673624616,1,0,['Domp Studio'],['Domp Studio'],"['Sports', 'Football (Soccer)', 'Quick-Time Events', 'Action', 'Physics', 'Action-Adventure', '3D', 'Combat Racing', 'eSports', 'Third Person', 'Singleplayer', 'Early Access', 'Indie', 'PvP', 'Runner', 'Co-op', 'Online Co-Op', 'Multiplayer']",2023-01-13 15:43:36,False,2022–23,,497,False,7.99,,,,,$5–9.99,не указано
2054660,Disney Illusion Island Starring Mickey and Friends,0,True,False,False,False,1748614446,31,93,['Disney'],['Dlala Studios'],"['Adventure', 'Platformer', '2D Platformer', 'Side Scroller', '2D', 'Co-op', 'Local Co-Op', 'Local Multiplayer', 'Multiplayer', 'Singleplayer', '4 Player Local', 'Casual', 'Metroidvania', 'Family Friendly', 'Funny', 'Nonlinear']",2025-05-30 14:14:06,False,2024–25,4.0,4099,False,29.99,,,,,$20+,3–4
2055050,Cavalry Girls,0,True,False,False,False,1697821200,1905,88,['OKJOY'],['中子星游戏研究所'],"['Top-Down Shooter', 'Mechs', 'Anime', 'Gun Customization', 'Shooter', 'Female Protagonist', 'Singleplayer', 'Tower Defense', 'RTS', 'Real Time Tactics', 'Automation', 'Arcade', 'JRPG', 'Dystopian ', 'RPG', '2D', 'Top-Down', 'Co-op', 'Sci-fi', 'Strategy']",2023-10-20 17:00:00,False,2022–23,,2199,True,11.99,39.9,16.9,,,$10–14.99,не указано
2055500,Repetendium,0,True,False,True,False,1667580796,220,92,['Bearlex Games'],['Bearlex Games'],"['Action Roguelike', 'Arena Shooter', 'Bullet Hell', 'Bullet Heaven', 'Roguelite', 'Top-Down Shooter', 'Perma Death', 'Roguelike', 'Action', 'Pixel Graphics', 'Mining', 'Survival', 'Adventure', 'Combat', 'Co-op', 'Local Co-Op', 'Local Multiplayer', 'Singleplayer', 'Score Attack', 'Early Access']",2022-11-04 16:53:16,False,2022–23,,838,False,5.99,30.1,9.65,,,$5–9.99,не указано
2056090,Monster Bullets,0,True,False,False,False,1713305068,127,90,['schemesmith'],['schemesmith'],"['Action', 'Dark Fantasy', 'Retro', 'FPS', 'Shooter', 'First-Person', 'Singleplayer', '3D', 'Cartoony', 'Action Roguelike', 'Stylized', 'Roguelite', 'Violent', 'Procedural Generation', 'Co-op', 'Multiplayer', 'Gore', 'Online Co-Op', 'Boomer Shooter']",2024-04-16 22:04:28,False,2024–25,6.0,1447,False,8.99,43.8,5.45,,,$5–9.99,5–8
2057220,Oxyjet,0,True,False,False,False,1669915917,3,100,['Upstairs Digital'],['Upstairs Digital'],"['Party Game', 'Wrestling', 'Family Friendly', '4 Player Local', 'Arcade', 'Top-Down', 'eSports', 'Co-op', '2D Fighter', '2D', 'Action', 'Physics', 'Sports', 'Multiplayer', 'Local Multiplayer', 'Space', 'PvP', 'Casual', 'PvE', 'Spaceships']",2022-12-01 17:31:57,False,2022–23,4.0,943,False,4.99,,,,,до $5,3–4
2058430,Bomb Dolls,0,True,False,False,False,1657697171,8,100,['girl software'],['girl software'],"['Cute', 'LGBTQ+', 'Post-apocalyptic', 'Driving', 'Vehicular Combat', 'Split Screen', 'Local Co-Op', 'Action Roguelike', 'Roguelite', 'Survival', 'Colorful', 'Procedural Generation', 'Female Protagonist', '3D', 'Third Person', 'First-Person', 'Co-op', 'Controller', 'Local Multiplayer', 'Character Customization']",2022-07-13 07:26:11,False,2022–23,3.0,1414,False,6.99,,,,,$5–9.99,3–4
2061100,Elves of Duty,0,True,False,False,False,1701428488,1,100,['Neotoma Games'],['Neotoma Games'],"['4 Player Local', 'Family Friendly', 'Party Game', 'Competitive', 'Top-Down', '3D Platformer', 'Local Multiplayer', 'Local Co-Op', 'Funny', 'Action', 'PvP', 'Casual', 'Physics', 'Colorful', 'Cartoony', 'Party', 'Platformer', 'Arena Shooter', 'Top-Down Shooter', 'Fighting']",2023-12-01 11:01:28,False,2022–23,4.0,835,False,11.99,,,,,$10–14.99,3–4
2061150,Ikki Unite,0,True,False,False,False,1676426530,675,77,['SUNSOFT'],['SUNSOFT'],"['Casual', 'Action', 'Action Roguelike', 'Bullet Hell', 'Online Co-Op', 'Multiplayer', 'PvE', 'Pixel Graphics', 'Indie', 'Real-Time', 'Co-op', '2D', 'Top-Down', 'Retro', '1980s', 'Strategy', 'Roguelite', 'Singleplayer', 'Difficult']",2023-02-15 02:02:10,False,2022–23,17.0,2737,False,11.99,6.2,16.6,,,$10–14.99,9+
2061620,Mechanic Heroes,0,True,False,False,False,1702656051,49,95,['Late Game Studios'],['Late Game Studios'],"['Online Co-Op', 'Local Co-Op', 'Multiplayer', 'Local Multiplayer', 'Driving', '4 Player Local', 'Funny', 'Physics', 'Score Attack', 'Co-op', 'Co-op Campaign', 'Family Friendly', 'Colorful', 'Action', 'Racing', 'Simulation', 'Controller', 'Difficult', 'Action-Adventure', 'Singleplayer']",2023-12-15 16:00:51,False,2022–23,4.0,1256,True,13.99,,,,,$10–14.99,3–4
2062910,Just Sign!,0,True,False,False,False,1661529828,16,75,['Red Rose'],['Red Rose'],"['Time Management', 'Online Co-Op', 'Co-op', 'Local Co-Op', 'Local Multiplayer', 'Multiplayer', 'Singleplayer', 'Arcade', 'Tower Defense', 'Casual', 'Strategy', 'Top-Down', 'Crafting', 'Physics', 'Funny', 'Action', 'Combat', 'Tactical', 'Building', 'Real Time Tactics']",2022-08-26 16:03:48,False,2022–23,4.0,1859,False,3.99,,,,,до $5,3–4
2067350,Phantom Breaker: Battle Grounds Ultimate,0,True,False,False,False,1744894785,205,84,['Rocket Panda Games'],['Rocket Panda Games Japan'],"[""Beat 'em up"", 'Anime', 'Online Co-Op', 'Local Co-Op', 'Local Multiplayer', 'Pixel Graphics', '2D Fighter', 'Arcade', 'Side Scroller', 'Family Friendly', 'Retro', 'PvP', 'PvE', 'Character Customization', 'Female Protagonist', 'Co-op', 'Multiplayer', 'Singleplayer', '4 Player Local', 'Action']",2025-04-17 12:59:45,False,2024–25,6.0,2817,False,24.99,32.2,8.3,,,$20+,5–8
2069020,Smoothcade,0,True,False,False,False,1731610996,8,100,['2Awesome Studio'],['Joseph J.'],"['2D Platformer', 'Casual', 'Arcade', 'Puzzle Platformer', 'Adventure', 'Action-Adventure', '2D', 'Controller', 'Action', 'Family Friendly', 'Cartoon', 'Indie', 'Local Co-Op', 'Local Multiplayer', 'Singleplayer', 'Party']",2024-11-14 19:03:16,False,2024–25,4.0,1958,True,7.99,,,,,$5–9.99,3–4
2069040,Unboxing the Cryptic Killer,0,True,False,False,False,1682595232,2360,89,['Eleven Puzzles'],['Eleven Puzzles'],"['Puzzle', 'Online Co-Op', 'Escape Room', 'Mystery', 'Point & Click', 'Adventure', 'Casual', 'Exploration', '2D', 'Co-op', 'Cartoony', 'Logic', 'Comic Book', 'Multiplayer', 'Crime', 'Hand-drawn', 'Detective', 'Investigation', 'Family Friendly', 'Female Protagonist']",2023-04-27 11:33:52,False,2022–23,2.0,2326,False,5.99,53.7,3.4,,,$5–9.99,2
2070860,Esophaguys,0,True,False,False,False,1756458035,11,100,['Esophaguys Team'],['Esophaguys Team'],"['2D Platformer', 'Psychedelic', 'Local Co-Op', 'Physics', 'Funny', 'Singleplayer', 'Party', '4 Player Local', 'Hand-drawn', 'Puzzle Platformer', 'Family Friendly', 'Cartoony', 'Co-op', 'Multiplayer', 'Minigames', 'Character Customization', 'Local Multiplayer', 'Co-op Campaign', 'PvP', 'PvE']",2025-08-29 09:00:35,False,2024–25,4.0,2599,True,9.99,,,,,$5–9.99,3–4
2071020,ボクらの消しゴム落とし 新学期,0,True,False,False,False,1666221115,4,50,['SAT-BOX'],['SAT-BOX'],"['Action', 'Casual', 'Racing', 'Cute', 'Cartoony', 'Family Friendly', 'Arcade', '3D Platformer', '3D', 'Comedy', 'Physics', 'Indie', 'Singleplayer', 'Multiplayer', 'Local Multiplayer', 'Local Co-Op', 'Co-op']",2022-10-19 23:11:55,False,2022–23,6.0,2244,False,9.99,,,,,$5–9.99,5–8
2071030,Virtual Battle,0,True,False,False,False,1665443843,1,100,['SAT-BOX'],['SAT-BOX'],"['Action', 'Casual', 'Arcade', '3D Platformer', 'FPS', '3D', 'Split Screen', 'Sci-fi', 'Cyberpunk', 'PvE', 'Racing', 'Indie', 'PvP', 'Singleplayer', 'Local Multiplayer', 'Local Co-Op']",2022-10-10 23:17:23,False,2022–23,4.0,897,False,7.99,,,,,$5–9.99,3–4
2071040,DRIVE DRIFT X（ドライブドリフトX）,0,True,False,False,False,1665011313,6,50,['SAT-BOX'],['SAT-BOX'],"['Racing', 'Action', 'Casual', '3D', 'Arcade', '3D Platformer', 'Singleplayer', 'Multiplayer', 'Local Multiplayer', 'Indie', 'Local Co-Op', 'Co-op']",2022-10-05 23:08:33,False,2022–23,4.0,862,False,9.99,,,,,$5–9.99,3–4
2071280,Ravenswatch,0,True,False,False,False,1727366487,17014,79,['Nacon'],['Passtech Games'],"['Roguelike', 'Co-op', 'Action Roguelike', 'Online Co-Op', 'Action', 'Multiplayer', 'Roguelite', 'Difficult', 'Indie', 'Singleplayer', 'Hack and Slash', 'Adventure', 'RPG', 'Top-Down', 'Replay Value', 'Atmospheric', 'Dark Fantasy', 'Isometric', 'Dark', 'Exploration']",2024-09-26 16:01:27,False,2024–25,4.0,3064,False,24.99,26.4,40.35,4415783.0,260.0,$20+,3–4
2071400,Bum Bum Monsterz,0,True,False,True,False,1732640368,1,0,"['Funmoth Oyun Teknolojileri Anonim Sirketi', 'TheGamePublisher.com']",['Funmoth Oyun Teknolojileri Anonim Sirketi'],"['Party Game', 'Multiplayer', 'Minigames', '3D Platformer', 'Funny', 'PvP', 'Online Co-Op', 'Party', 'Cute', 'Team-Based', 'Colorful', '3D', 'Third Person', 'Co-op', 'Character Customization', 'Comedy', 'Action', 'Physics', 'Family Friendly', 'Casual']",2024-11-26 16:59:28,False,2024–25,,888,False,7.99,,,,,$5–9.99,не указано
2072520,Gravity Flux,0,True,False,False,False,1664489862,0,0,['Motley Pixels'],['Motley Pixels'],"['Action', 'Platformer', '2D Platformer', '2D', 'Cartoony', 'Indie', 'Casual', 'Comic Book', 'Robots', 'Sci-fi', 'Combat', 'Controller', 'Physics', 'PvP', 'Local Co-Op']",2022-09-29 22:17:42,False,2022–23,8.0,1433,False,1.99,,,,,до $5,5–8
2072640,Inout,0,True,False,False,False,1752205831,185,67,['Gample'],['Gample'],"['Horror', 'Online Co-Op', 'Multiplayer', 'Violent', 'Survival Horror', 'Co-op', 'Gore', 'Psychological Horror', 'First-Person', 'Survival', 'Dark', 'Singleplayer', 'Stealth', 'Puzzle', 'Action', 'Atmospheric', 'Difficult', 'Controller', 'Cinematic', 'Hidden Object']",2025-07-11 03:50:31,False,2024–25,4.0,2222,False,4.99,7.6,2.6,,,до $5,3–4
2072980,Final Knight,0,True,False,True,False,1736751750,180,77,['GRAVITY'],['2oclocksoft'],"['Action Roguelike', 'Arcade', ""Beat 'em up"", 'Party-Based RPG', 'Loot', 'Action RPG', 'Action', 'Roguelike', 'Pixel Graphics', 'Cartoony', '2D', 'Action-Adventure', 'Class-Based', 'Local Multiplayer', 'Fantasy', 'Magic', 'RPG', 'Singleplayer', 'Local Co-Op', 'Indie']",2025-01-13 07:02:30,False,2024–25,2.0,2009,True,13.99,40.8,4.3,,,$10–14.99,2
2073750,memory® – The Original Matching Game from Ravensburger,0,True,False,False,False,1671013689,13,84,['Markt+Technik Verlag GmbH'],"['Nementic Games', 'Korion Interactive']","['Family Friendly', 'Board Game', 'Relaxing', 'Casual', 'Colorful', 'Tabletop', 'Multiplayer', 'Local Multiplayer', 'Minimalist', 'Card Game', '3D', 'Cute', 'Singleplayer', 'PvP', 'Arcade', 'Match 3', 'Exploration', 'Comedy', 'Funny', 'Co-op']",2022-12-14 10:28:09,False,2022–23,6.0,814,False,14.99,,,,,$10–14.99,5–8
2074390,Soul Maze,0,True,False,False,False,1664627732,4,25,['JFi Games'],['Christian Joseph'],"['Action', 'Adventure', 'Action-Adventure', 'Puzzle', 'Hidden Object', '3D', 'First-Person', 'Realistic', 'Dark', 'Horror', 'Supernatural', 'Survival', 'Survival Horror', 'Co-op', 'Multiplayer', 'Online Co-Op', 'Singleplayer', 'Indie']",2022-10-01 12:35:32,False,2022–23,3.0,604,False,3.99,,,,,до $5,3–4
2075240,Baby Shark™: Sing & Swim Party,0,True,False,False,False,1694764739,16,100,['Outright Games Ltd.'],['Recotechnology S.L.'],"['Family Friendly', 'Music', 'Rhythm', 'Cute', 'Action', 'Cartoon', 'Arcade', 'Local Co-Op', 'Local Multiplayer', 'Character Customization', 'Collectathon', 'Casual', 'Controller', 'Colorful', '4 Player Local', 'Cartoony', 'Singleplayer', 'Adventure', 'Exploration', 'Co-op']",2023-09-15 07:58:59,False,2022–23,,2556,False,39.99,,,,,$20+,не указано
2076220,Akai Katana Shin,0,True,False,False,False,1671030020,92,96,['CITY CONNECTION'],"['CITY CONNECTION', 'TAKE×0FF']","['Action', 'Arcade', ""Shoot 'Em Up"", 'Shooter', 'Bullet Hell', 'Side Scroller', '2D', 'Dark Fantasy', 'Military', 'Retro', 'Female Protagonist', 'Story Rich', 'Singleplayer', 'Multiplayer', 'Local Multiplayer', 'Local Co-Op', 'Co-op']",2022-12-14 15:00:20,False,2022–23,2.0,3285,False,29.99,,,,,$20+,2
2077580,Destroiders,0,True,False,False,False,1675454423,2,100,['Knicker Twister Games'],['Andrew Jackson'],"['Action', 'Casual', '2.5D', 'Arcade', 'Space Sim', 'Shooter', 'Bullet Hell', 'Looter Shooter', ""Shoot 'Em Up"", 'Side Scroller', 'Top-Down Shooter', 'Arena Shooter', 'Colorful', 'Aliens', 'Destruction', 'Loot', 'Mining', 'Sci-fi', 'Space', 'Local Co-Op']",2023-02-03 20:00:23,False,2022–23,4.0,2170,False,3.99,,,,,до $5,3–4
2078350,Bluey: The Videogame,0,True,False,False,False,1700211679,504,73,['Outright Games Ltd.'],"['Artax Games.', 'Casual Brothers Ltd.']","['Cute', 'Family Friendly', 'Exploration', 'Action-Adventure', 'Female Protagonist', 'Controller', 'Dogs', 'Cartoony', 'Casual', 'Action', 'Colorful', 'Cartoon', 'Adventure', 'Co-op', 'Local Co-Op', 'Local Multiplayer', 'Multiplayer', 'Wholesome', 'Gore', 'Singleplayer']",2023-11-17 09:01:19,False,2022–23,,1253,False,29.99,25.1,5.75,,,$20+,не указано
2078450,"Warhammer 40,000: Speed Freeks",0,True,False,False,False,1747914543,496,85,['Wired Productions'],['Caged Element'],"['Vehicular Combat', 'Combat Racing', 'Driving', 'PvP', 'Racing', 'Multiplayer', 'Shooter', 'Third-Person Shooter', 'Arcade', 'Class-Based', 'Team-Based', 'Character Customization', 'Combat', 'Third Person', 'Destruction', 'Futuristic', '3D', 'Dark Fantasy', 'Sci-fi', 'Online Co-Op']",2025-05-22 11:49:03,False,2024–25,8.0,2366,False,19.99,52.9,5.5,,,$15–19.99,5–8
2079710,Fantôme,0,True,False,False,False,1705589930,31,51,['Gloac'],"['Gloac Games', 'Gloac']","['Action', 'First-Person', 'Horror', 'Multiplayer', 'Online Co-Op', 'Survival Horror', 'Team-Based', 'Psychological', 'PvP', 'Gore', 'Violent', 'Co-op', 'Indie', 'Psychological Horror', 'Action-Adventure']",2024-01-18 14:58:50,False,2024–25,4.0,1177,False,6.99,,,,,$5–9.99,3–4
2081400,Gal Guardians: Demon Purge,0,True,False,False,False,1677139224,1341,80,"['INTI CREATES CO., LTD.']","['INTI CREATES CO., LTD.']","['Action', '2D Platformer', 'Adventure', 'Platformer', 'Side Scroller', 'Anime', '2D', 'Pixel Graphics', 'Female Protagonist', 'Cute', 'Gothic', 'Dark Fantasy', 'Singleplayer', 'Multiplayer', 'Local Co-Op', 'Local Multiplayer', 'Co-op', 'Metroidvania', 'Retro', 'Sexual Content']",2023-02-23 08:00:24,False,2022–23,,2698,False,24.99,21.4,13.3,,,$20+,не указано
2082900,Star Devil,0,True,False,False,False,1670005420,6,66,['Neuro Feeders'],['Neuro Feeders'],"['Split Screen', 'Local Co-Op', 'Sci-fi', 'Aliens', 'Space', 'Survival', 'Action Roguelike', 'Action', 'Procedural Generation', 'Singleplayer', 'Roguelike', 'Perma Death', 'Top-Down', '2D', 'Pixel Graphics', 'Combat', 'Co-op', 'Co-op Campaign', 'Controller', 'Adventure']",2022-12-02 18:23:40,False,2022–23,,1233,False,2.99,,,,,до $5,не указано
2083240,Asterogues,0,True,False,False,False,1732118491,83,90,['indie.io'],['pipotchi600'],"['Action Roguelike', 'Bullet Hell', 'Roguelike', 'Pixel Graphics', '2D', 'Roguelite', 'Action', 'Top-Down Shooter', 'Space', 'Bullet Time', 'Combat', 'Local Co-Op', 'Tutorial', 'Singleplayer', 'Co-op', 'Local Multiplayer', 'Multiplayer', 'Top-Down', 'Adventure', 'Indie']",2024-11-20 16:01:31,False,2024–25,,1575,False,14.99,,,,,$10–14.99,не указано
2086360,Double Dragon Advance,0,True,False,False,False,1699513161,88,75,['Arc System Works'],['I.T.L.'],"['Action', ""Beat 'em up"", 'Side Scroller', '2D', 'Post-apocalyptic', 'Singleplayer', 'Multiplayer', 'Local Co-Op', 'Pixel Graphics']",2023-11-09 06:59:21,False,2022–23,,1278,False,6.99,,,,,$5–9.99,не указано
2086370,Super Double Dragon,0,True,False,False,False,1699513119,51,66,['Arc System Works'],['I.T.L.'],"['Action', ""Beat 'em up"", 'Side Scroller', '2D', '1980s', 'Post-apocalyptic', 'Co-op', 'Local Co-Op', 'Local Multiplayer', 'Singleplayer', 'Multiplayer']",2023-11-09 06:58:39,False,2022–23,,910,False,6.99,,,,,$5–9.99,не указано
2087030,Shatterline,0,True,False,False,False,1751576880,24,62,['Frag Lab LLC'],['Frag Lab LLC'],"['Shooter', 'Singleplayer', 'FPS', 'Hero Shooter', 'Action', 'First-Person', 'PvE', 'Sci-fi', 'Lore-Rich', 'Realistic', 'Combat', 'Roguelike', 'Free to Play', 'Multiplayer', 'Online Co-Op', 'Early Access', 'Co-op', 'Asynchronous Multiplayer', 'PvP', 'Character Customization']",2025-07-03 21:08:00,False,2024–25,,1160,False,9.99,,,,,$5–9.99,не указано
2088330,F2D - Steer To Persevere,0,True,False,False,False,1733141772,16,100,['Zyg Studios'],['Zyg Studios'],"['Racing', 'Automobile Sim', 'Sports', 'Asynchronous Multiplayer', 'Arcade', 'Co-op', 'Top-Down', '2D', 'Colorful', 'Driving', 'Management', 'Retro', 'Controller', 'Score Attack', 'Singleplayer', 'Local Co-Op', 'Fast-Paced', 'Funny', 'Memes', 'Co-op Campaign']",2024-12-02 12:16:12,False,2024–25,8.0,3147,True,9.99,,,,,$5–9.99,5–8
2089250,Alpha Response,0,True,False,True,False,1728364826,789,77,['Ultimo Ratio Games'],['Ultimo Ratio Games'],"['Action', 'Shooter', 'FPS', 'Tactical', 'First-Person', 'Co-op', 'Crime', 'Realistic', 'Gun Customization', 'Combat', 'Modern', 'Singleplayer', 'Military', 'PvE', 'Tutorial', 'Multiplayer', 'Online Co-Op', '3D', 'Early Access', 'Violent']",2024-10-08 05:20:26,False,2024–25,4.0,2206,False,19.99,98.7,3.05,,,$15–19.99,3–4
2089980,Extremely Powerful Capybaras,0,True,False,False,False,1701765975,904,60,"['PM Studios, Inc.', 'Logoi Games']",['Studio Bravarda'],"['Capybaras', 'Action Roguelike', 'Co-op', 'Roguelite', 'Bullet Heaven', 'Casual', 'Action', 'Top-Down Shooter', 'Action RPG', 'Roguelike', 'Multiplayer', 'Controller', 'Arcade', 'Bullet Hell', 'Local Co-Op', 'Score Attack', 'Singleplayer', '2D', 'Cartoony', 'Online Co-Op']",2023-12-05 08:46:15,False,2022–23,5.0,1605,False,5.99,17.7,9.1,,,$5–9.99,5–8
2090370,River City: Rival Showdown,0,True,False,False,False,1697026643,182,54,['Arc System Works'],['Arc System Works'],"['Action', ""Beat 'em up"", 'Pixel Graphics', '2D', 'Side Scroller', 'Online Co-Op', 'Multiplayer', 'Action-Adventure', 'Old School', '1980s', '2D Platformer', 'Hack and Slash', 'Metroidvania', 'PvP', 'PvE', 'Story Rich', 'Singleplayer', 'Local Multiplayer', 'Local Co-Op', 'Co-op']",2023-10-11 12:17:23,False,2022–23,,1653,False,24.99,13.3,13.8,,,$20+,не указано
2091300,Raimodula,0,True,False,False,False,1682960571,17,100,['Roborar Digital Ltda.'],['Roborar Digital Ltda.'],"['Action', 'Arcade', 'Character Customization', 'Perma Death', '2D Platformer', 'Local Co-Op', 'Pixel Graphics', 'Side Scroller', 'Score Attack', 'Gun Customization', 'Futuristic', 'Robots', 'Platformer', '2D', 'Linear', 'Sci-fi', 'Co-op', 'Atmospheric', 'Colorful', 'Roguelite']",2023-05-01 17:02:51,False,2022–23,2.0,1156,False,9.99,,,,,$5–9.99,2
2095540,Lurch,0,True,False,True,False,1724105000,22,45,['Bartic Studios'],['Bartic Studios'],"['Horror', 'Psychological Horror', 'Survival Horror', 'Action', 'Multiplayer', 'Puzzle', 'First-Person', 'Realistic', 'Atmospheric', 'Demons', 'Mystery', 'Online Co-Op', 'Casual', 'Singleplayer', 'Tactical', 'Thriller', 'PvE', '3D', 'Indie', 'Strategy']",2024-08-19 22:03:20,False,2024–25,4.0,1917,False,9.99,,,,,$5–9.99,3–4
2096800,Steel Saviour Reloaded,0,True,False,False,False,1663833888,8,75,['Commodore Industries'],['Commodore Sinapsy'],"[""Shoot 'Em Up"", 'Arcade', 'Post-apocalyptic', 'Co-op Campaign', 'Local Multiplayer', 'Multiplayer', 'Local Co-Op', 'Side Scroller', 'Controller', '2D', 'Action', 'Score Attack', 'Remake', 'Sci-fi', 'Space', 'Robots', 'Aliens', 'Combat', 'Co-op', 'Singleplayer']",2022-09-22 08:04:48,False,2022–23,,981,False,5.99,,,,,$5–9.99,не указано
2099220,Mobmania,0,True,False,False,False,1752271455,370,86,['azndesserts'],"['azndesserts', 'justjayem', 'wolfbyte131']","['Arcade', 'Action RPG', 'Roguelite', 'Anime', 'Action Roguelike', 'Singleplayer', 'Online Co-Op', 'Co-op', 'Bullet Hell', 'Controller', 'Roguelike', '2D', 'Action', 'Casual', 'Early Access', 'Pixel Graphics', 'Combat', 'Fantasy', 'Indie', 'Multiplayer']",2025-07-11 22:04:15,False,2024–25,4.0,1216,False,4.99,3.8,20.8,,,до $5,3–4
2100970,Curl!,0,True,False,True,False,1672258568,0,0,['BCI Games'],['Bonspiel Games'],"['Sports', 'Arcade', 'Family Friendly', 'Space', 'Aliens', 'Sci-fi', 'Local Co-Op', 'Online Co-Op', 'Co-op', 'Local Multiplayer', '4 Player Local', '3D', 'Cartoony', 'Colorful', 'Stylized', 'Controller', 'Team-Based', 'Turn-Based Tactics', 'PvP', 'PvE']",2022-12-28 20:16:08,False,2022–23,4.0,2379,False,7.99,,,,,$5–9.99,3–4
2101490,After Wave: Downfall,0,True,False,False,False,1674142337,4,25,['7 Raven Studios'],"['7 Raven Studios', 'SleepPlaying']","['Action', 'Arcade', ""Shoot 'Em Up"", '3D', 'Aliens', 'Fantasy', 'Funny', 'Character Customization', 'Co-op', 'Local Co-Op', 'Local Multiplayer', 'Multiplayer', 'Singleplayer']",2023-01-19 15:32:17,False,2022–23,,1099,False,9.99,,,,,$5–9.99,не указано
2102330,The Reaper Survivors,0,True,False,True,False,1668512872,11,63,['MK Corporation'],['MK Corporation'],"['Action Roguelike', 'Co-op', 'Idler', 'Perma Death', 'Roguelike', '2D', 'Action', 'Pixel Graphics', 'Magic', 'Fantasy', 'Multiplayer', 'Singleplayer', 'Massively Multiplayer', 'Online Co-Op', 'Indie', 'Early Access']",2022-11-15 11:47:52,False,2022–23,3.0,1644,False,1.99,,,,,до $5,3–4
2102640,Indoor Kickball,0,True,False,False,False,1685127689,47,78,['Snow Day Software'],['Snow Day Software'],"['Football (Soccer)', 'Baseball', 'Sports', 'Physics', 'Local Multiplayer', 'Arcade', 'Family Friendly', 'Cute', 'Casual', 'Singleplayer', 'Co-op', 'Funny', 'Controller', 'Cartoony', 'Colorful', 'Local Co-Op', 'Cartoon', 'Female Protagonist', 'Split Screen', 'Stylized']",2023-05-26 19:01:29,False,2022–23,,1313,False,14.99,,,,,$10–14.99,не указано
2103020,Frightened,0,True,False,True,False,1682891083,50,66,['Entry Studios'],['Entry Studios'],"['Horror', 'Multiplayer', 'Online Co-Op', 'Survival Horror', 'Co-op', 'Dark', 'Survival', 'Indie', 'Psychological Horror', 'First-Person', 'Atmospheric', 'Difficult', 'Singleplayer', 'Puzzle', 'Adventure', 'Gore', 'Action', 'Stealth', 'Demons', 'FPS']",2023-04-30 21:44:43,False,2022–23,4.0,2257,False,4.99,,,,,до $5,3–4
2104750,Arcade Party,0,True,False,True,False,1677067091,36,80,['OddOneGames'],['OddOneGames'],"['Party Game', 'Party', 'Minigames', 'Local Co-Op', 'Online Co-Op', 'Co-op', 'Co-op Campaign', 'Local Multiplayer', 'Multiplayer', 'Singleplayer', '4 Player Local', 'Action', 'Puzzle', 'Arcade', 'Retro', 'Casual', 'Character Customization', 'PvE', '3D', 'Cartoon']",2023-02-22 11:58:11,False,2022–23,4.0,1113,False,14.99,,,,,$10–14.99,3–4
2104920,GeneRally 2,0,True,False,True,False,1685440815,110,78,['Curious Chicken Games'],['Curious Chicken Games'],"['Racing', 'Sports', 'Driving', 'Cute', 'Level Editor', 'Arcade', 'Top-Down', '3D', 'Offroad', 'Retro', 'Local Co-Op', 'Local Multiplayer', 'Multiplayer', 'Singleplayer', 'PvE', 'PvP', 'Controller', 'Indie', 'Early Access', 'Simulation']",2023-05-30 10:00:15,False,2022–23,8.0,1851,False,14.99,29.2,4.1,,,$10–14.99,5–8
2105370,Mortal Fighter,0,True,False,False,False,1685697900,9,44,['Fly High Games'],['Fly High Games'],"['Martial Arts', 'Action', 'PvP', 'PvE', '3D Fighter', '3D', 'Controller', 'Assassins', 'Combat', 'Multiplayer', 'Singleplayer', 'Co-op', 'Local Multiplayer']",2023-06-02 09:25:00,False,2022–23,,2959,False,0.99,,,,,до $5,не указано
2105910,Garbanzo Quest,0,True,False,False,False,1725451351,659,98,['zagawee'],['zagawee'],"['2D Platformer', 'Pixel Graphics', 'Indie', 'Platformer', 'Precision Platformer', 'Local Co-Op', 'Old School', 'Retro', 'Cartoony', 'Difficult', 'Cute', 'Puzzle Platformer', 'Action', 'Bullet Hell', 'Funny', 'Colorful', 'Action-Adventure', '2D', 'Moddable', 'Controller']",2024-09-04 12:02:31,False,2024–25,,843,True,19.99,48.9,9.350000000000001,,,$15–19.99,не указано
2106670,Gatekeeper,0,True,False,False,False,1754064024,2716,82,['HypeTrain Digital'],['Gravity Lagoon'],"['Co-op', 'Singleplayer', 'Roguelike', 'Bullet Hell', 'Indie', 'Adventure', 'Action Roguelike', 'Multiplayer', 'Roguelite', 'Online Co-Op', 'Action', 'Difficult', 'Top-Down Shooter', 'Looter Shooter', 'Shooter', 'Third Person', 'Top-Down', '3D', 'PvE', 'Replay Value']",2025-08-01 16:00:24,False,2024–25,4.0,1290,False,14.99,15.7,7.2,,,$10–14.99,3–4
2107780,Sokoboxes Duo,0,True,False,False,False,1687290318,1,100,['IKERGAMES'],['Carlos Montiers Aguilera'],"['Local Co-Op', 'Sokoban', 'Puzzle', 'Family Friendly', 'Pixel Graphics', 'Snow', 'Cats', 'Casual', 'Indie', '2D', 'Cute', 'Grid-Based Movement', 'Singleplayer', 'Dinosaurs', 'Strategy', 'Top-Down', 'Colorful', 'Turn-Based Tactics', 'Board Game', 'RPG']",2023-06-20 19:45:18,False,2022–23,,2485,False,2.99,,,,,до $5,не указано
2109090,Joey and Penguin's 2 Player Adventure,0,True,False,False,False,1663150074,2,100,['Self'],['Mitten Mob Games'],"['Co-op Campaign', 'Team-Based', 'Co-op', 'Local Co-Op', 'Multiplayer', 'Comedy', '4 Player Local', 'Action', 'Local Multiplayer', 'Story Rich', 'Hand-drawn', 'Top-Down', 'Colorful', 'Action-Adventure', 'Adventure', 'Combat', 'Modern', 'Mystery', 'Singleplayer', 'Top-Down Shooter']",2022-09-14 10:07:54,False,2022–23,4.0,937,False,9.99,,,,,$5–9.99,3–4
2111870,Section 13,0,True,False,False,False,1748278821,771,70,"['Ocean Drive Studio, Inc.', 'Kakao Games']","['Ocean Drive Studio, Inc.']","['Dark', 'Top-Down Shooter', 'Action Roguelike', 'Twin Stick Shooter', 'Zombies', 'Roguelite', 'Shooter', 'PvE', 'Adventure', 'Survival', 'Singleplayer', 'Combat', 'Action', 'Roguelike', 'Atmospheric', 'Co-op', 'Top-Down', '3D', 'Supernatural', 'Isometric']",2025-05-26 17:00:21,False,2024–25,3.0,2250,True,19.99,9.2,12.8,1242169.0,1611.0,$15–19.99,3–4
2112550,Ice Nosfe,0,True,False,False,False,1671612517,2,100,['Ferulox Studios'],['Ferulox Studios'],"['Action', 'Adventure', 'Arcade', 'Arena Shooter', 'Bullet Hell', '2D Platformer', '2D', 'Cute', 'Colorful', 'Pixel Graphics', '1980s', ""1990's"", 'Funny', 'Family Friendly', 'Retro', 'Combat', 'Physics', 'Controller', 'Co-op', 'Online Co-Op']",2022-12-21 08:48:37,False,2022–23,2.0,664,False,2.99,,,,,до $5,2
2113250,GasolineGypsiesGame,0,True,False,False,False,1663298570,2,100,['Kelsoft LLC'],['Kelsoft LLC'],"['Action', '2D', 'Platformer', '2D Platformer', 'Retro', 'Colorful', 'Pixel Graphics', 'Music', 'Cartoon', 'Combat', 'Controller', 'Side Scroller', 'Score Attack', 'Character Customization', 'Singleplayer', 'Arcade', 'Co-op', 'Local Co-Op', 'Local Multiplayer', 'Multiplayer']",2022-09-16 03:22:50,False,2022–23,2.0,1224,False,4.99,,,,,до $5,2
2114360,Maze Blaze,0,True,False,False,False,1665068428,6,66,['Revulo Games'],['Revulo Games'],"['Adventure', 'Action Roguelike', 'Top-Down Shooter', 'Bullet Hell', 'Dungeon Crawler', 'Roguelite', 'Co-op', 'PvE', 'Shooter', 'Arcade', 'Action-Adventure', 'Roguelike', '3D', 'Top-Down', 'Isometric', 'Cyberpunk', 'Local Co-Op', 'Procedural Generation', 'Action', 'Casual']",2022-10-06 15:00:28,False,2022–23,,1441,False,9.99,,,,,$5–9.99,не указано
2114970,Skinny & Franko: Fists of Violence,0,True,False,False,False,1682697780,164,85,['Console Labs S.A.'],"['Blue Sunset Games', 'Console Labs S.A.']","[""Beat 'em up"", 'Hand-drawn', 'Old School', 'Adventure', 'Arcade', '2D Fighter', 'Action', 'Co-op Campaign', 'Combat', 'Local Co-Op', 'Singleplayer', 'Stylized', 'Spectacle fighter', 'Metroidvania', 'Dark Humor', 'Side Scroller', 'Linear', 'Cartoony', 'Story Rich', '2D']",2023-04-28 16:03:00,False,2022–23,2.0,1505,True,18.99,16.9,6.6,,,$15–19.99,2
2114990,Missile Command: Recharged,0,True,False,False,False,1667309112,49,87,['Atari'],"['Adamvision Studios', 'SneakyBox']","['Action', 'Arcade', 'Shooter', '2D', 'Abstract', 'Colorful', 'Minimalist', 'Psychedelic', 'Stylized', '1980s', 'Cold War', 'War', 'Combat', 'Linear', 'Score Attack', 'Co-op', 'Co-op Campaign', 'Local Co-Op', 'Local Multiplayer', 'Singleplayer']",2022-11-01 13:25:12,False,2022–23,,1542,False,9.99,,,,,$5–9.99,не указано
2115190,Unify,0,True,False,False,False,1661954811,1,100,['FHB Studios'],"['William Hancock', 'Oscar Finbow']","['Relaxing', 'Singleplayer', 'PvE', 'Top-Down Shooter', 'Bullet Hell', 'Arena Shooter', 'Cartoon', '2D Fighter', 'Survival', 'Top-Down', 'FPS', 'Casual', '2D', ""Shoot 'Em Up"", 'Stylized', 'Tactical', 'Assassins', 'Dark', 'Tutorial', 'Local Co-Op']",2022-08-31 14:06:51,False,2022–23,,749,False,1.99,,,,,до $5,не указано
2116120,Incursion Red River,0,True,False,True,False,1712771990,8355,76,['Games Of Tomorrow GmbH'],['Games Of Tomorrow GmbH'],"['Extraction Shooter', 'PvE', 'Realistic', 'FPS', 'Gun Customization', 'Action', 'Online Co-Op', 'Tactical', 'Singleplayer', 'Early Access', 'Shooter', 'Military', 'Combat', 'Looter Shooter', 'Co-op', '3D', 'Dark', 'Controller', 'Multiplayer', 'First-Person']",2024-04-10 17:59:50,False,2024–25,4.0,6062,False,21.99,26.7,13.600000000000001,,,$20+,3–4
2116260,Relic Dudes,0,True,False,False,False,1732711967,264,87,['Achenar Studios'],"['Achenar Studios', 'danilomacb']","['Roguelite', 'Bullet Hell', 'Roguelike', 'Action Roguelike', 'Action', 'Online Co-Op', 'Multiplayer', 'Co-op', 'PvE', 'Vampires', '1980s', '2D', 'Pixel Graphics', 'Top-Down', 'Singleplayer', 'Perma Death', 'Score Attack', 'Casual', 'Arcade', 'Early Access']",2024-11-27 12:52:47,False,2024–25,5.0,550,False,4.99,4.7,5.6,,,до $5,5–8
2116680,FAIRY TAIL: Beach Volleyball Havoc,0,True,False,False,False,1726498065,147,92,['Kodansha'],"['tiny cactus studio', 'MASUDATARO', 'veryOK']","['Sports', 'Casual', 'Volleyball', 'Local Multiplayer', 'Team-Based', 'Singleplayer', 'Multiplayer', 'Local Co-Op', 'Co-op', '2D', '4 Player Local', 'Pixel Graphics', 'Indie', 'PvP', 'Psychedelic', 'Magic', 'Anime']",2024-09-16 14:47:45,False,2024–25,4.0,4185,False,6.99,16.4,2.1500000000000004,,,$5–9.99,3–4
2119850,Maki: Paw of Fury,0,True,False,False,False,1734007292,16,75,['RedDeer.Games'],['Bacord'],"['Casual', 'Action', 'Funny', 'Local Co-Op', 'Cute', 'Indie', 'Party Game', 'Fighting', 'Cartoon', 'Party', 'Family Friendly', 'Combat', 'Singleplayer', 'Relaxing', 'Retro', 'Colorful', 'Co-op', '2D', 'Character Action Game', 'Ninja']",2024-12-12 12:41:32,False,2024–25,,1516,True,11.99,,,,,$10–14.99,не указано
2120820,Final Recurrence,0,True,False,False,False,1665921511,12,50,['Bluehope Studios'],['Bluehope Studios'],"['Psychological Horror', 'First-Person', 'Action', 'Singleplayer', 'Realistic', 'Indie', '3D', 'Horror', 'Adventure', 'Action-Adventure', 'Linear', 'Controller', 'Atmospheric', 'Survival Horror', 'Violent', 'Multiple Endings', 'Choices Matter', 'Co-op']",2022-10-16 11:58:31,False,2022–23,,1230,True,9.99,,,,,$5–9.99,не указано
2122000,Tricky Tracks,0,True,False,True,False,1690527864,13,92,['RainLight'],['RainLight'],"['Multiplayer', 'Funny', 'Casual', 'Early Access', 'Action', 'Indie', 'Team-Based', 'PvP', 'Online Co-Op', 'Family Friendly', 'Third Person', '3D', 'Controller', 'Colorful', 'Atmospheric', 'Stealth', 'Comedy', 'Shooter', 'Hidden Object', 'Arcade']",2023-07-28 07:04:24,False,2022–23,,2366,True,3.99,,,,,до $5,не указано
2124460,Asteroids and more asteroids,0,True,False,False,False,1664576183,2,100,['Phantom Project'],['Phantom Project'],"['Bullet Hell', 'Casual', 'Local Co-Op', 'Character Customization', 'Rhythm', 'PvE', 'Shooter', 'Co-op', 'Procedural Generation', 'Arcade', 'Roguelike', '2D', 'Top-Down', 'Vehicular Combat', 'Controller', 'Pixel Graphics', 'Space', 'Management', 'Family Friendly', 'Hero Shooter']",2022-09-30 22:16:23,False,2022–23,2.0,864,False,1.99,,,,,до $5,2
2127550,Detective tales: A Study in Scarlet,0,True,False,True,False,1667248910,4,100,['Escape Pod'],['Escape Pod'],"['Adventure', 'Casual', 'Point & Click', 'Puzzle', '2D', 'Hand-drawn', 'Stylized', 'Atmospheric', 'Crime', 'Detective', 'Investigation', 'Logic', 'Mystery', 'Dialogue Heavy', 'Linear', 'Story Rich', 'Asynchronous Multiplayer', 'Co-op', 'Multiplayer', 'Colorful']",2022-10-31 20:41:50,False,2022–23,,3452,False,4.99,,,,,до $5,не указано
2127590,Lost In The Backrooms,0,True,False,False,False,1672990764,10,20,['Infinitus Studios'],['Infinitus Studios'],"['Casual', 'Adventure', 'Walking Simulator', 'Exploration', 'FPS', '3D', 'First-Person', 'Realistic', '1980s', 'Atmospheric', 'Horror', 'Investigation', 'Thriller', 'Linear', 'Multiple Endings', 'Co-op Campaign', 'Multiplayer', 'Online Co-Op', 'Singleplayer', 'Indie']",2023-01-06 07:39:24,False,2022–23,,1310,False,4.99,,,,,до $5,не указано
2128360,Waking Knightmare,0,True,False,False,False,1667192244,4,100,['Synectix Games'],['Synectix Games'],"['Survival Horror', 'Co-op', 'Local Co-Op', 'Local Multiplayer', ""Shoot 'Em Up"", 'Zombies', 'Singleplayer', 'Top-Down Shooter', 'Twin Stick Shooter', 'Action', 'Shooter', 'Arcade', 'Split Screen', 'Top-Down', 'Horror', 'Psychological Horror', 'Demons', 'Score Attack', '4 Player Local', 'Atmospheric']",2022-10-31 04:57:24,False,2022–23,4.0,1322,False,2.99,,,,,до $5,3–4
2128410,World of Naples,0,True,False,False,False,1671069452,1,100,"['COUCHBROGAMES, LLC']","['COUCHBROGAMES, LLC']","['Action', 'Adventure', 'Platformer', '2D Platformer', '2D', 'Medieval', 'Linear', 'PvE', 'PvP', 'Local Co-Op', 'Singleplayer', 'Arena Shooter', 'Colorful', 'Cute', 'Pixel Graphics', 'Co-op', 'Local Multiplayer', '4 Player Local', 'Co-op Campaign', 'Fighting']",2022-12-15 01:57:32,False,2022–23,4.0,868,False,0.99,,,,,до $5,3–4
2130980,Todd's Adventures in Slime World (Lynx/Mega Drive),0,True,False,False,False,1665128854,8,100,['Pixel Games UK'],"['Epyx, Inc.']","['Retro', 'Exploration', ""1990's"", 'Side Scroller', 'Co-op', '2D Platformer', 'Puzzle Platformer', 'Puzzle', 'Platformer', '2D', 'Action', 'Underground', 'Pixel Graphics', 'Sci-fi', 'Comedy', 'Aliens', 'Old School', 'Combat', 'Local Co-Op', 'Local Multiplayer']",2022-10-07 07:47:34,False,2022–23,,1866,False,5.99,,,,,$5–9.99,не указано
2131240,Battlestation,0,True,False,False,False,1666047350,0,0,['Vincae Entretenimento'],['Vincae Entretenimento'],"['Co-op', 'Casual', 'Family Friendly', 'Online Co-Op', 'Action', 'Multiplayer', 'Difficult', 'Indie', 'Cartoony', 'PvE', 'Strategy', 'Colorful', 'Cute', 'Funny', 'Crafting', 'Space', 'Top-Down', '3D', 'Stylized']",2022-10-17 22:55:50,False,2022–23,3.0,870,False,9.99,,,,,$5–9.99,3–4
2132850,Rabbit and Steel,0,True,False,False,False,1715270182,10198,96,['mino_dev'],['mino_dev'],"['Co-op', 'Bullet Hell', 'Action Roguelike', 'Cute', 'Roguelike', 'Anime', 'Difficult', '2D', 'Class-Based', 'Fantasy', 'Action', 'Loot', 'Colorful', 'Magic', 'Adventure', 'Local Co-Op', 'PvE', 'Combat', 'RPG', 'Cartoony']",2024-05-09 15:56:22,False,2024–25,4.0,2267,False,14.99,30.0,20.6,577462.0,57.0,$10–14.99,3–4
2134410,Rev Up! RC Grand Prix,0,True,False,False,False,1677801132,7,14,['SAT-BOX'],['SAT-BOX'],"['Sports', 'Action', 'Casual', 'eSports', 'Arcade', '3D Platformer', '3D', 'Cute', 'Voxel', 'Basketball', 'PvE', 'PvP', 'Controller', 'Singleplayer', 'Multiplayer', '4 Player Local', 'Local Multiplayer', 'Indie', 'Local Co-Op', 'Co-op']",2023-03-02 23:52:12,False,2022–23,6.0,1269,False,12.99,,,,,$10–14.99,5–8
2134420,EXTREME BIKE X,0,True,False,False,False,1666048862,6,66,['SAT-BOX'],['SAT-BOX'],"['Racing', 'Arcade', '3D', 'Realistic', 'PvE', 'PvP', 'Controller', 'Score Attack', 'Singleplayer', 'Multiplayer', 'Indie', 'Casual', 'Action', 'Local Multiplayer', 'Local Co-Op', 'Co-op', 'Combat Racing']",2022-10-17 23:21:02,False,2022–23,4.0,1037,False,9.99,,,,,$5–9.99,3–4
2134430,Desktop Basketball,0,True,False,False,False,1670460477,7,100,['SAT-BOX'],['SAT-BOX'],"['Action', 'Sports', 'Basketball', 'Cartoon', 'Arcade', '3D Platformer', '3D', 'Cute', 'Voxel', 'Split Screen', 'PvP', 'Indie', 'Casual', 'Controller', 'Singleplayer', 'Multiplayer', 'Local Co-Op']",2022-12-08 00:47:57,False,2022–23,4.0,1046,False,6.99,,,,,$5–9.99,3–4
2134440,Our Winter Sports,0,True,False,False,False,1670460442,7,100,['SAT-BOX'],['SAT-BOX'],"['Action', 'Casual', 'Arcade', 'Collectathon', '3D', 'Indie', 'Cute', 'Voxel', 'Family Friendly', 'PvP', 'Co-op', 'Sports', 'Local Co-Op', 'Multiplayer', 'Singleplayer', 'Local Multiplayer']",2022-12-08 00:47:22,False,2022–23,,893,False,9.99,,,,,$5–9.99,не указано
2136390,Run Or Boom,0,True,False,True,False,1663689690,0,0,['Sektan'],['Sektan'],"['Action', 'Arcade', 'Indie', '3D Platformer', 'Comic Book', 'Third Person', 'PvP', '4 Player Local', 'Online Co-Op', 'Early Access']",2022-09-20 16:01:30,False,2022–23,4.0,1067,False,1.99,,,,,до $5,3–4
2137090,LIGHTNING,0,True,False,True,False,1687185930,9,88,['AIONWARE LTD'],"['AIONWARE LTD', 'H. Senemar']","['First-Person', 'Multiplayer', 'Tactical', 'Hero Shooter', 'Realistic', 'Military', 'FPS', 'Shooter', 'Parkour', 'Competitive', 'Action', 'Magic', 'Team-Based', 'Sci-fi', 'Gun Customization', 'Character Customization', 'Online Co-Op', 'PvE', 'PvP', 'Early Access']",2023-06-19 14:45:30,False,2022–23,24.0,3917,False,9.99,,,,,$5–9.99,9+
2137700,I'm on Observation Duty 6,0,True,False,False,False,1693574559,653,94,['Notovia'],"['Notovia', 'Dreamloop Games']","['Psychological Horror', 'Puzzle', 'Hidden Object', 'Horror', 'Mystery', 'Logic', 'Singleplayer', 'Psychological', 'Incremental', 'Local Co-Op', 'Atmospheric', 'Investigation', 'Supernatural', 'Lovecraftian', 'Controller', 'Story Rich', 'Demons', 'Realistic', 'Immersive Sim', 'Strategy']",2023-09-01 13:22:39,False,2022–23,,1130,False,11.99,31.7,12.8,,,$10–14.99,не указано
2138780,CashGrab,0,True,False,False,False,1663582037,101,93,['Grabba Guild Games LLC'],['Grabba Guild Games LLC'],"['Horror', 'Online Co-Op', 'Multiplayer', 'Funny', 'Physics', 'Survival Horror', 'Action', 'PvP', 'Co-op', 'Arcade', 'Dystopian ', 'Economy', 'Psychological Horror', '3D', 'Atmospheric', 'Difficult', 'First-Person', 'Mystery', 'Runner', 'Stealth']",2022-09-19 10:07:17,False,2022–23,,1396,False,2.93,27.5,2.2,,,до $5,не указано
2139020,What the Fog,0,True,False,False,False,1715698835,265,72,['Behaviour Interactive Inc.'],['Behaviour Interactive Inc.'],"['Roguelite', 'Cartoony', 'Co-op', 'Action Roguelike', 'Fantasy', 'Roguelike', '3D Platformer', 'Cute', 'Online Co-Op', 'Third Person', 'Multiplayer', 'Magic', 'PvE', 'Third-Person Shooter', 'Singleplayer', 'Procedural Generation', '3D', 'Action', 'Replay Value', 'Combat']",2024-05-14 15:00:35,False,2024–25,,1763,False,4.99,13.5,2.3499999999999996,,,до $5,не указано
2139890,Dream Fight Will,0,True,False,False,False,1683269588,10,90,['张亮002'],['张亮002'],"['Action', 'Singleplayer', 'Multiplayer', 'PvP', 'Action-Adventure', '3D Fighter', 'Action Roguelike', 'Online Co-Op', 'Controller', 'Spectacle fighter', 'MOBA', 'Adventure', 'RPG', 'Funny', '3D Platformer', 'Top-Down', 'Action RPG', 'Souls-like', 'Combat', 'Relaxing']",2023-05-05 06:53:08,False,2022–23,,1070,False,7.99,,,,,$5–9.99,не указано
2141730,Backrooms: Escape Together,0,True,False,True,False,1666098221,42747,88,['Triiodide Studios'],['Triiodide Studios'],"['Multiplayer', 'Horror', 'Online Co-Op', 'Psychological Horror', 'Survival Horror', 'Co-op', 'Atmospheric', 'First-Person', 'Realistic', 'Early Access', 'Exploration', 'Procedural Generation', 'Adventure', 'Puzzle', 'Casual', 'Action', '3D', 'Singleplayer', 'Action-Adventure', 'Sci-fi']",2022-10-18 13:03:41,False,2022–23,6.0,1591,False,9.99,44.1,7.05,156375608.0,3658.0,$5–9.99,5–8
2142330,Bud Spencer & Terence Hill - Slaps And Beans 2,0,True,False,False,False,1695382693,217,88,['Buddy Productions GmbH'],['Trinity Team'],"['Local Co-Op', 'Arcade', 'Action', 'Pixel Graphics', '2D Fighter', 'Comedy', '1980s', '4 Player Local', 'Funny', 'Retro', 'Family Friendly', 'Side Scroller', '2D', 'Combat', 'Old School', 'Story Rich', 'Atmospheric', 'Relaxing', 'Controller', 'Singleplayer']",2023-09-22 11:38:13,False,2022–23,4.0,1434,False,19.99,28.1,4.5,,,$15–19.99,3–4
2143710,Huntscape,0,True,False,True,False,1674060556,4,100,['Inventio'],['GreenHillGames'],"['Survival', 'Action', 'PvP', 'Multiplayer', 'Online Co-Op', 'Stealth', 'Team-Based', 'Third Person', 'Platformer', 'Stylized', 'Early Access', 'Atmospheric', 'Nature', 'MOBA', '3D']",2023-01-18 16:49:16,False,2022–23,4.0,1936,False,11.99,,,,,$10–14.99,3–4
2144910,Blueprints,0,True,False,False,False,1664912747,18,83,['Conabe LLC'],['Conabe Games'],"['Casual', 'Platformer', '3D Platformer', '3D', 'Futuristic', 'Cinematic', 'Nature', 'Action', 'Colorful', 'Third Person', 'Controller', 'Linear', 'Multiple Endings', 'Open World', 'Physics', 'Tutorial', 'Co-op', 'Local Co-Op', 'Local Multiplayer', 'Singleplayer']",2022-10-04 19:45:47,False,2022–23,,605,True,2.99,,,,,до $5,не указано
2146610,Reality Rash,0,True,False,False,False,1750335318,18,83,"['Give your jumps', 'Gixer Entertainment']",['Give your jumps'],"[""Beat 'em up"", 'Violent', 'Fighting', 'Action', 'Local Co-Op', 'Local Multiplayer', 'Casual', 'Arcade', 'Retro', 'Combat', 'Side Scroller', '3D', 'Adventure', ""1990's"", 'Martial Arts', '2.5D', '3D Fighter', 'Sci-fi', 'Colorful', 'Time Travel']",2025-06-19 12:15:18,False,2024–25,2.0,963,True,17.99,,,,,$15–19.99,2
2146730,Parlor,0,True,False,False,False,1668535759,3,100,['Alcedo Games'],['Alcedo Games'],"['Casual', 'Board Game', 'Trivia', 'Word Game', 'Time Management', 'Typing', '2D', 'Colorful', 'Minimalist', 'Comedy', 'Family Friendly', 'Funny', 'Futuristic', 'Relaxing', 'PvP', 'Dialogue Heavy', 'Score Attack', 'Multiplayer', 'Online Co-Op', 'Indie']",2022-11-15 18:09:19,False,2022–23,,910,False,4.99,,,,,до $5,не указано
2151820,Zombie Arena,0,True,False,True,False,1665841951,57,63,['Foga Games'],['Start Games'],"['Wargame', 'FPS', 'PvE', 'PvP', 'Shooter', 'eSports', 'Action-Adventure', 'Action', 'First-Person', 'Post-apocalyptic', 'Indie', 'Time Travel', 'Zombies', 'Survival', 'Survival Horror', 'Old School', 'Co-op', 'Online Co-Op', 'Multiplayer', 'Singleplayer']",2022-10-15 13:52:31,False,2022–23,9.0,832,False,1.99,,,,,до $5,9+
2152690,Actua Soccer 2,0,True,False,False,False,1665392407,25,80,['Pixel Games UK'],['Gremlin Interactive'],"['Sports', 'Football (Soccer)', 'Retro', 'PvP', '3D', ""1990's"", 'Third Person', 'Controller', 'Old School', 'Co-op', 'Local Co-Op', 'Local Multiplayer', 'Multiplayer', 'Singleplayer']",2022-10-10 09:00:07,False,2022–23,4.0,1278,False,7.99,,,,,$5–9.99,3–4
2153000,Dungeonoid,0,True,False,False,False,1666978981,4,75,['Pixel Bones Studio'],['Pixel Bones Studio'],"['Retro', 'Pixel Graphics', '2D', 'Arcade', 'Action', '1980s', 'Fantasy', 'Magic', 'Mystery Dungeon', 'Medieval', 'Dark Fantasy', ""1990's"", 'Funny', 'Controller', 'Co-op Campaign', 'Local Co-Op', 'Singleplayer', 'Indie', 'PvP', 'Score Attack']",2022-10-28 17:43:01,False,2022–23,,549,False,6.99,,,,,$5–9.99,не указано
2153350,Brothers: A Tale of Two Sons Remake,0,True,False,False,False,1709132770,1010,70,['505 Games'],['Avantgarden SRL'],"['Adventure', 'Casual', 'Local Co-Op', 'Singleplayer', 'Action-Adventure', 'Co-op', 'Online Co-Op', 'Split Screen', 'Multiplayer', 'Puzzle', 'Remake', 'Story Rich']",2024-02-28 15:06:10,False,2024–25,,1830,False,19.99,39.0,4.0,,,$15–19.99,не указано
2153550,Day of the dead,0,True,False,True,False,1680546743,1,100,['LingoGamesProductions'],['LingoGamesProduction'],"['Action', 'Shooter', 'Arena Shooter', 'FPS', ""Shoot 'Em Up"", '3D', 'First-Person', 'Military', 'Post-apocalyptic', 'Survival', 'Indie', 'Early Access', 'Zombies', 'PvE', 'Multiplayer', 'Singleplayer', 'Co-op']",2023-04-03 18:32:23,False,2022–23,,532,False,2.99,,,,,до $5,не указано
2157130,This is Hell,0,True,False,False,False,1667325241,29,93,['Kilowatt Games'],['Kilowatt Games'],"['Psychological Horror', 'Action', 'Difficult', 'Physics', 'Precision Platformer', 'Dark Humor', 'Platformer', '2D Platformer', '2D', 'Pixel Graphics', 'Controller', 'Linear', 'Local Co-Op', 'Singleplayer', 'Demons']",2022-11-01 17:54:01,False,2022–23,4.0,885,False,6.66,,,,,$5–9.99,3–4
2157250,Monsters 'til Midnight,0,True,False,False,False,1685545508,93,83,['Retro Dreamer'],['Retro Dreamer'],"['Action Roguelike', 'Bullet Hell', ""Shoot 'Em Up"", 'Roguelite', 'Co-op', 'Pixel Graphics', 'Steampunk', 'Twin Stick Shooter', 'Action', '2D', 'Shooter', 'Arcade', 'Roguelike', 'Top-Down', 'Casual', 'Retro', 'Lovecraftian', 'Local Co-Op', 'Combat', 'Bullet Heaven']",2023-05-31 15:05:08,False,2022–23,2.0,2093,False,4.99,,,,,до $5,2
2158210,Murder Next Room,0,True,False,True,False,1723734520,6,100,['Haven Software'],['Haven Software'],"['Casual', 'Multiplayer', 'Online Co-Op', 'Social Deduction', 'Party Game', 'Investigation', 'Assassins', 'First-Person', 'PvP', '3D', 'Realistic', 'Immersive', 'Violent', 'Gore', 'Indie', 'Crime', 'Action', 'Early Access']",2024-08-15 15:08:40,False,2024–25,,1534,False,9.99,,,,,$5–9.99,не указано
2160190,Journey Into Darkness,0,True,False,True,False,1687510544,7,0,['Star Seeker Ltd'],['Star Seeker Studio'],"['Zombies', 'Horror', 'Online Co-Op', 'Survival Horror', 'Indie', 'Thriller', 'Multiplayer', 'Adventure', 'Exploration', 'Runner', 'Dark', 'Stealth', 'Psychological Horror', 'Action-Adventure', 'Singleplayer', 'Fantasy', 'Dark Fantasy', 'Survival', 'Co-op', 'First-Person']",2023-06-23 08:55:44,False,2022–23,4.0,1703,False,4.99,,,,,до $5,3–4
2160380,Dragonspire,0,True,False,True,False,1689385468,64,56,['Lionheart Games'],"['Lionheart Games', 'Starmi']","['Anime', 'Action Roguelike', 'Co-op', 'Early Access', 'Multiplayer', 'Hack and Slash', 'Indie', 'Female Protagonist', 'Difficult', 'Adventure', 'Top-Down', 'RPG', 'Atmospheric', 'Dungeon Crawler', 'Replay Value', 'Roguelike', 'Roguelite', 'Online Co-Op', 'Action', 'PvE']",2023-07-15 01:44:28,False,2022–23,,2290,False,4.99,,,,,до $5,не указано
2160420,The Backrooms Multiplayer,0,True,False,True,False,1670156530,56,39,['Untold Backrooms Stories'],['Untold Backrooms Stories'],"['Co-op', 'Online Co-Op', 'Psychological Horror', 'Cinematic', 'Horror', 'Realistic', 'Atmospheric', 'Action', 'Adventure', 'Survival Horror', 'Multiplayer', 'Casual', 'Action-Adventure', 'Walking Simulator', 'Dungeon Crawler', 'Exploration', '3D', 'First-Person', 'Conspiracy', 'Dark']",2022-12-04 12:22:10,False,2022–23,,1810,False,8.99,,,,,$5–9.99,не указано
2161050,Boti: Byteland Overclocked,0,True,False,False,False,1694773285,296,68,"['Untold Tales', 'CouchPlay Interactive']",['Purple Ray Studio'],"['Online Co-Op', 'Singleplayer', 'Co-op', '3D Platformer', 'Action-Adventure', 'Action', 'Robots', 'Casual', 'Cute', 'Collectathon', 'Adventure', 'Exploration', 'Platformer', 'Sci-fi', 'Local Multiplayer', 'Colorful', 'Multiplayer', 'Local Co-Op', 'Co-op Campaign', 'Family Friendly']",2023-09-15 10:21:25,False,2022–23,,1744,False,19.99,29.6,5.5,,,$15–19.99,не указано
2167380,Ricochet Rodeo,0,True,False,False,False,1731405632,9,88,['Echidna Studios'],['Echidna Studios'],"['2D Fighter', 'Shooter', 'Multiplayer', 'PvP', '2D', '4 Player Local', 'Local Multiplayer', 'Arena Shooter', 'Action', 'Pixel Graphics', 'Stylized', 'Western', '2D Platformer', 'Combat', 'Controller', 'Indie', 'Arcade', 'Local Co-Op', 'Comedy', 'Historical']",2024-11-12 10:00:32,False,2024–25,9.0,1522,False,4.99,,,,,до $5,9+
2169200,Sniper Elite: Resistance,0,True,False,False,False,1738246187,4957,75,['Rebellion'],['Rebellion'],"['Action', 'Adventure', 'Singleplayer', 'Multiplayer', 'Third-Person Shooter', 'Stealth', 'Sniper', 'Action-Adventure', 'War', 'Third Person', 'World War II', 'Gore', 'Co-op', 'Violent', 'Shooter', 'Military', 'Open World', 'VR']",2025-01-30 14:09:47,False,2024–25,16.0,3374,False,49.99,36.9,19.2,163950134.0,33074.0,$20+,9+
2169700,Gramm,0,True,False,False,False,1666272655,4,100,['Dominic Jackson'],['Dominic Jackson'],"['Dogs', 'Horror', 'Parody ', 'Comedy', 'Dark', 'Platformer', 'Puzzle', '3D Platformer', 'Minimalist', 'Cartoony', 'Adventure', 'Action-Adventure', 'Puzzle Platformer', 'First-Person', 'Funny', 'Memes', 'Nonlinear', 'Physics', 'Stealth', 'Co-op']",2022-10-20 13:30:55,False,2022–23,,331,False,2.99,,,,,до $5,не указано
2170100,Volley Pals,0,True,False,False,False,1680828792,34,85,['NAISU'],['NAISU'],"['2D Fighter', 'Local Multiplayer', 'Arcade', 'Local Co-Op', 'Early Access', 'Co-op', 'PvP', 'Sports', 'Action', 'Team-Based', 'Split Screen', '4 Player Local', 'Casual', '2D', 'Cute', '2D Platformer', 'Multiplayer', 'Volleyball', 'Controller', 'Cartoon']",2023-04-07 00:53:12,False,2022–23,4.0,1984,False,4.99,,,,,до $5,3–4
2172370,Short Staffed,0,True,False,False,False,1697569240,0,0,"['Benji', 'Michael Davy', 'Kyle Young']","['Benji', 'Michael Davy', 'Kyle Young']","['Casual', 'Action', 'Cartoon', 'Split Screen', 'Comedy', 'Family Friendly', 'Funny', 'Character Customization', 'Controller', 'Co-op', 'Local Co-Op', 'Local Multiplayer', 'Multiplayer', '4 Player Local']",2023-10-17 19:00:40,False,2022–23,2.0,1673,True,4.99,,,,,до $5,2
2172380,Lunch Box,0,True,False,False,False,1666253922,1,100,"['ERROR Co.,Ltd.']","['ERROR Co.,Ltd.']","['Shooter', 'Pixel Graphics', 'Top-Down', 'PvE', 'Singleplayer', 'Action', 'Casual', 'Indie', 'Roguelite', 'Co-op', 'Multiplayer', 'Online Co-Op', '4 Player Local', 'Local Co-Op', 'Local Multiplayer', 'Post-apocalyptic', 'Survival']",2022-10-20 08:18:42,False,2022–23,,915,False,1.99,,,,,до $5,не указано
2172580,Spirit Mancer,0,True,False,False,False,1732269344,51,72,"['Dear Villagers', 'OKJOY']",['Sunny Syrup Studio'],"['Side Scroller', 'Hack and Slash', '2D', 'Action-Adventure', 'Deckbuilding', 'Creature Collector', '2D Platformer', 'Fantasy', 'Action', 'Funny', 'Cute', 'Controller', 'Relaxing', 'Casual', 'Pixel Graphics', 'Adventure', 'Local Co-Op', 'Combat', 'Singleplayer', 'Colorful']",2024-11-22 09:55:44,False,2024–25,,1727,True,19.99,,,,,$15–19.99,не указано
2173810,Listen Me,0,True,False,True,False,1670762027,1,100,['Point Team'],['Point Team'],"['Casual', 'Multiplayer', '3D', 'First-Person', 'Puzzle', 'Physics', 'Indie', 'Early Access', 'Time Management', 'Funny', 'Colorful', 'Party-Based RPG', 'Co-op', 'Team-Based', 'Online Co-Op', 'Sexual Content', 'Gore', 'Military']",2022-12-11 12:33:47,False,2022–23,4.0,2011,False,7.99,,,,,$5–9.99,3–4
2173850,ASSAULT SHELL 2,0,True,False,True,False,1744992835,3,33,['Team Overloaded'],['Team Overloaded'],"['Bullet Hell', 'Action', ""Shoot 'Em Up"", 'Shooter', 'Score Attack', 'Arcade', '2D', 'Multiple Endings', 'Pixel Graphics', 'Indie', 'Futuristic', 'Early Access', 'Combat', 'Co-op', 'Singleplayer']",2025-04-18 16:13:55,False,2024–25,,1239,True,11.99,,,,,$10–14.99,не указано
2174420,Lucky Goal,0,True,False,False,False,1735748517,29,96,['LuckyVerse'],['Woondas'],"['Football (Soccer)', 'Sports', 'Multiplayer', 'Online Co-Op', 'Co-op', 'Action', 'PvP', 'Adventure', 'eSports', 'Realistic', 'Singleplayer', 'Character Customization', 'Cute', 'Third Person', 'Early Access', 'Team-Based', 'Score Attack', 'Physics', 'Cartoon', '3D']",2025-01-01 16:21:57,False,2024–25,,1459,False,4.99,,,,,до $5,не указано
2174940,Repossession,0,True,False,True,False,1669434268,0,0,['Stephen Thach'],['Stephen Thach'],"['Co-op', 'Action', 'FPS', 'Heist', 'Multiplayer', 'Online Co-Op', 'Stealth', 'Crime', 'Team-Based', 'Top-Down Shooter', 'Early Access', 'Tactical', 'PvE', 'PvP', 'Singleplayer', 'Shooter', 'Action RPG', 'Top-Down', 'Simulation', 'RPG']",2022-11-26 03:44:28,False,2022–23,,1797,False,5.0,,,,,$5–9.99,не указано
2175090,Knights & Guns,0,True,False,False,False,1713369676,16,93,['Baltoro Games'],['Baltoro Games'],"['Local Co-Op', 'Retro', 'Indie', 'Fantasy', 'Hero Shooter', 'Adventure', 'Local Multiplayer', ""Shoot 'Em Up"", '2D Platformer', 'Hand-drawn', 'Shooter', 'Platformer', 'Arcade', '2D Fighter', 'Character Customization', '2D', 'Controller', 'Action', 'Side Scroller', 'Cartoony']",2024-04-17 16:01:16,False,2024–25,,1983,True,3.99,,,,,до $5,не указано
2176240,Pedra Crystal Caves,0,True,False,False,False,1666422702,0,0,['Tucasoft'],['Ian Weeks'],"['Action', 'Casual', 'Arcade', 'Platformer', 'Puzzle', '3D', 'Local Co-Op', 'Singleplayer', 'Puzzle Platformer', 'Colorful', 'Isometric', 'Strategy', 'Indie', 'Family Friendly', 'Character Customization', 'Choices Matter', 'Grid-Based Movement']",2022-10-22 07:11:42,False,2022–23,,1238,False,7.99,,,,,$5–9.99,не указано
2178840,The Umbridge Estate,0,True,False,True,False,1666545528,11,54,['NotSpark'],['NotSpark'],"['Puzzle', 'PvE', 'Psychological Horror', 'Action-Adventure', 'Survival Horror', '3D', 'First-Person', 'Third Person', 'Horror', 'Action', 'Dark Fantasy', 'Adventure', 'Survival', 'Co-op', 'Multiplayer', 'Online Co-Op', 'Singleplayer', 'Early Access']",2022-10-23 17:18:48,False,2022–23,4.0,1329,False,0.99,,,,,до $5,3–4
2180890,Bunny Game,0,True,False,True,False,1710217326,21,76,['Nocebo'],['Nocebo'],"['Social Deduction', 'Multiplayer', 'PvP', 'Action-Adventure', 'Online Co-Op', 'Party Game', '3D', 'Action', 'Funny', 'Survival', 'Casual', 'Adventure', 'Cute', 'Singleplayer', 'Top-Down', 'Physics', 'Stealth', 'Stylized', 'Exploration', 'Combat']",2024-03-12 04:22:06,False,2024–25,12.0,1916,False,4.99,,,,,до $5,9+
2181750,Black Emperor,0,True,False,False,False,1667430829,1,100,['pengjianNiu'],['pengjianNiu'],"['Casual', 'Action', '2D Platformer', 'Spectacle fighter', '2D', '1980s', ""1990's"", 'Martial Arts', 'Tactical', 'PvP', 'Co-op', 'Indie', 'Local Co-Op', 'Multiplayer', 'Singleplayer', 'Local Multiplayer', 'Arcade']",2022-11-02 23:13:49,False,2022–23,,2136,False,1.99,,,,,до $5,не указано
2182950,Vectoroids,0,True,False,False,False,1687560509,0,0,['LoadUpGames.com'],['LoadUpGames.com'],"['Action', 'Arcade', 'Shooter', 'Arena Shooter', ""Shoot 'Em Up"", '2D', 'Pixel Graphics', '1980s', 'Old School', 'Retro', 'PvP', 'Controller', 'Team-Based', 'Singleplayer', '4 Player Local', 'Local Multiplayer', 'Modern', 'Co-op', 'Local Co-Op', 'Multiplayer']",2023-06-23 22:48:29,False,2022–23,4.0,972,False,1.99,,,,,до $5,3–4
2183900,"Warhammer 40,000: Space Marine 2",0,True,False,False,False,1725898216,170273,84,['Focus Entertainment'],['Saber Interactive'],"['Co-op', 'Action', 'Multiplayer', 'Third-Person Shooter', 'PvE', 'Adventure', 'Third Person', 'Action-Adventure', 'Sci-fi', 'Singleplayer', 'Wargame', 'War', 'Space', '3D', 'Fantasy', 'Futuristic', 'Cinematic', 'Realistic', 'Gore', 'PvP']",2024-09-09 16:10:16,False,2024–25,3.0,1702,False,59.99,20.1,13.2,,,$20+,3–4
2183920,Cat Herders: Couch Coop Cat Corralling!,0,True,False,True,False,1667852179,7,100,['Space Birb Games'],['Space Birb Games'],"['Collectathon', 'Creature Collector', 'Arcade', '3D', 'Cute', 'First-Person', 'Action', 'Funny', 'Casual', 'Nonlinear', 'Cartoony', 'Colorful', 'Cats', 'Logic', 'Score Attack', 'Building', 'Comedy', 'Co-op', 'Local Co-Op', 'Local Multiplayer']",2022-11-07 20:16:19,False,2022–23,4.0,1464,False,3.99,,,,,до $5,3–4
2185280,Alien on the Radar,0,True,False,False,False,1676626845,17,100,['Adam Stępiński'],['Adam Stępiński'],"['Multiplayer', 'Singleplayer', 'Shooter', 'Stealth', 'Pixel Graphics', 'PvP', 'Online Co-Op', 'Sci-fi', 'Arena Shooter', 'Top-Down Shooter', 'Tutorial', '2D', 'Top-Down', 'Action', 'Military', 'Aliens', 'Combat', 'Co-op', 'Casual']",2023-02-17 09:40:45,False,2022–23,,2078,True,4.99,,,,,до $5,не указано
2186700,Contain,0,True,False,True,False,1705427698,673,55,['SinginGiant'],['SinginGiant'],"['FPS', 'Shooter', 'PvE', 'Action', 'Character Customization', 'Gun Customization', 'First-Person', '3D', 'Realistic', 'Tactical', 'Military', 'Supernatural', 'Team-Based', 'Atmospheric', 'Multiplayer', 'Co-op', 'Mystery', 'Online Co-Op', 'Singleplayer', 'Early Access']",2024-01-16 17:54:58,False,2024–25,5.0,2909,False,13.99,22.6,2.6500000000000004,,,$10–14.99,5–8
2188260,Portable Ops,0,True,False,False,False,1699713600,4,50,['Pixels Graphic Design'],"['Sean Smith', 'Outlaw Games']","['Arena Shooter', 'FPS', 'Third-Person Shooter', 'Wargame', 'Artificial Intelligence', 'Military', 'War', 'PvP', 'Shooter', 'Character Customization', '3D', 'First-Person', 'Third Person', 'Class-Based', 'Linear', 'Team-Based', 'Action', 'Online Co-Op', 'Simulation', 'Realistic']",2023-11-11 14:40:00,False,2022–23,,4346,False,14.99,,,,,$10–14.99,не указано
2188930,BattleCrypt Bombers,0,True,False,False,False,1682005872,0,0,['Narfox LLC'],['Narfox LLC'],"['Local Co-Op', 'Local Multiplayer', '2D Platformer', 'Co-op', 'Action', '4 Player Local', 'Multiplayer', 'Arcade', 'Pixel Graphics', 'Platformer', 'PvP', 'Twin Stick Shooter', '2D', 'Singleplayer', 'Cartoon', '2D Fighter', 'Colorful', 'Family Friendly', 'Combat', 'PvE']",2023-04-20 15:51:12,False,2022–23,5.0,1139,False,3.99,,,,,до $5,5–8
2189370,Feathered Run: Worlds,0,True,False,False,False,1667900160,11,81,['Piece Of Voxel'],['Piece Of Voxel'],"['Casual', 'Rhythm', 'Adventure', '2D', 'Runner', 'Multiplayer', 'Old School', 'Arcade', '2D Platformer', 'Co-op', 'Side Scroller', 'PvP', 'Precision Platformer', 'Retro', 'Pixel Graphics', 'Stylized', 'Atmospheric', 'Family Friendly', 'Parkour', 'Relaxing']",2022-11-08 09:36:00,False,2022–23,,1214,False,9.99,,,,,$5–9.99,не указано
2189860,Outer Terror,0,True,False,False,False,1681988324,35,80,"['VoxPop Games, Inc.']",['Salt &amp; Pixel LLC'],"['Action', 'Adventure', 'Action Roguelike', 'Action-Adventure', 'Arcade', 'Bullet Hell', '2.5D', 'Colorful', 'Pixel Graphics', '1980s', ""1990's"", 'Atmospheric', 'Dark Fantasy', 'Demons', 'Mystery', 'Combat', 'Story Rich', 'Co-op', 'Multiplayer', 'Online Co-Op']",2023-04-20 10:58:44,False,2022–23,,5766,False,9.99,,,,,$5–9.99,не указано
2190070,Spot The Difference - PHOTO for TESLA and PC,0,True,False,False,False,1669254457,4,100,['Lightness inc.'],['Lightness inc.'],"['Casual', 'Puzzle', 'Design & Illustration', 'Incremental', 'Hidden Object', 'Time Management', '2D', 'Colorful', 'Realistic', 'Split Screen', 'Agriculture', 'Linear', 'Multiple Endings', 'Procedural Generation', 'Co-op', 'Local Co-Op', 'Singleplayer', 'Indie']",2022-11-24 01:47:37,False,2022–23,,416,False,1.99,,,,,до $5,не указано
2191180,Little Devil,0,True,False,False,False,1667947876,6,50,['Quikgames'],['Quikgames'],"['Indie', 'Horror', 'Multiplayer', 'Co-op', 'Online Co-Op', 'Action', 'Psychological Horror', 'First-Person', 'Dark', 'Thriller', 'PvE', 'Singleplayer', 'Gore', 'Survival Horror', 'Survival', 'Atmospheric', 'Puzzle', 'Difficult', 'PvP', 'Mystery']",2022-11-08 22:51:16,False,2022–23,5.0,822,False,4.99,,,,,до $5,5–8
2191230,sunny-place-2,0,True,False,True,False,1669834865,10,90,['tjern'],['tjern'],"['Bullet Hell', 'Action', 'Multiplayer', 'Character Customization', 'Anime', 'Online Co-Op', 'Boss Rush', 'Shooter', 'Level Editor', ""Shoot 'Em Up"", 'Top-Down Shooter', '2D', 'Cute', 'Top-Down', 'Demons', 'Magic', 'Space', 'PvE', 'Singleplayer', 'Early Access']",2022-11-30 19:01:05,False,2022–23,7.0,1230,False,6.99,,,,,$5–9.99,5–8
2191770,Gregory Horror Show: Soul of Roses,0,True,False,True,False,1731632456,61,98,['Unframe'],['Unframe'],"['Action Roguelike', 'Roguelite', 'Cute', 'Roguelike', 'Action', 'Dark Humor', 'Singleplayer', 'Story Rich', 'Atmospheric', 'Hack and Slash', 'Platformer', 'Cartoony', 'Indie', 'Colorful', 'Funny', 'Dark Comedy', 'Adventure', '2D', 'Difficult', 'Co-op']",2024-11-15 01:00:56,False,2024–25,2.0,1900,False,16.99,,,,,$15–19.99,2
2192900,Knock'Em Out,0,True,False,False,False,1744907435,258,84,"['Comuesp', 'BBear Studio']",['BBear Studio'],"['Multiplayer', 'Physics', 'Funny', 'Online Co-Op', 'PvP', 'Gore', 'Party Game', 'Casual', 'Action', 'Fighting', 'Colorful', ""Beat 'em up"", 'Parkour', '3D Fighter', '2D Platformer', 'Character Customization', 'Side Scroller', '4 Player Local', 'Controller', '3D']",2025-04-17 16:30:35,False,2024–25,8.0,1133,False,7.99,25.8,3.8,,,$5–9.99,5–8
2193490,First Cut: Samurai Duel,0,True,False,False,False,1705515943,1996,88,['Night Eyes Interactive'],['Night Eyes Interactive'],"['Gore', 'Side Scroller', 'Hack and Slash', 'Martial Arts', '2D Fighter', 'PvP', 'PvE', 'Swordplay', 'Arcade', 'Fighting', '2D', 'Character Customization', 'Pixel Graphics', 'Action', 'Historical', 'Combat', 'Local Multiplayer', 'Atmospheric', 'Singleplayer', 'Co-op']",2024-01-17 18:25:43,False,2024–25,,1359,False,8.99,46.5,5.75,,,$5–9.99,не указано
2193540,Wizard of Legend 2,0,True,False,False,False,1749736814,1972,53,['Balor Games'],['Dead Mage'],"['Action Roguelike', 'Online Co-Op', 'Roguelike', 'Dungeon Crawler', 'Hack and Slash', 'Multiplayer', 'Fast-Paced', 'Magic', 'Isometric', 'Indie', 'Adventure', 'Roguelite', 'Story Rich', 'Colorful', 'Difficult', 'Action', '2.5D', 'RPG', 'Replay Value', 'Singleplayer']",2025-06-12 14:00:14,False,2024–25,4.0,2523,False,24.99,12.7,11.649999999999999,,,$20+,3–4
2193590,Madzik - Episode 1,0,True,False,False,False,1717075696,8,75,['BKOM Studios'],['BKOM Studios'],"['Hack and Slash', 'Action', 'Adventure', 'Story Rich', 'Combat', 'Multiplayer', 'Co-op', 'Local Co-Op', 'Action-Adventure', 'PvE', '1980s', '3D', 'Third Person', 'Indie', 'Family Friendly', 'Local Multiplayer', 'Online Co-Op', 'Singleplayer', 'Narrative']",2024-05-30 13:28:16,False,2024–25,,3421,False,9.99,,,,,$5–9.99,не указано
2193750,Desktop Table Tennis,0,True,False,False,False,1680563631,8,100,['SAT-BOX'],['SAT-BOX'],"['Action', 'Casual', 'Sports', 'eSports', 'Arcade', '3D Platformer', '3D', 'Cute', 'First-Person', 'PvP', 'PvE', 'Controller', 'Tutorial', 'Singleplayer', 'Multiplayer', 'Local Multiplayer', 'Local Co-Op', 'Co-op', '4 Player Local', 'Indie']",2023-04-03 23:13:51,False,2022–23,,1287,False,7.99,,,,,$5–9.99,не указано
2193760,Desktop Bowling,0,True,False,False,False,1680481818,14,71,['SAT-BOX'],['SAT-BOX'],"['Action', 'Casual', 'Sports', 'eSports', 'Arcade', '3D Platformer', '3D', 'Cute', 'First-Person', 'Bowling', 'PvP', 'Singleplayer', 'Multiplayer', 'Local Multiplayer', 'Local Co-Op', 'Indie', 'Co-op', '4 Player Local']",2023-04-03 00:30:18,False,2022–23,6.0,1356,False,7.99,,,,,$5–9.99,5–8
2193770,Our Summer Sports,0,True,False,False,False,1675300198,9,88,['SAT-BOX'],['SAT-BOX'],"['Action', 'Casual', 'Sports', 'eSports', 'Arcade', '3D Platformer', '3D', 'Cute', 'Voxel', 'Underwater', 'Nature', 'Fishing', 'PvP', 'Controller', 'Co-op', 'Local Co-Op', 'Multiplayer', 'Singleplayer', 'Indie', 'Local Multiplayer']",2023-02-02 01:09:58,False,2022–23,,893,False,9.99,,,,,$5–9.99,не указано
2194570,Blood Red,0,True,False,True,False,1697814134,6,100,['Reptilian Games'],['Reptilian Games'],"['Horror', 'Online Co-Op', 'Multiplayer', 'Survival Horror', 'Co-op', 'Psychological Horror', 'Survival', 'Vampires', 'Mystery', 'Puzzle', 'Dark', 'Exploration', 'First-Person', 'Singleplayer', 'Action', 'Atmospheric', 'Gore', 'Stealth', 'Supernatural', 'Thriller']",2023-10-20 15:02:14,False,2022–23,4.0,1217,False,9.99,,,,,$5–9.99,3–4
2194840,Smells Like Burnt Rubber,0,True,False,False,False,1692952843,33,93,['Super Laser Freunde'],['Super Laser Freunde'],"['Racing', 'Sports', 'Driving', 'Arcade', 'Multiplayer', 'Local Multiplayer', 'Isometric', 'Split Screen', 'Controller', 'Top-Down', 'Casual', 'Retro', '4 Player Local', 'Co-op', 'Local Co-Op', 'Online Co-Op', 'Singleplayer', ""1990's"", 'Indie', 'Action']",2023-08-25 08:40:43,False,2022–23,5.0,2935,True,4.99,,,,,до $5,5–8
2195060,The Lost Castle: Escape Room,0,True,False,False,False,1668518305,14,35,['Exscape'],['Exscape'],"['Adventure', 'Casual', 'Mystery', 'Co-op', 'Escape Room', 'Medieval', 'Puzzle', 'Logic', 'Mystery Dungeon', 'Atmospheric', 'Fantasy', 'Cinematic', 'Exploration', '3D', 'First-Person', 'Realistic', 'Magic', 'Story Rich', '4 Player Local', 'Dark']",2022-11-15 13:18:25,False,2022–23,4.0,992,False,0.99,,,,,до $5,3–4
2195750,Liars Race in Lost Ruins,0,True,False,False,False,1674546367,1,0,['Fortgs'],['Fortgs'],"['Action', 'Battle Royale', 'Shooter', 'PvP', 'FPS', 'Realistic', 'Team-Based', 'First-Person', 'Survival', 'Fantasy', 'Medieval', 'Mining', 'Sniper', 'Action Roguelike', 'Score Attack', 'Dialogue Heavy', 'Procedural Generation', 'Online Co-Op', 'Singleplayer', 'Multiplayer']",2023-01-24 07:46:07,False,2022–23,10.0,2236,False,3.99,,,,,до $5,9+
2197890,Paranormal Cleanup,0,True,False,False,False,1748642531,976,88,['Manic Mice'],['Manic Mice'],"['Horror', 'Online Co-Op', 'Psychological Horror', 'Action-Adventure', 'First-Person', 'Choices Matter', 'Stealth', 'Nonlinear', 'Survival Horror', 'Action', 'Team-Based', 'Realistic', 'Demons', 'Multiplayer', 'Dark', 'Collectathon', 'Procedural Generation', 'PvE', '3D', 'Atmospheric']",2025-05-30 22:02:11,False,2024–25,4.0,2413,False,9.99,34.5,10.5,,,$5–9.99,3–4
2198280,Prehistoric Warcraft,0,True,False,False,False,1670704848,0,0,['pengjianNiu'],['pengjianNiu'],"['Casual', 'Adventure', 'Action', '2D Fighter', 'Action-Adventure', '2D Platformer', 'Spectacle fighter', '2D', 'Anime', 'Cartoon', ""1990's"", 'Tactical', 'PvP', 'Combat', 'Nonlinear', 'Singleplayer', 'Co-op', 'Multiplayer', 'Local Co-Op', 'Local Multiplayer']",2022-12-10 20:40:48,False,2022–23,,1492,False,3.99,,,,,до $5,не указано
2198640,Digital Eclipse Arcade: Candy Creeps,0,True,False,False,False,1698248810,12,100,"['Digital Eclipse', 'Atari']",['Digital Eclipse'],"['Casual', 'Arcade', '2D Platformer', 'Pixel Graphics', 'Singleplayer', 'Local Co-Op', 'Retro', 'Cartoony', 'Colorful', 'Platformer', 'Cute', 'Female Protagonist', 'Lovecraftian', 'Family Friendly', 'Supernatural', 'Co-op', 'Local Multiplayer', '2D', 'Fantasy', 'Dark Humor']",2023-10-25 15:46:50,False,2022–23,2.0,2588,False,4.99,,,,,до $5,2
2199930,DreamWorks Trolls Remix Rescue,0,True,False,False,False,1698422290,32,65,['GameMill Entertainment'],['Petit Fabrik'],"['Action', 'Adventure', 'Rhythm', 'Cartoon', 'Cartoony', 'Colorful', 'Cute', 'Co-op', 'PvP', 'Local Co-Op', 'Local Multiplayer', 'Multiplayer', 'Singleplayer']",2023-10-27 15:58:10,False,2022–23,4.0,1668,False,49.99,,,,,$20+,3–4
2200580,Pocky & Rocky Reshrined,0,True,False,False,False,1677225628,252,88,['Winning Entertainment Group Inc.'],['Winning Entertainment Group Inc.'],"['Action', 'Pixel Graphics', 'Top-Down Shooter', 'Shooter', 'Controller', 'Singleplayer', 'Local Co-Op', 'Local Multiplayer', 'Multiplayer', 'Retro', ""Shoot 'Em Up"", 'Anime', 'Arcade', 'Classic', 'Cute', 'Female Protagonist', 'Great Soundtrack']",2023-02-24 08:00:28,False,2022–23,2.0,1169,False,29.99,37.3,4.3,,,$20+,2
2200990,Trigger Fever,0,True,False,True,False,1687532424,5,80,['Rotstudio'],['Rotciv'],"['Action', 'Top-Down Shooter', 'Multiplayer', 'Pixel Graphics', 'Twin Stick Shooter', '2D', 'PvP', 'Arcade', 'Shooter', 'Arena Shooter', 'Bullet Hell', 'Top-Down', 'Funny', 'Old School', 'Combat', 'Controller', 'Co-op', 'Local Co-Op', 'Local Multiplayer', 'Online Co-Op']",2023-06-23 15:00:24,False,2022–23,4.0,1788,False,4.99,,,,,до $5,3–4
2201070,Phylakterion,0,True,False,False,False,1698765828,35,65,['Lich Again Games'],['Lich Again Games'],"['Horror', 'Multiplayer', 'Investigation', 'Mystery', 'Psychological Horror', 'Demons', 'Realistic', '3D', 'First-Person', 'Action', 'Adventure', 'Controller', 'Dark', 'Supernatural', 'Co-op', 'Online Co-Op', 'Singleplayer', 'Early Access', 'Indie']",2023-10-31 15:23:48,False,2022–23,4.0,1442,False,9.99,,,,,$5–9.99,3–4
2202590,Shape Shifter: Formations,0,True,False,False,False,1748343550,272,91,['Castec Studios'],['Castec Studios'],"['Action Roguelike', 'Arena Shooter', 'Bullet Hell', 'Bullet Heaven', 'Local Co-Op', 'Roguelite', 'Twin Stick Shooter', 'Co-op', 'Roguelike', 'Top-Down Shooter', 'RPG', 'Top-Down', 'Action', 'Sci-fi', 'Action RPG', ""Shoot 'Em Up"", 'Arcade', 'Score Attack', 'Singleplayer', 'Local Multiplayer']",2025-05-27 10:59:10,False,2024–25,2.0,2527,False,14.99,8.8,42.55,,,$10–14.99,2
2204620,King's Blade,0,True,False,False,False,1754573411,50,82,['Alexey Suslin'],['Alexey Suslin'],"[""Beat 'em up"", 'Action', 'Adventure', 'Arcade', 'Action-Adventure', '4 Player Local', 'Local Co-Op', 'Side Scroller', 'Fantasy', 'Magic', 'Hand-drawn', '2D', 'Indie', 'Multiplayer', 'Spectacle fighter', 'Dark', 'Old School', 'Fighting', 'Singleplayer', 'Local Multiplayer']",2025-08-07 13:30:11,False,2024–25,4.0,850,True,8.99,,,,,$5–9.99,3–4
2208780,Psycho Fear,0,True,False,False,False,1726750164,47,68,['Equinox Games'],['Dark Panda'],"['Escape Room', 'Psychological Horror', 'Puzzle', 'Horror', 'Survival Horror', 'Puzzle Platformer', 'Dark', 'Female Protagonist', 'Online Co-Op', 'Co-op', 'First-Person', 'Simulation', 'Multiple Endings', 'Logic', 'Atmospheric', 'Multiplayer', 'Gore', 'Singleplayer', 'Adventure', 'Co-op Campaign']",2024-09-19 12:49:24,False,2024–25,,2077,False,9.99,,,,,$5–9.99,не указано
2212280,BLOCK SLIME CAVE,0,True,False,False,False,1669367859,0,0,['WINGLAY'],['WINGLAY'],"['Action', 'Platformer', '2D Platformer', '2D', 'Cute', 'Pixel Graphics', 'Fantasy', 'Retro', 'Singleplayer', 'Multiplayer', 'Local Multiplayer', 'Local Co-Op', 'Co-op']",2022-11-25 09:17:39,False,2022–23,2.0,1541,False,4.99,,,,,до $5,2
2212400,Gemion Function,0,True,False,True,False,1755536209,4,100,['Nagooyen'],['Nagooyen'],"['2D Fighter', '2.5D', 'Fighting', 'PvP', 'Online Co-Op', 'Multiplayer', 'Score Attack', 'Local Multiplayer', 'Arcade', 'Difficult', 'Action', 'Combat', 'Stylized', 'Colorful', 'Funny', 'Controller', '2D', 'Casual', 'Strategy', 'Local Co-Op']",2025-08-18 16:56:49,False,2024–25,4.0,1267,False,7.99,,,,,$5–9.99,3–4
2212410,Shadowkin,0,True,False,False,False,1708710911,61,65,['The Fox Knocks'],['The Fox Knocks'],"['Bullet Hell', 'Roguelite', 'Local Co-Op', 'Roguelike', 'Auto Battler', 'Action Roguelike', '2D', 'Top-Down', 'Dark Fantasy', 'Action', 'Co-op', 'Atmospheric', 'Local Multiplayer', 'Multiplayer', 'Singleplayer', 'Indie', 'Foxes', 'Bullet Heaven']",2024-02-23 17:55:11,False,2024–25,2.0,1960,False,6.99,,,,,$5–9.99,2
2212550,Plains of Havoc,0,True,False,True,False,1730183763,20,95,['Tiny Island Games'],['Tiny Island Games'],"['Action Roguelike', 'Bullet Hell', 'Action', 'Roguelite', 'Survival', '2D', 'Casual', 'Arcade', 'Roguelike', 'Top-Down', 'Score Attack', 'RPG', 'Controller', 'Dark', 'Perma Death', 'Singleplayer', 'Multiplayer', 'Online Co-Op', 'Adventure', 'Action RPG']",2024-10-29 06:36:03,False,2024–25,,1130,True,8.99,,,,,$5–9.99,не указано
2213500,Sven - Completely Screwed,0,True,False,False,False,1691573979,180,91,['Markt+Technik Verlag GmbH'],['Korion Interactive'],"['Action', 'Arcade', 'Comedy', 'Local Co-Op', 'Local Multiplayer', '3D', 'Cartoon', 'Funny', 'Cartoony', 'Colorful', 'Isometric', 'Split Screen', 'PvP', 'Dark Comedy', 'Controller', 'Singleplayer', 'Multiplayer', 'Co-op', 'Sexual Content']",2023-08-09 09:39:39,False,2022–23,4.0,2193,False,14.99,48.8,2.25,,,$10–14.99,3–4
2213650,PinCOL,0,True,False,True,False,1670242009,2,100,['Gianni Laschi'],['Gianni Laschi'],"['Action', 'Arcade', 'Shooter', 'Roguelike', 'Bullet Hell', ""Shoot 'Em Up"", 'Looter Shooter', 'Top-Down Shooter', '2D', 'Minimalist', 'Colorful', 'Destruction', 'Space', 'Tactical', 'Character Customization', 'Gun Customization', 'PvE', 'Co-op', 'Singleplayer', 'Early Access']",2022-12-05 12:06:49,False,2022–23,,1503,False,3.99,,,,,до $5,не указано
2213980,Caverns of Mars: Recharged,0,True,False,False,False,1678340199,34,88,['Atari'],['SneakyBox'],"['Action Roguelike', 'Shooter', 'Arcade', 'Roguelike', '2D', 'Action', 'Controller', 'Mars', 'Casual', 'Colorful', 'Sci-fi', 'Space', 'Score Attack', 'Aliens', 'Futuristic', 'Old School', 'Retro', 'Combat', 'Co-op', 'Co-op Campaign']",2023-03-09 05:36:39,False,2022–23,,1593,False,9.99,,,,,$5–9.99,не указано
2214160,Stream Runners: Heroes,0,True,False,False,False,1675324853,1,100,['Game Grotto Softworks'],['Game Grotto Softworks'],"['Idler', 'Online Co-Op', 'Auto Battler', 'Casual', 'Pixel Graphics', 'Multiplayer', 'Runner', 'Retro', 'Arcade', 'Side Scroller', '2D', 'Stylized', 'Old School', 'Combat', 'Score Attack', 'Team-Based', 'Co-op', 'PvP', 'Indie']",2023-02-02 08:00:53,False,2022–23,,972,False,1.99,,,,,до $5,не указано
2216360,Disaster Band,0,True,False,False,False,1671558299,605,82,"['Toplitz Productions', 'SunDust']",['PRODUKTIVKELLER Studios'],"['Music', 'Rhythm', 'Casual', 'Comedy', 'Funny', 'Cartoon', 'Cute', 'Stylized', 'Indie', 'Multiplayer', 'Singleplayer', 'Online Co-Op', 'Controller']",2022-12-20 17:44:59,False,2022–23,4.0,2424,False,6.99,30.5,2.05,,,$5–9.99,3–4
2217000,Rivals of Aether II,0,True,False,False,False,1729702308,7035,78,"['Aether Studios', 'offbrand games']",['Aether Studios'],"['Fighting', 'Multiplayer', '2D Fighter', 'Indie', 'Local Multiplayer', 'Action', '4 Player Local', 'Fantasy', 'Combat', '2.5D', 'PvP', 'Co-op', '2D Platformer', 'Platformer', 'Controller', 'Competitive', 'Fast-Paced', 'Colorful', '2D', 'Mod']",2024-10-23 16:51:48,False,2024–25,,1545,False,29.99,27.0,38.3,,,$20+,не указано
2217420,AQUA KITTY UDX,0,True,False,False,False,1684411338,42,88,['TIKIPOD'],['TIKIPOD'],"['Action', 'Arcade', ""Shoot 'Em Up"", 'Cats', 'Local Co-Op', 'Side Scroller', 'Cute', '2D', 'Pixel Graphics', ""1990's"", 'Sci-fi', 'Indie', 'Co-op', 'Score Attack', 'Local Multiplayer', 'Singleplayer', 'Multiplayer']",2023-05-18 12:02:18,False,2022–23,,2001,False,6.99,,,,,$5–9.99,не указано
2217910,NeoSprint,0,True,False,False,False,1719481229,29,75,['Atari'],['Headless Chicken Games'],"['Racing', 'Driving', 'Singleplayer', 'Sports', 'PvE', 'PvP', 'Casual', '4 Player Local', 'Local Co-Op', 'Cartoony', 'Crafting', 'Isometric', 'Multiplayer', 'Local Multiplayer', '3D', 'Top-Down', 'Controller', 'Indie', 'Simulation']",2024-06-27 09:40:29,False,2024–25,8.0,2227,False,24.99,,,,,$20+,5–8
2218400,Greedland,0,True,False,False,False,1757955374,2949,83,"['Gamersky Games', '2P Games']",['VaMP He'],"[""Shoot 'Em Up"", 'Roguelite', 'Twin Stick Shooter', 'Bullet Hell', 'Third-Person Shooter', 'Roguelike', 'Sci-fi', 'Score Attack', 'Mechs', 'Adventure', 'Action', 'Top-Down', 'Singleplayer', 'Top-Down Shooter', 'Aliens', 'Shooter', 'Indie', 'Local Co-Op', 'Bullet Heaven', 'Co-op']",2025-09-15 16:56:14,False,2024–25,4.0,2832,True,12.99,12.0,13.8,,,$10–14.99,3–4
2220870,Fantasy Survivors,0,True,False,False,False,1714584058,232,87,['ButtonSoft'],['ButtonSoft'],"['Action', 'Casual', 'Roguelite', 'Pixel Graphics', 'Fantasy', 'Indie', 'Loot', 'Retro', 'Combat', 'Co-op', 'Online Co-Op', 'Bullet Heaven', 'Multiplayer', 'Action Roguelike', 'Singleplayer', 'PvE', 'Bullet Hell']",2024-05-01 17:20:58,False,2024–25,6.0,2625,False,6.99,35.7,44.650000000000006,,,$5–9.99,5–8
2221390,Damned 2,0,True,False,True,False,1754571555,92,84,['Nuntius Games'],['9heads Game Studios'],"['Horror', 'Psychological Horror', 'Co-op', 'Survival Horror', 'Online Co-Op', 'Multiplayer', 'Exploration', 'First-Person', 'Jump Scare', 'PvP', '3D', 'Team-Based', 'Action', 'Realistic', 'Thriller', 'Singleplayer', 'Action-Adventure', 'Puzzle', 'Escape Room', 'Indie']",2025-08-07 12:59:15,False,2024–25,5.0,1909,False,13.99,,,,,$10–14.99,5–8
2221820,7 Sins : Lost in Labyrinth,0,True,False,True,False,1676027548,59,79,['Zai Studio'],['Zai Studio'],"['Horror', 'Online Co-Op', 'Multiplayer', 'Survival Horror', 'Anime', 'Stealth', 'Character Customization', 'Dark', 'Co-op', 'PvP', 'Sexual Content', 'Survival', 'Early Access', 'Gore', 'Indie', 'Violent', 'Singleplayer', 'Action-Adventure', 'Action', '3D Platformer']",2023-02-10 11:12:28,False,2022–23,10.0,2501,False,3.99,,,,,до $5,9+
2222150,Paintball 3 - Candy Match Factory,0,True,False,False,False,1698307226,1,100,['Crazysoft Limited'],['Crazysoft Limited'],"['Match 3', 'Puzzle', 'Casual', 'Family Friendly', 'Colorful', 'Cute', 'Singleplayer', '2D', 'Relaxing', 'Local Multiplayer', 'Education', 'Funny', 'Wholesome', 'Hand-drawn', 'Cartoony', 'Logic', 'Cartoon', 'Local Co-Op', '4 Player Local', 'Point & Click']",2023-10-26 08:00:26,False,2022–23,4.0,2183,False,9.99,,,,,$5–9.99,3–4
2224610,Project Planet - Earth vs Humanity,0,True,False,False,False,1695651275,361,78,"['Fifth Harbour Studios', 'Gamersky Games']",['Fifth Harbour Studios'],"['Party Game', 'Social Deduction', 'Board Game', 'Local Multiplayer', 'Family Friendly', 'Turn-Based Strategy', 'Team-Based', 'Online Co-Op', 'Political Sim', 'Funny', 'Psychological', 'Choices Matter', 'PvP', 'Dystopian ', 'Multiplayer', 'Dark Humor', 'Cinematic', 'Outbreak Sim', 'Space', 'Strategy']",2023-09-25 14:14:35,False,2022–23,6.0,3429,False,24.99,76.1,4.0,,,$20+,5–8
2224760,Island Bender,0,True,False,True,False,1680264034,6,100,['Island Bender Games'],['Island Bender Games'],"['Party Game', 'Physics', 'Fighting', 'Platformer', 'Local Multiplayer', 'Action', '4 Player Local', '2D Fighter', 'PvP', '2D Platformer', 'Parkour', 'Competitive', 'Funny', 'Casual', 'Family Friendly', 'Local Co-Op', 'PvE', 'Controller', 'Split Screen', 'Arcade']",2023-03-31 12:00:34,False,2022–23,7.0,1620,True,8.99,,,,,$5–9.99,5–8
2224900,Poly Shooter,0,True,False,False,False,1671125941,0,0,['Ult.im'],['Ult.im'],"['Action', 'Casual', 'Arcade', 'Shooter', 'Top-Down Shooter', 'Minimalist', 'Top-Down', 'Split Screen', 'Funny', 'Survival', 'Sniper', 'Combat', ""Beat 'em up"", 'PvP', 'Controller', 'Co-op', 'Local Co-Op', 'Singleplayer', 'Multiplayer', 'Local Multiplayer']",2022-12-15 17:39:01,False,2022–23,4.0,685,False,4.99,,,,,до $5,3–4
2228310,GHOST FAKE,0,True,False,True,False,1682061928,0,0,['hatalakk2'],['hatalakk2'],"['Casual', 'Action', 'Multiplayer', 'Online Co-Op', 'Real Time Tactics', '3D', 'Colorful', 'Third Person', 'Stealth', 'Fantasy', 'Indie', 'Early Access', 'Horror', 'Demons', 'PvP', 'Character Customization', 'Controller']",2023-04-21 07:25:28,False,2022–23,4.0,1001,False,3.99,,,,,до $5,3–4
2228710,Where is Billy?,0,True,False,False,False,1729864260,23,100,[],"['Triple Boris Inc.', 'Dodo Tako']","['Party Game', 'Local Co-Op', 'Local Multiplayer', '2D', 'Family Friendly', 'Action', 'Team-Based', 'Multiplayer', 'Casual', 'Stealth', 'Supernatural', 'Funny', 'Investigation', 'Co-op', 'Online Co-Op', 'Hidden Object', 'Indie', 'PvP', 'Action-Adventure', 'Top-Down']",2024-10-25 13:51:00,False,2024–25,8.0,1672,True,6.99,,,,,$5–9.99,5–8
2229230,HotBunz,0,True,False,False,False,1701426432,2,100,['SpaceSalad Studios'],['SpaceSalad Studios'],"['Adventure', 'Multiplayer', 'PvE', 'Funny', '4 Player Local', 'Local Co-Op', 'Platformer', '2D', 'PvP', 'Cute', 'Collectathon', 'Character Customization', 'Casual', 'Physics', '2D Platformer', 'Dark Comedy', 'Sports', 'Controller', 'Colorful', 'Score Attack']",2023-12-01 10:27:12,False,2022–23,,1636,True,8.99,,,,,$5–9.99,не указано
2232180,Backrooms Descent: Multiplayer Horror,0,True,False,False,False,1698512318,85,47,['Sushi Studio'],['Sushi Studio'],"['Exploration', 'Puzzle', 'PvE', 'Action-Adventure', 'Multiplayer', '3D', 'First-Person', 'Horror', 'Psychological Horror', 'Survival Horror', 'Linear', 'Story Rich', 'Action', 'Realistic', 'Singleplayer', 'Co-op', 'Sci-fi', 'Stealth', 'Atmospheric', 'Adventure']",2023-10-28 16:58:38,False,2022–23,3.0,3628,False,6.99,,,,,$5–9.99,3–4
2232600,Anomaly Exit,0,True,False,False,False,1711894706,1124,89,['ExamlGuy'],['ExamlGuy'],"['Online Co-Op', 'Psychological Horror', 'Hidden Object', 'Puzzle', 'Horror', 'Casual', 'Walking Simulator', 'Multiplayer', 'Singleplayer', 'Co-op', 'Exploration', 'Choices Matter', 'Linear', 'Atmospheric', 'Psychological', 'First-Person', 'Adventure', '3D', 'PvE', 'Indie']",2024-03-31 14:18:26,False,2024–25,,1834,False,5.99,58.8,3.55,,,$5–9.99,не указано
2234150,BACKROOMS: APPREHENSION,0,True,False,False,False,1755198973,1386,83,['DMNT Interactive'],['DMNT Interactive'],"['PvP', 'Multiplayer', 'Survival Horror', 'Social Deduction', 'Horror', 'Shooter', 'Atmospheric', 'Stealth', 'Online Co-Op', 'Psychological Horror', 'Investigation', 'Adventure', 'Action-Adventure', 'Exploration', 'Immersive', 'Gore', 'First-Person', 'Realistic', 'FPS', 'Survival']",2025-08-14 19:16:13,False,2024–25,12.0,1442,False,2.99,66.2,10.100000000000001,,,до $5,9+
2234420,Flower Memories,0,True,False,False,False,1675283066,14,100,['Goldarait'],['Goldarait'],"['Tabletop', 'Education', 'Board Game', 'Cozy', 'Incremental', 'Nature', 'Point & Click', 'Relaxing', 'Casual', 'Old School', 'Local Co-Op', 'Minimalist', 'Puzzle', 'Stylized', 'Family Friendly', 'Colorful', 'Singleplayer', 'Score Attack', 'Cute', 'Indie']",2023-02-01 20:24:26,False,2022–23,,594,False,0.99,,,,,до $5,не указано
2235200,Neon Abyss 2,0,True,False,True,False,1752745933,2010,69,"['Veewo Games', 'Kepler Ghost']",['Veewo Games'],"['Action Roguelike', 'Online Co-Op', 'Cyberpunk', 'Roguelike', 'Funny', 'Action', 'Pixel Graphics', 'Platformer', 'Bullet Hell', 'Roguelite', 'Loot', 'Procedural Generation', 'Shooter', '2D Platformer', 'RPG', 'Co-op', 'Multiplayer', 'Singleplayer', 'Mythology', 'Sci-fi']",2025-07-17 09:52:13,False,2024–25,4.0,2894,False,19.99,23.2,7.9,,,$15–19.99,3–4
2235440,My Little Pony: A Zephyr Heights Mystery,0,True,False,False,False,1715933984,127,73,['Outright Games Ltd.'],['Drakhar Studios'],"['Adventure', 'Family Friendly', '3D Platformer', 'Platformer', 'Multiplayer', 'Horses', 'Action-Adventure', 'Action', 'Cute', 'Exploration', 'Cartoon', '3D', 'Female Protagonist', 'Magic', 'Colorful', 'Co-op', 'Local Co-Op', 'Minigames', 'Local Multiplayer', 'Singleplayer']",2024-05-17 08:19:44,False,2024–25,2.0,1362,False,39.99,44.2,5.95,,,$20+,2
2237190,Hellfire,0,True,False,False,False,1692880156,20,90,['Clear River Games'],"['Bitwave Games', 'Toaplan']","['Action', 'Arcade', ""Shoot 'Em Up"", '2D', 'Retro', 'Co-op', 'Local Co-Op', 'Multiplayer', 'Singleplayer', 'Local Multiplayer', 'Controller', 'Score Attack']",2023-08-24 12:29:16,False,2022–23,,2563,False,7.99,,,,,$5–9.99,не указано
2237200,Fire Shark,0,True,False,False,False,1692880028,20,90,['Clear River Games'],"['Bitwave Games', 'Toaplan']","['Action', 'Arcade', ""Shoot 'Em Up"", '2D', 'Retro', 'Controller', 'Score Attack', 'Co-op', 'Local Co-Op', 'Multiplayer', 'Singleplayer', 'Local Multiplayer']",2023-08-24 12:27:08,False,2022–23,,2446,False,7.99,,,,,$5–9.99,не указано
2237440,Digital Eclipse Arcade: Jollyball,0,True,False,False,False,1702054467,5,100,"['Digital Eclipse', 'Atari']",['Digital Eclipse'],"['Sports', 'Arcade', '2D', 'Casual', 'Snow', 'Volleyball', 'Colorful', 'Pixel Graphics', 'Family Friendly', 'Retro', 'Team-Based', '4 Player Local', 'Co-op', 'Local Co-Op', 'Local Multiplayer', 'Multiplayer', 'Singleplayer', 'Indie']",2023-12-08 16:54:27,False,2022–23,,1982,False,4.99,,,,,до $5,не указано
2238750,LOST EGG 3: The Final,0,True,False,False,False,1672627843,75,74,['KIMIDORI SOFT'],['KIMIDORI SOFT'],"['Precision Platformer', '3D Platformer', 'Parkour', 'Platformer', 'Action-Adventure', '3D', 'Action', 'Third Person', 'Casual', 'Controller', 'Adventure', 'Physics', 'Modern', 'Online Co-Op', 'Singleplayer', 'Multiplayer', 'Co-op', 'Indie']",2023-01-02 02:50:43,False,2022–23,,2290,False,2.99,,,,,до $5,не указано
2238760,Our Casual Battlefield,0,True,False,False,False,1673535732,0,0,['youdoyou.motto'],['youdoyou.motto'],"['Action', 'Physics', '3D Fighter', 'Comedy', 'Minigames', 'Score Attack', 'PvE', '3D', 'Online Co-Op', 'PvP', 'Multiplayer', 'Arcade', '3D Platformer', 'Superhero', 'Zombies', 'Martial Arts', 'Funny', 'Combat', 'Party Game', 'Singleplayer']",2023-01-12 15:02:12,False,2022–23,,1480,False,0.99,,,,,до $5,не указано
2239200,Animal Across: Afrika,0,True,False,False,False,1678461901,6,100,['Bearded Rabbit Game Studio'],['Bearded Rabbit Game Studio'],"['Grid-Based Movement', 'Nature', 'Score Attack', 'Puzzle', 'Family Friendly', 'Local Co-Op', 'Casual', 'Hand-drawn', 'Arcade', 'Colorful', 'Cute', 'Funny', 'Indie', 'Singleplayer', 'PvP', 'Co-op', 'Multiplayer', 'Local Multiplayer', 'Match 3']",2023-03-10 15:25:01,False,2022–23,,1964,False,1.99,,,,,до $5,не указано
2239360,Siheyuan,0,True,False,False,False,1701344779,13,100,[],['We Are Muesli'],"['Casual', 'Puzzle', 'Logic', 'Grid-Based Movement', 'Co-op', 'Local Co-Op', '4 Player Local', 'Local Multiplayer', 'Multiplayer', 'Singleplayer', 'Indie', 'Minimalist', '2D', 'Action']",2023-11-30 11:46:19,False,2022–23,4.0,1040,True,2.99,,,,,до $5,3–4
2240390,Celebrity Kombat,0,True,False,False,False,1687444942,74,62,['Celebrity Kombat Corp.'],['Celebrity Kombat Corp.'],"['Action', 'Arcade', '3D Fighter', 'Spectacle fighter', 'Third Person', 'Indie', 'Comedy', 'PvP', 'Combat', 'Controller', 'Singleplayer', 'Multiplayer', 'Local Multiplayer', 'Co-op', 'Online Co-Op', 'Memes']",2023-06-22 14:42:22,False,2022–23,,1045,False,14.99,,,,,$10–14.99,не указано
2241910,Sweets Pusher Friends,0,True,False,False,False,1676004847,79,69,['STP WORKS'],['STP WORKS'],"['Collectathon', 'Idler', 'PvE', 'Physics', 'Tabletop', 'Arcade', '3D', 'Cute', 'Casual', 'Funny', 'Simulation', 'Controller', 'Realistic', 'Family Friendly', 'Modern', 'Online Co-Op', 'Singleplayer', 'Multiplayer', 'Co-op', 'Indie']",2023-02-10 04:54:07,False,2022–23,,1408,False,3.99,,,,,до $5,не указано
2241980,Tanky Tanks 2,0,True,False,False,False,1679311842,45,100,['EpiXR Games UG'],['EpiXR Games UG'],"['Tanks', 'Twin Stick Shooter', 'Top-Down Shooter', 'Top-Down', 'Military', 'War', 'Action', 'Isometric', 'Casual', 'Bullet Hell', '3D', 'Cute', 'Retro', 'Co-op', 'Local Co-Op', 'Local Multiplayer', 'Multiplayer', 'Singleplayer', 'Indie']",2023-03-20 11:30:42,False,2022–23,2.0,1030,False,9.99,,,,,$5–9.99,2
2242760,The Escape: Together,0,True,False,True,False,1673607077,2032,78,['Nightstuff Games'],['Nightstuff Games'],"['Action', 'Horror', 'Exploration', 'Immersive Sim', 'First-Person', 'Realistic', 'Psychedelic', 'Dark', 'Demons', 'Emotional', 'Psychological Horror', 'Mystery', 'Survival Horror', 'Stealth', 'Co-op', 'Artificial Intelligence', 'Female Protagonist', 'Multiple Endings', 'Nonlinear', 'Multiplayer']",2023-01-13 10:51:17,False,2022–23,3.0,860,False,3.99,68.5,2.9,,,до $5,3–4
2243580,Food Fight: Culinary Combat,0,True,False,False,False,1720098104,44,93,['Atari'],['Mega Cat Studios'],"['Arena Shooter', 'PvP', 'PvE', 'Shooter', 'Arcade', 'Character Customization', '3D', 'Split Screen', 'Third Person', 'Funny', 'Controller', 'Action', 'Team-Based', 'Cartoony', 'Colorful', 'Family Friendly', 'Cartoon', 'Combat', 'Co-op', 'Local Co-Op']",2024-07-04 13:01:44,False,2024–25,4.0,2037,False,14.99,,,,,$10–14.99,3–4
2244520,Hoop Fighters: Party Basketball,0,True,False,True,False,1754926211,71,88,['Team K6'],['Team K6'],"['Basketball', 'Party', 'Funny', 'Sports', 'Team-Based', 'Arcade', 'PvP', 'Multiplayer', 'Cute', 'Indie', 'Action', 'Family Friendly', 'Comedy', 'Cartoon', 'Co-op', 'Early Access', 'Adventure', 'Local Multiplayer', '3D']",2025-08-11 15:30:11,False,2024–25,6.0,1052,False,3.99,,,,,до $5,5–8
2244970,No More Snow,0,True,False,False,False,1702920782,47,89,['Barzda'],['Barzda'],"['Action', 'Co-op', 'Top-Down', 'Horror', ""Shoot 'Em Up"", 'Twin Stick Shooter', 'Co-op Campaign', 'Shooter', 'Arcade', 'Physics', '3D Platformer', 'Zombies', 'Cartoony', 'Gothic', 'Atmospheric', 'Mythology', 'Minimalist', 'Surreal', 'Isometric', '3D']",2023-12-18 17:33:02,False,2022–23,,1660,False,4.99,,,,,до $5,не указано
2245610,Otherplane,0,True,False,True,False,1729855989,22,68,['Elusior Studios'],['Elusior Studios'],"['Horror', 'Multiplayer', 'Co-op', 'Escape Room', 'Survival Horror', 'Psychological Horror', 'Online Co-Op', 'Puzzle', 'Action', 'Atmospheric', 'Realistic', 'First-Person', 'Singleplayer', 'Early Access', 'Demons', 'Supernatural', 'Immersive', 'Mystery', '3D', 'Thriller']",2024-10-25 11:33:09,False,2024–25,4.0,1802,False,9.99,,,,,$5–9.99,3–4
2247510,Snowbrawll,0,True,False,False,False,1750428529,1,100,['Humble Bard Studios'],['Humble Bard Studios'],"['4 Player Local', 'Local Multiplayer', 'Family Friendly', 'Party Game', 'Online Co-Op', 'Fighting', 'Competitive', 'Local Co-Op', 'PvP', 'Co-op', 'Top-Down', 'Physics', 'Cute', 'Party', 'Funny', 'Comedy', 'Arcade', 'Action', 'Multiplayer', 'Casual']",2025-06-20 14:08:49,False,2024–25,4.0,1375,False,4.99,,,,,до $5,3–4
2247670,Hide and Seek,0,True,False,False,False,1711738502,16,62,['HIDY GAME'],['HIDY GAME'],"['Multiplayer', 'Funny', 'Casual', 'Action', 'Indie', 'Hidden Object', 'Online Co-Op', 'Stealth', 'Co-op', 'Atmospheric', 'Survival', 'Family Friendly', 'Early Access', 'PvP', 'Team-Based', 'Singleplayer', 'Adventure', 'Action RPG', 'Controller', 'Open World']",2024-03-29 18:55:02,False,2024–25,,1076,False,4.99,,,,,до $5,не указано
2248920,Super Kids Racing : Mini Edition,0,True,False,False,False,1674624997,3,0,['Yash Future Tech Solutions Pvt Ltd'],['Yash Future Tech Solutions Pvt Ltd'],"['Adventure', 'Sports', 'Racing', 'Controller', 'Local Co-Op', 'Indie']",2023-01-25 05:36:37,False,2022–23,,1244,True,9.99,,,,,$5–9.99,не указано
2249590,All You Need is Help,0,True,False,False,False,1727348812,15,60,['Q-Games Ltd.'],['Q-Games Ltd.'],"['Family Friendly', 'Party Game', 'Cozy', 'Cute', 'Online Co-Op', 'Local Co-Op', 'Multiplayer', 'Character Customization', 'Relaxing', 'Casual', 'Colorful', 'Puzzle Platformer', 'Local Multiplayer', 'Co-op', 'Indie', 'Party', 'Puzzle', 'Trading', 'Comedy']",2024-09-26 11:06:52,False,2024–25,,1542,True,14.99,,,,,$10–14.99,не указано
2249700,Bonfire And Tail,0,True,False,False,False,1694257741,20,70,['Avidya Studio'],['Avidya Studio'],"['Casual', 'Action', 'Party Game', 'Online Co-Op', 'Indie', 'PvP', 'Local Multiplayer', 'Funny', 'Cartoon', 'Cute', 'Local Co-Op', 'Third Person', 'Party-Based RPG', 'Physics', 'Action-Adventure', 'Idler', 'Comedy', 'Adventure', '3D', 'Strategy']",2023-09-09 11:09:01,False,2022–23,,1421,False,5.99,,,,,$5–9.99,не указано
2250410,Battle Bows,0,True,False,False,False,1689260516,6,66,['Beyond Frames Entertainment'],['WIMO Games'],"['Action', 'VR', 'Shooter', 'Multiplayer', 'Online Co-Op', 'Tower Defense', 'Archery', 'FPS', 'Hero Shooter', 'Combat', 'PvE', 'Team-Based', 'Singleplayer', 'Co-op']",2023-07-13 15:01:56,False,2022–23,,1520,False,19.99,,,,,$15–19.99,не указано
2250820,Party Party Time,0,True,False,False,False,1673482563,35,71,['SAT-BOX'],['SAT-BOX'],"['Indie', '3D Platformer', 'PvP', 'Party', 'Arcade', '3D', 'Action', 'Cute', 'Casual', 'Funny', 'Colorful', 'Family Friendly', 'Comedy', 'Singleplayer', 'Multiplayer', 'Local Multiplayer', 'Local Co-Op', 'Co-op', '4 Player Local', 'Party Game']",2023-01-12 00:16:03,False,2022–23,6.0,763,False,4.99,,,,,до $5,5–8
2251870,The Backrooms - Nightmare Dimension,0,True,False,False,False,1675093752,12,33,['Savage Howl'],['Savage Howl'],"['Horror', 'Online Co-Op', 'Multiplayer', 'Psychological Horror', 'Co-op', 'Survival Horror', 'Shooter', 'Supernatural', 'First-Person', 'Investigation', 'Dark', 'Mystery', 'Demons', 'Detective', '3D', 'Action', 'Thriller', 'FPS', 'Tactical', 'Lovecraftian']",2023-01-30 15:49:12,False,2022–23,4.0,1350,False,4.99,,,,,до $5,3–4
2252170,World Soccer Kid,0,True,False,False,False,1672993142,4,100,['Game Museum'],['Game Museum'],"['Action', 'Sports', 'Casual', 'Side Scroller', '2D', 'Cute', 'Cartoon', 'Cartoony', 'Hand-drawn', 'Emotional', 'Football (Soccer)', 'PvP', 'Local Multiplayer', 'Local Co-Op', 'Multiplayer', 'Singleplayer', 'Co-op', 'Indie']",2023-01-06 08:19:02,False,2022–23,2.0,950,False,1.99,,,,,до $5,2
2252790,Vaccine Rebirth,0,True,False,False,False,1685032305,27,77,['Rainy Night Creations'],['Rainy Night Creations'],"['Survival Horror', 'Roguelike', ""1990's"", 'Horror', 'Zombies', 'Pixel Graphics', 'Psychological', 'Local Co-Op', 'Resource Management', 'Time Management', 'Action Roguelike', '2.5D', 'Action-Adventure', 'Action', 'Split Screen', 'Atmospheric', 'Sci-fi', 'Mystery', 'Procedural Generation', 'Inventory Management']",2023-05-25 16:31:45,False,2022–23,,679,False,6.99,,,,,$5–9.99,не указано
2253110,RAGMONTON,0,True,False,False,False,1701367875,3,100,['Sinned Games'],['Sinned Games'],"['Action Roguelike', 'Roguelite', 'Roguelike', '2D', 'Lore-Rich', 'Procedural Generation', 'Action', 'Pixel Graphics', 'Dystopian ', 'Sci-fi', 'Lovecraftian', 'Physics', 'Retro', '4 Player Local', 'Co-op', 'Local Co-Op', 'Local Multiplayer', 'Multiplayer', 'Singleplayer', 'Party Game']",2023-11-30 18:11:15,False,2022–23,4.0,684,False,4.99,,,,,до $5,3–4
2253730,Madorica Real Estate 2 - The mystery of the new property -,0,True,False,False,False,1675843434,49,93,['GIFT TEN INDUSTRY K.K.'],"['GIFT TEN INDUSTRY K.K.', 'TUMBLEWEEDJP']","['Indie', 'Adventure', 'Puzzle', 'Dungeon Crawler', 'Casual', 'Exploration', '3D', 'Cute', 'Cartoony', 'First-Person', 'Dark Comedy', 'Fantasy', 'Underground', 'Loot', 'Detective', 'Magic', 'Story Rich', 'Singleplayer', 'Local Co-Op', 'Escape Room']",2023-02-08 08:03:54,False,2022–23,,1824,False,19.99,,,,,$15–19.99,не указано
2256860,GRAAMASEVA,0,True,False,False,False,1727452723,2,100,['VITAMIN'],['VITAMIN'],"['Action', 'Arcade', 'Stealth', 'Combat', 'Co-op', 'Multiplayer', 'Pixel Graphics', 'Top-Down', '1980s', 'Old School', 'Retro', 'Controller', 'Local Co-Op', 'Local Multiplayer', 'Singleplayer', '2D', 'Top-Down Shooter', 'War']",2024-09-27 15:58:43,False,2024–25,2.0,945,True,9.99,,,,,$5–9.99,2
2257170,Disaster Area,0,True,False,True,False,1685433178,9,55,['Alaska'],['Alaska'],"['Co-op', 'PvE', 'Exploration', 'Cartoony', 'Online Co-Op', 'Team-Based', 'FPS', 'MOBA', 'PvP', 'Survival', 'Action', 'Stealth', 'Tactical', 'Military', 'Adventure', 'Combat', 'Multiplayer', 'Singleplayer', 'War', 'First-Person']",2023-05-30 07:52:58,False,2022–23,,3369,False,0.99,,,,,до $5,не указано
2257410,Crashy Laps,0,True,False,False,False,1701359031,9,88,['JanduSoft'],['CheapeeSoft Games'],"['Racing', 'Local Multiplayer', 'Singleplayer', 'Colorful', 'Family Friendly', '4 Player Local', 'Funny', 'Arcade', 'PvP', 'Score Attack', 'Driving', 'Competitive', '3D', 'Casual', 'Simulation', 'Co-op', 'Sports', 'Local Co-Op', 'Multiplayer', 'Time Attack']",2023-11-30 15:43:51,False,2022–23,4.0,2091,False,6.99,,,,,$5–9.99,3–4
2257460,File Destined,0,True,False,False,False,1677315991,387,86,['Metavision Studio'],['Metavision Studio'],"['Adventure', 'Psychological Horror', 'Survival Horror', 'Dark', 'Walking Simulator', 'Singleplayer', 'Exploration', 'First-Person', 'Indie', 'Gore', 'Horror', 'Violent', 'Atmospheric', 'Action', 'Realistic', 'Surreal', 'Story Rich', 'Co-op', 'Hidden Object', '3D']",2023-02-25 09:06:31,False,2022–23,,1580,False,3.99,19.6,1.6,,,до $5,не указано
2261100,Rise of the Funkys,0,True,False,False,False,1688396421,0,0,"['Ideal Games', 'Nejcraft']",['Ideal Games'],"['Action', 'Arcade', ""Beat 'em up"", 'Side Scroller', 'Hack and Slash', '2D', 'Pixel Graphics', 'Fantasy', 'Magic', 'Combat', 'Linear', 'Co-op Campaign', 'Co-op', 'Local Co-Op', '4 Player Local', 'Local Multiplayer', 'Singleplayer', 'Indie']",2023-07-03 15:00:21,False,2022–23,4.0,671,True,2.99,,,,,до $5,3–4
2261690,Kitten Kingdom,0,True,False,True,False,1673942692,1,0,['Moonlight Productions'],['Moonlight Productions'],"['Action', 'Adventure', 'Action-Adventure', 'Platformer', '2D Platformer', 'Exploration', 'Puzzle Platformer', '2D', 'Colorful', 'Cute', 'Cats', 'Dogs', 'Mystery', 'Nature', 'Parkour', 'Character Customization', 'Combat', 'PvE', 'Co-op', 'Multiplayer']",2023-01-17 08:04:52,False,2022–23,,1056,False,10.99,,,,,$10–14.99,не указано
2262600,Firewall,0,True,False,False,False,1685682518,2,50,['Cyb3r_Technologies'],['Cyb3r_Gamez'],"['3D Platformer', ""Shoot 'Em Up"", 'Third-Person Shooter', 'Robots', 'Stealth', 'PvE', 'Platformer', 'Shooter', '3D', 'First-Person', 'Action', 'Third Person', 'Controller', 'Simulation', 'Futuristic', 'Combat', 'Singleplayer', 'Local Co-Op']",2023-06-02 05:08:38,False,2022–23,,1175,True,0.99,,,,,до $5,не указано
2262880,Heli-Cats,0,True,False,False,False,1699873273,5,60,['DrearyWeary'],['DrearyWeary'],"[""Shoot 'Em Up"", 'Action', 'Local Co-Op', 'Pixel Graphics', 'Difficult', 'Side Scroller', 'Arcade', '2D', 'Military', 'Modern', 'Old School', 'Score Attack', 'Retro', 'Multiple Endings', 'Controller', 'Singleplayer', 'Co-op', 'Local Multiplayer', 'Indie', 'Bullet Hell']",2023-11-13 11:01:13,False,2022–23,,3060,True,14.99,,,,,$10–14.99,не указано
2263220,Fear of The Undead: Rise of Evil,0,True,False,False,False,1673884232,26,100,['DGP Studios'],['DGP Studios'],"['Action', 'Shooter', 'Exploration', ""Shoot 'Em Up"", '2D', 'Pixel Graphics', 'Top-Down', 'Demons', 'Zombies', 'Combat', 'PvE', 'Perma Death', 'Nonlinear', 'Score Attack', 'Co-op', 'Multiplayer', 'Indie', 'Singleplayer', 'Top-Down Shooter', 'Violent']",2023-01-16 15:50:32,False,2022–23,,3751,False,2.99,,,,,до $5,не указано
2263920,Multiplayer Platform Golf,0,True,False,False,False,1709222842,293,89,['Robot Assembly'],['Robot Assembly'],"['Multiplayer', 'Golf', '3D Platformer', 'Sports', 'Difficult', 'Casual', 'Funny', 'Precision Platformer', 'Online Co-Op', 'Parkour', 'Arcade', 'PvP', 'Colorful', 'Controller', 'Character Customization', 'Platformer', 'Physics', 'Third Person', 'Level Editor', 'Indie']",2024-02-29 16:07:22,False,2024–25,13.0,905,True,4.99,50.6,4.300000000000001,,,до $5,9+
2264140,How 2 Escape,0,True,False,False,False,1693472469,684,71,"['Maximum Entertainment', 'Breakfirst Games']",['Breakfirst Games'],"['Puzzle', 'Co-op', 'Multiplayer', 'Escape Room', 'Mystery', 'Co-op Campaign', 'Logic', 'Trains', 'Local Multiplayer', 'Team-Based', 'Online Co-Op', 'Choose Your Own Adventure', 'Stylized', 'Investigation', 'Hidden Object', 'Hand-drawn', 'Linear', 'Casual', 'Asynchronous Multiplayer', 'Female Protagonist']",2023-08-31 09:01:09,False,2022–23,2.0,1544,True,12.99,37.5,6.3,,,$10–14.99,2
2264460,UnderBackrooms,0,True,False,True,False,1675468397,60,38,['okeyplaystudio'],['okeyplaystudio'],"['Adventure', 'Indie', 'Early Access', 'Gore', 'Violent', 'Multiplayer', 'Online Co-Op', 'Horror', 'Psychological Horror', 'Survival Horror', 'Atmospheric']",2023-02-03 23:53:17,False,2022–23,4.0,2039,False,3.99,,,,,до $5,3–4
2265950,Doggo Ninjas,0,True,False,False,False,1694509914,8,87,['Andreas Metz'],['Andreas Metz'],"['Multiplayer', 'Funny', 'Stealth', 'Social Deduction', 'Local Multiplayer', 'Casual', 'Party Game', '4 Player Local', 'Action', 'Controller', 'PvP', 'Comedy', 'Party', 'Local Co-Op', 'Co-op', 'Ninja', 'Competitive', 'Colorful', 'Assassins', 'Indie']",2023-09-12 09:11:54,False,2022–23,4.0,1898,False,3.99,,,,,до $5,3–4
2266700,Abhorrent Light,0,True,False,False,False,1703460711,4,50,['Peanut Games'],['Peanut Games'],"['Action', 'Singleplayer', '3D', 'First-Person', 'Dark Fantasy', 'Medieval', 'Combat', 'Hack and Slash', 'Co-op', 'Online Co-Op', 'PvE', 'Nonlinear', 'Demons', 'Dark', 'Horror', 'FPS', 'Souls-like', 'Indie', 'Gore', 'Violent']",2023-12-24 23:31:51,False,2022–23,,1535,False,4.99,,,,,до $5,не указано
2266980,Cyber Strider,0,True,False,False,False,1691195914,2,100,['Lorian Pierce '],['Lorian Pierce'],"['Indie', 'Action Roguelike', 'Roguelite', 'Replay Value', 'Bullet Hell', 'Perma Death', 'Difficult', 'Roguelike', 'Physics', 'Top-Down', 'Action', 'Choices Matter', 'Top-Down Shooter', 'Sci-fi', 'Local Co-Op', 'Space', 'Local Multiplayer', 'Atmospheric', 'Spaceships', '2D']",2023-08-05 00:38:34,False,2022–23,,1437,False,4.99,,,,,до $5,не указано
2268720,Mullet Hell,0,True,False,False,False,1675251871,7,57,['Leo Dawn'],"['1up Indie', 'Leo Dawn']","['Action', 'Casual', 'Action Roguelike', 'Arcade', 'Roguelike', '2D', 'Pixel Graphics', 'Top-Down', 'Fantasy', 'Survival', 'Indie', 'Combat', 'Local Co-Op', 'Singleplayer', 'Bullet Hell']",2023-02-01 11:44:31,False,2022–23,,1436,False,2.99,,,,,до $5,не указано
2268780,Cosmic Guardians,0,True,False,False,False,1725282799,1,100,['Hackquarius Games Inc.'],['Hackquarius Games Inc.'],"['Action', 'Casual', 'Shooter', 'Arcade', 'Hero Shooter', ""Shoot 'Em Up"", '2D', 'Hand-drawn', 'Aliens', 'Comedy', 'Mystery', 'Space', 'Superhero', 'Controller', 'Score Attack', 'Co-op', 'Local Co-Op', 'Singleplayer', 'Indie']",2024-09-02 13:13:19,False,2024–25,,2125,False,2.99,,,,,до $5,не указано
2269730,Rotten Apple,0,True,False,False,False,1692910449,36,83,['VRilliant Studios'],['VRilliant Studios'],"['Action', 'Online Co-Op', 'Zombies', 'Adventure', 'Post-apocalyptic', 'Horror', 'VR', 'Action-Adventure', 'Dystopian ', 'Shooter', 'Puzzle', 'Survival', 'FPS', '3D', 'First-Person', 'Survival Horror', '6DOF', 'Combat', ""Shoot 'Em Up"", 'Looter Shooter']",2023-08-24 20:54:09,False,2022–23,4.0,1681,False,14.99,,,,,$10–14.99,3–4
2269950,The Karters 2: Turbo Charged,0,True,False,True,False,1752767462,1047,91,['Pixel Edge Games'],['Pixel Edge Games'],"['Racing', 'Multiplayer', 'Combat Racing', 'Action', 'Singleplayer', 'Split Screen', 'Sports', 'Co-op', 'Cartoony', 'eSports', 'Family Friendly', '3D', 'PvP', 'Combat', 'Local Multiplayer', 'Arcade', 'Local Co-Op', 'Moddable', 'Vehicular Combat', 'Adventure']",2025-07-17 15:51:02,False,2024–25,6.0,1392,False,29.99,31.6,15.65,,,$20+,5–8
2271190,Slayin 2,0,True,False,False,False,1680173956,27,96,['Pixel Licker LLC'],['Pixel Licker LLC'],"['Action RPG', 'Arcade', 'Hack and Slash', 'Colorful', 'Pixel Graphics', '2D', 'Local Co-Op', 'Local Multiplayer', ""1990's"", '1980s', 'Fantasy', 'Action', 'Old School', 'Retro', 'Side Scroller', 'Medieval', 'Combat', 'Co-op', 'Multiplayer', 'Singleplayer']",2023-03-30 10:59:16,False,2022–23,2.0,1140,False,11.99,,,,,$10–14.99,2
2271200,Assault On Proxima,0,True,False,False,False,1741622461,32,81,['indie.io'],['Delta Video Games'],"['FPS', 'Sci-fi', 'Shooter', ""Shoot 'Em Up"", 'Arena Shooter', 'Co-op', 'Online Co-Op', 'PvE', 'PvP', '3D', 'Stylized', 'First-Person', 'Third Person', 'Cyberpunk', 'Action', 'Team-Based', 'Cartoony', 'Colorful', 'Military', 'Space']",2025-03-10 16:01:01,False,2024–25,5.0,3282,True,9.99,,,,,$5–9.99,5–8
2271300,Safehouse,0,True,False,True,False,1674374512,11,100,['Gecco Studio Games'],['Gecco Studio Games'],"['Action', 'Shooter', 'Top-Down Shooter', '3D', 'Stylized', 'Top-Down', 'Crime', 'Character Customization', 'Combat', 'PvP', 'Early Access', 'Indie', 'Team-Based', 'Co-op', 'Multiplayer', 'Social Deduction', 'Online Co-Op']",2023-01-22 08:01:52,False,2022–23,5.0,2869,False,5.99,,,,,$5–9.99,5–8
2272430,Mayhem Heroes,0,True,False,False,False,1676028320,14,85,['Lucky Raccoon Games'],['Lucky Raccoon Games'],"['Casual', 'Fighting', 'Multiplayer', 'Fantasy', 'Local Multiplayer', 'Action', 'Combat', 'Controller', 'Local Co-Op', 'Singleplayer', 'Indie', 'PvP', '4 Player Local', 'Arcade', '3D Fighter', 'Family Friendly', 'Competitive', 'Co-op', 'Colorful', 'Wrestling']",2023-02-10 11:25:20,False,2022–23,5.0,2384,False,3.99,,,,,до $5,5–8
2272540,FBC: Firebreak,0,True,False,False,False,1750154635,1994,65,['Remedy Entertainment'],['Remedy Entertainment'],"['Co-op', 'FPS', 'PvE', 'Class-Based', 'Action-Adventure', 'Action', 'Atmospheric', 'Dark Humor', 'Sci-fi', 'First-Person', 'Shooter', 'Supernatural', 'Surreal', 'Lore-Rich', 'Funny', 'Exploration', 'Horror', 'Zombies', '3D', 'Multiplayer']",2025-06-17 10:03:55,False,2024–25,3.0,2147,False,19.99,19.9,5.25,,,$15–19.99,3–4
2273110,DUNJUNGUY,0,True,False,True,False,1723323600,1,100,"['Aga Pito Studios, LLC']","['Aga Pito Studios, LLC']","['Hand-drawn', 'Dungeon Crawler', 'Local Co-Op', '2.5D', 'Bullet Hell', 'Split Screen', 'Medieval', 'Colorful', 'Procedural Generation', 'Action Roguelike', 'Action RPG', 'Top-Down', 'Fantasy', 'Adventure', 'RPG', 'Atmospheric', 'Action', 'Local Multiplayer', 'Action-Adventure', 'Controller']",2024-08-10 21:00:00,False,2024–25,5.0,1856,False,5.99,,,,,$5–9.99,5–8
2275020,Backrooms Rec.,0,True,False,True,False,1709737219,1835,68,['Liminal Logic'],['Liminal Logic'],"['Multiplayer', 'Online Co-Op', 'Horror', 'Survival Horror', 'Choose Your Own Adventure', 'FPS', 'First-Person', 'Local Multiplayer', 'Psychological Horror', 'Action-Adventure', '3D', 'Co-op', 'Atmospheric', 'Team-Based', 'Realistic', 'Action', 'Nonlinear', 'Adventure', 'Singleplayer', 'Early Access']",2024-03-06 15:00:19,False,2024–25,6.0,2112,False,6.99,66.3,4.25,,,$5–9.99,5–8
2275920,Energy Fighters,0,True,False,False,False,1706832881,10,100,['Paul Connor'],['Paul Connor'],"['Action', ""Shoot 'Em Up"", 'Shooter', 'Sci-fi', '2.5D', 'Co-op', 'Side Scroller', 'Arcade', 'Bullet Hell', '3D', 'Stylized', 'Colorful', 'Score Attack', 'Space', 'War', 'Robots', 'Artificial Intelligence', 'Retro', 'Futuristic', 'Combat']",2024-02-02 00:14:41,False,2024–25,,3472,True,9.99,,,,,$5–9.99,не указано
2276840,Quiz Quest,0,True,False,False,False,1758214992,13,76,['Quiztal Games Limited'],['Quiztal Games Limited'],"['Casual', 'Team-Based', 'Story Rich', 'Multiple Endings', 'Family Friendly', 'Colorful', 'Comedy', 'Co-op', 'Party', 'Multiplayer', 'Trivia', 'Puzzle', 'Choose Your Own Adventure', 'Funny', 'Cartoon', '2D', 'Fantasy', 'Word Game', 'Parody ', 'Choices Matter']",2025-09-18 17:03:12,False,2024–25,6.0,1643,True,4.99,,,,,до $5,5–8
2278360,The Good Colony,0,True,False,True,False,1756938559,4,50,['brydel'],['brydel'],"['Exploration', 'Action-Adventure', '3D', 'First-Person', 'Horror', 'Psychological Horror', 'Action', 'Procedural Generation', 'Detective', 'Stylized', 'Sci-fi', 'Stealth', 'Atmospheric', 'Investigation', 'Mystery', 'Adventure', 'Survival', 'Futuristic', 'Multiplayer', 'Online Co-Op']",2025-09-03 22:29:19,False,2024–25,,981,True,7.99,,,,,$5–9.99,не указано
2279450,GoobnBalloonsDX,0,True,False,False,False,1726113625,15,100,"['IconicArtsLLP', 'Nejcraft']",['IconicArtsLLP'],"['Action', 'Arcade', 'Score Attack', 'Hand-drawn', ""Shoot 'Em Up"", 'Casual', 'Shooter', 'Local Co-Op', 'Co-op', 'Twin Stick Shooter', 'Retro', '2D', 'Cartoony', 'Colorful', 'Cute', 'Bullet Hell', 'Relaxing', 'Stylized', 'Singleplayer', 'Sci-fi']",2024-09-12 04:00:25,False,2024–25,,1503,False,9.99,,,,,$5–9.99,не указано
2281200,Polygone,0,True,False,True,False,1679423606,9,22,['MikeTheTech'],['MikeTheTech'],"['Zombies', 'Online Co-Op', 'Multiplayer', 'Post-apocalyptic', 'FPS', 'First-Person', 'Co-op', 'Shooter', 'Looter Shooter', 'Third-Person Shooter', 'PvE', 'Survival', 'Tactical', 'Strategy', 'Stylized', 'Arena Shooter', 'Third Person', 'Cyberpunk', 'Action', 'Controller']",2023-03-21 18:33:26,False,2022–23,5.0,737,False,9.99,,,,,$5–9.99,5–8
2281610,Scrappage,0,True,False,False,False,1677323023,72,77,['Geekspree'],['Geekspree'],"['Action Roguelike', 'Bullet Heaven', 'Bullet Hell', 'Twin Stick Shooter', 'Local Co-Op', 'Perma Death', 'Loot', 'Character Customization', 'Procedural Generation', 'Shooter', 'Roguelike', '3D', 'Top-Down', 'Post-apocalyptic', 'Controller', 'Action', 'Realistic', 'Dystopian ', 'Roguelite', 'Local Multiplayer']",2023-02-25 11:03:43,False,2022–23,,1529,False,4.99,,,,,до $5,не указано
2282350,La Quimera,0,True,False,True,False,1746628378,168,51,['Reburn'],['Reburn'],"['FPS', 'Shooter', 'First-Person', 'Co-op', 'Singleplayer', 'Co-op Campaign', 'Online Co-Op', 'Atmospheric', 'Sci-fi', 'Story Rich', 'Lore-Rich', 'Futuristic', 'Action', 'Dystopian ', 'Gun Customization', 'Thriller', 'Realistic', 'Cinematic', 'Mystery', 'PvE']",2025-05-07 14:32:58,False,2024–25,3.0,2321,False,29.99,13.4,4.1,,,$20+,3–4
2282740,BATSUGUN Saturn Tribute Boosted,0,True,False,False,False,1684940423,34,91,['CITY CONNECTION'],"['CITY CONNECTION', 'Toaplan']","['Action', 'Arcade', 'Shooter', ""Shoot 'Em Up"", 'Bullet Hell', '2D Platformer', '2D', 'Pixel Graphics', 'Top-Down', ""1990's"", 'Sci-fi', 'Retro', 'War', 'Futuristic', 'Controller', 'Singleplayer', 'Multiplayer', 'Local Multiplayer', 'Local Co-Op', 'Co-op']",2023-05-24 15:00:23,False,2022–23,,2407,False,19.99,,,,,$15–19.99,не указано
2283120,ソウエンノイセキ,0,True,False,False,False,1675433268,2,50,['Max Neet Games'],['Max Neet Games'],"['Adventure', 'Puzzle', 'Visual Novel', 'Point & Click', 'Exploration', 'Choose Your Own Adventure', '2D', 'Cute', 'Anime', 'Fantasy', 'Medieval', 'Loot', 'Funny', 'Magic', 'Dialogue Heavy', 'Story Rich', 'Online Co-Op', 'Indie']",2023-02-03 14:07:48,False,2022–23,,560,False,4.99,,,,,до $5,не указано
2283380,Charrua Soccer - Pro Edition,0,True,False,False,False,1693003795,102,86,['BATOVI Games'],['BATOVI Games'],"['Arcade', 'Football (Soccer)', 'Anime', 'Action', 'Cartoon', 'Sports', 'eSports', 'Horror', 'Parody ', 'PvE', 'PvP', 'Character Customization', '3D', 'Funny', 'Controller', 'Casual', 'Co-op', 'Party', 'Multiplayer', 'Simulation']",2023-08-25 22:49:55,False,2022–23,4.0,2122,False,11.99,47.4,7.75,,,$10–14.99,3–4
2283410,CTHULOOT,0,True,False,False,False,1744641480,33,84,['TyGAMES'],"['Pixelnest Studio', 'Headbang Club']","['Co-op Campaign', 'Local Co-Op', 'Arcade', 'Top-Down', 'Casual', 'Team-Based', 'Local Multiplayer', 'Physics', 'Funny', 'Cute', 'Lovecraftian', 'Dungeon Crawler', '3D', 'Puzzle Platformer', 'Co-op', 'Controller', 'Linear', 'Action-Adventure', 'Action', '4 Player Local']",2025-04-14 14:38:00,False,2024–25,4.0,1075,True,14.99,,,,,$10–14.99,3–4
2283870,The Backrooms Experiment,0,True,False,True,False,1678924380,57,54,['Efe Mert'],['Efe Mert'],"['Adventure', 'Walking Simulator', '3D', 'First-Person', 'Realistic', 'Early Access', 'Indie', 'Thriller', 'Survival Horror', 'Psychological Horror', 'Perma Death', 'Nonlinear', 'Dialogue Heavy', 'Co-op', 'Multiplayer', 'Singleplayer', 'Online Co-Op']",2023-03-15 23:53:00,False,2022–23,,1381,False,7.99,,,,,$5–9.99,не указано
2283880,Shoulders of Giants: Ultimate,0,True,False,False,False,1723471566,109,82,['Moving Pieces Interactive'],['Moving Pieces Interactive'],"['Action', 'Action Roguelike', 'Roguelike', 'Online Co-Op', 'Roguelite', '3D', 'Sci-fi', 'Space', 'Atmospheric', 'PvE', 'Combat', 'Co-op', 'RPG', 'Multiplayer', 'Singleplayer', 'Mechs', 'Robots', 'Procedural Generation', 'Looter Shooter', 'Third-Person Shooter']",2024-08-12 14:06:06,False,2024–25,4.0,1519,False,19.99,16.2,9.45,,,$15–19.99,3–4
2284460,TraumaCore Violence,0,True,False,False,False,1683439259,153,97,['Discade Project'],['Discade Project'],"['Action', '2D Fighter', 'Arcade', '2D Platformer', 'Spectacle fighter', 'Side Scroller', '2D', 'Abstract', 'Cartoony', 'Pixel Graphics', 'Psychedelic', 'Stylized', 'Dark', 'LGBTQ+', 'Psychological Horror', 'Surreal', 'Combat', 'Controller', 'PvE', 'Co-op']",2023-05-07 06:00:59,False,2022–23,2.0,1675,False,2.99,53.3,2.3,,,до $5,2
2284640,METEOR COMMANDER,0,True,False,False,False,1674775712,2,0,['Propulsion Studios'],['Propulsion Studios'],"['Action', 'Casual', 'Arcade', 'Shooter', ""Shoot 'Em Up"", 'Top-Down Shooter', '2D', '3D', 'Top-Down', 'Aliens', 'Flight', 'Old School', 'Retro', 'Sci-fi', 'Space', 'Combat', 'Physics', 'Co-op', 'Singleplayer', 'Multiplayer']",2023-01-26 23:28:32,False,2022–23,,3375,False,0.99,,,,,до $5,не указано
2286280,Spacepunk Survival,0,True,False,False,False,1738875724,13,84,['Nejcraft'],['Tavern Tale Studio'],"['Boomer Shooter', 'FPS', ""1990's"", 'Retro', 'Shooter', 'First-Person', ""Shoot 'Em Up"", 'Old School', 'Action', 'Fast-Paced', 'Online Co-Op', 'Combat', 'Multiplayer', 'Singleplayer', 'Atmospheric', 'Survival', 'Horror', 'Aliens', 'Sci-fi', 'Dark']",2025-02-06 21:02:04,False,2024–25,,1148,True,9.99,,,,,$5–9.99,не указано
2287000,NINJA KIDZ: TIME MASTERS,0,True,False,False,False,1695938539,4,75,"['Selecta Play', 'Plug In Digital']",['Selecta Play'],"['Action', 'Adventure', 'Action-Adventure', '3D Fighter', ""Beat 'em up"", 'Side Scroller', '3D', 'Colorful', 'Martial Arts', 'Sci-fi', 'Funny', 'Fantasy', 'Ninja', 'PvP', 'Combat', 'Linear', 'Gun Customization', 'Character Customization', 'Female Protagonist', 'Co-op']",2023-09-28 22:02:19,False,2022–23,4.0,2170,False,19.99,,,,,$15–19.99,3–4
2288070,The Ninja Saviors: Return of the Warriors,0,True,False,False,False,1690246828,437,91,[' TAITO CORP.'],['Winning Entertainment Group Inc.'],"['Action', 'Ninja', 'Pixel Graphics', ""1990's"", 'Arcade', '2D', 'Side Scroller', 'Multiplayer', 'Time Attack', 'Hand-drawn', 'Dystopian ', 'Mechs', 'Robots', 'Futuristic', 'Controller', 'Local Multiplayer', 'Co-op', 'Singleplayer', '2D Platformer', ""Beat 'em up""]",2023-07-25 01:00:28,False,2022–23,2.0,1937,False,19.99,44.7,6.95,,,$15–19.99,2
2290000,TerraScape,0,True,False,False,False,1721217834,2071,88,"['Stray Fawn Publishing', 'Sidekick Publishing']",['Bitfall Studios'],"['Turn-Based Strategy', 'Puzzle', 'Board Game', 'Medieval', 'Deckbuilding', 'Procedural Generation', 'Hex Grid', 'City Builder', 'Multiplayer', 'Relaxing', 'Online Co-Op', 'Resource Management', 'Strategy', 'PvP', 'Logic', 'Family Friendly', 'Replay Value', 'Co-op', 'Casual', 'Isometric']",2024-07-17 12:03:54,False,2024–25,4.0,3325,False,14.99,32.5,17.3,,,$10–14.99,3–4
2290210,Sausage Wars,0,True,False,False,False,1716204218,20,85,"['QubicGames', 'Gamersky Games']",['CrazyLabs'],"['PvP', 'Casual', '3D Fighter', '3D', 'Split Screen', 'Top-Down', 'Funny', 'Cartoony', 'Combat', 'Local Co-Op', 'Local Multiplayer', 'Singleplayer']",2024-05-20 11:23:38,False,2024–25,4.0,1206,False,4.99,,,,,до $5,3–4
2290360,Targets,0,True,False,False,False,1676237663,1,100,['OliDo Games'],['Blitzwood'],"['Adventure', 'Action', 'Casual', 'Action-Adventure', 'Shooter', 'Puzzle', 'FPS', 'Stylized', 'First-Person', 'Atmospheric', 'Logic', 'Open World', 'Singleplayer', '3D', 'Family Friendly', 'PvE', 'Split Screen', 'Co-op', 'Local Co-Op', 'Local Multiplayer']",2023-02-12 21:34:23,False,2022–23,2.0,1568,False,2.99,,,,,до $5,2
2290500,Flee the Backrooms,0,True,False,True,False,1720660874,14,64,['mikolus'],['mikolus'],"['Casual', 'Survival Horror', 'Indie', 'Early Access', 'Pixel Graphics', 'Multiplayer', 'Online Co-Op', 'Atmospheric', 'Horror', 'Co-op', 'Strategy', 'Top-Down', 'Stealth', 'Action', 'Team-Based', 'PvP', 'Retro', 'Psychological Horror', 'Funny', ""1990's""]",2024-07-11 01:21:14,False,2024–25,,854,False,3.59,,,,,до $5,не указано
2291060,EARTH DEFENSE FORCE 6,0,True,False,False,False,1721890800,6245,69,['D3PUBLISHER'],['SANDLOT'],"['Action', 'Third-Person Shooter', 'Shooter', 'Online Co-Op', 'Sci-fi', '3D', 'PvE', 'Singleplayer', 'Multiplayer', 'Co-op', 'Local Co-Op', 'Local Multiplayer', 'Gore', 'Violent', 'Mechs', 'Anime', 'Aliens', 'Military', 'Robots', 'Arcade']",2024-07-25 07:00:00,False,2024–25,4.0,1724,False,59.99,13.0,58.05,,,$20+,3–4
2292180,Celestial Force: Magical Mayhem,0,True,False,True,False,1697730761,18,100,['Mew Mew Media'],['Mew Mew Media'],"[""Beat 'em up"", 'Arcade', '2D Fighter', 'Female Protagonist', 'Comic Book', 'Multiple Endings', 'Anime', 'Local Co-Op', 'Co-op Campaign', 'Action', 'Hand-drawn', 'Magic', 'Singleplayer', 'PvE', '2D', 'Controller', 'Spectacle fighter', 'Colorful', 'Aliens', 'Co-op']",2023-10-19 15:52:41,False,2022–23,,1474,False,7.99,,,,,$5–9.99,не указано
2292740,In & Out Alive,0,True,False,True,False,1677797603,0,0,['Kordsky'],['Kordsky'],"['Action', 'Adventure', 'Point & Click', 'Action-Adventure', 'Shooter', 'FPS', 'Exploration', '3D', 'First-Person', 'Horror', 'Mystery', 'Demons', 'Zombies', 'PvE', 'PvP', 'Female Protagonist', 'Online Co-Op', 'Singleplayer', 'Multiplayer', 'Early Access']",2023-03-02 22:53:23,False,2022–23,,2819,False,2.99,,,,,до $5,не указано
2294280,Backrooms Cycle,0,True,False,True,False,1689430071,23,65,['Sweepy Games'],['Sweepy Games'],"['Survival Horror', 'Horror', 'First-Person', 'Shooter', 'Dark', '3D', 'Singleplayer', 'Adventure', 'Action-Adventure', 'FPS', 'Indie', 'Choices Matter', 'Psychological Horror', 'Exploration', 'Action', 'Early Access', 'Loot', 'Multiplayer', 'Online Co-Op', 'Co-op']",2023-07-15 14:07:51,False,2022–23,,992,False,9.99,,,,,$5–9.99,не указано
2294550,Hellcome,0,True,False,False,False,1717088584,15,60,['Game Dev Garage'],['Game Dev Garage'],"['Multiplayer', 'Quick-Time Events', 'Top-Down', 'Shooter', 'Survival', ""Shoot 'Em Up"", 'Bullet Hell', 'Action Roguelike', 'Arena Shooter', 'Zombies', 'PvP', 'Top-Down Shooter', 'Roguelite', 'Arcade', 'Isometric', 'Online Co-Op', 'Roguelike', 'Action', '3D', 'Singleplayer']",2024-05-30 17:03:04,False,2024–25,,1136,True,6.99,,,,,$5–9.99,не указано
2295610,Abathor,0,True,False,False,False,1721922767,334,88,['JanduSoft'],['Pow Pixel Games'],"['Platformer', 'Pixel Graphics', '2D', 'Action', 'Indie', 'Retro', 'Difficult', 'Side Scroller', 'Adventure', 'Souls-like', '2D Platformer', 'Multiplayer', 'Co-op', 'Local Co-Op', 'Funny', 'Singleplayer', 'Precision Platformer', 'Old School', 'Hack and Slash', 'Local Multiplayer']",2024-07-25 15:52:47,False,2024–25,4.0,1664,False,14.99,41.9,6.8,,,$10–14.99,3–4
2296880,Quiet Soul,0,True,False,False,False,1682522582,1,0,['Dovydas Dalinkevicius'],['Dovydas Dalinkevicius'],"['Action', 'Adventure', 'Action-Adventure', 'Puzzle', '3D', 'First-Person', 'Dark', 'Horror', 'Hunting', 'Mystery', 'Survival Horror', 'Gore', 'Violent', 'PvE', 'Co-op', 'Online Co-Op', 'Multiplayer', 'Singleplayer']",2023-04-26 15:23:02,False,2022–23,5.0,2353,False,14.99,,,,,$10–14.99,5–8
2296990,We Were Here Expeditions: The FriendShip,0,True,False,False,False,1694692800,3996,81,['Total Mayhem Games'],['Total Mayhem Games'],"['Co-op', 'Puzzle', 'Online Co-Op', 'Multiplayer', 'Adventure', 'Casual', 'Emotional', 'Atmospheric', 'First-Person', '3D', 'Cute', 'Team-Based', 'Mystery', 'Controller', 'Story Rich', 'Multiple Endings', 'Linear', 'Asynchronous Multiplayer', 'Indie', 'Horror']",2023-09-14 12:00:00,False,2022–23,,2015,False,3.99,68.2,3.0,,,до $5,не указано
2297160,Lightballs,0,True,False,False,False,1682673725,0,0,['Halit Yaşar Aydoğdu'],['Halit Yaşar Aydoğdu'],"['Sports', 'Casual', 'MOBA', 'Billiards', 'PvP', 'Tabletop', '2D', 'Cute', 'Minimalist', 'Colorful', 'Physics', 'Indie', 'Multiplayer', 'Local Co-Op', 'Top-Down', 'Comedy', 'Cartoony']",2023-04-28 09:22:05,False,2022–23,2.0,246,False,0.99,,,,,до $5,2
2297240,Cartoon Rage,0,True,False,False,False,1689382579,10,90,['BarCoffee Studio'],['BarCoffee Studio'],"['2D Platformer', 'Multiplayer', 'Cute', 'Party Game', 'Online Co-Op', 'Puzzle Platformer', 'Funny', 'Puzzle', 'Platformer', 'Arcade', 'Action-Adventure', '2D', 'Relaxing', 'Controller', 'Casual', 'Linear', 'Colorful', 'Hand-drawn', 'Stylized', 'Fantasy']",2023-07-15 00:56:19,False,2022–23,9.0,632,True,2.99,,,,,до $5,9+
2298950,Flying Tank,0,True,False,False,False,1733498071,97,86,['Hexage'],['Hexage'],"['Side Scroller', 'Local Co-Op', 'Co-op', 'Bullet Hell', 'Hand-drawn', 'Anime', 'Post-apocalyptic', 'Dystopian ', 'Action', 'Bullet Time', 'Action Roguelike', 'Shooter', 'Aliens', 'Sci-fi', 'Controller', 'Local Multiplayer', 'Multiplayer', 'Singleplayer', 'Soundtrack', 'Indie']",2024-12-06 15:14:31,False,2024–25,,1349,False,14.99,,,,,$10–14.99,не указано
2298990,Web Crawlies {Multiplayer},0,True,False,False,False,1676016919,3,66,['Archor Games'],['Archor Wright'],"['Action', 'Shooter', 'Looter Shooter', '3D', 'Post-apocalyptic', 'PvP', 'Co-op', 'Online Co-Op', 'Indie', 'Multiplayer']",2023-02-10 08:15:19,False,2022–23,,2704,False,0.99,,,,,до $5,не указано
2299650,Gods From The Abyss,0,True,False,False,False,1677879311,2,50,['Ars Creativa'],['Ars Creativa'],"['Indie', 'Martial Arts', 'Arcade', '2.5D', 'Side Scroller', 'Lovecraftian', 'Horror', 'Swordplay', 'Action', 'Dark Fantasy', 'Demons', 'Dark', 'Supernatural', 'Combat', 'Co-op', 'Local Co-Op', 'Local Multiplayer', 'Multiplayer', 'Singleplayer', 'Gore']",2023-03-03 21:35:11,False,2022–23,2.0,627,True,7.99,,,,,$5–9.99,2
2300520,Infernal Elements,0,True,False,False,False,1715976048,11,100,['JustMakeGames'],['JustMakeGames'],"['Bullet Hell', 'Action', 'Boss Rush', 'Demons', 'Indie', 'Difficult', 'Adventure', 'Pixel Graphics', 'Fast-Paced', 'Action-Adventure', 'Controller', 'Singleplayer', 'Local Co-Op']",2024-05-17 20:00:48,False,2024–25,,864,True,9.99,,,,,$5–9.99,не указано
2301500,Paper Planes,0,True,False,True,False,1736080286,1,100,['Creekside Interactive'],['Creekside Interactive'],"['Battle Royale', 'Arcade', 'Combat', 'PvP', 'Flight', 'Wargame', 'Military', 'Nature', '3D', 'Third Person', 'Controller', 'Action', 'Simulation', 'Vehicular Combat', 'Cartoony', 'Colorful', 'Stylized', 'Destruction', 'Co-op', 'Multiplayer']",2025-01-05 12:31:26,False,2024–25,,2966,True,9.99,,,,,$5–9.99,не указано
2303450,Holua's Arcades,0,True,False,False,False,1693580475,18,77,['IMGN.PRO'],['Raven Travel Studios'],"['Action', 'Arcade', ""Beat 'em up"", ""Shoot 'Em Up"", 'Bullet Hell', 'Precision Platformer', 'Score Attack', '2D Platformer', 'Pixel Graphics', 'Stealth', 'Heist', 'Retro', 'Ninja', ""1990's"", '1980s', 'Local Co-Op', 'Side Scroller', 'Difficult', 'Singleplayer', 'Indie']",2023-09-01 15:01:15,False,2022–23,,2871,False,4.99,,,,,до $5,не указано
2303720,Multiplayer Cowboys,0,True,False,False,False,1676374882,60,83,['Archor Games'],['Archor Wright'],"['Action', 'Action-Adventure', 'Looter Shooter', '3D', 'Western', 'Multiplayer', 'Dialogue Heavy', 'Co-op', 'Online Co-Op', 'Singleplayer']",2023-02-14 11:41:22,False,2022–23,,2141,False,0.99,,,,,до $5,не указано
2305840,Cat Quest III,0,True,False,False,False,1723100509,3124,94,['Kepler Interactive'],['The Gentlebros'],"['Action', 'Adventure', 'Local Co-Op', 'Action RPG', 'Cats', 'Exploration', 'Cute', 'Pirates', 'Character Customization', '2.5D', 'Open World', 'Combat', 'Cartoon', 'Colorful', 'Singleplayer', 'Family Friendly', 'Isometric', 'Fantasy', 'Loot', 'Funny']",2024-08-08 07:01:49,False,2024–25,,2085,True,19.99,28.8,11.850000000000001,2328142.0,745.0,$15–19.99,не указано
2306020,Limbs,0,True,False,False,False,1730391907,62,70,['Umlaut'],"['Moritz Göldi', 'Dominik Würsch']","['Puzzle', 'Difficult', 'Physics', 'Local Multiplayer', 'Logic', 'Funny', 'Puzzle Platformer', 'Controller', 'Comedy', 'Medieval', 'Adventure', 'Local Co-Op', 'Colorful', 'Casual', 'Singleplayer', 'Multiplayer', '2.5D', 'Indie', 'Co-op', 'Team-Based']",2024-10-31 16:25:07,False,2024–25,2.0,1273,True,4.99,,,,,до $5,2
2306160,MULTIPLAYER KNIGHTS,0,True,False,False,False,1676534654,25,72,['Archor Games'],['Archor Wright'],"['Adventure', '3D Fighter', 'Hack and Slash', '3D', 'Medieval', 'PvP', 'Co-op', 'Multiplayer', 'Online Co-Op', 'Singleplayer']",2023-02-16 08:04:14,False,2022–23,,2199,False,0.99,,,,,до $5,не указано
2306710,Enigma Manor,0,True,False,True,False,1686844857,24,62,['Necroactive'],['Necroactive'],"['Horror', 'Survival Horror', 'Psychological Horror', 'Co-op', 'Action', 'Online Co-Op', 'Multiplayer', 'Puzzle', 'Shooter', 'FPS', 'First-Person', 'Atmospheric', 'Dark', 'Zombies', 'Demons', 'Supernatural', 'Mystery', 'Indie', 'Thriller', 'Early Access']",2023-06-15 16:00:57,False,2022–23,4.0,2040,False,9.99,,,,,$5–9.99,3–4
2307760,Bedrock High,0,True,False,False,False,1678465196,0,0,['James C Gray'],['James C Gray'],"[""Beat 'em up"", 'Action RPG', 'Action-Adventure', 'Dark Comedy', 'Dark Humor', 'Action', 'Nonlinear', 'Story Rich', 'Colorful', 'Adventure', 'Pixel Graphics', 'Mystery', 'Cartoon', 'Old School', 'Combat', 'Local Co-Op', 'Singleplayer', 'RPG']",2023-03-10 16:19:56,False,2022–23,,1585,False,4.99,,,,,до $5,не указано
2308110,Bug Riders,0,True,False,False,False,1721136251,3,33,"['Piko Interactive LLC', 'Bleem.net']","['NSPACE', 'Piko Interactive LLC']","['Racing', 'Combat Racing', 'Action', 'Arcade', '3D', 'Comic Book', 'Dinosaurs', 'Dragons', 'Vehicular Combat', 'Fantasy', ""1990's"", 'Old School', 'Retro', 'Singleplayer', 'Local Co-Op']",2024-07-16 13:24:11,False,2024–25,,603,False,12.99,,,,,$10–14.99,не указано
2309400,The Devourer: Hunted Souls,0,True,False,True,False,1698328830,507,78,['ZTEK Studio'],['ZTEK Studio'],"['Horror', 'Psychological Horror', 'Survival Horror', 'Puzzle', 'Online Co-Op', 'Co-op', 'Atmospheric', 'Investigation', 'First-Person', 'Lovecraftian', 'Story Rich', 'Supernatural', 'Multiplayer', 'Exploration', 'Co-op Campaign', 'VR', 'Realistic', 'Adventure', 'Singleplayer', 'Action']",2023-10-26 14:00:30,False,2022–23,5.0,1763,True,9.99,33.8,3.6500000000000004,,,$5–9.99,5–8
2310810,Tents and Trees,0,True,False,False,False,1713941507,42,90,['Frozax Games'],['Frozax Games'],"['Puzzle', 'Cozy', 'Relaxing', 'Cute', 'Logic', 'Nature', 'Casual', 'Colorful', '2D', 'Stylized', '4 Player Local', 'Singleplayer', 'Family Friendly', 'Solitaire', 'Minimalist', 'Tutorial', 'Co-op', 'Local Co-Op', 'Multiplayer', 'Local Multiplayer']",2024-04-24 06:51:47,False,2024–25,4.0,1423,True,9.99,,,,,$5–9.99,3–4
2312160,Frogun Encore,0,True,False,False,False,1719327623,107,89,"['Top Hat Studios, Inc.', 'CouchPlay Interactive']",['Molegato'],"['Action', 'Adventure', 'Casual', 'Action-Adventure', 'Platformer', '3D Platformer', 'Precision Platformer', '3D', 'Cartoon', 'Cartoony', 'Cute', 'Pixel Graphics', 'Third Person', 'Family Friendly', 'Funny', 'Retro', 'Female Protagonist', 'Physics', 'Co-op', 'Local Co-Op']",2024-06-25 15:00:23,False,2024–25,,2048,True,12.99,27.0,6.2,,,$10–14.99,не указано
2313160,Hodgepodge Hunch,0,True,False,False,False,1700047849,141,93,['Waku Waku Games'],['uracon'],"['Social Deduction', 'Multiplayer', 'Co-op', 'Singleplayer', 'PvP', 'Deckbuilding', 'Funny', 'Survival', 'Party Game', 'Roguelike', 'Investigation', 'Detective', 'Psychological', 'Casual', 'Top-Down', 'Controller', 'Card Game', 'Collectathon', 'Pixel Graphics', 'Mystery']",2023-11-15 11:30:49,False,2022–23,4.0,2864,False,4.99,45.7,3.3,,,до $5,3–4
2313180,El Panadero -The Baker-,0,True,False,False,False,1702024901,21,100,['Sketchy Ceviche'],['Sketchy Ceviche'],"['Side Scroller', '2D Platformer', 'Platformer', 'Arcade', '2D', 'Surreal', 'Funny', 'Dark Comedy', 'Linear', 'Controller', 'Action', 'Cartoony', 'Colorful', 'Hand-drawn', 'Sci-fi', 'Comedy', 'Cartoon', 'Aliens', 'Old School', 'Local Co-Op']",2023-12-08 08:41:41,False,2022–23,,1171,True,6.99,,,,,$5–9.99,не указано
2315590,KitBashers 2  [Multiplayer],0,True,False,False,False,1677139358,2,50,['Archor Games'],['Archor Wright'],"['Action', '3D Fighter', 'Looter Shooter', '3D', 'Aliens', 'PvP', 'Co-op', 'Multiplayer', 'Online Co-Op']",2023-02-23 08:02:38,False,2022–23,,1636,False,0.99,,,,,до $5,не указано
2317870,WorldWide Warfare League of Cities,0,True,False,False,False,1679384705,1,0,['VR Byen'],['VR Byen Studios'],"['Action', '3D', 'Singleplayer', 'Action-Adventure', 'FPS', 'First-Person', 'Third Person', 'Historical', 'War', 'Military', 'Combat', 'Adventure', 'Casual', 'Multiplayer', 'Co-op', 'Local Co-Op', 'Local Multiplayer', 'Online Co-Op']",2023-03-21 07:45:05,False,2022–23,,879,False,0.99,,,,,до $5,не указано
2318480,Last Train Outta' Wormtown,0,True,False,False,False,1737135581,1453,96,['Get(Color) Games'],['Get(Color) Games'],"['Action', '3D Platformer', 'Platformer', '3D', 'Cartoony', 'Colorful', 'Cute', 'First-Person', 'Third Person', 'Comedy', 'Destruction', 'Parkour', 'Survival', 'Underground', 'Western', 'Multiplayer', 'Character Customization', 'Online Co-Op', 'PvP', 'Physics']",2025-01-17 17:39:41,False,2024–25,16.0,1809,False,11.99,8.9,5.35,,,$10–14.99,9+
2318880,Pogo Girlfriend 👧🏼,0,True,False,False,False,1710534692,18,94,"[""Jofer's Games""]","[""Jofer's Games""]","['Online Co-Op', 'Racing', 'Multiplayer', 'Precision Platformer', '2D Platformer', 'Parkour', 'Skating', 'Difficult', 'Platformer', 'Action-Adventure', 'Cute', 'Lore-Rich', 'Story Rich', 'Psychological Horror', 'Time Attack', 'Action', 'Pixel Graphics', 'Score Attack', 'Physics', 'Replay Value']",2024-03-15 20:31:32,False,2024–25,,917,False,0.99,,,,,до $5,не указано
2320860,We Will Get revenge,0,True,False,True,False,1681500729,9,100,['VhanJadeStudios'],['VhanJadeStudios'],"['Action', 'Roguelike', 'Roguelite', 'Bullet Hell', ""Shoot 'Em Up"", 'Choices Matter', 'Action Roguelike', 'Local Co-Op', '2D', 'Co-op Campaign', 'Sci-fi', 'Space', 'Aliens', 'Futuristic', 'Post-apocalyptic', 'Twin Stick Shooter', 'Multiple Endings', 'Procedural Generation', 'PvE', 'Gun Customization']",2023-04-14 19:32:09,False,2022–23,,4808,True,6.99,,,,,$5–9.99,не указано
2321250,A Corgi's Cozy Hike,0,True,False,False,False,1756571775,63,100,['Scalisco'],['Scalisco'],"['Relaxing', 'Exploration', '3D Platformer', 'Local Co-Op', 'Family Friendly', 'Collectathon', 'Adventure', 'Platformer', 'Dogs', 'Wholesome', 'Casual', 'Cute', 'Colorful', 'Short', 'Sandbox', '3D', 'Open World', 'Cozy', 'Singleplayer', 'Local Multiplayer']",2025-08-30 16:36:15,False,2024–25,,2785,False,19.99,,,,,$15–19.99,не указано
2321940,Sorrowful Night,0,True,False,True,False,1683649230,0,0,['Butterfly Effect - Games Studio'],['Butterfly Effect - Games Studio'],"['Action', 'Indie', 'Early Access', 'Co-op', 'Multiplayer', 'Survival Horror', 'Stealth', 'Third Person', 'Survival']",2023-05-09 16:20:30,False,2022–23,,1660,False,19.99,,,,,$15–19.99,не указано
2322330,Matchbox™ Driving Adventures,0,True,False,False,False,1726819459,16,81,['Outright Games Ltd.'],['Casual Brothers Ltd.'],"['Racing', 'Combat Racing', 'Action', 'Driving', 'Adventure', 'PvP', 'Action-Adventure', 'Character Customization', '3D', 'Controller', 'Family Friendly', 'Multiplayer', 'Singleplayer', 'Local Co-Op', 'Cozy', 'Local Multiplayer']",2024-09-20 08:04:19,False,2024–25,,1874,False,39.99,,,,,$20+,не указано
2323630,Ninja Otedama R　～忍者お手玉R～,0,True,False,False,False,1678351491,0,0,['WINGLAY'],['WINGLAY'],"['Action', 'Casual', 'Platformer', '2D Platformer', 'Side Scroller', '2D', 'Cute', 'Pixel Graphics', 'Ninja', 'Historical', 'Controller', 'Singleplayer', 'Multiplayer', 'Local Multiplayer', 'Local Co-Op', 'Co-op', '4 Player Local']",2023-03-09 08:44:51,False,2022–23,4.0,1070,False,4.99,,,,,до $5,3–4
2324460,Copter Strike VR,0,True,False,False,False,1678366853,0,0,['H Works Interactive'],['H Games'],"['Action', '3D Fighter', 'Arena Shooter', 'Flight', 'Immersive Sim', 'Wargame', 'First-Person', 'War', 'PvP', 'PvE', 'Team-Based', 'Gore', 'Co-op', 'Multiplayer', 'Online Co-Op', 'VR']",2023-03-09 13:00:53,False,2022–23,,1921,False,9.99,,,,,$5–9.99,не указано
2325720,Cyber Mission,0,True,False,False,False,1695649777,27,92,['Gamenergy studio'],['Gamenergy studio'],"['Indie', 'Action', 'Pixel Graphics', '2D', ""Shoot 'Em Up"", 'Arcade', 'Side Scroller', 'Local Co-Op', 'Local Multiplayer', 'Singleplayer', 'Multiplayer', 'Shooter', 'Co-op', 'Team-Based', 'Controller', 'Great Soundtrack']",2023-09-25 13:49:37,False,2022–23,,1043,False,9.99,,,,,$5–9.99,не указано
2327140,Daemonium,0,True,False,True,False,1730364154,5,80,['Steel Feather Studio'],['Steel Feather Studio'],"['Psychological Horror', 'Horror', 'Demons', 'Investigation', 'Online Co-Op', 'Survival Horror', 'Hidden Object', 'Dark', 'First-Person', 'PvE', 'Co-op', 'Stealth', 'Puzzle', 'Thriller', '3D', 'Team-Based', 'Indie', 'Simulation', 'Multiplayer', 'Action']",2024-10-31 08:42:34,False,2024–25,4.0,1116,False,9.99,,,,,$5–9.99,3–4
2328310,CUSTOM MECH WARS,0,True,False,False,False,1702540800,563,41,['D3PUBLISHER'],['D3PUBLISHER'],"['Mechs', 'Character Customization', 'Third-Person Shooter', 'Online Co-Op', 'Funny', 'Action', 'Hack and Slash', 'PvE', 'Shooter', '3D', 'Singleplayer', 'Robots', 'Multiplayer', 'Sci-fi', 'Anime', 'Psychological Horror', 'Tanks', 'Co-op', 'Female Protagonist', 'Life Sim']",2023-12-14 08:00:00,False,2022–23,4.0,1544,False,49.99,5.2,13.6,,,$20+,3–4
2328770,House Sitter Escape Game,0,True,False,False,False,1678867942,11,100,['Émiguéma Studio'],['Émiguéma Studio'],"['Puzzle', 'Escape Room', 'Mystery', 'VR', 'First-Person', 'Co-op', '3D', 'Casual', 'Logic', 'Singleplayer', 'Indie', 'Adventure', 'Hidden Object', 'Sci-fi', 'Investigation', 'Multiplayer']",2023-03-15 08:12:22,False,2022–23,4.0,1222,True,5.99,,,,,$5–9.99,3–4
2329520,Santas Basement,0,True,False,True,False,1681760579,8,37,['zommit games'],['zommit games'],"['Action', 'Casual', 'Exploration', 'Hidden Object', 'Puzzle Platformer', '3D', 'Colorful', 'First-Person', 'Atmospheric', 'Dark', 'Fantasy', 'Horror', 'Mystery', 'Survival Horror', 'Stealth', 'Team-Based', 'Co-op', 'Multiplayer', 'Online Co-Op', 'Singleplayer']",2023-04-17 19:42:59,False,2022–23,,1401,False,2.99,,,,,до $5,не указано
2329660,Desktop Soccer 2,0,True,False,False,False,1680481913,3,66,['SAT-BOX'],['SAT-BOX'],"['Sports', 'Action', 'Football (Soccer)', 'Local Multiplayer', 'Local Co-Op', 'Indie', 'Co-op', '4 Player Local', 'Multiplayer', 'eSports', '3D Platformer', '3D', 'Cute', 'PvP', 'Controller', 'Singleplayer']",2023-04-03 00:31:53,False,2022–23,4.0,1321,False,7.99,,,,,$5–9.99,3–4
2330210,Labrys,0,True,False,False,False,1701269937,47,68,['ETS'],['ETS'],"['Horror', 'Survival Horror', 'Multiplayer', 'Online Co-Op', 'Co-op', 'Survival', 'Violent', 'Gore', 'Team-Based', 'Mythology', 'Procedural Generation', 'PvP', 'Psychological Horror', 'Action', 'Adventure', 'First-Person', 'Realistic', 'Dark', 'Stealth', 'Atmospheric']",2023-11-29 14:58:57,False,2022–23,5.0,1699,False,6.99,,,,,$5–9.99,5–8
2331490,SENTIENT STEEL,0,True,False,False,False,1707525672,8,87,['Etcher'],['Etcher'],"[""Beat 'em up"", 'Platformer', 'Side Scroller', 'Hack and Slash', 'Action', '2D Platformer', 'Combat', 'Local Co-Op', 'Co-op', 'Local Multiplayer', '2.5D', '3D', 'Controller', 'Colorful', 'Stylized', 'Sci-fi', 'Futuristic', 'Modern', 'Multiplayer', 'Singleplayer']",2024-02-10 00:41:12,False,2024–25,2.0,1564,True,9.99,,,,,$5–9.99,2
2334340,Apex Armor Swap Trainer,0,True,False,False,False,1680851780,52,94,['Soulwarmers Games'],['Soulwarmers Games'],"['Battle Royale', 'Shooter', 'FPS', 'Multiplayer', 'Free to Play', 'Hero Shooter', 'PvP', 'Survival', 'Character Customization', 'Cyberpunk', 'First-Person', 'Funny', 'Lore-Rich', 'Action', 'Team-Based', 'Simulation', 'Sci-fi', 'Tactical', 'Cinematic', 'Co-op']",2023-04-07 07:16:20,False,2022–23,,931,False,0.99,,,,,до $5,не указано
2334450,GhostCatcher,0,True,False,True,False,1737165545,45,51,['SilverLuna Rift Games'],['SilverLuna Rift'],"['Horror', 'First-Person', 'Multiplayer', 'Indie', 'Online Co-Op', 'Singleplayer', 'Immersive Sim', 'Thriller', 'Mystery', 'Party-Based RPG', 'Character Customization', 'RPG', 'Puzzle', 'Physics', 'Exploration', 'Adventure', '3D', 'Realistic', 'Psychological Horror', 'Demons']",2025-01-18 01:59:05,False,2024–25,8.0,2120,False,8.99,,,,,$5–9.99,5–8
2335060,Ra Ra BOOM,0,True,False,False,False,1755007032,16,68,['Gylee Games'],['Gylee Games'],"['2.5D', ""Shoot 'Em Up"", 'Post-apocalyptic', 'Robots', 'Hand-drawn', 'Adventure', 'Futuristic', ""1990's"", 'Combat', 'Tutorial', 'RPG', 'Arcade', 'Casual', 'Local Co-Op', 'Side Scroller', 'Hack and Slash', 'Action', '2D', ""Beat 'em up"", 'Female Protagonist']",2025-08-12 13:57:12,False,2024–25,4.0,976,True,19.99,,,,,$15–19.99,3–4
2335340,Asteroids: Multiplayer,0,True,False,False,False,1680152586,1,100,['Irongate Apps'],['Irongate Apps'],"['Action', 'Arcade', 'Team-Based', 'Space', 'Local Co-Op', 'Local Multiplayer', 'Co-op', '2D', 'Multiplayer', '4 Player Local', 'Top-Down Shooter', 'Top-Down', 'Pixel Graphics', '1980s', ""1990's"", 'Old School', 'Retro', 'PvE', 'Physics', 'Singleplayer']",2023-03-30 05:03:06,False,2022–23,,1278,False,2.99,,,,,до $5,не указано
2339320,Nick Jr. Party Adventure,0,True,False,False,False,1728635008,3,100,['Outright Games Ltd.'],['Melbot Studios'],"['Family Friendly', 'Adventure', 'Puzzle', 'Puzzle Platformer', 'Cartoon', 'Cozy', 'Action', 'Colorful', 'Platformer', 'Exploration', 'Cartoony', 'Cute', 'Party', 'Singleplayer', '3D Platformer', '3D', 'Dogs', 'Local Co-Op', 'Local Multiplayer', 'Multiplayer']",2024-10-11 08:23:28,False,2024–25,2.0,1542,False,39.99,,,,,$20+,2
2340640,SNOW BROS. 2 SPECIAL,0,True,False,False,False,1744210858,83,67,['GRAVITY'],['CRT GAMES'],"['Online Co-Op', 'Casual', '2D', 'Arcade', 'Remake', 'Retro', 'Platformer', 'Co-op', 'Local Co-Op', 'Multiplayer', 'Action', 'Cute', 'Controller', '1980s', 'Local Multiplayer', 'Snow', 'Score Attack', 'Puzzle', 'Time Attack', ""1990's""]",2025-04-09 15:00:58,False,2024–25,4.0,1692,True,34.99,,,,,$20+,3–4
2340860,Way of the Bullet,0,True,False,False,False,1732189777,13,100,['Miki Bencz'],['Miki Bencz'],"['Action', 'Roguelite', 'Co-op', 'Procedural Generation', 'Shooter', '3D', 'Colorful', 'Stylized', 'Roguelike', 'Comedy', 'Fantasy', 'Combat', 'Multiplayer', 'Online Co-Op', 'Singleplayer', 'Indie', 'Surreal', 'Third-Person Shooter', 'Third Person', 'PvE']",2024-11-21 11:49:37,False,2024–25,4.0,819,False,9.99,,,,,$5–9.99,3–4
2341640,Our Summer Festival,0,True,False,False,False,1680482004,5,60,['SAT-BOX'],['SAT-BOX'],"['Multiplayer', 'Action', 'Casual', '4 Player Local', 'Local Multiplayer', 'Co-op', 'Local Co-Op', 'Indie', 'Arcade', '3D Platformer', 'Cute', 'Voxel', 'Sports', 'PvE', 'PvP', 'Controller', 'Singleplayer']",2023-04-03 00:33:24,False,2022–23,,1248,False,9.99,,,,,$5–9.99,не указано
2342150,Folk Hero,0,True,False,False,False,1697737380,181,81,['Targem Games'],['Chudo-Yudo Games'],"['Action Roguelike', 'Dungeon Crawler', 'Pixel Graphics', 'Local Co-Op', 'Controller', 'Fantasy', 'Hack and Slash', 'Roguelite', 'Action RPG', 'Action-Adventure', 'RPG', 'Isometric', 'Souls-like', 'Arcade', 'Story Rich', 'Choices Matter', '2D', 'Multiplayer', 'Adventure', 'Top-Down']",2023-10-19 17:43:00,False,2022–23,,2447,False,14.99,22.1,10.75,,,$10–14.99,не указано
2343740,Pickleball Smash,0,True,False,False,False,1698163357,9,55,['GameMill Entertainment'],['1PXL Games'],"['Sports', 'Casual', 'Cartoony', 'Colorful', 'Cute', 'PvP', 'Co-op', 'Local Co-Op', 'Local Multiplayer', 'Singleplayer', 'Multiplayer', '4 Player Local', 'Competitive']",2023-10-24 16:02:37,False,2022–23,4.0,1459,False,39.99,,,,,$20+,3–4
2346490,Loop,0,True,False,False,False,1682357837,35,97,['Lofi Robot'],['Lofi Robot'],"['Casual', 'Puzzle', 'Relaxing', 'Logic', '2D', 'Controller', 'Music', 'Indie', 'PvP', 'Cozy', 'Minimalist', 'Local Multiplayer', 'Cute', 'Colorful', 'Old School', 'Stylized', 'Co-op', 'Multiplayer', 'Family Friendly', 'Singleplayer']",2023-04-24 17:37:17,False,2022–23,,791,False,2.99,,,,,до $5,не указано
2347040,RC Revolution,0,True,False,False,False,1708110308,39,69,['Phren Games'],['Phren Games'],"['Co-op', 'Racing', 'Sports', 'Combat Racing', 'Action', 'Vehicular Combat', 'Level Editor', 'Controller', 'Multiplayer', 'Split Screen', 'Soundtrack', 'Singleplayer', 'Physics', 'Cartoony', 'Funny', 'Offroad', 'Stylized', '3D', 'Action-Adventure', 'Arcade']",2024-02-16 19:05:08,False,2024–25,,1956,False,14.99,,,,,$10–14.99,не указано
2347080,Frosthaven,0,True,False,True,False,1753977327,820,72,['Arc Games'],['Snapshot Games Inc.'],"['Co-op', 'Tactical RPG', 'Turn-Based Tactics', 'Board Game', 'Turn-Based Combat', 'Early Access', 'Dark Fantasy', 'Singleplayer', 'Online Co-Op', 'Multiplayer', 'RPG', 'Medieval', 'Hex Grid', 'Top-Down', 'Isometric', '3D', 'Fantasy', 'Tactical', 'Strategy RPG', 'Strategy']",2025-07-31 15:55:27,False,2024–25,4.0,3209,False,39.99,40.5,56.8,,,$20+,3–4
2347550,Cowboy 3030,0,True,False,False,False,1734116838,97,87,['Soy Boy Games'],['Soy Boy Games'],"['Action Roguelike', 'Third-Person Shooter', 'Bullet Hell', 'Online Co-Op', 'Multiplayer', 'Hero Shooter', 'Co-op', 'Shooter', 'Action', '3D', 'Roguelike', 'Procedural Generation', 'Third Person', 'Singleplayer', 'Perma Death', 'Roguelite', 'Futuristic', 'Western', 'Aliens', 'PvE']",2024-12-13 19:07:18,False,2024–25,4.0,1847,True,14.99,,,,,$10–14.99,3–4
2348810,AMAZE!,0,True,False,False,False,1716204360,34,88,"['QubicGames', 'Gamersky Games']","['CrazyLabs', 'Vectormonk']","['Casual', 'Puzzle', 'Logic', 'Colorful', 'Relaxing', 'Top-Down', '3D', 'Puzzle Platformer', 'Singleplayer', 'Local Co-Op', 'Local Multiplayer', 'PvP', 'Multiplayer', 'Co-op Campaign']",2024-05-20 11:26:00,False,2024–25,2.0,677,False,4.99,,,,,до $5,2
2351560,Apocalypse Party,0,True,False,False,False,1701399571,4664,72,"['Breaker Games', 'Kepler Ghost']",['Breaker Games'],"['Casual', 'Singleplayer', 'Action Roguelike', 'Online Co-Op', 'Top-Down Shooter', 'Bullet Hell', 'Roguelite', ""Shoot 'Em Up"", 'Roguelike', 'Zombies', 'Top-Down', 'Cartoony', '3D', 'Strategy', 'Co-op', 'Vampires', 'Multiplayer', 'Funny', 'Action', 'Dark Humor']",2023-12-01 02:59:31,False,2022–23,3.0,3236,True,9.99,19.4,14.85,,,$5–9.99,3–4
2352060,Voodoo Strikers,0,True,False,False,False,1731570650,0,0,['Cokoon Games Lab'],['Cokoon Games Lab'],"['Sports', 'Casual', '4 Player Local', 'Cute', 'Funny', 'Arcade', 'Side Scroller', 'Local Co-Op', '2D', 'Colorful', 'Cartoon', 'Basketball', 'Football (Soccer)', 'Football (American)', 'Tennis', 'Controller', 'Nature', 'PvE', 'PvP', 'Co-op']",2024-11-14 07:50:50,False,2024–25,4.0,3638,True,4.99,,,,,до $5,3–4
2352710,Shoot & Neon,0,True,False,False,False,1749063641,10,90,['Germie'],['Germie'],"['Action Roguelike', 'Arena Shooter', 'Bullet Hell', 'FPS', 'PvE', 'Shooter', 'Roguelike', '3D', 'First-Person', 'Action', 'Colorful', 'Sci-fi', 'Survival', 'Futuristic', 'Multiplayer', 'Online Co-Op', 'Simulation', 'Extraction Shooter', 'Casual', 'Indie']",2025-06-04 19:00:41,False,2024–25,6.0,1546,True,2.79,,,,,до $5,5–8
2353190,Night of Spirits,0,True,False,True,False,1681187878,2,0,['tRB'],['tRB'],"['Action', 'PvE', 'Horror', 'Artificial Intelligence', 'Co-op', 'Online Co-Op', 'Indie', 'Early Access', 'Multiplayer', 'Singleplayer']",2023-04-11 04:37:58,False,2022–23,4.0,1099,False,10.99,,,,,$10–14.99,3–4
2355860,Eggstraction,0,True,False,False,False,1715353253,101,86,['TwoShoedGames'],['TwoShoedGames'],"['Multiplayer', 'Online Co-Op', 'PvP', 'Co-op', 'Cartoony', 'Heist', 'Stealth', 'Third Person', 'Physics', 'Family Friendly', 'Action', 'Colorful', 'Comedy', 'Casual', 'Indie', 'Funny', 'Team-Based', 'Survival Horror']",2024-05-10 15:00:53,False,2024–25,,1193,False,5.99,31.4,5.5,,,$5–9.99,не указано
2356140,Malice,0,True,False,False,False,1698261186,2,0,['JL-Studio'],['JL-Studio'],"['Casual', 'Action-Adventure', 'Exploration', '3D', 'First-Person', 'Atmospheric', 'Dark', 'Demons', 'Horror', 'Supernatural', 'Survival Horror', 'Indie', 'Gore', 'Multiplayer', 'Online Co-Op', 'Singleplayer', 'Gaming']",2023-10-25 19:13:06,False,2022–23,3.0,1426,False,4.99,,,,,до $5,3–4
2357550,AngelStrike,0,True,False,False,False,1684956549,3,100,['HomeLight Games'],['HomeLight Games'],"['Action', '2D', 'Shooter', ""Shoot 'Em Up"", 'Controller', 'Pixel Graphics', 'Local Co-Op', 'Singleplayer', 'Side Scroller', 'Indie', 'Vehicular Combat', 'Local Multiplayer', '4 Player Local', 'Retro']",2023-05-24 19:29:09,False,2022–23,4.0,1262,False,13.99,,,,,$10–14.99,3–4
2357950,Q2 HUMANITY,0,True,False,False,False,1734447916,56,89,"['liica, Inc.']","['liica, Inc.']","['Co-op', 'Hand-drawn', 'Funny', 'Puzzle', 'Adventure', 'Physics', 'Multiplayer', 'Puzzle Platformer', 'Action', 'Action-Adventure', 'Local Co-Op', 'Online Co-Op', 'Singleplayer', '2D Platformer', 'Controller', 'Casual', '3D', 'Metroidvania', 'Local Multiplayer', 'Indie']",2024-12-17 15:05:16,False,2024–25,4.0,2131,False,8.99,,,,,$5–9.99,3–4
2358600,Death Harvest,0,True,False,True,False,1685641124,26,69,['LaserOnion'],['LaserOnion'],"['Action', 'Online Co-Op', 'Zombies', 'PvE', 'Post-apocalyptic', 'Realistic', 'Team-Based', 'Shooter', 'Looter Shooter', 'Resource Management', 'Co-op Campaign', 'Survival Horror', 'Modern', 'Gun Customization', 'Character Customization', 'Class-Based', 'Artificial Intelligence', 'Inventory Management', 'Singleplayer', 'Multiplayer']",2023-06-01 17:38:44,False,2022–23,4.0,1795,False,12.99,,,,,$10–14.99,3–4
2360250,Asterix & Obelix Slap Them All! 2,0,True,False,False,False,1700213070,73,79,['Microids'],['Mr. Nutz Studio'],"['Side Scroller', ""Beat 'em up"", 'Spectacle fighter', 'Platformer', '2D Fighter', 'Arcade', '2D', 'Comic Book', 'Funny', 'Historical', 'Rome', 'Cartoony', 'Action', 'Colorful', 'Medieval', 'Hand-drawn', 'Comedy', 'Adventure', 'Combat', 'Co-op']",2023-11-17 09:24:30,False,2022–23,2.0,2508,False,24.99,,,,,$20+,2
2362590,The Wingless Bee,0,True,False,False,False,1680814998,4,100,['Ryan Silberman'],['Ryan Silberman'],"['Action', 'Adventure', 'Casual', 'Arcade', '2D', 'Colorful', 'Cute', 'Pixel Graphics', '1980s', 'Atmospheric', 'Old School', 'Relaxing', 'Retro', 'Linear', 'Score Attack', 'Co-op', 'Local Co-Op', 'Local Multiplayer', 'Multiplayer', 'Singleplayer']",2023-04-06 21:03:18,False,2022–23,,1830,True,4.99,,,,,до $5,не указано
2362630,Orbital Defense Force,0,True,False,False,False,1734135153,13,100,['Jacob Miller'],['Jacob Miller'],"['Multiplayer', 'Action Roguelike', 'Online Co-Op', 'Bullet Hell', 'Action', 'Difficult', ""Shoot 'Em Up"", 'Top-Down Shooter', '2D', 'Pixel Graphics', 'Top-Down', 'Retro', 'Indie', 'Old School', 'Space', 'PvE', 'Shooter']",2024-12-14 00:12:33,False,2024–25,4.0,2090,True,9.99,,,,,$5–9.99,3–4
2363620,RoboSquad Revolution (Beta),0,True,False,True,False,1687531380,0,0,['Zorans Resistance'],['Zorans Resistance'],"['Arena Shooter', 'Third-Person Shooter', 'PvP', 'Shooter', 'Character Customization', '3D', 'Third Person', 'Cyberpunk', 'Funny', 'Choices Matter', 'Multiple Endings', 'Team-Based', 'Action', 'Family Friendly', 'Sci-fi', 'Comedy', 'Robots', 'Futuristic', 'Combat', 'Co-op']",2023-06-23 14:43:00,False,2022–23,,2498,False,29.99,,,,,$20+,не указано
2364570,Multiplayer Shooter FPS,0,True,False,False,False,1680765138,1,100,['SoteroApps'],['SoteroApps'],"['Multiplayer', 'Co-op', 'Online Co-Op', 'Arena Shooter', 'Hero Shooter', 'FPS', 'Sports', 'Third-Person Shooter', 'Real Time Tactics', 'PvE', 'PvP', 'Battle Royale', 'Shooter', 'eSports', 'Strategy', 'Action-Adventure', '3D', 'First-Person', 'Third Person', 'Dialogue Heavy']",2023-04-06 07:12:18,False,2022–23,4.0,1126,False,2.99,,,,,до $5,3–4
2364790,Daedalus,0,True,False,False,False,1707739223,1,100,['silly little games'],['silly little games'],"['Action Roguelike', 'Bullet Hell', 'Top-Down Shooter', 'Twin Stick Shooter', 'PvE', '2D', 'Cute', 'Isometric', 'Top-Down', 'Historical', 'Controller', 'Action', 'Multiple Endings', 'Colorful', 'Magic', 'Mythology', 'Class-Based', 'Pixel Graphics', 'Combat', 'Co-op']",2024-02-12 12:00:23,False,2024–25,,2238,False,0.99,,,,,до $5,не указано
2366050,Bumper Tanks,0,True,False,True,False,1707764098,6,83,['Arvis Games'],['Arvis Games'],"['Action', '4 Player Local', 'Local Co-Op', 'Twin Stick Shooter', 'Arena Shooter', 'PvP', 'Casual', 'Arcade', 'Battle Royale', 'Shooter', '3D Platformer', 'Looter Shooter', '3D', 'Top-Down', 'Local Multiplayer', 'Family Friendly', 'Controller', 'Mechs', 'Co-op', 'Multiplayer']",2024-02-12 18:54:58,False,2024–25,4.0,1499,False,5.99,,,,,$5–9.99,3–4
2369640,Vanova's Stories,0,True,False,False,False,1747090430,1,100,['Madgik Yarn Studio'],['Madgik Yarn Studio'],"['Detective', 'Funny', 'Online Co-Op', 'Puzzle', 'Story Rich', 'Mystery', 'Logic', 'Point & Click', 'Indie', 'Investigation', '2D', 'Co-op Campaign', 'Family Friendly', 'Visual Novel', 'Hand-drawn', 'Multiplayer', 'Relaxing', 'Hidden Object', 'Conspiracy', 'Social Deduction']",2025-05-12 22:53:50,False,2024–25,4.0,1739,False,19.99,,,,,$15–19.99,3–4
2370170,EARTH DEFENSE FORCE: WORLD BROTHERS 2,0,True,False,False,False,1727334120,197,89,['D3PUBLISHER'],"[""YUKE'S""]","['Action', 'Shooter', 'Third-Person Shooter', 'Voxel', '3D', 'Cute', 'Online Co-Op', 'Co-op', 'Sci-fi', 'Singleplayer', 'Multiplayer', 'Aliens', 'PvE', 'Team-Based', 'Parody ']",2024-09-26 07:02:00,False,2024–25,4.0,2696,False,49.99,36.6,27.25,,,$20+,3–4
2370990,Merk Mayhem,0,True,False,True,False,1711125240,1,100,"['Tirgan, Inc.']",['Merk Mayhem Collective'],"['Arena Shooter', 'FPS', 'PvP', 'Shooter', '3D', 'First-Person', 'Cyberpunk', 'Action', 'Casual', 'Stylized', 'Sci-fi', 'Futuristic', 'Combat', 'Co-op', 'Multiplayer', 'Online Co-Op', 'Singleplayer', 'Indie', 'Early Access', 'Violent']",2024-03-22 16:34:00,False,2024–25,,1062,False,4.99,,,,,до $5,не указано
2372170,NIDUS,0,True,False,False,False,1708358308,223,93,['Caleb Wood'],['Caleb Wood'],"['Psychedelic', 'Bullet Hell', 'Arcade', 'Twin Stick Shooter', 'Score Attack', 'Top-Down Shooter', 'Arena Shooter', '2D', 'Spectacle fighter', 'Top-Down', 'Controller', 'Action', 'Hand-drawn', 'Combat', 'Surreal', 'Co-op', 'Local Co-Op', 'Local Multiplayer', 'Multiplayer', 'Singleplayer']",2024-02-19 15:58:28,False,2024–25,,1147,False,8.99,28.9,3.6,,,$5–9.99,не указано
2372490,Mutant Crisis,0,True,False,False,False,1725545608,9,66,['Quark Game Studio'],['Quark Game Studio'],"['Looter Shooter', 'FPS', 'Third-Person Shooter', 'Tower Defense', 'Shooter', 'First-Person', 'Third Person', 'Post-apocalyptic', 'Action', 'Zombies', 'Fantasy', 'Sci-fi', 'Adventure', '4 Player Local', 'Singleplayer', 'Co-op', 'Online Co-Op', 'Multiplayer', 'Gore', 'Violent']",2024-09-05 14:13:28,False,2024–25,,3905,False,11.99,,,,,$10–14.99,не указано
2374030,Five Nights: No Escape,0,True,False,False,False,1698404457,33,66,['Fun Cradle'],['Fun Cradle'],"['Puzzle', 'Survival Horror', 'Story Rich', 'Horror', 'Psychological Horror', 'VR', 'Co-op', 'Battle Royale', 'Survival', 'Adventure', 'Thriller', 'Immersive Sim', 'First-Person', 'Choose Your Own Adventure', 'Mystery', 'Strategy', 'Simulation', 'Singleplayer', 'MMORPG', 'Strategy RPG']",2023-10-27 11:00:57,False,2022–23,,1213,True,9.99,,,,,$5–9.99,не указано
2374190,Nikoderiko: The Magical World — Director’s Cut,0,True,False,False,False,1733410809,346,82,['Knights Peak'],['VEA Games'],"['3D Platformer', 'Co-op', 'Family Friendly', 'Singleplayer', 'Adventure', 'Action-Adventure', 'Arcade', 'Platformer', 'Local Co-Op', '3D', 'Cute', 'Colorful', 'Stylized', 'Magic', 'Old School', 'Relaxing', 'Funny', 'Fantasy', 'Combat', 'Linear']",2024-12-05 15:00:09,False,2024–25,,2710,True,29.99,55.4,8.75,,,$20+,не указано
2374620,Superbot Arena,0,True,False,False,False,1692029904,0,0,"[""Phr00t's Software""]","[""Phr00t's Software""]","['3D Fighter', 'VR', 'Multiplayer', 'Character Customization', 'Sci-fi', 'MOBA', 'Co-op', 'Singleplayer', 'Futuristic', 'Retro', 'Action', 'Cartoony', ""Beat 'em up"", '3D', 'Combat', 'Gun Customization', 'PvE', 'Online Co-Op', 'Indie']",2023-08-14 16:18:24,False,2022–23,,1680,False,5.99,,,,,$5–9.99,не указано
2375710,Hunt Hide Run,0,True,False,False,False,1709376835,2,100,['ArKon Games'],['ArKon Games'],"['Casual', 'Multiplayer', 'Stealth', 'Funny', 'Robots', 'Team-Based', 'PvP', 'Horror', '3D', 'First-Person', 'Action', 'Indie', 'Local Multiplayer', 'Arcade', 'Character Customization', 'Local Co-Op', 'Online Co-Op', 'Survival Horror']",2024-03-02 10:53:55,False,2024–25,,451,False,1.99,,,,,до $5,не указано
2378490,Two Hands Eggs,0,True,False,True,False,1712768333,19,100,['TamagoEggs'],['TamagoEggs'],"['2D Platformer', 'Physics', '4 Player Local', 'Cute', 'Comic Book', 'Family Friendly', 'Relaxing', 'Funny', 'Platformer', 'Controller', 'Action', 'Character Customization', 'Anime', 'Colorful', 'Cartoony', 'Comedy', 'Singleplayer', 'Local Multiplayer', '2D', 'Local Co-Op']",2024-04-10 16:58:53,False,2024–25,4.0,1110,False,3.99,,,,,до $5,3–4
2378640,The Great War 3032,0,True,False,False,False,1682930589,1,0,['Mountain High Games'],['Tom Schmitz-Audek'],"['FPS', 'Wargame', 'PvP', 'PvE', 'Battle Royale', '3D', 'First-Person', 'Cyberpunk', 'Bullet Time', 'Action', 'Turn-Based Combat', 'Realistic', 'War', 'Futuristic', 'Combat', 'Co-op', 'Massively Multiplayer', 'Multiplayer', 'Online Co-Op']",2023-05-01 08:43:09,False,2022–23,4.0,1906,False,5.99,,,,,$5–9.99,3–4
2379830,Fortress of the Undead,0,True,False,False,False,1687798859,2,100,['OddiToddi'],['Odd Magnus Grinder'],"['Action', 'Zombies', 'FPS', 'Shooter', 'First-Person', '3D', 'Supernatural', 'Dark', 'Survival', 'PvE', ""Beat 'em up"", ""Shoot 'Em Up"", 'Post-apocalyptic', '4 Player Local', 'Singleplayer', 'Multiplayer', 'Local Multiplayer', 'Local Co-Op', 'Co-op', 'Online Co-Op']",2023-06-26 17:00:59,False,2022–23,4.0,1091,False,0.99,,,,,до $5,3–4
2383180,Radiant: Guardians of Light,0,True,False,False,False,1751278778,8,75,['CHORRUS GAMES'],['CHORRUS GAMES'],"[""Beat 'em up"", 'Roguelite', 'Co-op Campaign', 'Funny', 'Adventure', '2D', 'Local Co-Op', 'Action', 'Colorful', 'Singleplayer', 'Action RPG', 'Arcade', 'Controller', 'Party-Based RPG', 'RPG', 'Online Co-Op', 'Action Roguelike', 'Side Scroller', 'Casual', 'Open World']",2025-06-30 10:19:38,False,2024–25,,1040,False,14.99,,,,,$10–14.99,не указано
2383660,Railed Up,0,True,False,False,False,1688648394,1,100,['Absorb Reality'],['Absorb Reality'],"['Action', 'Shooter', 'Arena Shooter', 'Twin Stick Shooter', '2D', 'Third Person', 'Noir', 'Top-Down', 'Cyberpunk', 'Sci-fi', 'Steampunk', 'PvP', 'Vehicular Combat', 'Team-Based', '4 Player Local', 'Singleplayer', 'Multiplayer', 'Local Multiplayer', 'Local Co-Op', 'Indie']",2023-07-06 12:59:54,False,2022–23,4.0,6528,False,5.99,,,,,$5–9.99,3–4
2383990,Ghostbusters: Spirits Unleashed Ecto Edition,0,True,False,False,False,1697727766,1144,89,['Balor Games'],['IllFonic'],"['Action', 'Adventure', 'Action-Adventure', 'FPS', 'First-Person', 'Multiplayer', 'Online Co-Op', '1980s', 'Supernatural', 'PvP', 'Family Friendly', 'Team-Based', 'Character Customization', 'Singleplayer', 'Horror', 'Epic']",2023-10-19 15:02:46,False,2022–23,5.0,2028,False,19.99,30.1,10.7,,,$15–19.99,5–8
2389230,Necrotic Haze,0,True,False,False,False,1689342252,4,50,['x4lovi Entertainment'],['x4lovi Entertainment'],"['Action', 'Casual', 'Action Roguelike', ""Beat 'em up"", '3D', 'Atmospheric', 'Dark', 'Survival', 'Class-Based', 'Combat', 'PvE', 'Multiplayer', 'Online Co-Op', 'Singleplayer', 'Souls-like', 'Indie', 'Zombies', 'Co-op', 'Gore', 'Violent']",2023-07-14 13:44:12,False,2022–23,,2084,False,4.99,,,,,до $5,не указано
2390480,Beach Invasion 1945 - Pacific,0,True,False,False,False,1702998303,256,78,['AIx2 Games'],['AIx2 Games'],"['Shooter', 'World War II', 'On-Rails Shooter', 'Tower Defense', 'Arcade', 'Co-op', 'Casual', 'FPS', 'Action', 'Third-Person Shooter', '3D', 'Cinematic', 'Vehicular Combat', 'First-Person', 'War', 'Naval Combat', 'Realistic', 'Bullet Hell', 'Tanks', 'Simulation']",2023-12-19 15:05:03,False,2022–23,,2306,False,9.99,54.7,3.6500000000000004,,,$5–9.99,не указано
2390840,Zombie Defense: The Last Frontier,0,True,False,False,False,1704447053,38,63,[' LilMemes Production'],['LilMemes Production'],"['Action', 'Arcade', 'Shooter', 'FPS', 'First-Person', 'Survival', 'Zombies', 'Dark', 'Post-apocalyptic', 'Combat', 'Score Attack', 'PvE', 'Perma Death', 'Multiplayer', 'Singleplayer', 'Co-op', '4 Player Local', 'Local Co-Op', 'Online Co-Op', 'Massively Multiplayer']",2024-01-05 09:30:53,False,2024–25,4.0,728,False,0.99,,,,,до $5,3–4
2391900,Champion Shift,0,True,False,False,False,1718993642,200,77,['SRG Studios'],['SRG Studios'],"['Action Roguelike', 'Bullet Hell', 'Hack and Slash', 'Twin Stick Shooter', 'Roguelike', 'Roguelite', 'PvE', 'Online Co-Op', 'Action RPG', 'Arcade', 'Character Customization', 'RPG', '3D', 'Top-Down', 'Controller', 'Action', 'Colorful', 'Stylized', 'Fantasy', 'Mythology']",2024-06-21 18:14:02,False,2024–25,4.0,2321,False,11.99,15.4,10.649999999999999,,,$10–14.99,3–4
2394070,Melody Mania,0,True,False,True,False,1688371642,76,78,['Andreas Achim Stange'],['Andreas Achim Stange'],"['Rhythm', 'Casual', 'Tabletop', 'Singleplayer', 'Local Multiplayer', 'Local Co-Op', '2D', 'Music-Based Procedural Generation', 'Early Access', 'Indie', 'Family Friendly', 'Level Editor', 'Old School']",2023-07-03 08:07:22,False,2022–23,,3528,False,18.99,,,,,$15–19.99,не указано
2394170,Bouncy Motors,0,True,False,False,False,1684144913,1,100,['Mewton Games'],['Mewton Games'],"['Action', 'Arcade', 'Physics', '2D Platformer', 'Funny', '2D', 'Racing', 'Relaxing', 'Cute', 'Minimalist', 'Local Co-Op', 'Local Multiplayer', 'Cartoony', 'Puzzle Platformer', 'Precision Platformer', 'Driving', 'Character Customization', 'PvP', 'Team-Based', 'Singleplayer']",2023-05-15 10:01:53,False,2022–23,,770,False,3.99,,,,,до $5,не указано
2395730,Spiral Up,0,True,False,False,False,1685592206,4,100,['Mind Games Studio'],['Mind Games Studio'],"['Action', 'Platformer', '2D Platformer', '2D', 'Voxel', 'Pixel Graphics', 'Linear', 'Singleplayer', 'Co-op', 'Indie', 'Online Co-Op', 'Multiplayer']",2023-06-01 04:03:26,False,2022–23,,682,False,3.99,,,,,до $5,не указано
2396800,ボクらの消しゴム落とし3 世界編,0,True,False,False,False,1683106745,0,0,['SAT-BOX'],['SAT-BOX'],"['Indie', 'Action', 'Local Multiplayer', 'Local Co-Op', '4 Player Local', 'Multiplayer', 'Casual', 'Singleplayer', 'Co-op', 'Racing', 'PvP', 'Family Friendly', 'Arcade', '3D Platformer', '3D', 'Cute', 'Cartoony', 'Comedy', 'Physics']",2023-05-03 09:39:05,False,2022–23,,741,False,9.99,,,,,$5–9.99,не указано
2397230,Freak Hunter A Retro Type,0,True,False,False,False,1689425937,0,0,['ismail ozel'],['ismail ozel'],"['Action', 'Platformer', '2D Platformer', 'Side Scroller', '2D', 'Cute', ""1990's"", 'Old School', 'Relaxing', 'Zombies', 'PvP', 'Physics', 'Controller', 'Co-op', 'Local Co-Op', 'Multiplayer', 'Singleplayer', 'Local Multiplayer', 'Retro', 'Indie']",2023-07-15 12:58:57,False,2022–23,,1898,False,1.99,,,,,до $5,не указано
2397250,Big Helmet Heroes,0,True,False,False,False,1738857539,684,78,['Dear Villagers'],['Exalted Studio'],"['Co-op', ""Beat 'em up"", 'Local Co-Op', 'Arcade', 'Hack and Slash', 'Side Scroller', 'Funny', 'Action', 'Adventure', 'Cartoony', 'Linear', 'Family Friendly', 'PvE', 'Singleplayer', 'Score Attack', 'Controller', 'Parody ', '3D', 'Cinematic', 'Cartoon']",2025-02-06 15:58:59,False,2024–25,2.0,2983,True,24.99,29.7,5.6,,,$20+,2
2397500,The Smurfs 2 - The Prisoner of the Green Stone,0,True,False,False,False,1698930373,99,78,['Microids'],['OSome Studio'],"['Exploration', '3D Platformer', 'Puzzle Platformer', 'Platformer', 'Action-Adventure', 'Cute', 'Third Person', '3D', 'Funny', 'Relaxing', 'Story Rich', 'Action', 'Colorful', 'Family Friendly', 'Nature', 'Adventure', 'Co-op', 'Local Co-Op', 'Multiplayer', 'Singleplayer']",2023-11-02 13:06:13,False,2022–23,4.0,1732,False,29.99,,,,,$20+,3–4
2399540,Schlag den Star - Das 3. Spiel,0,True,False,False,False,1695884530,11,9,['bitComposer Interactive GmbH'],['Twigames Inc.'],"['Casual', 'Tabletop', 'Trivia', 'Puzzle', 'Word Game', '3D', 'Split Screen', 'Atmospheric', 'Education', 'Family Friendly', 'Logic', 'PvP', 'Character Customization', 'Controller', 'PvE', 'Quick-Time Events', 'Singleplayer', 'Co-op', 'Local Co-Op', 'Multiplayer']",2023-09-28 07:02:10,False,2022–23,,1708,False,29.99,,,,,$20+,не указано
2400520,Puzzle Go,0,True,False,False,False,1688974856,0,0,['Kayisoft'],['Kayisoft'],"['Casual', 'Puzzle', 'Board Game', 'Puzzle Platformer', '2D', 'Online Co-Op', 'Singleplayer']",2023-07-10 07:40:56,False,2022–23,,3848,False,10.0,,,,,$10–14.99,не указано
2400880,Haunted Investigation,0,True,False,False,False,1692378124,207,83,['Interactive Wave Studios'],['Interactive Wave Studios'],"['Horror', 'Online Co-Op', 'Psychological Horror', 'Local Co-Op', 'Multiple Endings', 'Adventure', 'Exploration', 'Action', 'Demons', 'Action-Adventure', 'Mystery Dungeon', '3D', 'Co-op', 'Cinematic', 'Singleplayer', 'Indie', 'Early Access', 'Dark', 'Investigation']",2023-08-18 17:02:04,False,2022–23,2.0,1831,False,3.99,16.9,1.1,,,до $5,2
2401380,Castle Crafter,0,True,False,True,False,1687269363,1,100,['Dodisoft'],['Dodisoft'],"['Action', 'Casual', 'Arcade', 'Battle Royale', 'Shooter', 'FPS', 'Third-Person Shooter', 'Twin Stick Shooter', '3D', 'Stylized', 'Third Person', 'Voxel', 'Building', 'Survival', 'Crafting', 'Co-op', 'Multiplayer', 'Online Co-Op', 'Singleplayer', 'Early Access']",2023-06-20 13:56:03,False,2022–23,,2734,False,4.99,,,,,до $5,не указано
2401450,Pyrami Head,0,True,False,False,False,1701210452,18,77,['Tamashii'],['Tamashii'],"['Horror', 'Psychological Horror', 'Survival Horror', 'Exploration', 'First-Person', 'Supernatural', '3D', 'Linear', 'Action', 'Adventure', 'Casual', 'Stealth', 'Atmospheric', 'Psychological', 'Dark', 'Singleplayer', 'Walking Simulator', 'Co-op', 'Multiplayer', 'Escape Room']",2023-11-28 22:27:32,False,2022–23,,1202,False,2.99,,,,,до $5,не указано
2404070,Death's Toll,0,True,False,False,False,1706839943,28,82,['Curious Fox Sox'],['Curious Fox Sox'],"['Funny', 'Action Roguelike', 'Exploration', 'Roguelite', 'Pixel Graphics', 'Difficult', 'PvE', 'Top-Down', 'Post-apocalyptic', '2D', 'Comedy', 'Character Customization', 'Local Co-Op', 'Horror', 'Action', 'Co-op', 'Resource Management', 'Indie', 'Action RPG', 'Class-Based']",2024-02-02 02:12:23,False,2024–25,,1667,False,9.99,,,,,$5–9.99,не указано
2405730,NMO - No More Operators,0,True,False,True,False,1742414037,4,50,['Playloop Studios'],['Playloop Studios'],"['Horror', 'Psychological Horror', '3D', 'Online Co-Op', 'Co-op', 'Team-Based', 'Action', 'Multiplayer', 'Third Person', 'First-Person', 'Choices Matter', 'Atmospheric', 'Stealth', 'Social Deduction', 'Funny', 'Investigation', 'Mystery', 'Indie', 'Psychological', 'PvP']",2025-03-19 19:53:57,False,2024–25,6.0,2658,False,11.99,,,,,$10–14.99,5–8
2406180,Knights Within,0,True,False,True,False,1715788561,249,95,['Indecision Labs'],['Indecision Labs'],"['Action Roguelike', 'Hack and Slash', 'Third-Person Shooter', 'Replay Value', 'Difficult', 'Roguelite', 'PvE', 'Shooter', 'Zombies', 'Third Person', 'Post-apocalyptic', 'Alternate History', 'Swordplay', 'Gun Customization', 'Singleplayer', 'Procedural Generation', 'Online Co-Op', '3D', 'Medieval', 'Sci-fi']",2024-05-15 15:56:01,False,2024–25,4.0,1977,True,17.99,33.2,6.85,,,$15–19.99,3–4
2408210,Terres,0,True,False,True,False,1719721585,29,89,['ingamemechanics'],['ingamemechanics'],"['Co-op', 'Puzzle', 'Survival Horror', 'Supernatural', 'Early Access', '3D Platformer', 'Horror', 'Exploration', 'Investigation', 'Adventure', 'Atmospheric', 'Realistic', 'Sci-fi', 'Stealth', 'Singleplayer', '3D', 'Platformer', 'Parkour', 'Puzzle Platformer', 'Team-Based']",2024-06-30 04:26:25,False,2024–25,4.0,854,False,9.99,,,,,$5–9.99,3–4
2409500,Inspector Gadget - MAD Time Party,0,True,False,False,False,1694765965,19,57,['Microids'],['Smart Tale'],"['Exploration', 'Platformer', 'Arcade', 'Action-Adventure', 'Comic Book', 'Horror', 'Psychological Horror', 'Funny', 'Action', 'Casual', 'Colorful', 'Comedy', 'Cartoon', 'Co-op', 'Local Co-Op', 'Multiplayer', 'Singleplayer', 'Local Multiplayer', 'Minigames', 'Party']",2023-09-15 08:19:25,False,2022–23,,1282,False,29.99,,,,,$20+,не указано
2410030,Vinebound: Tangled Together,0,True,False,False,False,1744893154,43,95,['Riftpoint Entertainment'],['Riftpoint Entertainment'],"['Action Roguelike', 'Local Co-Op', 'Colorful', 'Roguelite', 'Bullet Hell', 'Funny', 'Co-op', 'Multiplayer', 'Arcade', 'Action', 'Deckbuilding', 'Cartoony', 'Cooking', 'Nature', 'Controller', 'Cute', 'Family Friendly', 'Singleplayer', 'Combat', 'Local Multiplayer']",2025-04-17 12:32:34,False,2024–25,2.0,3433,True,4.99,,,,,до $5,2
2410590,Dunk Dunk,0,True,False,False,False,1746708755,14,92,['Playtonic Friends'],['Badgerhammer Limited'],"['Party Game', 'Local Multiplayer', 'Basketball', 'Family Friendly', 'Character Customization', '4 Player Local', 'Local Co-Op', 'Cartoon', 'Arcade', 'PvP', '2D Platformer', 'Indie', 'Colorful', 'Action', 'Casual', 'Funny', 'Platformer', 'Sports', 'Bullet Time', 'Singleplayer']",2025-05-08 12:52:35,False,2024–25,17.0,2034,False,6.99,,,,,$5–9.99,9+
2410640,SHARK! SHARK!,0,True,False,False,False,1695898517,14,64,['BBG Entertainment GmbH'],['BBG Entertainment GmbH'],"['Action', 'Casual', 'Arcade', 'Abstract', 'Retro', 'PvP', 'Co-op', 'Local Co-Op', 'Local Multiplayer', 'Multiplayer', 'Online Co-Op', 'Singleplayer', '4 Player Local', 'Indie', 'Action-Adventure', 'Tabletop', 'Real Time Tactics', 'Colorful', 'Cartoon', 'Cute']",2023-09-28 10:55:17,False,2022–23,4.0,3211,False,14.99,,,,,$10–14.99,3–4
2410740,Creepless,0,True,False,False,False,1687422088,24,75,['Aydy'],['Aydy'],"['Horror', 'Survival Horror', 'Co-op', 'Stealth', 'Hidden Object', 'Online Co-Op', 'Multiplayer', 'First-Person', 'Team-Based', 'Action', 'PvE', 'Space', 'Adventure', 'Mystery', 'Artificial Intelligence', 'Singleplayer', 'Indie', 'Violent', 'Jump Scare', 'Action-Adventure']",2023-06-22 08:21:28,False,2022–23,4.0,737,False,3.99,,,,,до $5,3–4
2411210,Mop of the Dead,0,True,False,False,False,1697707437,31,64,['Unseen Interactive'],['Unseen Interactive'],"['Horror', 'Online Co-Op', 'Multiplayer', 'Co-op', 'Action', 'First-Person', 'Survival Horror', 'Dark', 'Violent', 'Indie', 'Funny', 'Singleplayer']",2023-10-19 09:23:57,False,2022–23,4.0,1421,False,2.99,,,,,до $5,3–4
2411530,Type King,0,True,False,False,False,1709229264,3,100,['Saksorb'],['Saksorb'],"['Precision Platformer', 'Typing', 'Action', 'Casual', '2D Platformer', 'Education', 'Platformer', '2D', 'Linear', 'Pixel Graphics', 'Physics', 'Indie', 'Co-op', 'Local Co-Op', 'Multiplayer', 'Singleplayer', 'Local Multiplayer']",2024-02-29 17:54:24,False,2024–25,,1967,True,7.99,,,,,$5–9.99,не указано
2413220,Exterminators of Saturn,0,True,False,False,False,1737675137,1,100,['Violence in Video Games'],['Violence in Video Games'],"['Action', 'Pixel Graphics', 'Top-Down Shooter', 'Top-Down', '2D', 'Multiplayer', 'Sci-fi', 'Combat', 'Character Customization', 'Aliens', 'Twin Stick Shooter', 'Arcade', 'Shooter', 'Local Co-Op', 'Retro', 'Old School', 'Co-op Campaign', 'Singleplayer', 'Cartoony', 'Bullet Hell']",2025-01-23 23:32:17,False,2024–25,2.0,975,False,9.99,,,,,$5–9.99,2
2418600,Los Pingheros,0,True,False,False,False,1738943804,9,88,['Hectiq'],['Hectiq'],"['Cartoon', 'Party Game', 'Fighting', 'Multiplayer', 'Family Friendly', 'Co-op', 'Action', 'Casual', 'Funny', 'Colorful', 'Online Co-Op', 'Party', 'Local Co-Op', 'Cute', 'Arcade', 'Comedy', ""Beat 'em up"", 'Cartoony', 'Character Customization', 'Competitive']",2025-02-07 15:56:44,False,2024–25,8.0,3465,False,6.99,,,,,$5–9.99,5–8
2419430,ZOMBIAX EVIL,0,True,False,False,False,1685004365,3,66,['WGI GAMING'],['WGI GAMING'],"['FPS', 'Action-Adventure', 'Zombies', 'Third-Person Shooter', ""Shoot 'Em Up"", 'PvP', 'Shooter', 'Horror', 'Post-apocalyptic', 'Team-Based', 'Action', 'Realistic', 'Sci-fi', 'Military', 'War', 'Cinematic', 'Futuristic', 'Combat', 'Co-op', 'Local Co-Op']",2023-05-25 08:46:05,False,2022–23,,1412,False,2.99,,,,,до $5,не указано
2420220,No Legs? No Problem!,0,True,False,False,False,1684941519,3,100,['Ethereal Games'],['Ethereal Games'],"['Multiplayer', 'Racing', '2D Platformer', 'Parkour', 'PvP', '2D Fighter', '2D', 'Cute', 'Funny', 'Controller', 'Action', 'Vehicular Combat', 'Casual', 'Colorful', 'Cartoony', 'Combat', 'Co-op', 'Local Multiplayer', 'Local Co-Op', '4 Player Local']",2023-05-24 15:18:39,False,2022–23,4.0,1058,False,3.99,,,,,до $5,3–4
2420230,Multiplayer Military,0,True,False,False,False,1684415696,11,63,['Archor Games'],['Archor Wright'],"['Action', '3D Fighter', 'Shooter', 'Third-Person Shooter', '3D', 'Aliens', 'PvP', 'Co-op', 'Multiplayer', 'Online Co-Op', 'Singleplayer']",2023-05-18 13:14:56,False,2022–23,,1391,False,0.99,,,,,до $5,не указано
2423050,Root Of Win,0,True,False,True,False,1694620020,3,100,['dmytropohorol'],['dmytropohorol'],"['Platformer', 'Puzzle', 'Co-op', 'First-Person', 'Puzzle Platformer', '3D Platformer', 'Multiplayer', 'Singleplayer', 'Early Access', '3D', 'Action', 'Indie', 'Cyberpunk']",2023-09-13 15:47:00,False,2022–23,2.0,872,False,2.99,,,,,до $5,2
2423300,School Labyrinth,0,True,False,False,False,1708559967,715,83,['RainyDollGames'],['RainyDollGames'],"['Horror', 'Online Co-Op', 'Multiplayer', 'Procedural Generation', 'Action', 'Stealth', 'Co-op', 'Roguelike', 'Roguelite', 'Indie', '3D', 'Controller', 'Singleplayer']",2024-02-21 23:59:27,False,2024–25,4.0,1110,False,6.99,27.3,7.2,,,$5–9.99,3–4
2423830,Multiplayer Turtles,0,True,False,False,False,1684757898,74,81,['Archor Games'],['Archor Wright'],"['Action', '3D Fighter', 'Hack and Slash', '3D', 'Martial Arts', 'PvP', 'Multiplayer', 'Co-op', 'Online Co-Op', 'Singleplayer']",2023-05-22 12:18:18,False,2022–23,,1172,False,0.99,,,,,до $5,не указано
2425570,Roots Need Control 3.0,0,True,False,False,False,1684911632,1,100,['SkagoGames'],['!CyberApex (SkagoGames)'],"['Side Scroller', 'Action', 'Shooter', 'Arcade', '2D', 'Indie', 'Pixel Graphics', 'Survival', 'Retro', 'Co-op', 'Local Co-Op', 'Local Multiplayer', 'Multiplayer', 'Singleplayer']",2023-05-24 07:00:32,False,2022–23,2.0,1134,True,1.99,,,,,до $5,2
2425920,GanaBlade,0,True,False,False,False,1692502571,147,95,['Liao Kai'],"['Liao Kai', 'LKK GAME']","['Bullet Hell', 'Action', 'Flight', 'Pixel Graphics', 'Nostalgia', 'Retro', 'Shooter', '2D', 'Combat', 'Co-op', 'Local Co-Op', ""Shoot 'Em Up"", 'Multiplayer', 'Singleplayer', 'Local Multiplayer', 'Anime', 'Cartoon', 'Space', 'Female Protagonist']",2023-08-20 03:36:11,False,2022–23,,1091,True,4.99,39.8,3.6500000000000004,,,до $5,не указано
2428780,The Last Stand at Camp Zombie,0,True,False,False,False,1707754399,9,77,['Sweet Dreams Studio'],['Sweet Dreams Studio'],"['Arena Shooter', 'Local Co-Op', 'Top-Down Shooter', 'Twin Stick Shooter', 'PvE', 'Shooter', 'Arcade', '2D', 'Top-Down', 'Linear', 'Action', 'Hand-drawn', 'Zombies', 'Survival', 'Co-op', 'Multiplayer', 'Singleplayer', 'Local Multiplayer', 'Indie', 'Female Protagonist']",2024-02-12 16:13:19,False,2024–25,,1179,False,4.99,,,,,до $5,не указано
2429160,Doughbee,0,True,False,False,False,1694312733,17,100,['AArpalloMedia'],['One Entity'],"['Action Roguelike', 'Bullet Hell', 'Perma Death', 'PvE', 'Arcade', '2D', 'Bullet Time', 'Controller', 'Action', 'Pixel Graphics', 'Psychedelic', 'Retro', 'Combat', 'Local Co-Op', 'Local Multiplayer', 'Singleplayer', 'Indie']",2023-09-10 02:25:33,False,2022–23,,4097,False,4.99,,,,,до $5,не указано
2430410,Myth,0,True,False,False,False,1685690716,27,77,['Techcast'],['Techcast'],"['Action', 'Adventure', 'Puzzle', 'Exploration', '3D', 'First-Person', 'Realistic', 'Dark', 'Dark Fantasy', 'Horror', 'Demons', 'Mystery', 'Mythology', 'Artificial Intelligence', 'Character Customization', 'Controller', 'Stealth', 'Story Rich', 'Co-op', 'Multiplayer']",2023-06-02 07:25:16,False,2022–23,4.0,2143,False,7.99,,,,,$5–9.99,3–4
2430580,ASTROSMASH,0,True,False,False,False,1697088250,18,77,['BBG Entertainment GmbH'],['BBG Entertainment GmbH'],"[""Shoot 'Em Up"", 'Interactive Fiction', 'PvP', 'Shooter', 'Action', 'Arcade', '2D', 'Abstract', 'Space', 'Co-op', 'Local Co-Op', 'Local Multiplayer', 'Multiplayer', 'Online Co-Op', 'Singleplayer', '4 Player Local', 'Music', 'Indie', 'Casual']",2023-10-12 05:24:10,False,2022–23,4.0,2743,False,14.99,,,,,$10–14.99,3–4
2430790,Phonk Cats,0,True,False,False,False,1685095298,83,89,['Soulwarmers Games'],['Soulwarmers Games'],"['Cats', 'Action', 'Music-Based Procedural Generation', 'Online Co-Op', 'Casual', 'Rhythm', 'Funny', 'PvP', 'Difficult', '3D', 'Music', 'Fast-Paced', 'Character Customization', 'Electronic Music']",2023-05-26 10:01:38,False,2022–23,,670,False,1.99,,,,,до $5,не указано
2431820,Secret Shuffle,0,True,False,False,False,1698827547,5,100,['Adriaan de Jongh'],['Adriaan de Jongh'],"['Party Game', 'Music', 'Social Deduction', 'Casual', 'Funny', 'Local Multiplayer', 'Family Friendly', 'Split Screen', 'Comedy', 'Trivia', 'Conspiracy', 'Board Game', 'Multiplayer', '4 Player Local', 'Co-op', 'Local Co-Op', 'Party', 'PvP', 'Massively Multiplayer', 'Indie']",2023-11-01 08:32:27,False,2022–23,60.0,2931,False,12.99,,,,,$10–14.99,9+
2431940,Time Knight VS. Zombies,0,True,False,False,False,1687763825,1,100,['FrogInThePot'],['FrogInThePot'],"['Roguelike', 'Indie', 'Pixel Graphics', 'Singleplayer', 'Online Co-Op', 'Top-Down', 'PvP', 'Time Management', 'Score Attack', 'Multiplayer', 'Action Roguelike', 'Retro', 'Action', '2D', 'Adventure', 'Resource Management', 'Comedy', 'Combat', 'Zombies', 'Co-op']",2023-06-26 07:17:05,False,2022–23,,1530,False,6.99,,,,,$5–9.99,не указано
2432000,Inside the Labs,0,True,False,False,False,1712354400,73,68,['Chreseeba Games'],['Chreseeba Games'],"['Online Co-Op', 'Multiplayer', 'Adventure', 'Survival Horror', 'Psychological Horror', 'Action', 'Gore', 'Indie', 'Exploration', 'Dark', 'Singleplayer', 'First-Person', 'Action-Adventure', 'Early Access', 'Horror']",2024-04-05 22:00:00,False,2024–25,4.0,2157,False,3.99,,,,,до $5,3–4
2435330,Zombiepede,0,True,False,True,False,1686922209,2,100,['Punto Clave'],['Punto Clave'],"['Co-op Campaign', 'Arena Shooter', 'Team-Based', 'Gun Customization', 'Twin Stick Shooter', 'Survival', '4 Player Local', 'Shooter', 'Top-Down Shooter', 'Controller', 'Singleplayer', 'Bullet Time', 'PvE', 'PvP', 'Action', 'Loot', '3D', 'Colorful', 'Co-op', 'Local Co-Op']",2023-06-16 13:30:09,False,2022–23,5.0,2037,False,4.99,,,,,до $5,5–8
2436660,Splatterbot,0,True,False,False,False,1756936772,10,100,['Hey! Kookaburra'],['Hey! Kookaburra'],"['PvP', 'Arcade', 'Cute', 'Split Screen', 'Top-Down', 'Action', 'Funny', 'Casual', 'Controller', 'Colorful', 'Family Friendly', '4 Player Local', 'Local Co-Op', 'Local Multiplayer', 'Multiplayer', 'Party', 'Co-op']",2025-09-03 21:59:32,False,2024–25,4.0,1220,True,9.99,,,,,$5–9.99,3–4
2437950,Around Us : Zombie Shooter,0,True,False,True,False,1689775311,7,100,['SCF'],['Burapa Phatichon'],"['Roguelite', 'Action', 'Shooter', 'Action Roguelike', 'Top-Down Shooter', '3D', 'Colorful', ""Shoot 'Em Up"", 'Cute', 'Stylized', 'Relaxing', 'PvE', '4 Player Local', 'Co-op', 'Local Co-Op', 'Local Multiplayer', 'Multiplayer', 'Online Co-Op', 'Singleplayer', 'Zombies']",2023-07-19 14:01:51,False,2022–23,6.0,2651,True,4.99,,,,,до $5,5–8
2437990,Slayer,0,True,False,False,False,1686214200,3,66,['Skittlez'],['Skittlez'],"['Action', 'Adventure', 'Action Roguelike', 'Arcade', ""Beat 'em up"", 'Roguelike', 'Shooter', '3D', 'First-Person', 'Atmospheric', 'Dark', 'Horror', 'Post-apocalyptic', 'Survival', 'Survival Horror', 'Thriller', 'Zombies', 'Combat', 'PvE', 'Co-op']",2023-06-08 08:50:00,False,2022–23,,861,False,0.99,,,,,до $5,не указано
2438460,Evil Robots,0,True,False,False,False,1699517587,1,100,['Boscul Magic'],['Boscul Magic'],"['Action', 'Action Roguelike', 'Casual', 'Top-Down Shooter', 'Arcade', '3D', 'Minimalist', 'Robots', 'Top-Down', 'Family Friendly', 'Funny', 'Retro', 'Survival', 'Combat', 'Controller', 'PvE', 'Co-op', 'Local Co-Op', 'Online Co-Op', 'Singleplayer']",2023-11-09 08:13:07,False,2022–23,,681,False,2.99,,,,,до $5,не указано
2439700,Multitales Online,0,True,False,True,False,1724605311,13,69,['Norllina Studio'],['Norllina Studio'],"['Arena Shooter', 'Top-Down Shooter', 'Action', 'PvE', 'Shooter', '3D', 'Top-Down', 'Team-Based', 'Stylized', 'Cartoony', 'Fantasy', 'Comedy', 'Multiplayer', 'Singleplayer', 'Co-op', 'Online Co-Op', 'Co-op Campaign', 'Massively Multiplayer', 'Early Access']",2024-08-25 17:01:51,False,2024–25,4.0,1302,False,2.99,,,,,до $5,3–4
2440220,Warbyte: Operation Falcon,0,True,False,False,False,1709828288,5,80,['Moonshine Games'],['Moonshine Games'],"['Action', 'Multiplayer', 'FPS', 'Shooter', '3D', 'First-Person', 'Realistic', 'Online Co-Op', 'PvP', 'Military', 'Tactical', 'Dialogue Heavy', 'Combat', 'Co-op']",2024-03-07 16:18:08,False,2024–25,,2568,False,8.99,,,,,$5–9.99,не указано
2441360,"Get Me Out, Please",0,True,False,False,False,1698350400,31,67,"['D.H Inc.', '株式会社ディッジ']","['D.H Inc.', '株式会社ディッジ']","['Horror', 'Action', 'Indie', 'Female Protagonist', 'Stealth', 'Online Co-Op', 'Team-Based', 'Zombies', 'Action-Adventure', 'Multiplayer', 'Singleplayer', '3D Platformer', '3D', '2D', 'Gambling', 'Dark', 'Modern', 'PvP', 'Controller', 'Co-op']",2023-10-26 20:00:00,False,2022–23,4.0,1908,False,29.99,,,,,$20+,3–4
2443090,Deathless: Survivors,0,True,False,True,False,1722265192,177,58,['OneTwoPlay'],['OneTwoPlay'],"['Action Roguelike', 'Online Co-Op', 'Roguelite', 'Arcade', '3D', 'Roguelike', 'Action RPG', 'Controller', 'Arena Shooter', 'Singleplayer', 'Indie', 'Hack and Slash', 'Top-Down Shooter', 'Action', 'RPG', 'Co-op', 'Team-Based', 'Bullet Hell', 'Dark Fantasy', 'Score Attack']",2024-07-29 14:59:52,False,2024–25,,997,True,9.99,22.1,4.4,,,$5–9.99,не указано
2443250,Urgent Message,0,True,False,False,False,1743868816,9,100,['PixelMua'],['PixelMua'],"['Casual', 'Adventure', 'Turn-Based Strategy', 'Word Game', 'Exploration', 'Roguelite', '2D', 'Pixel Graphics', 'Zombies', 'Post-apocalyptic', 'Indie', 'Singleplayer', 'Co-op', 'Multiplayer']",2025-04-05 16:00:16,False,2024–25,,1032,False,0.99,,,,,до $5,не указано
2443510,Mujina - Maze Game,0,True,False,False,False,1693495126,0,0,['Fox_Sebby'],['Fox_Sebby'],"['Adventure', 'Action-Adventure', 'Exploration', 'First-Person', 'Dark', 'Procedural Generation', 'Multiplayer', 'Indie', 'Co-op', 'Online Co-Op', 'Singleplayer']",2023-08-31 15:18:46,False,2022–23,,2200,False,5.99,,,,,$5–9.99,не указано
2443630,STAR WARS™: Episode I: Jedi Power Battles™,0,True,False,False,False,1737647352,358,78,['Aspyr'],['Aspyr'],"['Hack and Slash', 'Retro', 'Arcade', 'Sci-fi', ""Beat 'em up"", 'Action', 'Space', 'Adventure', 'Old School', 'Casual', '3D', 'Side Scroller', 'Singleplayer', 'Colorful', 'Third Person', 'Combat', 'Controller', 'PvE', 'Co-op', 'Action-Adventure']",2025-01-23 15:49:12,False,2024–25,2.0,1519,False,19.99,28.0,5.7,,,$15–19.99,2
2444350,Enchanted Portals,0,True,False,False,False,1693954656,291,40,['Xixo Games Studio'],['Xixo Games Studio'],"['Action', 'Indie', '2D', 'Action-Adventure', 'Cartoon', 'Co-op', 'Cartoony', 'Side Scroller', 'Local Co-Op', ""Shoot 'Em Up"", 'Platformer', 'Singleplayer', 'Psychological Horror', 'Difficult']",2023-09-05 22:57:36,False,2022–23,,1327,False,19.99,13.2,4.0,,,$15–19.99,не указано
2444750,Shape of Dreams,0,True,False,False,False,1757555859,16300,89,['NEOWIZ'],['Lizard Smoothie'],"['Action Roguelike', 'Co-op', 'PvE', 'Hack and Slash', 'Roguelite', 'Top-Down', 'Action', 'MOBA', 'Dungeon Crawler', '3D', 'Surreal', 'Colorful', 'Stylized', 'Fantasy', 'Magic', 'Multiplayer', 'Online Co-Op', 'Combat', 'RPG', 'Action RPG']",2025-09-11 01:57:39,False,2024–25,4.0,2340,False,24.99,32.9,31.049999999999997,3432402.0,211.0,$20+,3–4
2445380,Alien Cube,0,True,False,False,False,1689129257,1,0,['OinTau Studios'],['OinTau Studios'],"['Adventure', 'Action', 'Puzzle', 'Puzzle Platformer', 'First-Person', 'Survival', 'Relaxing', 'Perma Death', 'Singleplayer', 'Horror', 'Multiplayer', 'Co-op']",2023-07-12 02:34:17,False,2022–23,,680,False,0.99,,,,,до $5,не указано
2445390,Late Night Drive,0,True,False,False,False,1686146431,223,80,['Voxel Bytes'],['Voxel Bytes'],"['Multiplayer', 'Relaxing', 'Driving', 'Atmospheric', 'Co-op', 'Nature', 'Casual', 'Racing', 'Automobile Sim', '3D', 'First-Person', 'Indie', 'Third Person', 'Singleplayer', 'Online Co-Op']",2023-06-07 14:00:31,False,2022–23,4.0,2260,False,0.99,27.1,0.6,,,до $5,3–4
2445440,Hunter Nightmare,0,True,False,False,False,1697958484,10,90,['Pluto'],['Pluto'],"['Casual', 'Adventure', 'Action-Adventure', 'Action RPG', '3D Platformer', 'Exploration', '3D', 'Colorful', 'Psychological Horror', 'Thriller', 'Survival Horror', 'Dark', 'Quick-Time Events', 'Character Customization', 'Singleplayer', 'Co-op', 'Online Co-Op', 'Multiplayer', 'Asynchronous Multiplayer', 'Action']",2023-10-22 07:08:04,False,2022–23,2.0,1405,False,0.99,,,,,до $5,2
2446180,Backdoors,0,True,False,True,False,1688158839,39,64,['BehaUlas'],['BehaUlas'],"['Action', 'Casual', 'Adventure', 'Puzzle', 'Roguelike', 'Walking Simulator', 'Exploration', '3D', 'First-Person', 'Realistic', 'Stylized', 'Atmospheric', 'Mystery', 'Survival Horror', 'Horror', 'Co-op', 'Singleplayer', 'Local Multiplayer', 'Online Co-Op', 'Multiplayer']",2023-06-30 21:00:39,False,2022–23,4.0,2531,False,5.99,,,,,$5–9.99,3–4
2446700,Doomies (Damikira),0,True,False,False,False,1713965128,18,83,['indie.io'],['Brain-dead Rabbit Games'],"['Roguelite', 'Action', 'Platformer', 'Shooter', 'Local Co-Op', '2D Platformer', 'Side Scroller', 'Arcade', 'Pixel Graphics', 'Local Multiplayer', 'PvE', 'Comedy', 'Dark Comedy', 'Parody ', 'Funny', 'Dark', 'Casual', 'Demons', 'Anime', 'Sci-fi']",2024-04-24 13:25:28,False,2024–25,,1483,False,5.99,,,,,$5–9.99,не указано
2448830,Time Handlers,0,True,False,False,False,1704992140,12,66,['Patate Douce Studio'],['Patate Douce Studio'],"['Puzzle', 'Escape Room', 'Online Co-Op', 'Exploration', 'Funny', 'Adventure', 'Atmospheric', 'Casual', 'Puzzle Platformer', 'Co-op', 'Co-op Campaign', 'Action-Adventure', 'Mystery', 'Psychological', 'Emotional', '3D', 'Dark', 'Logic', 'Controller', 'Team-Based']",2024-01-11 16:55:40,False,2024–25,2.0,1491,False,13.99,,,,,$10–14.99,2
2449310,Breaking Friendships,0,True,False,False,False,1690738230,3,33,['Lovingdar'],['Lovingdar'],"['Online Co-Op', 'Casual', '2D', 'Co-op', 'Multiplayer', 'Dialogue Heavy']",2023-07-30 17:30:30,False,2022–23,,1153,False,9.99,,,,,$5–9.99,не указано
2452650,Hell Throne,0,True,False,True,False,1700046017,10,90,['BoomBit'],['BoomBit'],"['Singleplayer', 'Action Roguelike', 'Action', ""Shoot 'Em Up"", 'Roguelite', 'Roguelike', 'Bullet Hell', 'Fast-Paced', 'Loot', 'Hack and Slash', 'Local Co-Op', 'Demons', 'Pixel Graphics', 'Difficult', 'Isometric', 'Top-Down', 'Fantasy', 'Dungeon Crawler', 'RPG', 'Shooter']",2023-11-15 11:00:17,False,2022–23,4.0,2428,False,15.99,,,,,$15–19.99,3–4
2452720,Mystic Strife,0,True,False,False,False,1704819659,10,100,['jSpeak'],['jSpeak'],"['2D Platformer', 'Archery', 'PvP', 'Difficult', 'Platformer', '2D Fighter', 'Arcade', '2D', 'Swordplay', 'Controller', 'Action', 'Pixel Graphics', 'Fantasy', 'Class-Based', 'Retro', 'Local Co-Op', 'Multiplayer', '4 Player Local', 'Local Multiplayer', 'Fighting']",2024-01-09 17:00:59,False,2024–25,9.0,1394,False,0.99,,,,,до $5,9+
2454890,DEATH IN UNISON,0,True,False,False,False,1724929651,659,96,['Blank Dream Studios'],['Blank Dream Studios'],"['Horror', 'Online Co-Op', 'First-Person', 'Survival Horror', 'PvE', 'Action-Adventure', '3D', 'Psychological Horror', 'Co-op', 'Action', 'Post-apocalyptic', 'Stylized', 'Dystopian ', 'Management', 'Atmospheric', 'Survival', 'Puzzle', 'Retro', 'Pixel Graphics', 'Mystery']",2024-08-29 11:07:31,False,2024–25,2.0,1458,False,8.99,52.1,4.2,,,$5–9.99,2
2455260,RoundRunners Playground,0,True,False,False,False,1694170386,1,0,['Vibrant Pixels'],['Vibrant Pixels'],"['Casual', 'Multiplayer', 'Platformer', 'Team-Based', 'Cartoony', 'Colorful', 'Family Friendly', 'Character Customization', 'Action', '3D', '3D Platformer', 'Funny', 'First-Person', 'Third Person', 'Comedy', 'Parkour', 'PvP', 'Online Co-Op', 'Co-op', 'Combat']",2023-09-08 10:53:06,False,2022–23,,2611,False,4.99,,,,,до $5,не указано
2455340,Together in Between,0,True,False,False,False,1725278527,298,65,['Vellichor Games'],['Vellichor Games'],"['Puzzle', 'Casual', 'Online Co-Op', 'Fantasy', 'Adventure', 'Family Friendly', '3D', 'Multiplayer', 'Co-op Campaign', 'Co-op', 'Story Rich', 'Logic', 'Mystery', 'Dark', 'Detective', 'Puzzle Platformer', 'Linear', 'Emotional', 'First-Person', 'Female Protagonist']",2024-09-02 12:02:07,False,2024–25,,2226,False,6.99,17.7,3.8,,,$5–9.99,не указано
2455720,Red Lightning,0,True,False,False,False,1740512042,1,100,['Ryan McQuiston'],['Ryan McQuiston'],"['Top-Down Shooter', 'Adventure', 'Pixel Graphics', 'Retro', 'Action', '2D', 'Local Co-Op', 'Action-Adventure', 'Bullet Hell', 'Military', 'Score Attack', 'Singleplayer', 'Top-Down', 'Gaming', 'Indie']",2025-02-25 19:34:02,False,2024–25,,923,False,5.99,,,,,$5–9.99,не указано
2456430,Athena Crisis,0,True,False,False,False,1727097934,127,76,['Nakazawa Tech'],['Nakazawa Tech'],"['Turn-Based Tactics', 'Turn-Based Strategy', 'Pixel Graphics', 'Tactical', 'Sci-fi', 'PvE', 'PvP', 'Retro', '2D', 'Top-Down', 'Colorful', 'Tactical RPG', 'Strategy', 'Co-op', 'Relaxing', 'Atmospheric', 'Level Editor', 'Early Access', 'Online Co-Op', 'Multiplayer']",2024-09-23 13:25:34,False,2024–25,7.0,3298,False,9.99,30.6,10.8,,,$5–9.99,5–8
2456550,Ultimate Front,0,True,False,False,False,1689347482,1,0,['Parallax Software Solutions GmbH'],['Parallax Software Solutions GmbH'],"['VR', 'Arena Shooter', ""Beat 'em up"", 'Medieval', 'PvE', 'Arcade', 'Co-op', '3D Fighter', 'First-Person', '3D', 'Simulation', 'Team-Based', 'Adventure', 'FPS', 'Action', 'Multiplayer', 'Shooter', 'Fantasy', 'Magic', 'Lovecraftian']",2023-07-14 15:11:22,False,2022–23,4.0,855,False,5.0,,,,,$5–9.99,3–4
2457580,Fight Crab 2,0,True,False,True,False,1707811274,129,93,['PLAYISM'],['Calappa Games'],"['PvP', 'Comedy', 'Sports', 'Spectacle fighter', '3D', 'Surreal', 'Third-Person Shooter', 'Arcade', 'eSports', '3D Fighter', 'Third Person', 'Underwater', 'Realistic', 'Funny', 'Action', 'Moddable', 'Physics', 'Combat', 'Co-op', 'Local Co-Op']",2024-02-13 08:01:14,False,2024–25,5.0,3702,False,14.99,33.3,4.2,,,$10–14.99,5–8
2458250,Cry Babies Magic Tears: The Big Game,0,True,False,False,False,1695812822,15,80,['Silver Lining Interactive'],['Drakhar Studio'],"['Casual', 'Adventure', 'Family Friendly', 'Cute', 'Education', 'Puzzle', 'Collectathon', 'Exploration', '3D', 'Colorful', 'Funny', 'Character Customization', 'Controller', 'Female Protagonist', 'Story Rich', 'Local Co-Op', 'Magic']",2023-09-27 11:07:02,False,2022–23,2.0,1694,False,29.99,,,,,$20+,2
2460130,Teenage Mutant Ninja Turtles: Mutants Unleashed,0,True,False,False,False,1729239714,114,50,['Outright Games Ltd.'],['AHEARTFULOFGAMES'],"[""Beat 'em up"", 'Martial Arts', '3D Fighter', '3D', 'Action', 'Comic Book', 'Controller', 'Cartoony', 'Colorful', 'Adventure', 'Family Friendly', 'Ninja', 'Cartoon', 'Combat', 'Co-op', 'Local Co-Op', 'Multiplayer', 'Singleplayer', 'Fighting', 'Open World']",2024-10-18 08:21:54,False,2024–25,,1198,False,39.99,33.3,6.4,,,$20+,не указано
2460490,Quantum: Recharged,0,True,False,False,False,1692276674,9,77,['Atari'],['SneakyBox'],"['Action', 'Shooter', 'Arcade', '2D', 'Controller', 'Colorful', 'Sci-fi', 'Space', 'Score Attack', 'Futuristic', 'Old School', 'Retro', 'Co-op', 'Local Co-Op', 'Multiplayer', 'Singleplayer']",2023-08-17 12:51:14,False,2022–23,,1837,False,9.99,,,,,$5–9.99,не указано
2461110,Anidu: Animal Doll’s Adventure,0,True,False,False,False,1711688448,9,88,['THREECORN'],['THREECORN'],"['Online Co-Op', 'Puzzle Platformer', '2D Platformer', 'Multiplayer', 'Puzzle', 'Adventure', 'Platformer', '2D', 'Cute', 'Funny', 'Linear', 'Pixel Graphics', 'Casual', 'Family Friendly', 'Magic', 'Co-op', 'Singleplayer']",2024-03-29 05:00:48,False,2024–25,2.0,1301,False,17.5,,,,,$15–19.99,2
2462000,Roboom,0,True,False,True,False,1716103886,12,100,['Robogame Studios'],['Robogame Studios'],"['Action Roguelike', 'Arena Shooter', 'Co-op', 'Roguelite', '4 Player Local', 'Top-Down Shooter', 'Sci-fi', 'Bullet Hell', ""Shoot 'Em Up"", 'Top-Down', 'PvE', 'Shooter', '2D', 'Action', 'Procedural Generation', 'Colorful', 'Space', 'Score Attack', 'Robots', 'Physics']",2024-05-19 07:31:26,False,2024–25,4.0,1484,True,4.99,,,,,до $5,3–4
2463570,HamsterBall Soccer,0,True,False,False,False,1690444737,1,100,['Shinjo Games'],['Shinjo Games'],"['4 Player Local', 'Sports', 'Local Multiplayer', 'Multiplayer', 'Football (Soccer)', 'Local Co-Op', 'Co-op', 'Arcade', 'Cute', 'eSports', 'Stylized', '3D', 'Physics', 'Top-Down', 'Parody ', 'Score Attack', 'Team-Based', 'Character Customization', 'Singleplayer', 'Casual']",2023-07-27 07:58:57,False,2022–23,8.0,1392,True,0.99,,,,,до $5,5–8
2465080,Jelly & Toast,0,True,False,False,False,1694826755,19,73,['Nibb Games'],['Nibb Games'],"['Casual', 'Local Co-Op', 'Cooking', 'Platformer', 'Pixel Graphics', 'Puzzle Platformer', 'Puzzle', 'Colorful', '2D Platformer', '2D', 'Adventure', 'Cartoon', 'Cute', 'Capitalism', 'Controller', 'Tutorial', 'Co-op', 'Multiplayer', 'Singleplayer', 'Local Multiplayer']",2023-09-16 01:12:35,False,2022–23,,725,False,2.99,,,,,до $5,не указано
2470700,Stay Home,0,True,False,False,False,1689958971,16,81,['Arafkan Games'],['Arafkan'],"['Zombies', 'FPS', 'Co-op', 'Post-apocalyptic', 'Atmospheric', '3D Platformer', 'Shooter', 'Action', 'Action-Adventure', 'First-Person', '3D', 'Horror', 'Surreal', 'Realistic', 'Tactical', 'Thriller', 'Survival Horror', 'Singleplayer', 'Online Co-Op', 'Gore']",2023-07-21 17:02:51,False,2022–23,4.0,1170,False,4.99,,,,,до $5,3–4
2474690,Hazelnut Hex,0,True,False,False,False,1701320515,123,97,['Chunderfins'],['Chunderfins'],"['Action', ""Shoot 'Em Up"", 'Bullet Hell', 'Arcade', 'Cute', 'Female Protagonist', 'Shooter', '2D', 'Cartoon', 'Colorful', 'Hand-drawn', 'Fantasy', 'Magic', 'Old School', 'Controller', 'Co-op', 'Local Co-Op', 'Local Multiplayer', 'Singleplayer', 'Multiplayer']",2023-11-30 05:01:55,False,2022–23,,880,False,7.99,47.1,2.05,,,$5–9.99,не указано
2475460,SOS OPS!,0,True,False,False,False,1701367632,4649,81,['Dreland Enterprises'],['ArtDock'],"['Co-op', 'Parody ', 'Third Person', 'Funny', 'Physics', 'Party', 'Multiplayer', 'Puzzle', 'Cute', 'Character Customization', 'Online Co-Op', 'Logic', 'Adventure', 'Party Game', 'Colorful', 'Parkour', '3D', '3D Platformer', 'Cartoon', 'Action-Adventure']",2023-11-30 18:07:12,False,2022–23,4.0,1497,False,4.99,68.4,4.3,20203720.0,4346.0,до $5,3–4
2475720,Sumo Tanks,0,True,False,False,False,1716336727,6,100,['Mountain Peke Games'],['Mountain Peke Games'],"['Tanks', 'Multiplayer', '2D Fighter', 'Co-op Campaign', 'Casual', 'Pixel Graphics', 'PvP', 'Twin Stick Shooter', '2D', 'Arcade', 'Top-Down', 'Top-Down Shooter', 'Stylized', 'Family Friendly', 'Cartoon', '4 Player Local', 'Online Co-Op', 'Cartoony', 'Minimalist', 'Action']",2024-05-22 00:12:07,False,2024–25,8.0,992,True,4.99,,,,,до $5,5–8
2477340,Expeditions: A MudRunner Game,0,True,False,False,False,1709658275,3010,59,['Focus Entertainment'],['Saber Interactive'],"['Moddable', 'Multiplayer', 'Singleplayer', 'Nature', 'Driving', 'Exploration', 'Offroad', 'Co-op', 'Online Co-Op', 'Transportation', 'Racing', 'Building', 'Science', 'Automobile Sim', 'Open World', 'Physics', 'Base Building', 'Simulation', 'Realistic', 'Character Customization']",2024-03-05 17:04:35,False,2024–25,4.0,2849,False,39.99,31.9,12.7,,,$20+,3–4
2477770,Summer Party Time,0,True,False,False,False,1689210899,4,50,['SAT-BOX'],['SAT-BOX'],"['Local Multiplayer', 'Local Co-Op', '4 Player Local', 'Action', 'Singleplayer', 'Multiplayer', 'Casual', 'Co-op', 'Arcade', '3D Platformer', '3D', 'Cute', 'Colorful', 'Comedy', 'Survival', 'Family Friendly', 'Funny', 'Nature', 'Indie', 'PvP']",2023-07-13 01:14:59,False,2022–23,6.0,482,False,8.99,,,,,$5–9.99,5–8
2477790,Max's Tales,0,True,False,False,False,1703250641,4,100,['Jonathan Prado'],['Jonathan Prado'],"['Action', '2D Platformer', 'Platformer', 'Cartoony', 'Singleplayer', '2D', 'Controller', ""1990's"", 'Adventure', 'Casual', 'Co-op', 'Multiplayer', 'Local Multiplayer', 'Nostalgia']",2023-12-22 13:10:41,False,2022–23,,1337,True,2.99,,,,,до $5,не указано
2478020,Ray’z Arcade Chronology,0,True,False,False,False,1695653982,112,89,['TAITO CORP.'],"['M2 Co.,LTD']","[""Shoot 'Em Up"", 'Action', 'Shooter', 'Sci-fi', 'Female Protagonist', '2.5D', 'Singleplayer', 'Multiplayer', 'Local Co-Op', 'Local Multiplayer', '3D', 'Arcade', 'Retro']",2023-09-25 14:59:42,False,2022–23,,1529,False,49.99,25.4,7.55,,,$20+,не указано
2478470,Doomsday,0,True,False,False,False,1692417540,3,66,['赵鸿毓&amp;温翎皓'],['Mallet Games'],"['Adventure', 'Action', 'Action-Adventure', '3D Platformer', '3D', 'First-Person', 'Zombies', 'Casual', 'Story Rich', 'FPS', 'Third-Person Shooter', 'Third Person', 'Post-apocalyptic', 'Building', 'PvP', 'Online Co-Op', 'Multiplayer', 'Cinematic', 'Singleplayer', 'Co-op']",2023-08-19 03:59:00,False,2022–23,,740,False,1.99,,,,,до $5,не указано
2478840,Demon's Blood,0,True,False,True,False,1699458386,2,50,['Another Slime Studio'],"['Another Slime Studio', ""Ptits Potes N'Co""]","['FPS', 'Demons', 'First-Person', '3D', 'Military', 'Online Co-Op', 'Singleplayer', 'PvE', 'Realistic', 'Zombies', 'Gun Customization', 'Horror', 'Score Attack', 'Team-Based', 'Action', 'Co-op', 'Class-Based', 'Shooter', 'Modern', 'Multiplayer']",2023-11-08 15:46:26,False,2022–23,,777,False,7.99,,,,,$5–9.99,не указано
2479580,Prop Game,0,True,False,False,False,1688730814,6,100,['Olivette Noa'],['Olivette Noa'],"['Casual', 'Arcade', 'Battle Royale', '3D Fighter', '3D Platformer', '3D', 'Cartoony', 'Colorful', 'Cute', 'Minimalist', 'Comic Book', 'Building', 'Cooking', 'Destruction', 'PvP', 'Physics', 'Score Attack', 'Team-Based', 'Co-op', 'Online Co-Op']",2023-07-07 11:53:34,False,2022–23,,1007,False,1.99,,,,,до $5,не указано
2480930,The Experiment,0,True,False,False,False,1709279115,121,65,['Carrot Studios'],['Carrot Studios'],"['Online Co-Op', 'Action', 'Multiplayer', 'Survival Horror', 'Psychological Horror', 'Singleplayer', 'Horror', 'Exploration', 'First-Person', 'Dark', 'Zombies', 'Choices Matter', 'Conspiracy', 'PvE', '3D', 'Stylized', 'Hidden Object', 'Collectathon', 'Casual', 'Arcade']",2024-03-01 07:45:15,False,2024–25,,1047,False,1.99,28.0,0.9,,,до $5,не указано
2482640,Descensus,0,True,False,True,False,1725361232,5,60,['Red Umbra LLC'],['Beryoski'],"['3D', 'Isometric', 'Action', 'Souls-like', 'Stylized', 'Dark', 'Magic', 'Sci-fi', 'Post-apocalyptic', 'Combat', 'Action RPG', 'Violent', 'Story Rich', 'Singleplayer', 'Dark Fantasy', 'Exploration', 'Difficult', 'Co-op', 'Online Co-Op', 'Early Access']",2024-09-03 11:00:32,False,2024–25,,2344,True,5.99,,,,,$5–9.99,не указано
2482850,POLARIS™,0,True,False,False,False,1738164647,32,59,['Variable State'],"['POLARIS™ Team', 'Variable State']","['Online Co-Op', 'Multiplayer', 'Extraction Shooter', 'Third-Person Shooter', 'Vehicular Combat', 'Physics', 'Flight', 'PvE', 'Singleplayer', 'Shooter', 'Open World', 'Action', 'Sci-fi', 'Space', 'Adventure', 'Destruction', 'Co-op', 'Character Customization', 'Third Person', 'Exploration']",2025-01-29 15:30:47,False,2024–25,11.0,3653,False,19.99,,,,,$15–19.99,9+
2483370,FightBots,0,True,False,False,False,1691009933,2,100,['Art Games'],['Art Games'],"['Third Person', 'Action', '3D Fighter', 'PvE', 'Local Co-Op', 'Robots', 'Futuristic', 'Action-Adventure', '3D', 'Indie', 'Co-op', 'Adventure', 'Sports']",2023-08-02 20:58:53,False,2022–23,,728,False,2.99,,,,,до $5,не указано
2484270,Shred The Undead,0,True,False,False,False,1730116763,3,100,"[""Citizens' Loft Interactive LLC""]","[""Citizens' Loft Interactive LLC""]","['Action', 'Hack and Slash', '4 Player Local', 'Multiplayer', 'Zombies', 'Singleplayer', 'Dungeon Crawler', 'Action-Adventure', 'Arcade', 'Class-Based', 'Local Co-Op', 'Co-op', 'Local Multiplayer', 'Rock Music', 'Fantasy', 'Old School', 'Top-Down', 'Indie', 'Casual']",2024-10-28 11:59:23,False,2024–25,4.0,1180,False,9.99,,,,,$5–9.99,3–4
2485430,Bullets & Brains,0,True,False,False,False,1750924794,15,93,['Ajvar Studio'],['Ajvar Studio'],"['Controller', '3D', 'Arcade', 'Action Roguelike', 'Post-apocalyptic', 'Bullet Hell', 'Singleplayer', 'Roguelite', 'Top-Down Shooter', 'Survival', 'Character Customization', 'Stylized', 'Action', 'Zombies', ""Shoot 'Em Up"", 'Shooter', 'Indie', 'Co-op', 'Local Co-Op', 'Multiplayer']",2025-06-26 07:59:54,False,2024–25,2.0,2778,False,12.99,,,,,$10–14.99,2
2485890,ConSPYration,0,True,False,False,False,1702648872,10,100,['Moon Tales SAS'],['Moon Tales SAS'],"['Stealth', 'Local Multiplayer', 'Local Co-Op', 'Indie', 'Party Game', 'Casual', 'Action', 'Family Friendly', 'Top-Down', 'Controller', 'Arcade', 'PvP', 'Top-Down Shooter', 'Detective', 'Female Protagonist', 'PvE', 'Colorful', 'Singleplayer', 'Multiplayer', 'Action-Adventure']",2023-12-15 14:01:12,False,2022–23,6.0,1746,False,7.99,,,,,$5–9.99,5–8
2487140,Exorcist Simulator,0,True,False,False,False,1746281037,116,66,['D.M.G.V'],['D.M.G.V'],"['Multiplayer', 'Online Co-Op', 'Horror', 'Psychological Horror', 'Supernatural', 'Mystery', 'First-Person', 'Realistic', 'Demons', 'Dark', 'Lovecraftian', '3D', 'Atmospheric', 'Simulation', 'Action', 'Co-op', 'Investigation', 'Local Multiplayer', 'Adventure', 'Detective']",2025-05-03 14:03:57,False,2024–25,4.0,1323,False,9.99,0.8,1.1,,,$5–9.99,3–4
2488360,Super Tank Attack,0,True,False,False,False,1689759541,0,0,['Tudou Games'],['Tudou Games'],"['Action', 'Arcade', 'Shooter', 'Arena Shooter', ""Shoot 'Em Up"", '2.5D', '3D', 'Military', 'Retro', 'Robots', 'War', 'Combat', 'Co-op', 'Local Co-Op', 'Multiplayer', 'Indie', 'Singleplayer', 'Isometric', 'Top-Down Shooter', 'Controller']",2023-07-19 09:39:01,False,2022–23,2.0,1097,False,0.99,,,,,до $5,2
2488410,Tarantula Virus,0,True,False,False,False,1695419994,3,100,['Kamil Graca'],['Kamil Graca'],"['Action Roguelike', 'Bullet Hell', 'Top-Down Shooter', 'Roguelite', 'PvE', 'Tutorial', 'Shooter', 'Roguelike', 'Third Person', 'Top-Down', 'Casual', 'Controller', 'Procedural Generation', 'Action', 'Adventure', 'Sci-fi', 'Robots', 'Local Co-Op', '3D', 'Futuristic']",2023-09-22 21:59:54,False,2022–23,,1195,False,5.99,,,,,$5–9.99,не указано
2488640,Multiplayer Mercs,0,True,False,False,False,1689076490,2,50,['Archor Games'],['Archor Wright'],"['Action', 'Shooter', 'Wargame', '3D', 'War', 'PvP', 'Co-op', 'Multiplayer', 'Online Co-Op']",2023-07-11 11:54:50,False,2022–23,,790,False,0.99,,,,,до $5,не указано
2491310,Webshooters,0,True,False,True,False,1706022323,5,80,['Enemy Team'],['Enemy Team'],"['VR', 'Action', 'Shooter', 'Superhero', 'Cartoony', 'Comic Book', 'Multiplayer', 'FPS', 'Arena Shooter', '3D', 'Early Access', 'First-Person', 'Indie', 'Character Customization', 'Combat', 'Physics', 'Online Co-Op', 'Singleplayer']",2024-01-23 15:05:23,False,2024–25,,1010,False,4.99,,,,,до $5,не указано
2493670,Deja Vu : The Backrooms,0,True,False,True,False,1727195071,11,72,['Mihnea Simionescu'],['Mihnea Simionescu'],"['Action', 'Adventure', 'Action-Adventure', 'Exploration', '3D', 'First-Person', 'Realistic', 'Horror', 'Psychological Horror', 'Procedural Generation', 'Indie', 'Early Access', 'Co-op', 'Multiplayer', 'Online Co-Op', 'Singleplayer']",2024-09-24 16:24:31,False,2024–25,5.0,2634,False,8.99,,,,,$5–9.99,5–8
2500080,Webventure,0,True,False,False,False,1694818712,69,36,['Moodming'],['Moodming'],"['Adventure', 'Co-op', 'Local Co-Op', 'Multiplayer', 'Puzzle', 'Action', 'Cute', 'Online Co-Op', 'Arcade', 'Platformer', '2D Platformer', '3D Platformer', 'Side Scroller', 'Puzzle Platformer', 'Family Friendly', 'Exploration', 'Comedy', 'Physics', 'Cartoony', 'Stylized']",2023-09-15 22:58:32,False,2022–23,2.0,1414,False,2.99,,,,,до $5,2
2500750,Only Climb: Better Together,0,True,False,False,False,1690315239,2953,54,['Exbyte Studios'],['Exbyte Studios'],"['Precision Platformer', '3D Platformer', 'Difficult', 'Platformer', 'Arcade', 'Roguelike', 'Character Customization', '3D', 'Third Person', 'Funny', 'Casual', 'Simulation', 'Fantasy', 'Atmospheric', 'Multiplayer', 'Comedy', 'Adventure', 'Co-op', 'Online Co-Op', 'Singleplayer']",2023-07-25 20:00:39,False,2022–23,8.0,4290,False,4.99,47.1,5.25,,,до $5,5–8
2501590,Squeebing Up the Tower of Friendship,0,True,False,False,False,1699575999,14,78,['Space Kraken Studios'],['Space Kraken Studios'],"['3D Platformer', 'Online Co-Op', 'Difficult', 'Precision Platformer', 'Platformer', 'Indie', 'Third Person', 'Adventure', 'Psychological Horror', 'Exploration', '3D', 'Surreal', 'Colorful', 'Realistic', 'Racing', 'Physics', 'Open World', 'Co-op', 'Psychedelic', 'Parkour']",2023-11-10 00:26:39,False,2022–23,8.0,1987,True,2.99,,,,,до $5,5–8
2501750,Tactical Zone,0,True,False,True,False,1715636166,2,50,['Dexied Games'],['Dexied Games'],"['Action', 'Shooter', 'Wargame', 'Third-Person Shooter', 'Third Person', 'Realistic', 'Military', 'Post-apocalyptic', 'Nature', 'Destruction', 'Tactical', 'PvE', 'Character Customization', 'Team-Based', 'Score Attack', 'Multiplayer', 'Singleplayer', 'Violent', 'Co-op', 'Massively Multiplayer']",2024-05-13 21:36:06,False,2024–25,4.0,1153,False,2.99,,,,,до $5,3–4
2503180,Run From Mummies,0,True,False,False,False,1730869511,22,100,"['Lost Turnip, LLC']","['Lost Turnip, LLC']","['Dungeon Crawler', 'Action-Adventure', 'Exploration', '2D', 'Top-Down', 'Funny', 'Lore-Rich', 'Controller', 'Linear', 'Story Rich', 'Action', 'Cartoony', 'Hand-drawn', 'Stylized', 'Mythology', 'Zombies', 'Adventure', 'Combat', '4 Player Local', 'Co-op']",2024-11-06 05:05:11,False,2024–25,4.0,2524,True,9.99,,,,,$5–9.99,3–4
2506130,Council of Mages: The Party Game,0,True,False,False,False,1720100729,1,100,['Lixao Rich Media'],['Georgette Games'],"['Minigames', 'Casual', 'Party Game', 'Local Multiplayer', 'Family Friendly', 'Arcade', 'Magic', 'Fantasy', 'Cartoony', '4 Player Local', 'Team-Based', 'Controller', 'Co-op', 'PvP', 'Local Co-Op', 'Split Screen', 'Action', 'Physics', 'Party', 'Character Customization']",2024-07-04 13:45:29,False,2024–25,7.0,1430,False,9.99,,,,,$5–9.99,5–8
2506690,VISCO Collection,0,True,False,False,False,1698350408,16,87,"['QUByte Interactive', 'PixelHeart']",['QUByte Interactive'],"['Arcade', 'Casual', 'Retro', '1980s', ""1990's"", 'Pixel Graphics', '2D', 'Family Friendly', 'Singleplayer', 'Co-op', 'Multiplayer', 'Platformer', 'PvP', ""Shoot 'Em Up"", '2D Platformer', 'Adventure', 'Action', 'Sports', 'Racing', 'Shooter']",2023-10-26 20:00:08,False,2022–23,,2270,False,19.99,,,,,$15–19.99,не указано
2506820,Demonsomnia,0,True,False,True,False,1723560063,278,33,['Demonsomnia Team'],['Serhat Akgul'],"['Horror', 'Online Co-Op', 'Multiplayer', 'Co-op', 'Psychological Horror', 'Exploration', 'Supernatural', 'First-Person', 'Sci-fi', 'Investigation', 'Demons', 'Dark', 'FPS', 'Detective', 'Mystery', '3D', 'Thriller', 'Action', 'Shooter', 'PvE']",2024-08-13 14:41:03,False,2024–25,,2212,True,13.99,2.4,1.3,,,$10–14.99,не указано
2510160,Bounce & Roll,0,True,False,True,False,1690592581,3,100,['Alchicorp'],['Alchicorp'],"['Co-op', 'Action-Adventure', 'Physics', 'Puzzle Platformer', '3D Platformer', 'Third Person', 'Action', 'Family Friendly', 'Local Co-Op', 'Local Multiplayer', 'Platformer', 'Precision Platformer', 'Character Customization', '3D', 'Split Screen', 'Casual', 'Multiplayer', 'Singleplayer', 'Indie', 'Early Access']",2023-07-29 01:03:01,False,2022–23,,410,True,3.99,,,,,до $5,не указано
2511290,Two Cubes,0,True,False,False,False,1692031277,133,96,['Team Rombo'],['Rombo'],"['Online Co-Op', 'Adventure', '2D Platformer', 'Puzzle Platformer', 'Co-op Campaign', 'Platformer', '2D', 'Pixel Graphics', 'Retro', 'Multiplayer', 'Colorful', 'Indie', 'Co-op', 'Casual', 'Puzzle', 'Linear', 'Tutorial']",2023-08-14 16:41:17,False,2022–23,2.0,676,False,0.99,48.0,1.1,,,до $5,2
2514400,Servonauts,0,True,False,False,False,1732181912,40,85,"['Untold Tales', 'GamerSky']",['MAXART Games'],"['4 Player Local', 'Co-op', 'Local Multiplayer', 'Physics', 'Casual', 'Multiplayer', 'Local Co-Op', 'Space', 'Action', 'Comedy', 'Family Friendly', 'Colorful', 'Cartoony', 'Sci-fi', 'Arcade', 'Adventure', 'Action-Adventure', '3D', 'Controller', 'Singleplayer']",2024-11-21 09:38:32,False,2024–25,4.0,1489,False,14.99,,,,,$10–14.99,3–4
2514460,GUARDS!,0,True,False,False,False,1709312028,418,68,['WYLDERZONE'],"['WYLDERZONE', 'Lowkey GameDev']","['Online Co-Op', 'Co-op', 'First-Person', 'Fantasy', 'PvE', 'Action', 'Dungeon Crawler', 'Hack and Slash', 'Medieval', 'Difficult', 'Third Person', 'Exploration', 'Procedural Generation', 'Combat', 'Time Management', 'Physics', 'Adventure', 'Atmospheric', 'Crime', 'Action-Adventure']",2024-03-01 16:53:48,False,2024–25,16.0,2108,False,9.99,30.1,5.699999999999999,,,$5–9.99,9+
2514580,斗鱼战争,0,True,False,False,False,1692677982,0,0,['斗鱼战争'],['斗鱼战争'],"['Casual', 'Grand Strategy', 'Platformer', 'Spectacle fighter', 'Card Battler', '3D', 'Isometric', 'Psychedelic', 'Fantasy', 'Funny', 'PvP', 'Team-Based', 'Choices Matter', 'Singleplayer', 'Co-op', 'Online Co-Op', 'Massively Multiplayer', 'Multiplayer', 'Asynchronous Multiplayer']",2023-08-22 04:19:42,False,2022–23,,412,False,7.99,,,,,$5–9.99,не указано
2515060,Infernal Wave,0,True,False,True,False,1690813922,3,0,['Veriluxa'],['Veriluxa'],"['Action', 'Action-Adventure', 'Point & Click', 'Shooter', 'Arena Shooter', 'Looter Shooter', 'FPS', 'Bullet Hell', '3D', 'First-Person', 'Realistic', 'Sci-fi', 'Zombies', 'Team-Based', 'Combat', 'PvE', 'Co-op', 'Online Co-Op', 'Multiplayer', 'Singleplayer']",2023-07-31 14:32:02,False,2022–23,6.0,1876,False,6.99,,,,,$5–9.99,5–8
2516170,G.I. Joe: Wrath of Cobra,0,True,False,False,False,1727362711,121,56,['indie.io'],['indie.io'],"['Co-op', 'Local Multiplayer', ""Beat 'em up"", 'Multiplayer', 'Combat', 'Side Scroller', 'Action', 'Adventure', 'Online Co-Op', 'Local Co-Op', '2D', 'Cartoon', 'Fighting', 'Colorful', 'Pixel Graphics', '1980s', 'Martial Arts', 'Ninja', 'Retro', 'Controller']",2024-09-26 14:58:31,False,2024–25,,2289,False,24.99,28.6,2.8,,,$20+,не указано
2516430,Cyborg3003,0,True,False,False,False,1723751538,31,74,['Rodrigo Banzato'],['Rodrigo Banzato'],"['Multiplayer', 'Co-op', 'Shooter', 'PvE', 'Violent', 'FPS', 'Third-Person Shooter', 'Survival Horror', 'Combat', 'Arena Shooter', 'Action', 'Realistic', 'Dark', 'Aliens', 'First-Person', 'Third Person', 'Horror', 'Futuristic', 'Sci-fi', 'Online Co-Op']",2024-08-15 19:52:18,False,2024–25,6.0,1500,False,16.99,,,,,$15–19.99,5–8
2518430,The Backrooms : Last Expedition,0,True,False,True,False,1694772066,42,47,['Valkyrie Interactive'],['Valkyrie Interactive'],"['Horror', 'Multiplayer', 'Psychological Horror', 'Online Co-Op', 'Adventure', 'First-Person', 'Survival Horror', 'Action', 'Indie', 'Exploration', 'Early Access', 'Action-Adventure', 'Puzzle Platformer', 'Hidden Object', 'Immersive Sim', 'Casual', '3D', 'Stealth', 'Escape Room', 'Co-op']",2023-09-15 10:01:06,False,2022–23,4.0,1698,False,3.99,,,,,до $5,3–4
2518600,Snake Jump,0,True,False,False,False,1691056914,2,100,['SPRITE!'],['SPRITE!'],"['3D Platformer', 'Multiplayer', 'Online Co-Op', 'Parkour', 'PvP', 'Difficult', 'Platformer', 'Character Customization', 'Third Person', 'Precision Platformer', '3D', 'Relaxing', 'Funny', 'Open World', 'Controller', 'Casual', 'Realistic', 'Colorful', 'Nature', 'Adventure']",2023-08-03 10:01:54,False,2022–23,6.0,798,False,1.99,,,,,до $5,5–8
2520360,Warm Monkey,0,True,False,False,False,1741295854,47,89,['Evprod'],['Evprod'],"['Family Friendly', 'Pixel Graphics', 'Local Co-Op', 'Adventure', 'Action', 'Retro', 'Arcade', 'Platformer', 'Experimental', 'Isometric', '4 Player Local', 'Open World', 'Precision Platformer', 'Score Attack', 'Minimalist', 'Old School', 'Casual', 'Artificial Intelligence', 'Indie', 'Exploration']",2025-03-06 21:17:34,False,2024–25,10.0,3833,False,9.0,,,,,$5–9.99,9+
2520580,Up N' Down,0,True,False,False,False,1703005229,82,79,['CashcowGames'],['CashcowGames'],"['Precision Platformer', 'Difficult', 'Parkour', 'Racing', 'Replay Value', 'PvP', 'Multiplayer', 'Combat Racing', '3D Platformer', 'Funny', 'Action', 'Platformer', 'Casual', 'Emotional', 'Runner', 'Indie', 'Competitive', 'Co-op', 'Online Co-Op', 'Family Friendly']",2023-12-19 17:00:29,False,2022–23,32.0,647,False,3.99,,,,,до $5,9+
2522520,Only Up: With Friends,0,True,False,False,False,1692295050,1513,69,['NoGlyph Games'],['NoGlyph Games'],"['Casual', 'Parkour', 'Multiplayer', 'Online Co-Op', 'Action', 'Adventure', 'Co-op', '3D Platformer', 'Platformer', 'Third Person', 'Indie', 'Singleplayer', 'PvP', 'Psychological Horror']",2023-08-17 17:57:30,False,2022–23,,2312,False,4.99,84.3,7.3,,,до $5,не указано
2524280,ジグソーアイランド,0,True,False,False,False,1722405224,0,0,"['Nippon Ichi Software, Inc.']","['Nippon Ichi Software, Inc.', 'Systemsoft beta, Inc.']","['2D Platformer', 'Puzzle Platformer', 'Puzzle', 'PvP', 'Female Protagonist', '2D', 'Cute', 'Casual', 'Cooking', 'Story Rich', 'Nature', ""1990's"", 'Modern', 'Singleplayer', 'Multiplayer', 'Local Co-Op']",2024-07-31 05:53:44,False,2024–25,,727,False,10.99,,,,,$10–14.99,не указано
2524700,Altarium,0,True,False,False,False,1729532620,58,53,['Metavision Studio'],['Metavision Studio'],"['Horror', 'Multiplayer', 'Adventure', 'Co-op', 'Psychological Horror', 'First-Person', 'Dark', 'Survival Horror', 'Online Co-Op', 'Western', 'Story Rich', 'Gore', 'Violent', 'Singleplayer', 'Exploration', 'Action-Adventure', 'Stealth']",2024-10-21 17:43:40,False,2024–25,5.0,2538,False,9.99,,,,,$5–9.99,5–8
2524870,Adrift in the Backrooms,0,True,False,False,False,1697197060,12,58,['Not2Bad Studios'],['Not2Bad Studios'],"['Adventure', 'Survival Horror', 'Casual', 'Multiplayer', 'Horror', 'Online Co-Op', 'First-Person', 'Surreal', 'Co-op', 'Puzzle', 'Investigation', 'Indie', 'Psychological Horror', 'PvE', 'Fantasy', 'Singleplayer']",2023-10-13 11:37:40,False,2022–23,4.0,720,False,6.99,,,,,$5–9.99,3–4
2525690,LOST BALLOONS: Airy mates,0,True,False,False,False,1692327075,30,86,['KIMIDORI SOFT'],['KIMIDORI SOFT'],"['Precision Platformer', '3D Platformer', 'Platformer', 'Action-Adventure', '3D', 'Third Person', 'Action', 'Relaxing', 'Casual', 'Controller', 'Adventure', 'Atmospheric', 'Physics', 'Modern', 'Online Co-Op', 'Singleplayer', 'Multiplayer', 'Co-op', 'Indie']",2023-08-18 02:51:15,False,2022–23,10.0,2207,False,2.99,,,,,до $5,9+
2527580,Teenage Mutant Ninja Turtles Arcade: Wrath of the Mutants,0,True,False,False,False,1713884469,67,59,['Trailmark Games'],['Cradle Games'],"['Action', 'Casual', 'Arcade', ""Beat 'em up"", '2D Fighter', 'Side Scroller', 'Cartoon', 'Cartoony', 'Colorful', 'Combat', 'Local Co-Op', 'Co-op', 'Local Multiplayer', 'Multiplayer', 'Singleplayer', 'Ninja']",2024-04-23 15:01:09,False,2024–25,4.0,1309,False,29.99,,,,,$20+,3–4
2530890,Fruit Conflict,0,True,False,False,False,1697027640,1,100,['Bugarin-Horváth Boldizsár'],['Bugarin-Horváth Boldizsár'],"['Casual', 'Runner', 'Top-Down', 'Hand-drawn', 'Colorful', 'Fantasy', 'Stealth', 'PvE', 'Singleplayer', 'Local Multiplayer', 'Logic', 'Relaxing', 'PvP', 'Free to Play', 'Story Rich', 'Psychological Horror', 'Horror', 'Sexual Content', 'Atmospheric', 'Co-op']",2023-10-11 12:34:00,False,2022–23,,636,False,3.99,,,,,до $5,не указано
2530970,Ominous,0,True,False,True,False,1724425421,7,57,['Jumpy Unit'],['Jumpy Unit'],"['Horror', 'Online Co-Op', 'Multiplayer', 'Psychological Horror', 'First-Person', 'Atmospheric', 'Dark', 'Exploration', 'Adventure', 'Realistic', '3D', 'Crafting', 'Action-Adventure', 'Thriller', 'Stealth', 'Indie', 'Casual', 'Action', 'Early Access', 'Procedural Generation']",2024-08-23 15:03:41,False,2024–25,4.0,2235,False,4.99,,,,,до $5,3–4
2533370,Heads Up! Phones Down Edition,0,True,False,False,False,1699552800,25,64,['Aspyr'],['Aspyr'],"['Casual', 'Card Game', 'Board Game', 'Local Co-Op', 'Word Game', 'Funny', 'Colorful', 'Cute', 'Minimalist', 'Family Friendly', 'Text-Based', 'Comedy', 'Memes', 'Parody ', 'Satire', 'Education', 'Puzzle', 'Controller', 'Party Game']",2023-11-09 18:00:00,False,2022–23,,710,False,39.99,,,,,$20+,не указано
2534940,Desktop Basketball 2,0,True,False,False,False,1692833517,2,0,['SAT-BOX'],['SAT-BOX'],"['Indie', 'Sports', 'Casual', 'Basketball', 'Co-op', 'Local Multiplayer', '4 Player Local', 'Local Co-Op', 'Multiplayer', 'Singleplayer', 'Action', 'Controller', 'eSports', 'Arcade', '3D Platformer', '3D', 'Cute', 'Top-Down', 'PvP', 'PvE']",2023-08-23 23:31:57,False,2022–23,4.0,1331,False,7.99,,,,,$5–9.99,3–4
2536260,Mayhemers,0,True,False,True,False,1739185374,154,84,['Anigtas'],['Anigtas'],"['Casual', 'Multiplayer', 'Funny', 'Online Co-Op', 'Co-op', 'Fighting', ""Beat 'em up"", 'Destruction', 'Procedural Generation', 'Comedy', 'Action', 'Cartoony', 'PvP', 'PvE', '3D', 'Third Person', '3D Fighter', 'Singleplayer', 'Early Access', 'Indie']",2025-02-10 11:02:54,False,2024–25,8.0,933,False,6.99,63.2,2.8499999999999996,,,$5–9.99,5–8
2537010,MISTERY,0,True,False,False,False,1737431385,290,64,['Game Frontier'],['Game Frontier'],"['Co-op', 'Action', 'Survival', 'Social Deduction', 'Multiplayer', 'Online Co-Op', 'PvP', 'Team-Based', 'Horror', 'Surreal', 'PvE', '3D', 'Singleplayer', 'Third Person', 'Isometric', 'Top-Down', 'Realistic', 'Dark', 'RPG', 'Survival Horror']",2025-01-21 03:49:45,False,2024–25,9.0,2289,True,11.99,13.6,1.75,,,$10–14.99,9+
2537190,Vicera,0,True,False,True,False,1728562247,12,66,['CRK Games'],['CRK Games'],"['Horror', 'Online Co-Op', 'Psychological Horror', 'Multiplayer', 'Co-op', 'Dark', 'First-Person', 'Early Access', '3D', 'Demons', 'Mystery', 'Exploration', 'Character Customization', 'Zombies', 'Investigation', 'Survival Horror', 'Action', 'Indie', 'Singleplayer', 'Gore']",2024-10-10 12:10:47,False,2024–25,,2194,False,7.99,,,,,$5–9.99,не указано
2540540,Escape Hades's jails VR,0,True,False,True,False,1730403707,0,0,"[""1mPaCt' (JSD)"", 'DasProfGames (AL)']","[""1mPaCt' (JSD)"", 'DasProfGames (AL)']","['Adventure', 'VR', 'Co-op Campaign', 'Puzzle', 'Online Co-Op', 'Team-Based', 'Asymmetric VR', 'Horror', 'Tactical', 'Dark Fantasy', 'Dungeon Crawler', '3D', 'Mystery Dungeon', 'Exploration', 'Hidden Object', 'Puzzle Platformer', 'Immersive Sim', 'Investigation', 'Funny', 'Mystery']",2024-10-31 19:41:47,False,2024–25,,2833,False,5.99,,,,,$5–9.99,не указано
2541520,Deep Dark Space,0,True,False,False,False,1744967923,3,66,['Just Making Games'],['Just Making Games'],"['Horror', 'Multiplayer', 'Online Co-Op', 'Investigation', 'Social Deduction', 'Exploration', 'Detective', 'Co-op', 'Space', 'Dark', 'Action', 'Sci-fi', 'Survival Horror', 'Psychological Horror', 'Team-Based', 'Singleplayer', 'PvP', 'Mystery', 'Adventure', 'Puzzle']",2025-04-18 09:18:43,False,2024–25,4.0,1360,False,9.99,,,,,$5–9.99,3–4
2541890,Abnormality,0,True,False,True,False,1730149129,232,73,['Nightmare Studios'],['Nightmare Studios'],"['Horror', 'Multiplayer', 'Psychological Horror', 'Supernatural', 'Exploration', 'First-Person', 'Co-op', 'Immersive Sim', 'Investigation', 'Puzzle', 'Atmospheric', 'Demons', 'Mystery', 'Tutorial', '3D', 'Detective', 'Dialogue Heavy', 'Action', 'Thriller', 'Realistic']",2024-10-28 20:58:49,False,2024–25,4.0,2541,False,9.99,25.6,7.85,,,$5–9.99,3–4
2543180,POPUCOM,0,True,False,False,False,1748831400,3435,87,"['GRYPHLINE', 'Fireshine Games']",['Hypergryph'],"['Co-op', 'Adventure', 'Platformer', 'Match 3', 'Casual', 'Funny', 'Puzzle', 'Third-Person Shooter', '3D', 'Cartoony', 'Local Co-Op', 'Multiplayer', 'Online Co-Op', 'Action', 'Shooter', 'Team-Based', 'Sci-fi', 'Futuristic', 'Third Person', 'Physics']",2025-06-02 02:30:00,False,2024–25,,1913,False,19.99,28.5,15.25,,,$15–19.99,не указано
2543510,GUNTOUCHABLES,0,True,False,False,False,1754553548,338,76,['Ghost Ship Publishing'],['Game Swing'],"['Action Roguelike', 'Multiplayer', 'Roguelite', 'Post-apocalyptic', 'Online Co-Op', 'Zombies', 'Co-op', 'Replay Value', 'Difficult', 'PvE', 'Arena Shooter', 'Bullet Hell', 'Indie', 'Singleplayer', 'Gore', 'Survival Horror', 'Comedy', 'Action', 'Survival', 'Dark']",2025-08-07 07:59:08,False,2024–25,4.0,3028,False,4.99,41.2,4.9,,,до $5,3–4
2543760,Shadow of the Ninja - Reborn,0,True,False,False,False,1724925347,595,71,"['Winning Entertainment Group Inc.', 'Edigger', 'ININ']",['Winning Entertainment Group Inc.'],"['Action', 'Side Scroller', 'Ninja', 'Retro', '2D Platformer', 'Action RPG', '2D', 'Platformer', 'Anime', 'Cartoon', 'Colorful', 'Action-Adventure', 'RPG', 'Remake', 'Multiplayer', 'Singleplayer', 'Adventure', 'Local Co-Op', '2D Fighter', 'Pixel Graphics']",2024-08-29 09:55:47,False,2024–25,2.0,3557,False,19.99,18.0,5.55,,,$15–19.99,2
2545130,Zombie Horde Dominator,0,True,False,False,False,1694168154,3,66,['Crazy Games'],['Crazy Games'],"['Adventure', 'Shooter', 'FPS', 'Third-Person Shooter', '3D', 'Horror', 'PvP', 'Co-op', 'Online Co-Op', 'Multiplayer', 'Singleplayer', 'Hentai']",2023-09-08 10:15:54,False,2022–23,,586,False,1.99,,,,,до $5,не указано
2545360,Lonely Mountains: Snow Riders,0,True,False,False,False,1737457233,750,91,['Megagon Industries'],['Megagon Industries'],"['Sports', 'Skiing', 'Multiplayer', 'Racing', 'Online Co-Op', 'Singleplayer', 'PvP', 'PvE', 'Nature', 'Exploration', 'Arcade', 'Family Friendly', 'Snow', 'Stylized', 'Character Customization', 'Relaxing', 'Controller', '3D', 'Physics', 'Old School']",2025-01-21 11:00:33,False,2024–25,8.0,1225,True,24.99,31.3,10.95,,,$20+,5–8
2549580,Up or Lava!,0,True,False,False,False,1693555152,41,68,['Garden of Dreams'],['Garden of Dreams'],"['Adventure', 'Action', 'Psychological Horror', 'Battle Royale', 'Casual', 'Platformer', 'Roguelike', 'Precision Platformer', '3D Platformer', '3D', 'Minimalist', 'Third Person', 'Parkour', 'Surreal', 'Combat', 'Physics', 'PvP', 'Score Attack', 'Co-op', 'Multiplayer']",2023-09-01 07:59:12,False,2022–23,,1700,False,4.99,,,,,до $5,не указано
2549650,Ammo and Oxygen,0,True,False,False,False,1757170569,53,64,['Juvty Worlds'],['Juvty Worlds'],"['Sci-fi', 'Action Roguelike', 'Twin Stick Shooter', 'Action RPG', 'Post-apocalyptic', 'Roguelite', 'Shooter', 'Gore', 'Top-Down', 'Top-Down Shooter', 'Perma Death', 'Psychological Horror', 'Local Co-Op', 'Controller', 'Procedural Generation', 'Action', 'Roguelike', 'Survival', 'Futuristic', 'Mystery']",2025-09-06 14:56:09,False,2024–25,4.0,1470,False,14.99,,,,,$10–14.99,3–4
2549780,The Karate Kid: Street Rumble,0,True,False,False,False,1726847912,66,74,['GameMill Entertainment'],['Odaclick Game Studio'],"['Action', ""Beat 'em up"", 'Arcade', '2D Fighter', 'Side Scroller', '2D', 'Martial Arts', 'Old School', 'Retro', 'Co-op', 'Combat', 'Local Co-Op', 'Singleplayer']",2024-09-20 15:58:32,False,2024–25,5.0,2553,False,39.99,,,,,$20+,5–8
2550460,The Johnny Papa,0,True,False,True,False,1697997021,2,100,['Hector Games'],['Hector Games'],"['Multiplayer', 'Online Co-Op', 'Horror', 'Survival Horror', 'Co-op', 'Survival', 'Team-Based', 'Gore', 'Stealth', 'Action', 'Dark Fantasy', 'Real Time Tactics', 'Action-Adventure', 'Third Person', 'Strategy', 'FPS', 'Third-Person Shooter', 'Adventure', '3D', 'First-Person']",2023-10-22 17:50:21,False,2022–23,,1203,False,9.99,,,,,$5–9.99,не указано
2551740,Tiny Touring Cars,0,True,False,False,False,1702319303,0,0,['Speed Moose Games'],['Speed Moose Games'],"['Casual', 'Racing', '3D', 'Minimalist', 'Top-Down', 'Driving', 'Physics', 'Local Multiplayer', 'Indie', 'Multiplayer', 'Singleplayer', 'Arcade', 'PvP', 'Co-op', 'Local Co-Op']",2023-12-11 18:28:23,False,2022–23,8.0,862,False,0.99,,,,,до $5,5–8
2553180,Mazepocalypse,0,True,False,False,False,1696622414,7,100,['Gibbous Pig Games'],['Gibbous Pig Games'],"['Arcade', 'Survival Horror', 'Retro', 'Zombies', 'Singleplayer', 'Local Multiplayer', '4 Player Local', 'Local Co-Op', 'Pixel Graphics', 'Collectathon', 'Top-Down', 'Action', 'Post-apocalyptic', 'Combat', 'Horror', 'Linear', 'PvE', 'Score Attack', 'Co-op', 'Co-op Campaign']",2023-10-06 20:00:14,False,2022–23,4.0,2269,False,3.99,,,,,до $5,3–4
2558110,Skibidi Toilet Skibidi Boom,0,True,False,False,False,1706714584,65,63,['Sweepy Games'],['Sweepy Games'],"['FPS', 'Action', 'PvP', 'Shooter', '3D', 'First-Person', 'Surreal', 'Memes', 'Realistic', 'Comedy', 'Violent', 'Combat', 'Indie', 'Co-op', 'Multiplayer', 'Online Co-Op', 'Singleplayer', 'Psychological Horror', 'Hentai', 'Sexual Content']",2024-01-31 15:23:04,False,2024–25,,1002,False,5.99,,,,,$5–9.99,не указано
2560380,100 Rounds,0,True,False,False,False,1709244879,0,0,['swfranlou88'],['swfranlou88'],"['Casual', '2D Platformer', 'Relaxing', 'Platformer', '2D', 'Psychedelic', 'Colorful', 'Multiplayer', 'Singleplayer', 'Indie', 'Co-op', 'Online Co-Op', 'Controller', 'Team-Based']",2024-02-29 22:14:39,False,2024–25,,450,True,4.99,,,,,до $5,не указано
2563030,We Could Be Heroes,0,True,False,False,False,1730135925,42,85,['CebCode Games'],['CebCode Games'],"[""Beat 'em up"", '2D Fighter', '4 Player Local', 'Fighting', 'Side Scroller', 'Co-op', 'Pixel Graphics', 'Physics', 'Destruction', 'Local Co-Op', 'Co-op Campaign', 'Martial Arts', 'Action', '2D', 'Colorful', 'Retro', '1980s', 'Old School', 'Local Multiplayer', 'Multiplayer']",2024-10-28 17:18:45,False,2024–25,4.0,2525,True,14.99,,,,,$10–14.99,3–4
2563050,Time to Escape,0,True,False,True,False,1730290048,2,100,['VR Studio Games'],['VR Studio Games'],"['Puzzle', 'Casual', 'Dialogue Heavy', 'Co-op', 'Online Co-Op', 'Logic', 'Multiplayer', '3D', 'Multiple Endings', 'Cinematic', 'Realistic', 'First-Person', 'Point & Click', 'Atmospheric', 'Emotional', 'Family Friendly', 'Funny', 'Mystery', 'Controller', 'Tutorial']",2024-10-30 12:07:28,False,2024–25,2.0,1746,True,14.99,,,,,$10–14.99,2
2563490,Xatrom Command,0,True,False,False,False,1709917820,2,100,['Ratalaika Games S.L.'],"['9Ratones', 'LEAF TEAM GAMES']","['Action', 'Third-Person Shooter', 'Twin Stick Shooter', 'Local Co-Op', 'Aliens', 'Casual', 'Voxel', ""Shoot 'Em Up"", 'Arcade', 'Shooter', '3D', 'Colorful', 'Third Person', 'Sci-fi', 'Combat', 'Co-op', 'Local Multiplayer', 'Multiplayer', 'Singleplayer', 'Co-op Campaign']",2024-03-08 17:10:20,False,2024–25,,763,False,5.99,,,,,$5–9.99,не указано
2563800,The Last Game,0,True,False,False,False,1714039701,81,88,['Frédéric Julian'],['Frédéric Julian'],"['Action', 'Action Roguelike', 'Roguelite', 'Top-Down Shooter', '2D', 'Top-Down', 'Co-op', 'Local Co-Op', 'Singleplayer', '4 Player Local', 'Indie', 'Adventure', 'Multiplayer', 'Local Multiplayer', 'Pixel Graphics', 'Retro']",2024-04-25 10:08:21,False,2024–25,4.0,1254,True,6.99,,,,,$5–9.99,3–4
2564600,Until The Last Bullet,0,True,False,False,False,1705672010,12,66,['Forever Entertainment S. A.'],"['Forever Entertainment S. A.', 'Beast Games S. A.']","['Action', 'On-Rails Shooter', 'Zombies', 'First-Person', '3D', 'Cinematic', 'Arcade', 'Shooter', 'Horror', 'Dark Comedy', 'Dark Humor', 'Post-apocalyptic', 'Survival Horror', 'Combat', 'Local Co-Op', 'Singleplayer', 'Violent', 'Gore', 'FMV']",2024-01-19 13:46:50,False,2024–25,2.0,1403,False,9.99,,,,,$5–9.99,2
2564630,3XTINCTION,0,True,False,False,False,1757457204,15,100,['2BAD GAMES'],['2BAD GAMES'],"['Action', 'Indie', 'Zombies', 'Top-Down Shooter', 'Online Co-Op', 'Shooter', 'Multiplayer']",2025-09-09 22:33:24,False,2024–25,2.0,1634,False,9.99,,,,,$5–9.99,2
2565450,Greebles,0,True,False,False,False,1709938257,5,100,['Grassblade Entertainment'],['Grassblade Entertainment'],"['Action', 'Arcade', 'Retro', 'Grid-Based Movement', '2D', 'Local Co-Op', 'Tanks', 'Casual', 'Old School', 'Puzzle', 'Top-Down', ""1990's"", 'PvE', 'PvP', 'Score Attack', 'Team-Based', '4 Player Local', 'Co-op', 'Local Multiplayer', 'Pixel Graphics']",2024-03-08 22:50:57,False,2024–25,36.0,2118,False,4.99,,,,,до $5,9+
2567670,A Lively Haunt,0,True,False,False,False,1694102429,6,83,['N/A'],['Kevin McConnell'],"['Indie', 'Adventure', 'Local Co-Op', 'Retro', 'Horror', 'Pixel Graphics', 'Text-Based', 'Co-op Campaign', 'Old School', 'Supernatural', 'Short', '1980s', 'Typing', 'Mystery', 'Atmospheric', 'Gore', 'Co-op', 'Point & Click', 'Character Customization', 'Violent']",2023-09-07 16:00:29,False,2022–23,2.0,1790,False,9.99,,,,,$5–9.99,2
2568710,Boing Bang Adventure,0,True,False,False,False,1699875912,2,50,['Pitigamedev'],['Pitigamedev'],"['Adventure', 'Action', 'Arcade', 'Shooter', ""Shoot 'Em Up"", 'Top-Down Shooter', 'Arena Shooter', '2D', 'Cute', 'Colorful', 'Pixel Graphics', 'Aliens', 'Funny', '1980s', 'Fantasy', 'Retro', 'Controller', 'PvE', 'Co-op', 'Local Co-Op']",2023-11-13 11:45:12,False,2022–23,2.0,1162,False,5.99,,,,,$5–9.99,2
2569820,Manic Mechanics,0,True,False,False,False,1709801163,40,67,['Curve Games'],['4J Studios'],"['Casual', 'Family Friendly', 'Co-op', 'Multiplayer', 'Funny', 'PvP', 'Arcade', 'Stylized', 'Cute', 'Comedy', 'Colorful', 'Simulation', '3D', 'Cartoony', 'Action', 'Destruction', 'Driving', 'Agriculture', 'Aliens', 'Controller']",2024-03-07 08:46:03,False,2024–25,4.0,2063,False,24.99,,,,,$20+,3–4
2571140,Escape Z,0,True,False,False,False,1749904295,6,66,['Matt Games'],['Matt Games'],"['Third-Person Shooter', 'Zombies', 'PvE', 'Shooter', 'Arcade', 'Action-Adventure', '3D', 'Third Person', 'Action', 'Horror', 'Post-apocalyptic', 'Realistic', 'Adventure', 'Survival', 'Combat', 'Looter Shooter', 'Singleplayer', 'Online Co-Op', 'Multiplayer', 'Exploration']",2025-06-14 12:31:35,False,2024–25,4.0,1263,False,6.99,,,,,$5–9.99,3–4
2574270,Alien Investigator,0,True,False,False,False,1694175665,21,33,['Doky'],['Doky'],"['Horror', 'Action', 'Online Co-Op', 'Aliens', 'Detective', 'Investigation', 'Psychological Horror', 'Demons', 'Mystery', 'Thriller', 'Multiplayer', 'Singleplayer']",2023-09-08 12:21:05,False,2022–23,4.0,4280,False,11.99,,,,,$10–14.99,3–4
2574470,Exit the Backrooms,0,True,False,True,False,1695150119,4,25,['~Nutty~'],['~Nutty~'],"['Exploration', 'Adventure', 'Action-Adventure', 'First-Person', 'Linear', 'Atmospheric', 'Co-op', 'Multiplayer', 'Early Access', 'Indie', 'Action', 'Online Co-Op', 'Singleplayer', '3D', ""1990's"", 'Immersive', 'Realistic']",2023-09-19 19:01:59,False,2022–23,4.0,1552,False,6.99,,,,,$5–9.99,3–4
2574760,Party Pirates,0,True,False,False,False,1714657841,7,57,['Simplicity Games'],['Simplicity Games'],"['Multiplayer', 'Co-op', 'Local Co-Op', 'Pirates', 'Local Multiplayer', 'Casual', '4 Player Local', 'Adventure', 'Funny', 'Party', 'Action', 'Controller', 'Action-Adventure', 'Arcade', 'Sailing', 'Colorful', 'Cartoony', 'Comedy', 'Cute', 'Co-op Campaign']",2024-05-02 13:50:41,False,2024–25,,2199,False,9.99,,,,,$5–9.99,не указано
2574870,Extreme Bike Racing,0,True,False,False,False,1705543571,1,100,['Yash Future Tech Solutions Pvt Ltd'],['Yash Future Tech Solutions Pvt Ltd'],"['Adventure', 'Racing', 'Sports', 'Bikes', 'Co-op', 'Local Co-Op', 'Local Multiplayer', 'Multiplayer', 'Singleplayer']",2024-01-18 02:06:11,False,2024–25,,861,True,9.99,,,,,$5–9.99,не указано
2575150,Conquistador Rex,0,True,False,False,False,1708005763,0,0,['8º Arte Games'],['8º Arte Games'],"['Precision Platformer', '2D Platformer', 'Souls-like', 'Old School', 'Retro', 'Platformer', 'Action-Adventure', 'Singleplayer', 'Local Co-Op', 'Puzzle Platformer', 'Adventure', 'Historical', 'Story Rich', 'Puzzle', 'Action', 'Controller', 'Hand-drawn', 'Stylized', 'Realistic', 'Medieval']",2024-02-15 14:02:43,False,2024–25,,1357,True,9.99,,,,,$5–9.99,не указано
2577180,DemonStar,0,True,False,False,False,1702349613,248,94,['Scott Host'],['Scott Host'],"['Bullet Hell', 'Action', 'Shooter', 'Flight', '2D', 'Top-Down', 'Mars', 'Pixel Graphics', ""1990's"", 'Space', 'Old School', 'Destruction', 'Indie', 'Combat', 'Local Co-Op', 'Local Multiplayer', 'Singleplayer', ""Shoot 'Em Up""]",2023-12-12 02:53:33,False,2022–23,,1318,False,2.99,28.4,2.05,,,до $5,не указано
2580390,Crossing Frontier: Fate Foretold,0,True,False,False,False,1702466893,48,85,['Beacon of Gamers'],"['Beacon of Gamers', '星火工作室']","['Action', 'Arcade', '2D', 'PvE', 'Multiplayer', 'PvP', 'Top-Down', 'Side Scroller', 'Anime', 'Singleplayer', '2D Platformer', 'Co-op', 'Online Co-Op', 'eSports', 'Action-Adventure', 'Medieval', 'Alternate History', 'Modern', 'Sci-fi', 'Casual']",2023-12-13 11:28:13,False,2022–23,5.0,4496,False,14.99,,,,,$10–14.99,5–8
2581310,Battle Stations Blockade,0,True,False,False,False,1701866692,1,100,['Eastasiasoft Limited'],['Mission Critical Studios'],"['On-Rails Shooter', 'Action', 'Shooter', 'Arcade', 'Voxel', 'Co-op', '3D', 'Controller', 'Family Friendly', 'Military', 'Local Co-Op', 'Indie', 'Local Multiplayer', 'Multiplayer', 'Singleplayer']",2023-12-06 12:44:52,False,2022–23,,1456,True,9.99,,,,,$5–9.99,не указано
2585530,Crawlspace Multiplayer,0,True,False,False,False,1711239997,84,67,['Kiririn'],['Kiririn'],"['Online Co-Op', 'Survival Horror', 'First-Person', 'Horror', 'PvE', 'Psychological Horror', 'Singleplayer', 'Action']",2024-03-24 00:26:37,False,2024–25,4.0,919,False,5.99,,,,,$5–9.99,3–4
2589910,Timberman: The Big Adventure,0,True,False,False,False,1700831484,25,92,['Forever Entertainment S. A.'],"['Digital Melody', 'Storm Trident S. A.']","['Action', 'Action-Adventure', '2D Platformer', 'Pixel Graphics', 'Adventure', 'Arcade', 'Platformer', '2D', 'Cartoony', 'Colorful', 'Family Friendly', 'Funny', 'Old School', 'Combat', 'Linear', 'Co-op', 'Local Co-Op', 'Local Multiplayer', 'Multiplayer', 'Online Co-Op']",2023-11-24 13:11:24,False,2022–23,2.0,1196,False,4.99,,,,,до $5,2
2590080,Two Climbers,0,True,False,False,False,1705687935,48,100,['Team Rombo'],['Rombo'],"['Adventure', 'Online Co-Op', '2D Platformer', 'Puzzle Platformer', 'Pixel Graphics', '2D', 'Puzzle', 'Platformer', 'Relaxing']",2024-01-19 18:12:15,False,2024–25,2.0,689,False,3.99,,,,,до $5,2
2590180,Grind Stormer,0,True,False,False,False,1712569379,19,63,['Clear River Games'],"['Bitwave Games', 'Toaplan']","['Bullet Hell', ""Shoot 'Em Up"", 'Top-Down Shooter', 'Difficult', 'Arcade', 'Pixel Graphics', '2D', 'Top-Down', 'Linear', 'Action', 'Sci-fi', ""1990's"", 'Old School', 'Retro', 'Aliens', 'Combat', 'Co-op', 'Local Co-Op', 'Local Multiplayer', 'Multiplayer']",2024-04-08 09:42:59,False,2024–25,,3256,False,7.99,,,,,$5–9.99,не указано
2591580,禁区,0,True,False,False,False,1695893942,2,50,['ssss'],['ssss'],"['Adventure', 'Shooter', 'FPS', 'Third-Person Shooter', '3D', 'Cinematic', 'First-Person', 'Third Person', 'Military', 'War', 'Futuristic', 'Robots', 'Mechs', 'Physics', 'Linear', 'Singleplayer', 'Co-op Campaign', 'Online Co-Op', 'Massively Multiplayer', 'Racing']",2023-09-28 09:39:02,False,2022–23,,1175,False,0.99,,,,,до $5,не указано
2591990,Nightwatch: Nightmare Creatures,0,True,False,False,False,1701349703,13,38,['Piece Of Voxel'],['CaTaTo'],"['Horror', 'Exploration', 'Capitalism', 'Survival', 'Dungeon Crawler', 'Split Screen', 'Multiplayer', 'Co-op', 'Online Co-Op', 'Local Co-Op', 'Local Multiplayer', '3D', 'FMV', 'First-Person', 'Hidden Object', 'Psychedelic', 'Dark', 'Sci-fi', 'Survival Horror', 'Simulation']",2023-11-30 13:08:23,False,2022–23,2.0,1102,False,4.99,,,,,до $5,2
2595020,TETHER BRAWL,0,True,False,False,False,1743167373,2,100,['LEVEL 126'],['LEVEL 126'],"['Action', 'Local Multiplayer', 'Co-op', ""Beat 'em up"", 'Competitive', 'PvP', 'Combat', 'Funny', 'Cute', 'Colorful', 'PvE', 'Score Attack', 'Controller', 'Stylized', 'Family Friendly', 'Sci-fi', 'Robots', 'Casual', 'Fast-Paced', 'Arcade']",2025-03-28 13:09:33,False,2024–25,2.0,1189,True,6.99,,,,,$5–9.99,2
2595530,The Masquerade,0,True,False,False,False,1758560451,17,100,['Chewa'],['Chewa'],"['Party Game', 'Survival', 'Stealth', 'PvP', 'Multiplayer', 'Hand-drawn', 'Dark Humor', 'Crime', 'Party', 'Conspiracy', '2D', 'Online Co-Op', 'Detective', 'Casual', 'Stylized', 'Dark Comedy', 'Social Deduction', 'Cartoony', 'Co-op', 'Action']",2025-09-22 17:00:51,False,2024–25,8.0,1234,False,4.99,,,,,до $5,5–8
2597570,Chasmal Fear,0,True,False,False,False,1744909252,55,52,['Wandering Wizard'],['MystiveDev'],"['Horror', 'Realistic', 'Action', 'First-Person', 'FPS', 'Survival Horror', 'Dark', 'Shooter', 'Combat', 'Atmospheric', 'Survival', 'Choices Matter', 'Co-op', 'Tactical', 'Online Co-Op', 'Modern', 'Action-Adventure', 'Adventure', 'Cinematic', 'Stealth']",2025-04-17 17:00:52,False,2024–25,2.0,2793,False,19.99,,,,,$15–19.99,2
2598110,Fusing Noracam,0,True,False,False,False,1697795840,5,80,['Rusimitu Games'],['Rusimitu Games'],"['Precision Platformer', 'Difficult', '2D Platformer', 'Adventure', 'Hand-drawn', 'Indie', 'Platformer', 'Anime', '2D', 'Atmospheric', 'Cute', 'Action', 'Physics', 'Online Co-Op', 'Singleplayer', 'Multiplayer', 'Exploration', 'Comic Book', 'Remake', 'Sports']",2023-10-20 09:57:20,False,2022–23,,1450,False,5.99,,,,,$5–9.99,не указано
2598290,P.R.O.T.O.C.O.O.L.,0,True,False,True,False,1695970848,1,0,['Irondoor Games'],['Irondoor Games'],"['Action', 'Casual', 'Shooter', 'Looter Shooter', 'Bullet Hell', 'Third-Person Shooter', 'Top-Down Shooter', '3D', 'Third Person', 'Cyberpunk', 'Fantasy', 'War', 'PvE', 'PvP', 'Combat', 'Co-op', 'Singleplayer', 'Multiplayer', 'Local Co-Op', 'Local Multiplayer']",2023-09-29 07:00:48,False,2022–23,,779,False,0.99,,,,,до $5,не указано
2599360,Slime Wars,0,True,False,False,False,1702654828,1,0,['Guilherme Gonçalves'],['Guilherme Gonçalves'],"['Multiplayer', 'Top-Down Shooter', 'Cute', 'Stylized', 'PvE', 'Shooter', 'Character Customization', 'Action', 'Co-op', 'Casual', 'Cartoon', '3D', 'Anime', 'Colorful', 'Alternate History', 'Family Friendly', 'Fantasy', 'Magic', 'Combat', 'Tutorial']",2023-12-15 15:40:28,False,2022–23,4.0,1466,False,3.99,,,,,до $5,3–4
2601450,Auxin,0,True,False,False,False,1756144258,0,0,['Aloe Arcade'],['Aloe Arcade'],"['Action', 'Indie', '2D Fighter', 'Platformer', 'Precision Platformer', '2D', 'Pixel Graphics', 'Cute', 'Nature', 'Retro', 'Old School', 'PvP', 'Combat', 'Controller', 'Multiplayer', '4 Player Local', 'Online Co-Op']",2025-08-25 17:50:58,False,2024–25,4.0,1176,True,4.99,,,,,до $5,3–4
2601730,InfestStation,0,True,False,True,False,1721660816,24,54,"['Atom Switch, Inc.']","['Atom Switch, Inc.']","['Sci-fi', 'Horror', 'Exploration', 'Atmospheric', 'Survival Horror', 'PvE', 'Dark', 'Aliens', 'Investigation', 'Dystopian ', 'First-Person', 'Online Co-Op', 'Multiplayer', 'Space', 'Shooter', 'Action', 'Co-op', 'Futuristic', 'Team-Based', 'Psychological Horror']",2024-07-22 15:06:56,False,2024–25,4.0,2452,False,3.99,,,,,до $5,3–4
2602030,Entropy Survivors,0,True,False,False,False,1733326801,489,80,['First Break Labs'],['Moving Pieces Interactive'],"['Action Roguelike', 'Bullet Heaven', 'Co-op', 'Hack and Slash', 'Twin Stick Shooter', 'Bullet Hell', 'Roguelite', 'Action RPG', 'Arcade', 'Roguelike', 'RPG', '3D', 'Top-Down', 'Action', 'Casual', 'Colorful', 'Dark Fantasy', 'Space', 'Score Attack', 'Survival']",2024-12-04 15:40:01,False,2024–25,4.0,1436,False,9.99,25.6,9.45,,,$5–9.99,3–4
2603560,Pixel Arcade,0,True,False,True,False,1732819734,5,100,['CJG Studio'],['CJG Studio'],"['3D Platformer', 'Casual', 'Platformer', 'Arcade', 'VR', 'Cyberpunk', '3D', 'Minimalist', '6DOF', 'Futuristic', 'Action', 'Co-op', 'Online Co-Op', 'Multiplayer', 'Singleplayer', 'Co-op Campaign', 'Indie', 'Early Access']",2024-11-28 18:48:54,False,2024–25,,1449,False,9.99,,,,,$5–9.99,не указано
2608290,Weedy's World,0,True,False,False,False,1715958225,0,0,['Glazed and Confused'],['Sinister Pixel'],"['Arcade', 'Exploration', '3D', 'Split Screen', 'Casual', 'Local Co-Op', 'Psychedelic', 'Top-Down', 'Third Person', 'Aliens', 'Comedy', 'Funny', 'Old School', 'Transportation', 'Underwater', 'Controller', 'Choose Your Own Adventure', 'Open World', 'Singleplayer', 'Co-op']",2024-05-17 15:03:45,False,2024–25,2.0,1026,False,4.99,,,,,до $5,2
2610370,LASERPITIUM,0,True,False,False,False,1698017064,1,100,['THE REETEAM'],['THE REETEAM'],"['Action', ""Shoot 'Em Up"", 'Arcade', '2D', 'Side Scroller', 'Hand-drawn', 'Sci-fi', 'Singleplayer', 'Local Co-Op', 'Linear', 'Shooter', 'Score Attack', 'Colorful']",2023-10-22 23:24:24,False,2022–23,2.0,7325,False,7.99,,,,,$5–9.99,2
2611110,Atomic Hazard,0,True,False,False,False,1697699443,1,100,['Team-K'],['Team-K'],"['Side Scroller', '2D Platformer', 'Puzzle Platformer', 'Puzzle', 'Platformer', 'Arcade', 'Action-Adventure', '2D', 'Action', 'Post-apocalyptic', 'Linear', 'Pixel Graphics', 'Space', 'Dystopian ', 'Physics', 'Futuristic', 'Retro', 'Destruction', 'Combat', 'Local Co-Op']",2023-10-19 07:10:43,False,2022–23,,1420,True,4.99,,,,,до $5,не указано
2612960,NIGHT CROW,0,True,False,False,False,1716000094,85,68,['Ge-Aivan'],['Ge-Aivan'],"['Multiplayer', 'Horror', 'Co-op', 'Dungeon Crawler', 'Adventure', 'Online Co-Op', 'First-Person', 'Battle Royale', 'Female Protagonist', 'Demons', 'Atmospheric', 'Thriller', 'Supernatural', 'Psychological Horror', 'Survival Horror', 'PvP', 'Exploration', 'Puzzle', 'Strategy', '3D']",2024-05-18 02:41:34,False,2024–25,4.0,2285,False,15.99,,,,,$15–19.99,3–4
2615010,Necromantic,0,True,False,True,False,1716397223,109,56,['Blinkmoon Games'],['Blinkmoon Games'],"['Bullet Hell', 'Hack and Slash', 'Action Roguelike', 'Gothic', 'Dark Fantasy', 'Horror', 'Singleplayer', 'Roguelike', 'Online Co-Op', 'PvE', '2.5D', 'Top-Down', 'Action', 'Roguelite', 'Casual', 'Controller', 'Fantasy', 'Magic', 'Atmospheric', 'Indie']",2024-05-22 17:00:23,False,2024–25,,2378,False,6.99,11.5,3.4,,,$5–9.99,не указано
2615380,The Legend of Yan Loong 1+2,0,True,False,False,False,1700618380,61,57,['Creetor'],['Creetor'],"['Action', '2D Fighter', 'Action-Adventure', 'Action RPG', ""Beat 'em up"", 'Arcade', 'Side Scroller', 'CRPG', '2D', 'Local Multiplayer', 'Local Co-Op', 'Dragons', 'Magic', 'Retro', 'Combat', 'RPG', 'Indie']",2023-11-22 01:59:40,False,2022–23,2.0,3776,False,12.99,,,,,$10–14.99,2
2616040,Infected: Outpost,0,True,False,False,False,1701422122,2,100,['Spacezero Interactive'],['Spacezero Interactive'],"['Multiplayer', 'Online Co-Op', 'Social Deduction', 'Psychological Horror', 'Psychological', 'Horror', 'Casual', 'Survival', 'Stealth', 'PvP', 'Isometric', 'Third Person', 'Thriller', '3D', 'Co-op', 'Action', 'Top-Down', 'Party Game', 'Arcade', 'Cinematic']",2023-12-01 09:15:22,False,2022–23,12.0,2345,False,5.99,,,,,$5–9.99,9+
2616090,Whacking Hell!,0,True,False,False,False,1718235734,36,72,['Sanuk Games'],['Sanuk Games'],"['Action', 'Action Roguelike', 'Bullet Hell', 'Top-Down Shooter', '2D', 'Cartoon', 'Horror', 'Thriller', 'Vampires', 'Zombies', 'Indie', 'Co-op', 'Local Co-Op', 'Local Multiplayer', 'Singleplayer', 'Multiplayer', 'Bullet Heaven']",2024-06-12 23:42:14,False,2024–25,,1024,True,9.99,,,,,$5–9.99,не указано
2617190,Soulshard,0,True,False,False,False,1707733972,16,100,['Nibb Games'],['Nibb Games'],"['Adventure', 'Casual', 'Action-Adventure', '2D Platformer', 'Precision Platformer', '2D', 'Pixel Graphics', 'Noir', 'Controller', 'Linear', 'Co-op', 'Local Co-Op', 'Multiplayer', 'Singleplayer', 'Indie', 'Local Multiplayer', 'Puzzle Platformer', 'Puzzle']",2024-02-12 10:32:52,False,2024–25,,574,False,1.99,,,,,до $5,не указано
2619280,DemonCountdown,0,True,False,False,False,1734023726,1,0,['VicAgent'],['VicAgent'],"['Action Roguelike', 'Bullet Hell', 'Twin Stick Shooter', ""Shoot 'Em Up"", 'Roguelike', 'Shooter', 'Action-Adventure', 'Female Protagonist', 'Top-Down', 'Procedural Generation', 'Controller', 'Action', 'Casual', 'Co-op', 'Dark', 'Realistic', 'Colorful', 'Demons', 'Atmospheric', 'Futuristic']",2024-12-12 17:15:26,False,2024–25,,1560,False,4.99,,,,,до $5,не указано
2619630,"Die, Pablo! - A tower defense adventure",0,True,False,False,False,1730319703,2,100,['Mike Karman'],['Mike Karman'],"['Tower Defense', 'Co-op Campaign', 'Indie', 'Action', 'Hand-drawn', '2D', 'Family Friendly', 'Tactical', 'Local Co-Op', 'Singleplayer', 'Fantasy', 'PvE', 'Co-op', 'Local Multiplayer', 'Multiplayer', 'Strategy', 'Adventure', 'Casual', 'Comic Book']",2024-10-30 20:21:43,False,2024–25,,3381,False,2.99,,,,,до $5,не указано
2619640,Evil Hunt - Evil never sleeps,0,True,False,True,False,1719847323,0,0,['WUM Studios GbR'],['WUM Studios GbR'],"['Horror', 'Online Co-Op', 'Multiplayer', 'Psychological Horror', 'Singleplayer', 'Co-op', 'Third Person', 'Action', 'Indie', 'Early Access']",2024-07-01 15:22:03,False,2024–25,4.0,2080,False,12.99,,,,,$10–14.99,3–4
2620240,Spectral Scream,0,True,False,False,False,1724914780,655,78,['STOIC Ent.'],['STOIC Ent.'],"['Online Co-Op', 'Co-op', 'Horror', 'Multiplayer', 'Psychological Horror', 'Thriller', 'Demons', 'Survival Horror', 'Logic', 'Puzzle', 'Exploration', 'Strategy', 'Mystery', 'God Game', 'First-Person', 'VR', 'PvE', 'Platformer', 'Character Customization', '3D']",2024-08-29 06:59:40,False,2024–25,4.0,1809,False,9.99,12.9,5.95,,,$5–9.99,3–4
2621260,Pocket Race: Driver,0,True,False,False,False,1699000428,1,0,['None'],"['Eric Behme', 'Oliver Müller']","['Casual', 'Racing', 'Arcade', 'Automobile Sim', 'Combat Racing', '3D', 'Top-Down', 'Old School', 'Character Customization', 'Physics', 'Singleplayer', 'Action', 'Co-op', 'Local Co-Op', 'Local Multiplayer', 'Multiplayer']",2023-11-03 08:33:48,False,2022–23,4.0,2385,False,1.99,,,,,до $5,3–4
2622280,Shell Runner,0,True,False,False,False,1744390875,80,57,"['Reija', 'indie.io']",['Reija'],"['Action', 'Extraction Shooter', 'Survival', 'Looter Shooter', 'Shooter', 'Top-Down Shooter', 'Action Roguelike', 'Dystopian ', 'Inventory Management', 'Cyberpunk', 'Loot', 'Singleplayer', 'Co-op', 'Roguelite', '3D', 'Colorful', 'Stylized', 'Top-Down', 'PvE', 'Futuristic']",2025-04-11 17:01:15,False,2024–25,,2276,False,14.99,,,,,$10–14.99,не указано
2625330,UpWorld - Multiplayer,0,True,False,False,False,1705752497,1,100,['No Coding Guru'],"['Akshay Gadekar', 'No Coding Guru']","['Choose Your Own Adventure', 'PvP', 'Adventure', '3D', 'Third Person', 'Fantasy', 'Thriller', 'Emotional', 'Casual', 'Indie', 'Co-op', 'Multiplayer', 'Online Co-Op', 'Singleplayer', 'Parkour', 'Psychological Horror', 'Massively Multiplayer', '3D Platformer', 'Arcade', 'Physics']",2024-01-20 12:08:17,False,2024–25,,1529,False,7.49,,,,,$5–9.99,не указано
2625510,Don't Shout Together,0,True,False,False,False,1718388058,470,30,['SinisterGames '],['SinisterGames'],"['Horror', 'Exploration', 'Action', 'Action-Adventure', '3D', 'Multiplayer', 'First-Person', 'Psychological Horror', 'Co-op', 'Linear', 'Atmospheric', 'Survival Horror', ""1990's"", 'Online Co-Op', 'Gore', '4 Player Local', 'Simulation', 'Indie', 'Singleplayer']",2024-06-14 18:00:58,False,2024–25,,2166,False,4.99,11.7,0.9,,,до $5,не указано
2626760,Shadows in Silence,0,True,False,True,False,1738951217,10,80,['Room710Games'],['Room710Games'],"['Action', 'Multiplayer', 'Survival', 'Online Co-Op', 'Stealth', 'First-Person', 'Third Person', 'Horror', 'Survival Horror', 'Adventure', 'Action-Adventure', 'Hack and Slash', 'Co-op', 'Tactical', 'PvP', 'Character Customization', '3D', 'Violent', 'Indie', 'Early Access']",2025-02-07 18:00:17,False,2024–25,4.0,1199,False,1.99,,,,,до $5,3–4
2627570,Goofy Gorillas,0,True,False,False,False,1701450034,825,93,['sponge'],['sponge'],"['Action', 'Casual', 'Multiplayer', 'PvP', '3D Platformer', 'First-Person', 'Online Co-Op', 'Parkour', 'Stylized', 'Funny', 'Sandbox', 'Stealth', 'Nostalgia', 'Parody ', 'Relaxing', 'Sports', 'Tactical', 'Character Customization', 'Combat', 'Physics']",2023-12-01 17:00:34,False,2022–23,,1996,False,7.99,66.4,8.85,,,$5–9.99,не указано
2627640,Crypt Crawler,0,True,False,False,False,1758643020,15,100,['Wild Domain'],['Wild Domain'],"['4 Player Local', 'Action', 'Tower Defense', 'Dungeon Crawler', 'Local Co-Op', 'Local Multiplayer', 'Hack and Slash', 'Tactical', 'Action-Adventure', 'Action RPG', 'PvE', 'Real Time Tactics', 'Dark Fantasy', 'Strategy', 'Zombies', 'Fantasy', 'Combat', 'Base Building', 'Co-op', 'Multiplayer']",2025-09-23 15:57:00,False,2024–25,4.0,938,True,7.99,,,,,$5–9.99,3–4
2628230,Arcane Blast,0,True,False,False,False,1725886704,44,68,['Campfire Studio'],['Campfire Studio'],"['Action Roguelike', 'Third-Person Shooter', 'Roguelike', 'Looter Shooter', 'Co-op', 'Roguelite', 'Multiplayer', 'Action', 'Indie', 'Online Co-Op', 'Loot', 'Shooter', 'Difficult', 'Magic', 'Anime', 'Fast-Paced', 'Third Person', 'Stylized', 'Singleplayer', 'Replay Value']",2024-09-09 12:58:24,False,2024–25,,2898,False,9.99,,,,,$5–9.99,не указано
2633950,Rugrats: Adventures in Gameland,0,True,False,False,False,1725985271,60,81,['The MIX Games'],"['The MIX Games', 'WALLRIDE']","['Action', 'Adventure', 'Retro', 'Action-Adventure', 'Cartoon', 'Pixel Graphics', ""1990's"", '2D Platformer', 'Old School', 'Co-op', 'Indie', 'Local Co-Op', 'Local Multiplayer', 'Multiplayer', 'Singleplayer', 'Platformer', 'Arcade', '2D', 'Colorful', 'Cute']",2024-09-10 16:21:11,False,2024–25,2.0,1218,True,19.99,,,,,$15–19.99,2
2634700,I Want To Go Home,0,True,False,True,False,1730338692,3,33,['Golden Sword Games'],['Golden Sword Games'],"['First-Person', 'Survival Horror', 'Action', 'Supernatural', 'Online Co-Op', 'Stylized', '3D', 'Horror', 'Survival', 'Action-Adventure', 'Early Access', 'Casual', 'Adventure', 'Indie', 'Gore', 'Violent', 'Cartoony', 'Singleplayer', 'Co-op', 'Multiplayer']",2024-10-31 01:38:12,False,2024–25,4.0,1646,True,9.99,,,,,$5–9.99,3–4
2635170,Progres,0,True,False,False,False,1698525207,0,0,['LK Avalon'],['LK Avalon'],"['Casual', 'Education', 'Logic', 'Wholesome', 'Story Rich', 'Colorful', 'Family Friendly', '2D', 'Text-Based', 'Cute', 'Top-Down', 'Singleplayer', 'Local Co-Op', 'Spelling']",2023-10-28 20:33:27,False,2022–23,,7052,False,12.99,,,,,$10–14.99,не указано
2635640,Infestation: Origins,0,True,False,False,False,1757087415,162,73,['Nightmare Forge Games'],['Nightmare Forge Games'],"['Horror', 'Action', 'Online Co-Op', 'PvE', 'First-Person', 'Co-op', 'Action-Adventure']",2025-09-05 15:50:15,False,2024–25,4.0,1650,False,7.99,13.5,3.95,,,$5–9.99,3–4
2638240,Escape to the Italian brainrot,0,True,False,False,False,1746806370,22,45,[' Blue Cat studio'],['Blue Cat studio'],"['Exploration', 'Puzzle', 'PvE', '3D', 'First-Person', 'Psychological Horror', 'Horror', 'Linear', 'Casual', 'Pixel Graphics', 'Minimalist', 'Logic', 'Stealth', 'Atmospheric', 'Survival', 'Adventure', 'Dark', 'Co-op', 'Online Co-Op', 'Multiplayer']",2025-05-09 15:59:30,False,2024–25,,1993,False,3.99,,,,,до $5,не указано
2638910,Phantom Patrol,0,True,False,False,False,1730068854,0,0,['Gamma Interactive'],['Gamma Interactive'],"['Casual', 'Puzzle', 'Exploration', 'Hidden Object', 'Stylized', 'VR', 'First-Person', 'Horror', 'Investigation', 'Psychological Horror', 'Survival Horror', 'Thriller', 'Dark', 'Hunting', 'PvE', 'Co-op', 'Multiplayer', 'Online Co-Op', 'Singleplayer', 'Supernatural']",2024-10-27 22:40:54,False,2024–25,4.0,2057,True,7.99,,,,,$5–9.99,3–4
2639500,Party Friends,0,True,False,False,False,1710511267,3,66,['Revulo Games'],['Revulo Games'],"['Co-op', 'Split Screen', 'Local Co-Op', '3D', 'PvP', 'Casual', 'Arcade', 'Action', 'Action-Adventure', 'Relaxing', '4 Player Local', 'Cute', 'Cartoony', 'Funny', 'Local Multiplayer', 'Point & Click', 'Puzzle', 'Controller', 'Immersive Sim', 'Multiplayer']",2024-03-15 14:01:07,False,2024–25,4.0,1117,False,7.99,,,,,$5–9.99,3–4
2641930,Ghost Hunters,0,True,False,False,False,1709215830,19,36,['DIG Games'],['DIG Games'],"['Adventure', 'Action', 'Action RPG', 'Shooter', '3D', 'First-Person', 'Demons', 'Psychological', 'Horror', 'Indie', 'Massively Multiplayer', 'PvE', 'Multiplayer', 'Singleplayer', 'Online Co-Op', 'Psychological Horror', 'Early Access']",2024-02-29 14:10:30,False,2024–25,4.0,899,False,0.99,,,,,до $5,3–4
2642310,Tag League,0,True,False,True,False,1755387643,2,100,['NoGlyph Games'],['NoGlyph Games'],"['Physics', 'Co-op', 'Parkour', 'Multiplayer', 'Platformer', 'First-Person', 'Sports', 'FPS', '3D Fighter', 'Action', 'PvP', 'Online Co-Op', '3D Platformer', '3D', 'Casual', 'Local Co-Op', 'Funny', 'Atmospheric', 'eSports', 'Stylized']",2025-08-16 23:40:43,False,2024–25,,1092,False,3.99,,,,,до $5,не указано
2642860,Wood Guy,0,True,False,False,False,1701269934,7,100,['YSO CORP'],['YSO CORP'],"['Indie', 'Physics', 'Side Scroller', '2D Platformer', 'Casual', 'Action-Adventure', 'Platformer', 'Arcade', '3D Fighter', 'Cartoony', 'Cute', 'Isometric', 'Linear', 'Fantasy', 'Action', 'Adventure', 'Singleplayer', 'PvP', 'Local Co-Op', 'PvE']",2023-11-29 14:58:54,False,2022–23,4.0,3227,False,9.99,,,,,$5–9.99,3–4
2642870,StepByStep,0,True,False,False,False,1710345906,0,0,['光墨工作室'],['光墨工作室'],"['Casual', 'Hand-drawn', 'Multiplayer', '3D', 'Online Co-Op', 'Relaxing', 'Funny', 'Colorful', 'Tabletop', 'Text-Based', 'Word Game', '3D Platformer', 'Time Management', 'Pixel Graphics', 'PvP', 'Linear', 'Singleplayer', 'Indie']",2024-03-13 16:05:06,False,2024–25,,1097,False,3.99,,,,,до $5,не указано
2642920,Crystal Comet,0,True,False,False,False,1713949642,2,100,['RewdanSprites'],['RewdanSprites'],"['Casual', ""Shoot 'Em Up"", 'Twin Stick Shooter', 'Arcade', 'Bullet Hell', 'Shooter', '2D', 'Top-Down', 'Split Screen', 'Action', 'Pixel Graphics', 'Sci-fi', 'Space', 'Score Attack', 'Comedy', 'Old School', 'Retro', '1980s', '4 Player Local', 'Co-op']",2024-04-24 09:07:22,False,2024–25,,2436,True,9.99,,,,,$5–9.99,не указано
2643290,Oblin Party,0,True,False,False,False,1741682919,85,91,['Tellus Games'],['Tellus Games'],"['Action', '2D Fighter', 'Physics', 'Party', 'PvP', 'Multiplayer', 'Funny', '4 Player Local', 'Local Multiplayer', 'Online Co-Op', 'Casual', 'Local Co-Op', 'Co-op', 'Cartoony', 'Fighting', 'Parkour', 'Controller', '2D', 'Cute', 'Indie']",2025-03-11 08:48:39,False,2024–25,4.0,1558,True,7.99,,,,,$5–9.99,3–4
2644040,Ruff City,0,True,False,False,False,1703145591,26,96,['Jason Marrero'],['Jason Marrero'],"['Action', 'Adventure', 'Action-Adventure', 'Arcade', ""Beat 'em up"", 'Side Scroller', '2D', 'Pixel Graphics', 'Cats', 'Dogs', 'Funny', 'Old School', 'Combat', 'Controller', 'Story Rich', 'Indie', 'Local Co-Op', 'Singleplayer']",2023-12-21 07:59:51,False,2022–23,,453,False,0.99,,,,,до $5,не указано
2644470,PICO PARK 2,0,True,False,False,False,1726124435,4058,88,['TECOPARK'],"['TECOPARK', 'Gemdrops, Inc.']","['Casual', 'Multiplayer', 'Online Co-Op', 'Co-op', 'Action', 'Platformer', 'Local Multiplayer', 'Cute', 'Side Scroller', 'Local Co-Op', 'Pixel Graphics', 'Funny', 'Family Friendly', 'Retro', '2D', 'Puzzle', 'Puzzle Platformer', '4 Player Local', 'Horror', 'Difficult']",2024-09-12 07:00:35,False,2024–25,8.0,1163,False,8.99,37.1,6.4,,,$5–9.99,5–8
2645030,Chapter Wars,0,True,False,False,False,1700255293,7,100,['WEB3 Studios'],['WEB3 Studios'],"['Action', 'Battle Royale', 'Shooter', 'FPS', 'First-Person', 'Military', 'Survival', 'Tactical', 'PvP', 'Combat', 'Physics', 'PvE', 'Team-Based', 'Massively Multiplayer', 'Co-op', 'Multiplayer', 'Online Co-Op', 'Singleplayer', '4 Player Local', 'Co-op Campaign']",2023-11-17 21:08:13,False,2022–23,,1843,False,9.99,,,,,$5–9.99,не указано
2645490,Ghostbane,0,True,False,True,False,1728260478,155,67,['Pi Bit'],['Pi Bit'],"['Thriller', 'Realistic', 'Horror', 'Action-Adventure', 'Online Co-Op', 'Hidden Object', 'Adventure', 'Multiplayer', 'Psychological Horror', 'Survival Horror', 'Survival', 'Stealth', 'Creature Collector', 'Dark', 'Casual', 'Co-op', 'Demons', 'First-Person', 'Singleplayer', 'Action']",2024-10-07 00:21:18,False,2024–25,4.0,1344,False,8.99,25.9,6.3,,,$5–9.99,3–4
2647800,Fireball 2,0,True,False,False,False,1746702370,17,94,['Radiangames'],['Radiangames'],"['Arcade', 'Retro', 'Survival', 'Score Attack', 'Action', 'Local Co-Op', 'Psychedelic', 'Controller', '2D', 'Colorful', 'Minimalist', 'Stylized', '1980s', 'Old School', 'Co-op', 'Local Multiplayer', 'Multiplayer', 'Singleplayer']",2025-05-08 11:06:10,False,2024–25,2.0,3933,False,6.99,,,,,$5–9.99,2
2647980,Happy Bird Day,0,True,False,False,False,1707834670,1,100,['DRD'],['DRD'],"['Adventure', 'Action', 'Online Co-Op', 'Multiplayer', 'Casual', 'Singleplayer', 'Funny', 'Physics', 'Arcade', 'Co-op', 'Massively Multiplayer', 'Indie', 'Colorful', 'Side Scroller', 'Platformer', 'Family Friendly', 'Atmospheric', 'Souls-like']",2024-02-13 14:31:10,False,2024–25,2.0,1412,True,8.0,,,,,$5–9.99,2
2648060,Topspace,0,True,False,True,False,1700900729,6,100,['Topspace Crew'],['Topspace Crew'],"['Top-Down Shooter', 'Action', 'Score Attack', 'Singleplayer', 'Casual', 'Local Multiplayer', 'Arcade', 'Shooter', ""Shoot 'Em Up"", '2D', 'Pixel Graphics', 'Top-Down', 'Aliens', 'Flight', 'Combat', 'PvE', 'PvP', 'Local Co-Op', 'Indie', 'Early Access']",2023-11-25 08:25:29,False,2022–23,,309,False,2.99,,,,,до $5,не указано
2650080,Idiots' Fantasy,0,True,False,False,False,1719580079,1,100,['Ill-Fated Studios'],['Ill-Fated Studios'],"['Action Roguelike', 'Hack and Slash', 'Dungeon Crawler', 'Action', 'Singleplayer', 'Roguelike', 'Pixel Graphics', '2D', 'Top-Down', 'Indie', 'Local Co-Op', 'Multiplayer', 'Funny', 'Procedural Generation', '4 Player Local', 'Local Multiplayer', 'PvP', 'PvE', 'Cute', 'Online Co-Op']",2024-06-28 13:07:59,False,2024–25,,1375,False,9.99,,,,,$5–9.99,не указано
2650730,SEDAP! A Culinary Adventure,0,True,False,False,False,1747911621,519,71,"['Isolated Games Publishing', 'IndieArk']",['kopiforge'],"['Cooking', 'Action-Adventure', 'Co-op', 'Fast-Paced', 'Adventure', 'Indie', 'Fantasy', 'Multiplayer', 'Local Co-Op', 'Online Co-Op', 'Stylized', 'Colorful', 'Combat', 'Singleplayer', 'Action', 'Local Multiplayer', 'Hack and Slash', 'Crafting', 'RPG', 'Time Management']",2025-05-22 11:00:21,False,2024–25,,2232,False,14.99,26.0,8.7,,,$10–14.99,не указано
2651090,Super Stream-Bara,0,True,False,False,False,1757948445,23,95,['Ninja Flamingos'],['Ninja Flamingos'],"['Precision Platformer', 'Pixel Graphics', 'Cute', 'Difficult', 'Physics', 'Retro', 'Psychological Horror', 'Character Customization', '2D Platformer', 'Funny', 'Platformer', 'Colorful', 'Multiplayer', 'Controller', 'Indie', 'Action', 'Singleplayer', 'PvP', 'Adventure', 'Online Co-Op']",2025-09-15 15:00:45,False,2024–25,,1646,False,6.99,,,,,$5–9.99,не указано
2652180,Brawlberry,0,True,False,False,False,1724711954,0,0,['Blocky World Games'],['Blocky World Games'],"['Action Roguelike', 'Action', 'Hack and Slash', 'Perma Death', '2D', 'Cute', 'Dark Comedy', 'Procedural Generation', 'Cartoony', 'Colorful', 'RPG', 'Indie', 'Combat', 'Singleplayer', 'Online Co-Op']",2024-08-26 22:39:14,False,2024–25,,1366,False,3.99,,,,,до $5,не указано
2652930,CTRL+ALT+REPEAT,0,True,False,False,False,1700240501,2,50,['RDST Games LLC'],['RDST Games LLC'],"['Casual', 'Platformer', '3D Platformer', 'Precision Platformer', '3D', 'Third Person', 'Racing', 'Comedy', 'Parkour', 'PvP', 'Controller', 'Linear', 'Physics', 'Co-op', 'Multiplayer', 'Online Co-Op', 'Singleplayer', 'Indie']",2023-11-17 17:01:41,False,2022–23,,657,False,4.99,,,,,до $5,не указано
2654040,Beneath The Earth - Backrooms,0,True,False,False,False,1701440419,17,17,['AI Gaming Dev'],['AI Gaming Dev'],"['Horror', 'Multiplayer', 'Local Co-Op', 'Co-op', 'Psychological Horror', 'Action', '4 Player Local', 'Local Multiplayer', 'Adventure', 'Atmospheric', 'Survival Horror', 'Arcade', 'Action-Adventure', '3D', 'Underground', 'Mystery Dungeon', 'Cinematic', 'Dungeon Crawler', 'Survival', 'Simulation']",2023-12-01 14:20:19,False,2022–23,4.0,1343,False,14.99,,,,,$10–14.99,3–4
2654930,Mortadelo y Filemón: Balones y Patadones,0,True,False,False,False,1705674994,4,75,[' Erbe Software'],['Alcachofa Soft'],"['Adventure', 'Point & Click', 'Puzzle', 'Incremental', '2D', 'Anime', 'Cartoony', 'Comic Book', 'Hand-drawn', 'Cartoon', 'Retro', 'Story Rich', 'Choices Matter', 'Local Co-Op', 'Singleplayer']",2024-01-19 14:36:34,False,2024–25,,593,False,4.99,,,,,до $5,не указано
2654940,Mortadelo y Filemón: Dos vaqueros chapuceros,0,True,False,False,False,1707474242,4,50,['Erbe Software'],['Alcachofa Soft'],"['Adventure', 'Action-Adventure', 'Point & Click', 'Visual Novel', 'Puzzle', 'Incremental', '2D', 'Cartoony', 'Comic Book', 'Hand-drawn', 'Cartoon', 'Detective', 'Western', 'Story Rich', 'Choices Matter', 'Local Co-Op', 'Singleplayer']",2024-02-09 10:24:02,False,2024–25,,1004,False,4.99,,,,,до $5,не указано
2654950,Mortadelo y Filemón: El escarabajo de Cleopatra,0,True,False,False,False,1703887424,4,0,['Erbe Software'],['Alcachofa Soft'],"['Adventure', 'Point & Click', 'Puzzle', 'Incremental', '2D', 'Cartoony', 'Hand-drawn', 'Cartoon', 'Comic Book', 'Fantasy', 'Historical', 'Lore-Rich', 'Local Co-Op', 'Singleplayer']",2023-12-29 22:03:44,False,2022–23,,545,False,4.99,,,,,до $5,не указано
2654960,Mortadelo y Filemón: La Sexta Secta,0,True,False,False,False,1703965855,3,66,['Erbe Software'],['Alcachofa Soft'],"['Adventure', 'Point & Click', 'Visual Novel', 'Incremental', 'Cartoony', 'Comic Book', 'Hand-drawn', 'Cartoon', 'Crime', 'Detective', 'Lore-Rich', 'Family Friendly', 'Retro', 'Story Rich', 'Dialogue Heavy', 'Local Co-Op', 'Singleplayer']",2023-12-30 19:50:55,False,2022–23,,818,False,9.99,,,,,$5–9.99,не указано
2654970,Mortadelo y Filemón: Mamelucos a la Romana,0,True,False,False,False,1706176516,5,60,['Erbe Software'],['Alcachofa Soft'],"['Adventure', 'Point & Click', 'Incremental', 'Anime', 'Cartoony', 'Comic Book', 'Hand-drawn', 'Cartoon', 'Assassins', 'Crime', 'Story Rich', 'Dialogue Heavy', 'Local Co-Op', 'Singleplayer']",2024-01-25 09:55:16,False,2024–25,,646,False,4.99,,,,,до $5,не указано
2654980,"Mortadelo y Filemón: Terror, Espanto y Pavor",0,True,False,False,False,1705594348,2,50,['Erbe Software'],['Alcachofa Soft'],"['Adventure', 'Point & Click', 'Incremental', 'Anime', 'Cartoony', 'Cinematic', 'Comic Book', 'Hand-drawn', 'Cartoon', '1980s', ""1990's"", 'Sci-fi', 'Werewolves', 'Mythology', 'Horror', 'Zombies', 'Story Rich', 'Dialogue Heavy', 'Local Co-Op', 'Singleplayer']",2024-01-18 16:12:28,False,2024–25,,897,False,4.99,,,,,до $5,не указано
2655800,Only High,0,True,False,True,False,1721692537,4,75,['DDemon LLC'],['DDemon LLC'],"['3D Platformer', 'Platformer', 'Action', 'Adventure', 'Co-op', 'Walking Simulator', 'Exploration', '3D', 'Stylized', 'Third Person', 'Atmospheric', 'Building', 'Cyberpunk', 'Dark', 'Dystopian ', 'Futuristic', 'Sci-fi', 'Underground', 'Character Customization', 'Linear']",2024-07-22 23:55:37,False,2024–25,6.0,1061,False,5.99,,,,,$5–9.99,5–8
2658140,Turbo Champ,0,True,False,False,False,1711717289,1,100,['Limited Creativity Studios'],['Limited Creativity Studios'],"['Casual', 'Racing', 'Co-op', 'Arcade', '3D', '4 Player Local', 'Split Screen', 'Colorful', 'Driving', 'Cute', 'Family Friendly', 'Minimalist', 'Third Person', 'Relaxing', 'Controller', 'Physics', 'PvP', 'Team-Based', 'Combat Racing', 'Vehicular Combat']",2024-03-29 13:01:29,False,2024–25,4.0,1131,False,9.99,,,,,$5–9.99,3–4
2659690,Operation Athena,0,True,False,True,False,1733239097,42,64,['GRENARC LLC'],"['MISSING GAME STUDIO, LTD.', 'GRENARC LLC']","['FPS', 'Real Time Tactics', 'Military', 'War', 'PvE', 'Shooter', '3D', 'First-Person', 'Team-Based', 'Action', 'Simulation', 'Realistic', 'Tactical', 'Modern', 'Combat', 'Co-op', 'Multiplayer', 'Online Co-Op', 'Singleplayer', 'Early Access']",2024-12-03 15:18:17,False,2024–25,4.0,5599,False,9.99,,,,,$5–9.99,3–4
2666530,BIG SHOTS,0,True,False,False,False,1713423558,49,69,[' MyDearest Inc.'],['AlterEyes'],"['VR', 'Cartoony', 'Aliens', 'Online Co-Op', 'Singleplayer', 'Mechs', 'Roguelite', 'Steampunk', 'Roguelike', 'Shooter', 'FPS', 'Action Roguelike', 'Arena Shooter', 'PvE', 'Character Customization', 'First-Person', 'Action', 'Stylized', 'Fantasy', 'Combat']",2024-04-18 06:59:18,False,2024–25,,1517,False,19.99,,,,,$15–19.99,не указано
2668530,The Rake,0,True,False,False,False,1735343451,49,57,['Kanoleiro Games'],['Kanoleiro'],"['Co-op', 'Online Co-Op', 'Multiplayer', 'Survival Horror', 'Action', 'Psychological Horror', 'Exploration', 'Horror', 'Atmospheric', 'Hunting', 'Co-op Campaign', 'Shooter', 'FPS', 'Action-Adventure', 'First-Person', '3D', 'Lore-Rich', 'Controller', 'Gun Customization', 'Open World']",2024-12-27 23:50:51,False,2024–25,4.0,2856,False,9.99,,,,,$5–9.99,3–4
2669540,Necrophoresis,0,True,False,True,False,1714474643,5,0,['Mighty games'],"['Amit Elnatan', 'Itay Tamir']","['Horror', 'Action', 'Co-op', 'Multiplayer', 'Singleplayer', 'Thriller', 'Survival Horror', 'First-Person', 'Early Access', 'Indie', '3D', 'Survival', 'Zombies', 'Sci-fi']",2024-04-30 10:57:23,False,2024–25,4.0,723,False,4.99,,,,,до $5,3–4
2669560,Kumi-Daiko Beatoff,0,True,False,False,False,1707760653,0,0,['Adjective Animal'],['Adjective Animal'],"['4 Player Local', 'Local Multiplayer', 'Controller', 'Multiplayer', 'Minimalist', 'Local Co-Op', 'Co-op', 'Cartoony', 'Arcade', 'Physics', 'Combat', 'Colorful', 'Family Friendly', 'Cute', 'Casual', 'Score Attack', ""Beat 'em up"", 'Retro', 'Abstract', 'Psychedelic']",2024-02-12 17:57:33,False,2024–25,4.0,1088,False,2.99,,,,,до $5,3–4
2672260,Evil Corporation,0,True,False,True,False,1725089946,15,33,['BigBear Games'],['Bigbeardev'],"['Multiplayer', 'Online Co-Op', 'First-Person', 'Psychological Horror', 'Adventure', 'Dark', 'Action', 'Exploration', 'Hidden Object', 'Stealth', 'Perma Death', 'Early Access', 'Co-op', 'Psychedelic', 'Atmospheric', 'Indie', 'Horror']",2024-08-31 07:39:06,False,2024–25,,1469,True,9.99,,,,,$5–9.99,не указано
2673730,A ARMY BASE,0,True,False,False,False,1701975487,52,55,['Andy Law'],['Andy Law'],"['Arena Shooter', 'Hack and Slash', 'Zombies', 'Perma Death', '2D', 'Third Person', 'Post-apocalyptic', 'Action', 'Underground', 'Vehicular Combat', 'Stylized', 'Military', 'Building', 'Retro', 'Dark', 'Inventory Management', 'Combat', 'Local Co-Op', 'Local Multiplayer', 'Resource Management']",2023-12-07 18:58:07,False,2022–23,5.0,2990,False,0.99,,,,,до $5,5–8
2673750,ShadowStorm,0,True,False,False,False,1701454294,5,80,['Still connect'],['Still connect'],"['Action', 'VR', 'FPS', 'Singleplayer', 'Multiplayer', 'Co-op', 'PvP', 'Shooter', 'Online Co-Op', 'First-Person', 'Arena Shooter', 'Sci-fi', 'Arcade', 'Adventure', 'Action-Adventure', 'Battle Royale', 'Futuristic', 'Team-Based', 'Military', 'Combat']",2023-12-01 18:11:34,False,2022–23,16.0,2089,False,14.99,,,,,$10–14.99,9+
2674080,Gamebesh - Prop Hunt,0,True,False,True,False,1700208048,4,100,['dedica'],['dedica'],"['Action', 'Casual', 'Adventure', 'Party-Based RPG', 'Shooter', 'Third-Person Shooter', '3D', 'Colorful', 'Cute', 'Stylized', 'Third Person', 'Comedy', 'Family Friendly', 'Funny', 'Memes', 'Character Customization', 'Choices Matter', 'PvP', 'Team-Based', 'Co-op']",2023-11-17 08:00:48,False,2022–23,8.0,1825,False,4.99,,,,,до $5,5–8
2675290,LASERS,0,True,False,False,False,1704999600,127,66,['Straight Back Games'],['Straight Back Games'],"['Gore', 'Battle Royale', 'Multiplayer', 'Action', 'PvP', '3D Platformer', 'Party Game', 'Arcade', 'Psychological Horror', 'Parkour', 'Indie', 'Sci-fi', 'Online Co-Op', 'Realistic', 'Character Customization', 'Third Person', 'Singleplayer', 'Controller', 'Racing', 'Massively Multiplayer']",2024-01-11 19:00:00,False,2024–25,10.0,732,False,2.99,59.2,2.95,,,до $5,9+
2676410,Miraculous - Paris Under Siege,0,True,False,False,False,1729836322,66,53,['GameMill Entertainment'],['Petit Fabrik'],"['Action', 'Adventure', 'Action-Adventure', ""Beat 'em up"", 'Anime', 'Cartoon', 'Cartoony', 'Family Friendly', 'Female Protagonist', 'Fantasy', 'Co-op', 'Local Co-Op', 'Multiplayer', 'Singleplayer']",2024-10-25 06:05:22,False,2024–25,,1780,False,49.99,,,,,$20+,не указано
2678710,Security Control,0,True,False,True,False,1726862729,5,60,['Greavette Games'],['Greavette Games'],"['Party', 'Horror', 'VR', 'Co-op', 'PvP', 'Funny', 'Detective', 'Stealth', 'Heist', 'Action', 'Investigation', 'Exploration', 'Procedural Generation', 'Dungeon Crawler', 'PvE', 'Atmospheric', 'Mystery', 'Adventure', '3D', 'First-Person']",2024-09-20 20:05:29,False,2024–25,4.0,2399,False,4.99,,,,,до $5,3–4
2679270,Rutabaga Desert Storm,0,True,False,False,False,1705078855,2,100,['Indomitable Interactive'],['Indomitable Interactive'],"[""Shoot 'Em Up"", 'Action', 'Side Scroller', 'Casual', 'Pixel Graphics', 'Arcade', 'Local Co-Op', 'Score Attack', 'Bullet Hell', 'Singleplayer', '2D', 'Indie', 'Old School', 'Retro', 'Linear', 'Shooter', 'Choices Matter', 'Co-op', 'Local Multiplayer', 'Multiplayer']",2024-01-12 17:00:55,False,2024–25,,1068,False,0.99,,,,,до $5,не указано
2679960,BIG BALL SPORTS,0,True,False,False,False,1700751770,0,0,['SAT-BOX'],['SAT-BOX'],"['Sports', 'Football (Soccer)', 'Golf', 'Tennis', 'Action', 'Baseball', 'Casual', 'Family Friendly', 'eSports', '3D Platformer', 'PvP', 'PvE', 'Controller', 'Singleplayer', 'Multiplayer', 'Local Multiplayer', 'Local Co-Op', 'Indie', 'Co-op', '4 Player Local']",2023-11-23 15:02:50,False,2022–23,,1207,False,13.99,,,,,$10–14.99,не указано
2681660,Bwudaling: Da Fight for da Bwudahood,0,True,False,False,False,1702680112,3,66,['GallinaGames'],['Adam Gallina'],"['Walking Simulator', 'Bullet Hell', 'Runner', 'Racing', '2.5D', 'Cartoony', 'Online Co-Op', 'Action', 'Class-Based', 'Character Customization', 'Casual', 'Colorful', 'Cute', 'Third Person', 'Top-Down', 'Funny', 'LGBTQ+', 'Memes', 'Relaxing', 'Singleplayer']",2023-12-15 22:41:52,False,2022–23,,1041,False,0.99,,,,,до $5,не указано
2683030,Deathwish Enforcers Special Edition,0,True,False,False,False,1707972409,126,84,['Monster Bath Games Inc.'],['Monster Bath Games Inc.'],"['Action', 'Arcade', '2D', ""Shoot 'Em Up"", 'Retro', 'Co-op', 'Side Scroller', 'Multiplayer', 'Local Multiplayer', 'Shooter', 'Pixel Graphics', 'Local Co-Op', 'Funny', 'Platformer', 'Singleplayer', 'Fast-Paced', 'Parody ', 'Adventure', 'Cartoony', 'Controller']",2024-02-15 04:46:49,False,2024–25,4.0,1689,False,19.99,50.0,2.05,,,$15–19.99,3–4
2684010,Super Laura Up,0,True,False,False,False,1704565967,30,90,['zelun_'],['zelun_'],"['Multiplayer', 'Precision Platformer', 'Co-op', '2D Platformer', 'Online Co-Op', 'PvP', 'Collectathon', 'Pixel Graphics', 'Difficult', 'Cartoony', 'Platformer', '2D', '3D', 'Surreal', 'Female Protagonist', 'Controller', 'Action', 'Anime', 'Colorful', 'Score Attack']",2024-01-06 18:32:47,False,2024–25,,1962,False,2.99,,,,,до $5,не указано
2684850,MULTIPLAYER BOTS,0,True,False,False,False,1700571866,3,100,['Archor Games'],['Archor Wright'],"['Action', 'Shooter', 'Third-Person Shooter', '3D', 'Cyberpunk', 'PvP', 'Co-op', 'Multiplayer', 'Indie', 'Online Co-Op', 'Singleplayer']",2023-11-21 13:04:26,False,2022–23,,813,False,0.99,,,,,до $5,не указано
2685370,Meowmunitions,0,True,False,False,False,1756106558,10,50,['Voyage Technology'],['Pete Karesisto'],"['Roguelike', 'Bullet Hell', 'Dungeon Crawler', 'Inventory Management', 'Top-Down Shooter', 'Perma Death', 'PvE', ""Shoot 'Em Up"", 'Co-op', 'Shooter', 'Gun Customization', 'Action Roguelike', '2D', 'Top-Down', 'Action', 'Procedural Generation', 'Pixel Graphics', 'Cats', 'Colorful', 'Online Co-Op']",2025-08-25 07:22:38,False,2024–25,,2067,True,12.99,,,,,$10–14.99,не указано
2686080,Sad Satan,0,True,False,False,False,1714551414,107,42,['DVGamix'],['DVGamix'],"['Indie', 'Psychological Horror', 'First-Person', '3D Platformer', 'Walking Simulator', 'Singleplayer', '3D', 'Atmospheric', 'Adventure', 'Survival', 'Survival Horror', 'Supernatural', 'Action', 'Hentai', 'Sexual Content', 'Fast-Paced', 'Memes', 'Addictive', 'Co-op', 'Gore']",2024-05-01 08:16:54,False,2024–25,,1013,False,4.99,87.1,0.7,,,до $5,не указано
2688180,Hyperfield,0,True,False,True,False,1709204355,2,100,['QuantumDuo Studio'],['QuantumDuo Studio'],"['Sports', 'Football (American)', 'PvP', 'eSports', '3D', 'Third Person', 'Cyberpunk', 'Team-Based', 'Action', 'Realistic', 'Sci-fi', 'Class-Based', 'Physics', 'Supernatural', 'Local Multiplayer', 'Multiplayer', 'Co-op', 'Online Co-Op', 'Rugby', 'Magic']",2024-02-29 10:59:15,False,2024–25,,2052,False,2.99,,,,,до $5,не указано
2688400,"You Draw, I Guess",0,True,False,False,False,1737937947,17,88,['CapPlay'],['501JOY'],"['Casual', 'Hand-drawn', 'Multiplayer', '2D', 'Party Game', 'Online Co-Op', 'Puzzle', 'Funny', 'Text-Based', 'Cartoon', 'Minimalist', 'PvP', 'Team-Based', 'Competitive', 'Singleplayer', 'Co-op', 'Quick-Time Events', 'Exploration', 'Family Friendly', 'Immersive']",2025-01-27 00:32:27,False,2024–25,10.0,1388,True,1.99,,,,,до $5,9+
2689220,No Worries,0,True,False,True,False,1705560157,3,100,['Modders TD'],['Modders TD'],"['Action', 'Multiplayer', 'Action-Adventure', '3D Platformer', 'Exploration', 'Third Person', 'Relaxing', 'Survival', 'Early Access', 'Co-op', 'Online Co-Op', 'Singleplayer']",2024-01-18 06:42:37,False,2024–25,,446,False,2.99,,,,,до $5,не указано
2691920,MolCollabo v2,0,True,False,False,False,1738631264,2,100,['FiatLux Corporatoin'],['FiatLux Corporatoin'],"['Science', 'VR', 'Education', 'Multiplayer', 'Online Co-Op', 'Software', 'Animation & Modeling', '3D', '3D Platformer', 'Indie', '6DOF', 'Singleplayer', 'Hentai', 'Psychological Horror', 'Sexual Content', 'Free to Play']",2025-02-04 01:07:44,False,2024–25,,843,False,1900.0,,,,,$20+,не указано
2692200,Scary In The Journey,0,True,False,True,False,1713456483,6,33,['Mifavanila'],['Mifavanila'],"['Early Access', 'Horror', 'Indie', 'Online Co-Op', 'First-Person', 'Action', 'Adventure', 'Casual', 'Action-Adventure', 'Choose Your Own Adventure', ""1990's"", 'Atmospheric', 'Dark', 'PvE', 'Singleplayer', '4 Player Local', 'Exploration', 'Mystery Dungeon', 'Procedural Generation', 'Open World']",2024-04-18 16:08:03,False,2024–25,,2268,False,4.99,,,,,до $5,не указано
2694460,The Quantum Conflict,0,True,False,False,False,1721073688,14,100,"['FlashPoint Games, LLC']","['FlashPoint Games, LLC']","['Shooter', '4 Player Local', 'Local Co-Op', 'Action', 'Arcade', 'Physics', 'Controller', 'Sci-fi', 'Space', 'Action-Adventure', '3D', 'Co-op', 'Local Multiplayer', 'Multiplayer', 'Singleplayer', 'PvP', 'Procedural Generation', 'Arena Shooter', 'Exploration', 'Roguelite']",2024-07-15 20:01:28,False,2024–25,8.0,2223,False,7.99,,,,,$5–9.99,5–8
2695940,PANICORE,0,True,False,False,False,1717164027,10774,78,['ZTEK Studio'],['ZTEK Studio'],"['Horror', 'Online Co-Op', 'Survival Horror', 'Psychological Horror', 'Co-op', 'Multiplayer', 'First-Person', 'PvE', 'Stealth', 'Atmospheric', 'Team-Based', 'Survival', 'Replay Value', 'Action Roguelike', 'Roguelite', 'Action-Adventure', 'Exploration', 'Singleplayer', 'Realistic', 'Action']",2024-05-31 14:00:27,False,2024–25,5.0,1975,False,9.99,57.1,6.95,38099789.0,3536.0,$5–9.99,5–8
2696390,Guns And Draguns,0,True,False,False,False,1725597860,14,100,['Infinite Stairs'],['Infinite Stairs'],"['Action Roguelike', 'Mystery Dungeon', 'Top-Down Shooter', 'Twin Stick Shooter', 'Roguelite', 'Indie', 'Arcade', 'Roguelike', 'Isometric', 'Top-Down', 'Procedural Generation', 'Team-Based', 'Action', 'Casual', '4 Player Local', 'Co-op Campaign', 'Co-op', 'Local Co-Op', 'Singleplayer', 'Local Multiplayer']",2024-09-06 04:44:20,False,2024–25,4.0,1532,False,12.99,,,,,$10–14.99,3–4
2696570,Storm's Eye,0,True,False,True,False,1713800803,1,100,['Random Synapse'],['Random Synapse'],"['Action Roguelike', 'Third-Person Shooter', 'Looter Shooter', 'Bullet Hell', ""Shoot 'Em Up"", 'Roguelite', 'Multiplayer', 'Shooter', 'Co-op', ""Beat 'em up"", 'PvE', 'Singleplayer', 'Online Co-Op', 'Perma Death', 'Roguelike', 'Third Person', 'Colorful', 'Fantasy', 'Action', 'Medieval']",2024-04-22 15:46:43,False,2024–25,,2620,True,9.99,,,,,$5–9.99,не указано
2698040,Mall Heist,0,True,False,False,False,1746711074,10,100,['Evlnu GameWorks'],['Evlnu GameWorks'],"['Casual', 'Online Co-Op', '3D', 'Puzzle', 'Arcade', 'Cute', 'Top-Down', 'Controller', 'Heist', 'Colorful', 'Loot', 'Co-op', 'Stealth', 'Funny', 'Comedy', 'Singleplayer', 'Multiplayer', 'Indie', 'Strategy', 'Action']",2025-05-08 13:31:14,False,2024–25,,2026,False,7.99,,,,,$5–9.99,не указано
2698600,Swing By,0,True,False,False,False,1711099101,12,91,['ANIQ'],['ANIQ'],"['Casual', 'Racing', 'Arcade', '2D', '3D', 'Split Screen', 'Driving', 'Sci-fi', 'Space', 'Character Customization', 'Linear', 'PvP', 'Co-op', 'Local Co-Op', 'Local Multiplayer', 'Multiplayer', 'Singleplayer', '4 Player Local', 'Gaming', 'Spaceships']",2024-03-22 09:18:21,False,2024–25,4.0,1555,False,9.99,,,,,$5–9.99,3–4
2700990,Rogue Piñatas: VRmageddon,0,True,False,False,False,1752511072,2,0,['Nerd Ninjas'],['Nerd Ninjas'],"['Action Roguelike', 'Hero Shooter', ""Shoot 'Em Up"", 'Roguelite', 'PvE', 'Arcade', 'Casual', 'Roguelike', 'Funny', 'Post-apocalyptic', 'VR', 'Action', 'Colorful', 'Stylized', '6DOF', 'Survival', 'Cartoon', 'Satire', 'Combat', 'Co-op']",2025-07-14 16:37:52,False,2024–25,,1140,False,24.99,,,,,$20+,не указано
2702780,Project0,0,True,False,True,False,1748599248,1,100,['Natural Frost'],['Natural Frost'],"['Action', 'Action-Adventure', 'Exploration', '3D', 'First-Person', 'Aliens', 'Dark', 'Psychological Horror', 'Survival Horror', 'Procedural Generation', 'Gore', 'Violent', 'Co-op', 'Indie', 'Early Access', 'Multiplayer', 'Online Co-Op', 'Singleplayer']",2025-05-30 10:00:48,False,2024–25,4.0,2409,False,6.99,,,,,$5–9.99,3–4
2702920,Cozy Escapes,0,True,False,True,False,1719414917,5,40,['LDJae'],['LDJae'],"['Escape Room', 'Online Co-Op', 'Puzzle', 'Co-op', 'Multiplayer', '3D', 'Exploration', 'Singleplayer', 'First-Person', 'Casual', 'Relaxing', 'Horror', 'Colorful', 'Logic', 'Atmospheric', 'Physics', 'Adventure', 'Dark', 'Early Access', 'Indie']",2024-06-26 15:15:17,False,2024–25,2.0,1573,False,4.99,,,,,до $5,2
2703790,Jumpfox: Always Running,0,True,False,False,False,1705686985,2,100,['Maksym Tarabara'],['Maksym Tarabara'],"['Precision Platformer', 'Singleplayer', 'Local Co-Op', '2D Platformer', 'Difficult', 'Local Multiplayer', 'Platformer', '2D', 'Controller', 'Pixel Graphics', 'Adventure', 'Co-op', 'Multiplayer', '4 Player Local', 'Split Screen', 'Retro', 'Nature', 'Side Scroller', 'Psychological Horror', 'Indie']",2024-01-19 17:56:25,False,2024–25,,1920,False,6.99,,,,,$5–9.99,не указано
2704580,Jrago II Guardians of Eden,0,True,False,False,False,1718644350,17,94,['Jrago Studios'],['Jrago Studios'],"['Metroidvania', '4 Player Local', 'Retro', 'Local Co-Op', 'Action RPG', '2D Platformer', 'Dark Fantasy', 'Medieval', 'Magic', 'Gothic', 'Soundtrack', 'Arcade', 'Sequel', 'Action', 'RPG', 'Demons', 'Hack and Slash', 'Loot', 'FMV', 'Ninja']",2024-06-17 17:12:30,False,2024–25,,1029,False,14.99,,,,,$10–14.99,не указано
2704790,Block Control,0,True,False,False,False,1702376988,2,100,['Namiya'],['CoDDakZZi'],"['Casual', 'Arcade', 'Puzzle', '2D Platformer', '2D', 'Colorful', 'Cute', 'Pixel Graphics', 'Funny', 'Indie', 'Relaxing', 'Local Co-Op', 'Singleplayer']",2023-12-12 10:29:48,False,2022–23,,1039,False,1.99,,,,,до $5,не указано
2704860,Run Tekila Run!,0,True,False,False,False,1705060957,10,90,['Tonguç Bodur'],['Tonguç Bodur'],"['Action-Adventure', 'Funny', 'Zombies', 'Local Co-Op', 'Isometric', 'Co-op Campaign', 'Horror', 'Action', 'Comedy', 'Dogs', 'Fantasy', 'Linear', 'Magic', 'Nature', 'Co-op', 'Local Multiplayer', 'Multiplayer', 'Singleplayer', 'Indie', 'Gore']",2024-01-12 12:02:37,False,2024–25,,1391,False,5.99,,,,,$5–9.99,не указано
2706230,Purgatory Salvation,0,True,False,True,False,1705427972,0,0,['infiniplaygames'],['infiniplaygames'],"['Horror', 'Psychological Horror', 'Adventure', 'Surreal', 'Multiplayer', 'Mystery', 'Action-Adventure', '3D', 'First-Person', 'Third Person', 'Indie', 'Quick-Time Events', 'Early Access', 'Casual', 'Action', 'Co-op', 'Online Co-Op', '3D Platformer', 'Hidden Object']",2024-01-16 17:59:32,False,2024–25,,1936,False,6.99,,,,,$5–9.99,не указано
2708450,Oh Deer,0,True,False,False,False,1719507336,2128,84,['Cozy Cabin Studios'],['Cozy Cabin Studios'],"['Multiplayer', 'Funny', 'Horror', 'Stealth', 'Social Deduction', 'Co-op', 'Archery', 'Comedy', 'Action', 'PvP', 'Satire', 'Detective', 'Third Person', 'Online Co-Op', 'First-Person', 'Colorful', '3D', 'Survival', 'Casual', 'Nature']",2024-06-27 16:55:36,False,2024–25,5.0,1048,False,9.99,34.5,3.0,,,$5–9.99,5–8
2708790,Together After Dark,0,True,False,False,False,1737334099,408,53,['RedForge'],['RedForge'],"['Exploration', 'Perma Death', 'Horror', 'PvE', 'Walking Simulator', 'First-Person', 'Psychological Horror', 'Action', 'Casual', 'Realistic', 'Atmospheric', 'Psychological', 'Multiplayer', 'Survival', 'Co-op', 'Survival Horror', 'Adventure', 'Dark', 'Online Co-Op', 'Singleplayer']",2025-01-20 00:48:19,False,2024–25,4.0,1324,False,2.99,45.9,1.2,,,до $5,3–4
2709600,SynthwaveZ,0,True,False,False,False,1710863081,11,81,['Shadow Games'],['Shadow Games'],"['Multiplayer', 'FPS', 'Zombies', 'Online Co-Op', 'PvE', 'Arcade', 'Action', 'Survival', 'First-Person', 'Horror', ""Shoot 'Em Up"", 'Shooter', 'Dystopian ', 'Combat', 'Co-op', 'Exploration', 'Violent', 'Gore', 'Singleplayer']",2024-03-19 15:44:41,False,2024–25,4.0,3954,True,9.99,,,,,$5–9.99,3–4
2710790,Battle of Fate,0,True,False,True,False,1702864445,0,0,['SG Entertech'],['SG Entertech'],"['Action', 'Adventure', 'Casual', 'Action-Adventure', 'Card Game', 'Shooter', 'Arena Shooter', 'FPS', '3D', 'Colorful', 'First-Person', 'Realistic', 'VR', 'Fantasy', '6DOF', 'Combat', 'PvE', 'Story Rich', 'Team-Based', 'Co-op']",2023-12-18 01:54:05,False,2022–23,,1583,False,2.99,,,,,до $5,не указано
2711740,Knowledge Domination,0,True,False,False,False,1735898591,19,78,['Frosy Studio'],['Frosy Games'],"['Turn-Based Tactics', '3D Platformer', 'Puzzle Platformer', 'Real Time Tactics', 'Puzzle', 'Multiplayer', 'Education', 'PvP', 'Tutorial', 'Turn-Based Strategy', 'Strategy', 'Tabletop', 'Grand Strategy', '2.5D', 'Online Co-Op', '3D', 'Casual', 'Multiple Endings', 'Massively Multiplayer', 'Colorful']",2025-01-03 10:03:11,False,2024–25,,2470,False,0.99,,,,,до $5,не указано
2713300,Streets of Fear,0,True,False,False,False,1750922556,5,100,['Willoughby Games'],['Willoughby Games'],"['Action', 'Funny', 'Pixel Graphics', 'Stylized', 'Gothic', 'Crime', 'Retro', 'Satire', 'Singleplayer', ""Beat 'em up"", 'Side Scroller', '2D', 'Destruction', 'Old School', 'Combat', 'Linear', 'PvE', 'Local Co-Op', 'Multiplayer', 'Soundtrack']",2025-06-26 07:22:36,False,2024–25,,420,False,0.99,,,,,до $5,не указано
2713750,Table Tennis Toon!,0,True,False,False,False,1706521053,16,93,['Per Aspera'],['Per Aspera'],"['Sports', 'Arcade', 'Split Screen', 'eSports', 'Tennis', 'Third Person', '3D', 'PvP', 'Local Multiplayer', 'Cartoon', 'Controller', 'Physics', 'PvE', 'Singleplayer', 'Multiplayer', 'Indie', 'Co-op', 'Early Access', 'Casual']",2024-01-29 09:37:33,False,2024–25,,1503,False,1.99,,,,,до $5,не указано
2714330,French Fries Pusher Friends,0,True,False,False,False,1705027885,38,42,['STP WORKS'],['STP WORKS'],"['Time Management', 'Bullet Hell', 'Roguelite', 'Puzzle', 'Robots', 'PvE', 'Physics', 'Shooter', 'Roguelike', '3D', 'Third Person', 'Cooking', 'Casual', 'Simulation', 'Controller', 'Realistic', 'Sci-fi', 'Score Attack', 'Futuristic', 'Online Co-Op']",2024-01-12 02:51:25,False,2024–25,4.0,1304,False,3.99,,,,,до $5,3–4
2716520,CRASH TEST IDIOTS 2 (MULTIPLAYER),0,True,False,False,False,1702542494,21,61,['Archor Games'],['Archor Wright'],"['Racing', 'Automobile Sim', 'Combat Racing', '3D', 'Vehicular Combat', 'Co-op', 'Online Co-Op', 'Multiplayer', 'Singleplayer']",2023-12-14 08:28:14,False,2022–23,,2423,False,0.99,,,,,до $5,не указано
2718150,NightFeed,0,True,False,False,False,1712042032,29,75,['WRF Studios'],['WRF Studios'],"['Casual', 'Action Roguelike', 'Action RPG', 'Bullet Hell', '3D', 'Action', 'Dark', 'Horror', 'Survival', 'Controller', 'Open World', 'Co-op', 'Multiplayer', 'Online Co-Op', 'Singleplayer']",2024-04-02 07:13:52,False,2024–25,4.0,2788,False,8.99,,,,,$5–9.99,3–4
2718210,The Skirmish,0,True,False,False,False,1704485093,2,0,['SkirmishGame'],['SkirmishGame'],"['Third-Person Shooter', 'Action', 'Shooter', 'Cinematic', 'Realistic', 'Third Person', 'Arena Shooter', '3D', 'PvP', 'PvE', 'Team-Based', 'Massively Multiplayer', 'Indie', 'Score Attack', 'Multiplayer', 'Singleplayer', 'Co-op', 'Online Co-Op']",2024-01-05 20:04:53,False,2024–25,,587,False,4.99,,,,,до $5,не указано
2720340,Cole Dingo's Vtuber Blackjack,0,True,False,False,False,1711683211,4,75,['Liberty Punk'],['Liberty Punk'],"['Capitalism', 'Economy', 'Survival', 'PvE', 'PvP', 'Video Production', 'Card Game', 'Tabletop', '2D', 'Cute', 'Casual', 'Split Screen', 'Simulation', 'Gambling', 'Anime', 'Colorful', 'Stylized', 'Dogs', 'Co-op', 'Multiplayer']",2024-03-29 03:33:31,False,2024–25,,1384,False,3.0,,,,,до $5,не указано
2720670,Rainbow Fighter,0,True,False,False,False,1730995311,0,0,['MGameBox'],['MGameBox'],"['Action', 'Adventure', 'Shooter', '2.5D', '3D', 'Cartoony', 'Space', 'Retro', 'Futuristic', 'Sci-fi', 'Indie', 'Flight', 'Combat', 'Procedural Generation', 'Local Co-Op', 'Bullet Hell']",2024-11-07 16:01:51,False,2024–25,2.0,876,False,2.99,,,,,до $5,2
2722360,Escape Memoirs: Safe House,0,True,False,False,False,1721414829,279,89,['0 Deer Soft'],['0 Deer Soft'],"['Escape Room', 'Co-op', 'Multiplayer', 'Logic', 'Investigation', 'Online Co-Op', 'Realistic', 'Puzzle', 'Hidden Object', 'Exploration', '3D', 'Adventure', 'Singleplayer', 'Mystery', 'Casual', 'Detective', 'First-Person', 'Relaxing', 'Atmospheric', 'Linear']",2024-07-19 18:47:09,False,2024–25,5.0,1307,False,9.99,47.7,6.55,,,$5–9.99,5–8
2726450,Windowkill,0,True,False,False,False,1708718374,3399,95,['torcado'],['torcado'],"['Action', 'Indie', 'Action Roguelike', 'Bullet Hell', 'Arcade', '2D', 'Twin Stick Shooter', 'Experimental', 'Minimalist', 'Moddable', 'Perma Death', 'Singleplayer', 'Score Attack', 'Roguelite', 'Co-op', 'Local Co-Op', 'Controller', 'Multiplayer', 'Local Multiplayer', 'Gun Customization']",2024-02-23 19:59:34,False,2024–25,,796,False,4.99,54.7,8.149999999999999,,,до $5,не указано
2726920,Scissor Girl's Weed Crisis,0,True,False,False,False,1721809988,0,0,['雪花yyy'],['雪花yyy'],"['Action', 'Adventure', 'Action-Adventure', '2D', 'Singleplayer', 'Co-op', 'Multiplayer', 'Local Co-Op', 'Indie', 'Local Multiplayer']",2024-07-24 08:33:08,False,2024–25,2.0,1393,True,4.99,,,,,до $5,2
2728250,The Backrooms: Descent,0,True,False,True,False,1715490936,29,65,['Steven Palo'],['Steven Palo'],"['Horror', 'Adventure', 'Co-op', 'First-Person', 'Action', 'Psychological Horror', 'Casual', 'Singleplayer', 'Online Co-Op', 'Immersive', 'Early Access', 'Indie']",2024-05-12 05:15:36,False,2024–25,4.0,1022,False,7.99,,,,,$5–9.99,3–4
2729420,RUMBLE DRAGON,0,True,False,False,False,1709549792,5,80,['Henteko Doujin'],['RETSUZAN'],"['Action', ""Beat 'em up"", 'Pixel Graphics', 'Action-Adventure', 'Arcade', 'Local Co-Op', 'Side Scroller', 'Old School', '2.5D', '2D', '1980s', 'Casual', 'Martial Arts', 'Retro', 'Controller', 'Co-op', 'Singleplayer']",2024-03-04 10:56:32,False,2024–25,2.0,1338,False,5.99,,,,,$5–9.99,2
2729600,Rainbow Cotton,0,True,False,False,False,1715205827,20,50,['ININ'],['KRITZELKRATZ 3000'],"['Action', 'Casual', 'Shooter', 'On-Rails Shooter', ""Shoot 'Em Up"", '3D', 'Anime', 'Cartoony', 'Colorful', 'Cute', 'Fantasy', 'Funny', 'Magic', 'Old School', 'Controller', 'Female Protagonist', 'PvE', 'Score Attack', 'Local Co-Op', 'Multiplayer']",2024-05-08 22:03:47,False,2024–25,,1790,False,19.99,,,,,$15–19.99,не указано
2731760,The Krampus,0,True,False,True,False,1707417761,13,38,['Horrid Vision LLC'],['Horrid Vision LLC'],"['Multiplayer', 'Online Co-Op', 'Co-op', 'PvE', 'Horror', 'Survival Horror', 'Realistic', 'Exploration', 'Snow', 'PvP', 'Co-op Campaign', 'Action-Adventure', 'Third Person', 'Action', 'Historical', 'Adventure', 'Controller', 'Stealth', '3D', 'Dark']",2024-02-08 18:42:41,False,2024–25,,1994,False,9.99,,,,,$5–9.99,не указано
2733070,Heroes of Mount Dragon,0,True,False,False,False,1750865378,27,66,['indie.io'],['RuniQ'],"[""Beat 'em up"", 'Side Scroller', 'Co-op Campaign', 'Combat', 'Online Co-Op', 'PvP', 'Co-op', '4 Player Local', 'Local Co-Op', 'Arcade', 'Indie', 'Colorful', 'Hand-drawn', 'Comic Book', 'Dragons', 'Action', 'Stylized', 'Family Friendly', 'Fantasy', 'Adventure']",2025-06-25 15:29:38,False,2024–25,4.0,2913,False,19.99,,,,,$15–19.99,3–4
2735150,Tome Supreme,0,True,False,False,False,1706818946,0,0,['Plug & Boom'],['Plug &amp; Boom'],"['Action', 'Casual', 'Roguelike', 'Action Roguelike', '3D', 'Stylized', 'Fantasy', 'Magic', 'Procedural Generation', 'PvE', 'Indie', 'Perma Death', 'Local Co-Op', 'Multiplayer', 'Singleplayer']",2024-02-01 20:22:26,False,2024–25,,487,False,11.99,,,,,$10–14.99,не указано
2735260,Pirates vs Ninjas,0,True,False,False,False,1703684483,3,66,['Archor Games'],['Archor Wright'],"['Adventure', '3D Fighter', 'Third-Person Shooter', '3D', 'Pirates', 'PvP', 'Co-op', 'Multiplayer', 'Indie', 'Online Co-Op', 'Singleplayer']",2023-12-27 13:41:23,False,2022–23,,1595,False,0.99,,,,,до $5,не указано
2736490,Mob Control,0,True,False,False,False,1716205436,107,64,"['QubicGames', 'Gamersky Games']",['VOODOO'],"['Casual', 'Action', 'Tactical', 'Local Co-Op', 'Singleplayer', 'Cartoony', 'Combat', 'Colorful', 'Team-Based', '3D', 'PvE', 'War']",2024-05-20 11:43:56,False,2024–25,,1701,False,4.99,40.5,3.6,,,до $5,не указано
2736950,Willy's Wonderland - The Game,0,True,False,False,False,1718292287,51,49,['QUByte Interactive'],"['QUByte Interactive', 'Mito Games']","['Action', 'Co-op', 'Local Co-Op', 'Multiplayer', 'Singleplayer', 'Local Multiplayer', '3D', 'Adventure', 'Arcade', ""Beat 'em up"", 'Cartoon', 'Comedy', 'Comic Book', 'Side Scroller']",2024-06-13 15:24:47,False,2024–25,,1173,False,4.99,,,,,до $5,не указано
2737430,Exotic Fighter,0,True,False,False,False,1706800935,0,0,['Eric Hodges'],"['Eric Hodges', 'External Revenue llc']","['Action', '3D Fighter', 'Combat', 'Controller', 'PvP', 'Local Co-Op', 'Online Co-Op', 'Adventure', 'Singleplayer']",2024-02-01 15:22:15,False,2024–25,,351,False,24.99,,,,,$20+,не указано
2738110,Vengeance Hunters,0,True,False,False,False,1730093005,64,84,['Nalua Studio SLU'],['Nalua Studio SLU'],"['Action', ""Beat 'em up"", 'Pixel Graphics', 'Post-apocalyptic', 'Retro', 'Combat', 'Indie', 'Local Co-Op', 'Multiplayer', 'Arcade', 'Adventure', '2D Fighter', 'Side Scroller', '2D', 'Cartoon', 'Colorful', 'Cartoony', 'Hand-drawn', 'Atmospheric', 'Robots']",2024-10-28 05:23:25,False,2024–25,,2817,False,19.99,,,,,$15–19.99,не указано
2738680,Bass Invaders,0,True,False,False,False,1711382143,6,100,['Subtle Blend Software'],['Subtle Blend Software'],"['Rhythm', 'Music', 'Music-Based Procedural Generation', 'Procedural Generation', 'Singleplayer', 'Co-op', 'Local Co-Op', 'Co-op Campaign', 'Tutorial', 'Shooter', 'Score Attack', 'Split Screen', 'Arcade', '3D', 'Controller', ""Shoot 'Em Up"", 'Side Scroller', 'Action', 'Sci-fi', 'Space']",2024-03-25 15:55:43,False,2024–25,2.0,1437,True,14.99,,,,,$10–14.99,2
2738910,Horde Survivor,0,True,False,False,False,1735968551,3,0,['OneCodeStudios'],['OneCodeStudios'],"['Action', 'Action Roguelike', 'Bullet Hell', 'Roguelite', '2D', 'Dark Fantasy', 'Sci-fi', 'Survival', 'Choices Matter', 'PvE', 'Singleplayer', '1980s', 'Casual', 'Arena Shooter', 'Indie', 'RPG', 'Pixel Graphics', 'Retro', 'Co-op', 'Multiplayer']",2025-01-04 05:29:11,False,2024–25,4.0,2079,False,3.99,,,,,до $5,3–4
2739900,They Can Fart,0,True,False,False,False,1718723358,22,100,['Les Crafteurs'],['Les Crafteurs'],"['PvP', 'Multiplayer', 'Spectacle fighter', 'Combat Racing', '2D Platformer', 'Exploration', '2D Fighter', 'Platformer', 'Hand-drawn', 'eSports', '2D', 'Cute', 'Online Co-Op', 'Team-Based', 'Funny', 'Action', 'Score Attack', 'Minimalist', 'Cartoony', 'Colorful']",2024-06-18 15:09:18,False,2024–25,6.0,815,False,3.99,,,,,до $5,5–8
2740030,RAGMONTON ENDLESS for save indie game,0,True,False,False,False,1741019447,1,0,['Sinned Games'],['Sinned Games'],"['Action', 'Action Roguelike', 'Roguelike', 'Shooter', 'Bullet Hell', 'Roguelite', '2D', 'Aliens', 'Retro', 'Sci-fi', 'Survival', 'Controller', 'Physics', 'Procedural Generation', 'Score Attack', 'Multiplayer', 'Singleplayer', '4 Player Local', 'Co-op', 'Perma Death']",2025-03-03 16:30:47,False,2024–25,4.0,667,False,3.99,,,,,до $5,3–4
2747720,Russian Roulette: Online,0,True,False,False,False,1727451406,25,56,['Hype Games'],['Hype Games'],"['Shooter', 'Multiplayer', 'Choices Matter', '3D', 'Arena Shooter', 'FPS', 'First-Person', 'Realistic', 'Atmospheric', 'Survival', 'Combat', 'Character Customization', 'Singleplayer', 'Co-op', 'PvP', 'RPG', 'Simulation', 'Action', ""Shoot 'Em Up"", 'Online Co-Op']",2024-09-27 15:36:46,False,2024–25,15.0,1638,False,4.99,,,,,до $5,9+
2748490,Redlight,0,True,False,False,False,1719594487,6,66,['Luke Matheson'],['Luke Matheson'],"['Horror', 'Realistic', 'Atmospheric', 'Exploration', 'Psychological Horror', 'Dungeon Crawler', 'Procedural Generation', 'Action-Adventure', 'Character Customization', '3D', 'Adventure', 'First-Person', 'Action', 'Stealth', 'Thriller', 'Cinematic', 'Dark', 'Singleplayer', 'Multiplayer', 'Online Co-Op']",2024-06-28 17:08:07,False,2024–25,4.0,3775,False,0.99,,,,,до $5,3–4
2748720,Year3055,0,True,False,False,False,1707397465,0,0,['KevMinGaming'],['KevMinGaming'],"['3D Platformer', ""Shoot 'Em Up"", 'Third-Person Shooter', 'Shooter', 'Action-Adventure', 'Action', '3D', 'Third Person', 'Military', 'Sci-fi', 'Adventure', 'Robots', 'Artificial Intelligence', 'Futuristic', 'Combat', 'Singleplayer', 'Indie', 'Violent', 'Arcade', 'Online Co-Op']",2024-02-08 13:04:25,False,2024–25,,1011,False,11.99,,,,,$10–14.99,не указано
2751060,Flora & Fang: Guardians of the vampire garden,0,True,False,False,False,1747862622,7,100,['Bortbyting AB'],['Magnus Fredriksson'],"['Arcade', 'Family Friendly', 'Local Co-Op', 'Local Multiplayer', 'Action', 'Cute', 'Character Action Game', 'Colorful', '2D', '1980s', 'Pixel Graphics', 'Retro', 'Vampires', 'Score Attack', '2D Platformer', 'Old School', 'Funny', 'Controller', 'Platformer', 'Gothic']",2025-05-21 21:23:42,False,2024–25,2.0,1277,False,8.99,,,,,$5–9.99,2
2752710,WHAT THE PAK?!,0,True,False,True,False,1733504665,51,72,['OYA Play'],"['Wendigo Games', 'Broken Lyre Entertainment']","['Early Access', 'Casual', 'Co-op', 'Multiplayer', 'Online Co-Op', 'Action', 'Family Friendly', 'Combat', 'Funny', 'Parkour', 'Party Game', 'Minigames', 'Party', 'Cute', 'PvP', 'Platformer', '3D', 'Comedy', 'Controller', 'Physics']",2024-12-06 17:04:25,False,2024–25,8.0,1796,False,5.99,,,,,$5–9.99,5–8
2753330,Hardcore Cottagecore,0,True,False,False,False,1708116033,26,96,['fufroom'],['fufroom'],"['Action Roguelike', 'Bullet Hell', 'Top-Down Shooter', 'Roguelite', '2.5D', '3D', 'Cute', 'Action', 'Funny', 'Controller', 'Cartoony', 'Colorful', 'Capitalism', 'Family Friendly', 'Nature', 'Robots', 'Survival', 'Co-op', 'Local Co-Op', 'Local Multiplayer']",2024-02-16 20:40:33,False,2024–25,2.0,1009,False,4.99,,,,,до $5,2
2753430,Bone and Arrow,0,True,False,True,False,1711633858,1,100,['Skew Back Studios'],['Skew Back Studios'],"['Action', 'VR', 'Adventure', 'Archery', 'Arena Shooter', 'Fantasy', 'Action-Adventure', 'Multiplayer', 'Character Customization', 'PvP', 'PvE', 'Online Co-Op', 'Tower Defense', 'Magic', 'Shooter', 'Medieval', 'Simulation', 'Combat', 'Physics', 'FPS']",2024-03-28 13:50:58,False,2024–25,8.0,1749,False,14.99,,,,,$10–14.99,5–8
2756570,Time Warp Infinite,0,True,False,False,False,1708706399,13,92,['Zoglu'],['Zoglu'],"['4 Player Local', 'Quick-Time Events', '2D Platformer', 'Local Multiplayer', 'Psychedelic', 'Runner', 'Stylized', 'Score Attack', 'Time Manipulation', 'Team-Based', 'Precision Platformer', 'PvP', 'Arcade', 'Colorful', 'Parkour', 'Controller', 'Platformer', 'Local Co-Op', 'Retro', 'Casual']",2024-02-23 16:39:59,False,2024–25,4.0,2794,False,9.99,,,,,$5–9.99,3–4
2757220,SCP: Descent,0,True,False,False,False,1710970224,105,56,['Pixel Drip Games'],['Pixel Drip Games'],"['Horror', 'Puzzle', 'Lovecraftian', '1980s', 'Atmospheric', '3D', 'Action', 'First-Person', 'Realistic', 'Conspiracy', 'Dark', 'Indie', 'Surreal', 'Multiplayer', 'Singleplayer', 'Controller', 'Stealth', 'Co-op']",2024-03-20 21:30:24,False,2024–25,,1308,True,6.99,67.0,2.2,,,$5–9.99,не указано
2757660,Dooblets,0,True,False,False,False,1716230254,14,92,['Team Rombo'],['Rombo'],"['Adventure', 'Co-op Campaign', 'Casual', 'Online Co-Op', '2D Platformer', 'Puzzle Platformer', 'Character Customization', 'Pixel Graphics', 'Co-op', 'Platformer', 'Indie', 'Puzzle', '2D', 'Funny', 'Relaxing']",2024-05-20 18:37:34,False,2024–25,4.0,959,False,2.99,,,,,до $5,3–4
2758570,To The Death,0,True,False,True,False,1708645726,4,100,['Rob Ager'],['Rob Ager'],"['Top-Down Shooter', 'Arena Shooter', 'Singleplayer', 'Local Multiplayer', 'Local Co-Op', '4 Player Local', 'Arcade', 'Physics', '3D', 'Casual', 'PvP', 'Action', 'Shooter', 'Twin Stick Shooter', 'Controller', 'Futuristic', 'Robots', 'Sci-fi', 'Combat', 'Tactical']",2024-02-22 23:48:46,False,2024–25,4.0,2295,False,11.99,,,,,$10–14.99,3–4
2758730,Manda Duo,0,True,False,False,False,1730804274,2,100,['B Level'],['GreenBox'],"['Local Co-Op', 'Retro', 'Indie', 'Cute', 'Pixel Graphics', 'Platformer', 'Procedural Generation', 'Local Multiplayer', 'Quick-Time Events', 'Precision Platformer', 'Action', 'FPS', 'Perma Death', 'Shooter', 'Runner', '2D', 'Co-op', 'Casual', '2D Platformer', 'Multiplayer']",2024-11-05 10:57:54,False,2024–25,2.0,1297,False,1.99,,,,,до $5,2
2758810,PSI Masquerade Deadly Wonderland,0,True,False,False,False,1757429993,2,0,['Mururunsoft'],['Mururunsoft'],"['Action Roguelike', 'PvE', 'PvP', 'Battle Royale', '2D Fighter', '2D', 'Controller', 'Action', 'Story Rich', 'Procedural Generation', 'Dark Fantasy', 'Survival', 'Crafting', 'Survival Horror', 'Online Co-Op', 'Singleplayer', 'Multiplayer', 'Indie']",2025-09-09 14:59:53,False,2024–25,6.0,1648,False,10.99,,,,,$10–14.99,5–8
2759240,Rubber Hose Rampage,0,True,False,False,False,1715209070,115,53,['Revie Studios'],['Revie Studios'],"['Action', '2D Fighter', 'Shooter', 'Bullet Hell', 'Psychological Horror', 'FPS', '2D', 'Cartoon', 'Sexual Content', 'Hentai', 'Hand-drawn', 'Comedy', 'Stylized', 'Funny', 'Indie', 'Casual', 'Combat', 'Controller', 'Local Co-Op', 'Singleplayer']",2024-05-08 22:57:50,False,2024–25,,813,False,9.99,47.2,5.0,,,$5–9.99,не указано
2761050,Meta Visual Art,0,True,False,True,False,1706251440,0,0,['Neome Games'],['Neome Games'],"['Casual', 'Design & Illustration', 'Exploration', '3D', 'Colorful', 'Abstract', 'Stylized', 'VR', 'Atmospheric', 'Sci-fi', 'Supernatural', 'Fantasy', 'Thriller', 'Surreal', 'Linear', 'Singleplayer', 'Multiplayer', 'Co-op', 'Online Co-Op', 'Indie']",2024-01-26 06:44:00,False,2024–25,,1371,False,0.99,,,,,до $5,не указано
2761350,Golf Gambit,0,True,False,True,False,1744914112,28,85,['Tiny Dragon'],['KB Entertainment'],"['Casual', 'Action', 'Sports', 'Colorful', 'Stylized', 'Golf', 'Funny', 'Mini Golf', 'Memes', 'Relaxing', 'PvP', 'Physics', 'Multiplayer', 'Strategy', 'Singleplayer', 'Co-op', 'Early Access', 'Indie', 'Party Game']",2025-04-17 18:21:52,False,2024–25,8.0,1619,False,9.99,,,,,$5–9.99,5–8
2761960,Golf Tour,0,True,False,False,False,1722531920,30,73,['Cocodog Games'],['Cocodog Games'],"['Co-op', 'Mini Golf', 'Golf', 'Multiplayer', 'Precision Platformer', 'Sports', 'PvP', 'Physics', 'Indie', 'Arcade', 'Third Person', 'Local Co-Op', 'Online Co-Op', '3D Platformer', '3D', 'Local Multiplayer', 'Controller', 'Casual', 'Singleplayer', 'Simulation']",2024-08-01 17:05:20,False,2024–25,6.0,844,True,1.99,,,,,до $5,5–8
2763000,Rescue: The Beagles,0,True,False,False,False,1710457284,14,100,['Nenad Jalsovec / Whining Girl'],['Nenad Jalsovec'],"['Action', '2D Platformer', 'Runner', 'Side Scroller', '2D', 'Cartoony', 'Colorful', 'Cute', '1980s', 'Dogs', 'Old School', 'Retro', 'Female Protagonist', 'Score Attack', 'Local Co-Op', 'Local Multiplayer', 'Singleplayer', 'Multiplayer', 'Procedural Generation', 'Indie']",2024-03-14 23:01:24,False,2024–25,2.0,2791,False,9.99,,,,,$5–9.99,2
2764050,Envious,0,True,False,False,False,1736312199,13,53,['Septembird'],['Septembird'],"['Puzzle', 'Horror', 'Psychological Horror', 'Singleplayer', 'Online Co-Op', 'Co-op', 'Mystery', 'Atmospheric', '3D', 'Story Rich', 'Hidden Object', 'Exploration', 'Multiple Endings', 'Dark', 'Detective', 'Investigation', 'First-Person', 'Action-Adventure', 'Action', 'Adventure']",2025-01-08 04:56:39,False,2024–25,,2478,False,1.99,,,,,до $5,не указано
2764750,The Other Side,0,True,False,True,False,1741370542,1191,93,['Vectora Games'],['Vectora Games'],"['Action', 'Action-Adventure', 'Horror', 'FPS', '3D', 'First-Person', 'Dark', 'Realistic', 'Demons', 'Psychological Horror', 'Co-op', 'Multiplayer', 'Character Customization', 'Early Access', 'Singleplayer', 'Mystery', 'Online Co-Op', 'Detective', 'Indie', 'Adventure']",2025-03-07 18:02:22,False,2024–25,6.0,2949,True,13.99,69.5,17.5,,,$10–14.99,5–8
2765250,Avoo,0,True,False,False,False,1710339765,0,0,['Iseltec'],['Iseltec'],"['Trivia', 'Education', '4 Player Local', 'Casual', 'Local Co-Op', '3D', 'Nature', 'Controller', 'Linear', 'Team-Based', 'Stylized', 'Atmospheric', 'PvP', 'Singleplayer']",2024-03-13 14:22:45,False,2024–25,4.0,668,False,9.99,,,,,$5–9.99,3–4
2767220,Wizard War Online,0,True,False,False,False,1707071796,2,100,['HYPERMECH'],['Kâzım KINCI'],"['Tactical RPG', 'Singleplayer', 'Multiplayer', 'Online Co-Op', 'PvP', 'PvE', 'Flight', 'Real Time Tactics', 'Party-Based RPG', 'Strategy RPG', 'Sports', 'Racing', 'RPG', 'Strategy', '3D', 'Third Person', 'Dialogue Heavy', 'Fantasy', 'Co-op', 'Magic']",2024-02-04 18:36:36,False,2024–25,,1768,False,4.99,,,,,до $5,не указано
2769390,Wizard Realm,0,True,False,False,False,1725285944,1,100,['Natron Games'],['Natron Games'],"['Action Roguelike', 'Online Co-Op', 'Character Customization', 'Fantasy', 'Indie', 'Action', '3D', 'PvE', 'Top-Down', 'Surreal', 'Linear', 'Choices Matter', 'Combat', 'Singleplayer', 'Casual', 'RPG']",2024-09-02 14:05:44,False,2024–25,,2866,False,0.99,,,,,до $5,не указано
2773430,Sip'it,0,True,False,False,False,1741940017,0,0,['Shawn Kollbach'],['Shawn Kollbach'],"['Casual', 'Party Game', 'Party', 'Tabletop', 'Indie', 'Split Screen', 'Funny', 'Local Co-Op', 'Local Multiplayer', 'PvP', 'Co-op', 'Multiplayer', 'Board Game']",2025-03-14 08:13:37,False,2024–25,,1206,False,4.99,,,,,до $5,не указано
2774380,Hospital 666,0,True,False,False,False,1709633456,1204,71,['Lokin'],['Lokin'],"['Horror', 'Online Co-Op', 'Psychological Horror', 'Multiplayer', 'Realistic', 'Walking Simulator', 'Multiple Endings', 'Thriller', 'Supernatural', 'Adventure', 'PvE', 'Immersive Sim', 'Exploration', 'Indie', 'Mystery', 'Singleplayer', '3D', 'Action-Adventure', 'First-Person', 'Co-op']",2024-03-05 10:10:56,False,2024–25,4.0,1657,False,7.99,36.9,4.05,,,$5–9.99,3–4
2779010,War Job,0,True,False,False,False,1731074455,5,80,['Stupid games'],['Stupid games'],"['Funny', 'Multiplayer', 'Cute', 'Party', 'Casual', 'Action', 'Co-op', 'Physics', 'PvP', 'Battle Royale', 'Comedy', 'Singleplayer', 'Massively Multiplayer', 'Indie', 'Roguelike', '3D Fighter', 'Family Friendly', 'Team-Based', 'Action RTS', 'Memes']",2024-11-08 14:00:55,False,2024–25,10.0,1970,False,4.99,,,,,до $5,9+
2780470,Bunker Invaders,0,True,False,True,False,1730854694,103,82,['Kelecik'],['Kelecik'],"['Online Co-Op', 'Horror', 'First-Person', 'Survival Horror', 'Co-op', 'PvE', 'Exploration', 'Action', 'Action-Adventure', 'Dungeon Crawler', 'Time Management', 'Aliens', 'Funny', 'Atmospheric', 'Psychological Horror', 'Strategy', 'Simulation', 'Indie', 'Casual', 'Early Access']",2024-11-06 00:58:14,False,2024–25,6.0,848,False,6.99,24.0,2.2,,,$5–9.99,5–8
2781730,Tank Tyranny,0,True,False,False,False,1709341593,3,100,['Ryan Pace'],['Ryan Pace'],"['Arena Shooter', 'PvE', 'PvP', 'Local Multiplayer', 'Character Customization', 'Arcade', '2.5D', 'Tanks', 'Controller', 'Action', 'Team-Based', 'Casual', 'Cartoony', 'Stylized', 'Colorful', 'Family Friendly', 'Physics', 'Combat', 'Co-op', 'Local Co-Op']",2024-03-02 01:06:33,False,2024–25,7.0,1115,False,1.99,,,,,до $5,5–8
2786360,LOLI RACING,0,True,False,False,False,1709179223,16,93,['alex94i60'],['戴永翔(Dai Yong Xiang)'],"['Racing', 'JRPG', 'Combat Racing', 'Anime', 'PvP', 'PvE', 'Co-op', 'Indie', 'Singleplayer', 'Casual', 'Multiplayer', 'RPG', 'Online Co-Op']",2024-02-29 04:00:23,False,2024–25,,1138,False,1.99,,,,,до $5,не указано
2787320,Revenge of the Savage Planet,0,True,False,False,False,1746727200,2855,86,['Raccoon Logic Studios Inc.'],['Raccoon Logic Studios Inc.'],"['Co-op', 'Adventure', 'Split Screen', 'Online Co-Op', 'Action', 'Third Person', 'Platformer', 'Sci-fi', 'Space', 'Exploration', 'Multiplayer', 'Metroidvania', 'Action-Adventure', 'Comedy', 'Open World', 'Colorful', 'Survival', 'Singleplayer', 'Puzzle', 'Co-op Campaign']",2025-05-08 18:00:00,False,2024–25,,2030,True,29.99,50.0,18.549999999999997,,,$20+,не указано
2787610,Skyward Extraction,0,True,False,False,False,1748621798,53,83,['Naughty Clogs'],['Naughty Clogs'],"['Action Roguelike', 'Horror', 'Dungeon Crawler', 'Online Co-Op', 'First-Person', 'PvE', 'Action RPG', 'Roguelike', 'Procedural Generation', 'Action', 'Fantasy', 'Loot', 'Survival', 'Adventure', 'Co-op', 'Multiplayer', 'Singleplayer', 'Extraction Shooter', 'Indie', 'Early Access']",2025-05-30 16:16:38,False,2024–25,,2118,False,9.99,,,,,$5–9.99,не указано
2787700,Kemono Heroes,0,True,False,False,False,1743091495,25,100,['JanduSoft'],['Mad Gear Games'],"[""Beat 'em up"", 'Multiplayer', 'Pixel Graphics', 'Local Co-Op', 'Controller', 'Action', 'Indie', 'Adventure', 'Co-op', '4 Player Local', 'Action-Adventure', 'Platformer', '2D Platformer', 'Side Scroller', '2D', 'Colorful', 'Fantasy', 'Old School', 'Singleplayer', 'Local Multiplayer']",2025-03-27 16:04:55,False,2024–25,4.0,1648,False,14.99,,,,,$10–14.99,3–4
2787750,Backrooms: Liminal Conflict,0,True,False,True,False,1737300626,10,80,['E.Mert'],['E.Mert'],"['Action', 'Adventure', 'Walking Simulator', 'FPS', '3D', 'First-Person', 'Realistic', 'Sci-fi', 'Horror', 'Psychological Horror', 'Survival Horror', 'PvP', 'Combat', 'Co-op', 'Online Co-Op', 'Multiplayer', 'Indie', 'Atmospheric', 'Shooter', 'Early Access']",2025-01-19 15:30:26,False,2024–25,,1728,False,2.99,,,,,до $5,не указано
2788460,Party Party Time 2,0,True,False,False,False,1708565451,15,80,['SAT-BOX'],['SAT-BOX'],"['Indie', 'Family Friendly', 'PvP', 'Cute', 'Multiplayer', 'Local Multiplayer', 'Local Co-Op', '4 Player Local', 'Singleplayer', 'Action', 'Casual', 'Co-op', 'Battle Royale', '3D Platformer', '3D', 'Colorful', 'Comedy', 'Funny', 'Arcade']",2024-02-22 01:30:51,False,2024–25,6.0,1067,False,4.99,,,,,до $5,5–8
2788740,Phantom Bound,0,True,False,False,False,1739800852,13,84,['Pixel Blight'],['Pixel Blight'],"['Action-Adventure', 'Adventure', 'Exploration', 'Metroidvania', 'Action', 'Puzzle', 'Family Friendly', 'Mystery', 'Atmospheric', 'Horror', 'Cozy', 'Female Protagonist', 'First-Person', 'VR', 'Stylized', 'Singleplayer', 'Combat', 'Survival Horror', 'Co-op', 'Local Co-Op']",2025-02-17 14:00:52,False,2024–25,,1472,True,10.99,,,,,$10–14.99,не указано
2790330,Blood Typers,0,True,False,False,False,1740076098,914,94,['Outer Brain Studios'],['Outer Brain Studios'],"['Survival Horror', 'Typing', 'Online Co-Op', 'Procedural Generation', 'Co-op Campaign', 'Word Game', 'Dark Humor', 'Old School', 'Horror', 'Third Person', 'Combat', 'PvE', 'Exploration', 'Adventure', 'Zombies', 'Psychological Horror', 'Atmospheric', 'Inventory Management', 'Singleplayer', 'Multiplayer']",2025-02-20 18:28:18,False,2024–25,4.0,2013,False,12.49,37.4,6.05,,,$10–14.99,3–4
2792420,Backrooms: Steps into the abyss,0,True,False,False,False,1744210688,24,58,['SUDT Games'],['SUDT Games'],"['Adventure', 'Puzzle', 'Walking Simulator', 'Exploration', 'Collectathon', 'FPS', 'First-Person', '3D', 'Atmospheric', 'Survival Horror', 'Horror', 'Zombies', 'Sci-fi', 'Psychological Horror', 'Stealth', 'PvP', 'PvE', 'Multiplayer', 'Co-op', 'Online Co-Op']",2025-04-09 14:58:08,False,2024–25,,778,False,1.99,,,,,до $5,не указано
2792500,Our Doomed Bunker,0,True,False,False,False,1752256706,5,40,['Downcast Games LLC'],['Downcast Games LLC'],"['Horror', 'Co-op', 'Action', 'Online Co-Op', 'Multiplayer', 'Puzzle', 'Exploration', 'Pixel Graphics', 'Dark', 'Atmospheric', 'Action-Adventure', 'Collectathon', 'Walking Simulator', 'Hidden Object', 'Abstract', 'FPS', '3D', 'First-Person', 'Demons', 'Investigation']",2025-07-11 17:58:26,False,2024–25,4.0,742,False,4.99,,,,,до $5,3–4
2793280,Who made this art? Human or AI,0,True,False,False,False,1708630228,0,0,['Regu Games'],['Regu Games'],"['Casual', 'Trivia', 'Online Co-Op', 'Artificial Intelligence', 'Arcade', 'Singleplayer', 'Incremental', 'Time Management', '2D', 'Logic', 'Colorful', 'Indie', 'Funny', 'Historical', 'Choices Matter', 'Co-op', 'Multiplayer']",2024-02-22 19:30:28,False,2024–25,,1027,True,0.99,,,,,до $5,не указано
2795750,Night Slashers: Remake,0,True,False,False,False,1727354886,167,61,['Forever Entertainment S. A.'],['Storm Trident S.A.'],"[""Beat 'em up"", 'Side Scroller', '2D', 'Action-Adventure', '2D Fighter', 'Combat', 'Action', 'Arcade', 'Indie', 'Remake', 'Hack and Slash', 'Post-apocalyptic', 'Adventure', 'Zombies', 'Singleplayer', 'Casual', 'Comic Book', 'Horror', 'Old School', 'Co-op']",2024-09-26 12:48:06,False,2024–25,4.0,3214,True,9.99,21.2,2.05,,,$5–9.99,3–4
2796010,Party Club,0,True,False,False,False,1742223674,159,71,"['GameDev.ist', 'Gamersky Games', 'Lucid11 Interactive']",['Lucid11 Interactive'],"['Local Co-Op', '4 Player Local', 'Cute', 'Action', 'Indie', 'Party', 'Cooking', 'Multiplayer', 'Singleplayer', 'Online Co-Op', 'Funny', 'Family Friendly', 'Casual', 'Character Customization', 'Co-op', 'Local Multiplayer', 'Time Management', 'Action-Adventure', 'Controller', 'Simulation']",2025-03-17 15:01:14,False,2024–25,5.0,1346,False,4.99,61.0,5.3,,,до $5,5–8
2796230,Bunny Guntz,0,True,False,False,False,1708050780,162,76,['SKYIDEAS'],['SKYIDEAS'],"['Nudity', 'Online Co-Op', 'Female Protagonist', 'Violent', 'Horror', 'Sexual Content', 'Gore', 'Co-op', 'Third-Person Shooter', 'Survival', 'Zombies', 'Shooter', 'Singleplayer', 'Multiplayer', 'Co-op Campaign', 'Sci-fi', 'Survival Horror', '3D', 'Action', 'Third Person']",2024-02-16 02:33:00,False,2024–25,4.0,2081,False,1.99,26.3,0.9,,,до $5,3–4
2798090,DINOS vs ROBOTS,0,True,False,False,False,1707206569,9,100,['Archor Games'],['Archor Wright'],"['Adventure', 'MMORPG', 'Looter Shooter', '3D', 'Dinosaurs', 'Robots', 'PvP', 'Co-op', 'Multiplayer', 'Online Co-Op', 'Singleplayer']",2024-02-06 08:02:49,False,2024–25,,1332,False,0.99,,,,,до $5,не указано
2798390,VaporAeon,0,True,False,False,False,1709571399,0,0,['Brindle Development'],['Autumn Griffiths'],"['Casual', '1980s', 'Stylized', 'Arcade', 'Atmospheric', 'Colorful', 'Precision Platformer', '2D Platformer', '2D', 'Sports', 'Multiplayer', 'Character Customization', 'Artificial Intelligence', 'Co-op', 'Local Co-Op', 'Local Multiplayer', 'Online Co-Op', 'Singleplayer']",2024-03-04 16:56:39,False,2024–25,,1500,False,4.99,,,,,до $5,не указано
2800510,Job Joust,0,True,False,False,False,1723053523,16,93,['Mad Mango Games'],['Mad Mango Games'],"['Local Multiplayer', 'Physics', 'Fighting', 'Funny', 'Action', 'Roguelite', '4 Player Local', 'PvP', 'Local Co-Op', 'Combat', 'Indie', 'Comedy', 'Cartoon', 'Arcade']",2024-08-07 17:58:43,False,2024–25,6.0,1103,False,9.99,,,,,$5–9.99,5–8
2800630,The Smurfs - Village Party,0,True,False,False,False,1717660796,25,76,['Microids'],['Balio Studio'],"['Exploration', 'PvP', 'Arcade', 'Party Game', 'Comic Book', 'Cute', 'Relaxing', 'Casual', 'Cartoony', 'Colorful', 'Magic', 'Family Friendly', 'Adventure', 'Cartoon', 'Co-op', 'Local Co-Op', 'Multiplayer', 'Singleplayer', '4 Player Local', 'Local Multiplayer']",2024-06-06 07:59:56,False,2024–25,,1183,False,39.99,,,,,$20+,не указано
2802820,School 666,0,True,False,False,False,1749641636,558,82,['Lokin'],['Lokin'],"['Horror', 'Online Co-Op', 'Realistic', 'Psychological Horror', 'Adventure', 'First-Person', 'Action', 'Supernatural', 'Thriller', 'Action-Adventure', 'Multiple Endings', 'Exploration', '3D', 'Mystery', 'Linear', 'Co-op', 'Singleplayer', 'Indie', 'Multiplayer']",2025-06-11 11:33:56,False,2024–25,4.0,2236,False,9.99,32.7,6.5,,,$5–9.99,3–4
2804740,Aerial_Knight's We Never Yield,0,True,False,False,False,1721141813,11,90,['Headup'],"['Aerial_Knight', 'BetaJester']","['Action', 'Adventure', 'Casual', 'Platformer', '2.5D', '3D', 'Cinematic', 'Stylized', 'Atmospheric', 'Futuristic', 'Parkour', 'Sci-fi', 'Thriller', 'Bullet Time', 'Quick-Time Events', 'Local Co-Op', 'Singleplayer', 'Difficult', 'Music', '3D Platformer']",2024-07-16 14:56:53,False,2024–25,2.0,2606,False,14.99,,,,,$10–14.99,2
2805060,Diabotical Rogue,0,True,False,True,False,1717538335,442,70,['GD Studio Inc'],['GD Studio Inc'],"['FPS', 'Action Roguelike', 'Action', 'PvP', 'Roguelite', 'Early Access', 'Shooter', 'Roguelike', '3D', 'Family Friendly', 'Multiplayer', 'Co-op', 'Online Co-Op', 'Arena Shooter']",2024-06-04 21:58:55,False,2024–25,,1831,False,19.99,6.4,7.45,,,$15–19.99,не указано
2805770,Elements Divided,0,True,False,False,False,1745427314,139,87,['Fast Travel Games'],['Loco Motion Devs'],"['Action', 'Fighting', 'VR', 'Multiplayer', 'PvP', '3D Fighter', 'Combat', 'Fantasy', 'Martial Arts', '3D', 'First-Person', 'Physics', 'Co-op', 'Online Co-Op', 'Singleplayer', 'Cartoon', 'Anime', 'Cartoony', 'Magic', 'Character Customization']",2025-04-23 16:55:14,False,2024–25,8.0,1609,False,14.99,49.6,7.25,,,$10–14.99,5–8
2808570,KunKun dream Startles the Soul,0,True,False,False,False,1719235298,429,79,['AIKUN'],['AIKUN'],"['Online Co-Op', 'Horror', 'First-Person', 'Dating Sim', 'Survival Horror', 'Psychological Horror', 'Story Rich', 'Funny', 'Multiplayer', 'Multiple Endings', 'Casual', 'Puzzle', 'Singleplayer', 'Co-op', '4 Player Local', '3D Platformer', 'Exploration', 'Adventure', 'Action', 'Strategy']",2024-06-24 13:21:38,False,2024–25,,2957,False,2.99,23.1,2.9,,,до $5,не указано
2810270,My Rusty Submarine - New Waters,0,True,False,False,False,1753372178,9,100,['Sørb'],['Sørb'],"['Casual', 'Tabletop', '2D Platformer', 'Roguelite', 'Puzzle Platformer', 'Time Management', '2D', 'Cute', 'Pixel Graphics', 'Retro', 'Submarine', 'Action', 'Adventure', 'Underwater', 'Controller', 'Resource Management', 'Team-Based', 'Co-op', 'Local Co-Op', 'Indie']",2025-07-24 15:49:38,False,2024–25,,1616,False,1.99,,,,,до $5,не указано
2811130,Eagles of World War 2,0,True,False,False,False,1731656559,15,86,['Paul Connor'],['Paul Connor'],"['Action', 'Arcade', 'Shooter', 'Bullet Hell', 'Top-Down Shooter', 'Wargame', '2D', '3D', 'Top-Down', 'Old School', 'Retro', 'War', 'Combat', 'Controller', 'Score Attack', 'Local Co-Op', 'Singleplayer', ""Shoot 'Em Up""]",2024-11-15 07:42:39,False,2024–25,,3491,True,9.99,,,,,$5–9.99,не указано
2813380,Mega Quiz Gaming,0,True,False,False,False,1709143320,28,96,['HeyNau'],['HeyNau'],"['Trivia', 'Gaming', 'Nostalgia', 'Word Game', 'Singleplayer', 'Local Co-Op', 'Co-op', 'Typing', 'Casual', 'Idler', 'Spelling', 'Collectathon', 'Indie', 'Stylized', 'Family Friendly', 'Text-Based']",2024-02-28 18:02:00,False,2024–25,,2456,False,2.99,,,,,до $5,не указано
2816390,Paintball - the puzzle game,0,True,False,False,False,1709120685,2,100,['Debuff Interactive'],['Debuff Interactive'],"['Casual', 'Puzzle', 'Local Co-Op', 'Singleplayer', 'Education', 'Logic', 'Family Friendly', 'Controller', 'Grid-Based Movement', 'Team-Based', 'Level Editor', 'Mystery Dungeon', '2D', 'Anime', 'Cartoony', 'Top-Down', 'Relaxing', 'Hex Grid', 'Co-op', 'Local Multiplayer']",2024-02-28 11:44:45,False,2024–25,3.0,1076,False,2.99,,,,,до $5,3–4
2816760,Ooka Ooka Adventure,0,True,False,False,False,1708448766,0,0,['Daemin N'],['Daemin N'],"['Local Co-Op', 'Cute', 'Co-op', 'Co-op Campaign', 'Relaxing', 'Casual', 'Pixel Graphics', 'Puzzle', 'Adventure', 'Platformer', 'Puzzle Platformer', 'Controller', '2D Platformer', 'Colorful', 'Linear', 'Logic', 'Old School', '2D', 'Indie']",2024-02-20 17:06:06,False,2024–25,2.0,1415,False,9.99,,,,,$5–9.99,2
2816870,Mighty Morphin Power Rangers: Rita's Rewind,0,True,False,False,False,1733849907,714,65,"['Digital Eclipse', 'Atari']",['Digital Eclipse'],"[""Beat 'em up"", 'Action', 'Arcade', 'Pixel Graphics', '2D', ""1990's"", 'Colorful', 'Hand-drawn', 'Retro', 'Co-op', 'Local Co-Op', 'Local Multiplayer', 'Multiplayer', 'Online Co-Op', 'Singleplayer', 'PvE', 'Linear']",2024-12-10 16:58:27,False,2024–25,,1593,False,34.99,19.7,4.35,,,$20+,не указано
2817610,Divnozemye,0,True,False,False,False,1713338158,7,85,['Fleon games'],['Fleon games'],"['Casual', 'Card Game', 'Tabletop', 'Idler', 'Card Battler', 'Trading Card Game', 'Cartoony', 'Cartoon', 'Hand-drawn', 'Stylized', 'Family Friendly', 'Magic', 'Medieval', 'Tactical', 'Fantasy', 'PvP', 'PvE', 'Multiplayer', 'Singleplayer', 'Local Co-Op']",2024-04-17 07:15:58,False,2024–25,2.0,1307,False,1.99,,,,,до $5,2
2822640,CrabbleUp,0,True,False,True,False,1733160994,1,100,['Tamás Solymos'],['Tamás Solymos'],"['Indie', 'Casual', 'Family Friendly', 'Linear', 'Hand-drawn', 'Roguelite', 'Arcade', 'Underwater', 'Controller', 'Roguelike', 'Character Customization', '2.5D', 'Isometric', 'Procedural Generation', ""1990's"", 'Retro', 'Dungeon Crawler', 'Mystery Dungeon', 'Co-op', 'Local Co-Op']",2024-12-02 17:36:34,False,2024–25,,2042,True,9.99,,,,,$5–9.99,не указано
2824020,hora,0,True,False,False,False,1756199879,6,66,['aerraflow'],['aerraflow'],"['Perma Death', 'Atmospheric', 'Horror', 'Funny', 'Action', 'Procedural Generation', 'Collectathon', 'Loot', 'Team-Based', 'First-Person', 'Adventure', 'Indie', 'Early Access', 'Online Co-Op', 'Multiplayer', 'Dark', 'Psychological Horror', 'Survival Horror', 'Co-op', 'Action-Adventure']",2025-08-26 09:17:59,False,2024–25,6.0,469,False,3.99,,,,,до $5,5–8
2824580,Terry's Other Games,0,True,False,False,False,1739463470,62,98,['Terry Cavanagh'],['Terry Cavanagh'],"['Experimental', 'Pixel Graphics', 'Platformer', 'Action', 'Adventure', 'Arcade', 'Shooter', '2D Platformer', 'Exploration', 'Indie', 'Atmospheric', 'Retro', 'Linear', 'Singleplayer', 'Local Co-Op']",2025-02-13 16:17:50,False,2024–25,2.0,1802,False,9.99,,,,,$5–9.99,2
2825560,Blazing Trail,0,True,False,False,False,1737478805,63,85,['Gamenergy studio'],['Gamenergy studio'],"[""Shoot 'Em Up"", 'Top-Down Shooter', 'Combat Racing', 'Shooter', 'Arcade', 'Action-Adventure', 'Top-Down', 'Isometric', 'Action', 'Team-Based', 'Controller', 'Pixel Graphics', 'Family Friendly', ""1990's"", 'Old School', 'Combat', 'Multiplayer', 'Singleplayer', 'Co-op', 'Local Co-Op']",2025-01-21 17:00:05,False,2024–25,,1386,False,12.99,,,,,$10–14.99,не указано
2828860,The Forever Winter,0,True,False,True,False,1727204404,21418,68,['Fun Dog Studios'],['Fun Dog Studios'],"['Extraction Shooter', 'PvE', 'Post-apocalyptic', 'Looter Shooter', 'Third-Person Shooter', 'Horror', 'Difficult', 'Dystopian ', 'Third Person', 'Shooter', 'Gun Customization', 'Sci-fi', 'Mechs', 'Character Customization', 'Choices Matter', 'Action', 'Co-op', 'Tactical', 'Team-Based', 'Stylized']",2024-09-24 19:00:04,False,2024–25,,1613,False,29.99,19.3,27.75,21686551.0,1013.0,$20+,не указано
2831320,babe-lathe,0,True,False,False,False,1733769794,11,100,['tjern'],['tjern'],"['Action', 'Grid-Based Movement', 'Combat', '3D Platformer', 'Multiplayer', 'PvP', 'Online Co-Op', 'Top-Down', 'Platformer', 'Character Customization', 'Loot', '3D', '2.5D', 'Exploration', 'Cute', 'Colorful', 'Physics', 'Inventory Management', 'Comedy', 'Action RPG']",2024-12-09 18:43:14,False,2024–25,,444,False,6.99,,,,,$5–9.99,не указано
2832620,Stray Shot,0,True,False,False,False,1710862613,32,100,['PUNKCAKE Délicieux'],['PUNKCAKE Délicieux'],"['Score Attack', 'Arena Shooter', 'Bullet Hell', 'Arcade', 'Robots', 'Twin Stick Shooter', 'Local Co-Op', 'Indie', 'Shooter', 'Pixel Graphics', ""Shoot 'Em Up"", 'Colorful', 'Cute', 'Top-Down Shooter', 'Cartoony', 'Music', 'PvE', 'Top-Down', 'Futuristic', 'Retro']",2024-03-19 15:36:53,False,2024–25,4.0,1830,True,5.99,,,,,$5–9.99,3–4
2832780,Wacky Jumpers,0,True,False,False,False,1718527211,1,100,['Studio Asgard Gaming'],['Studio Asgard Gaming'],"['Casual', 'Arcade', 'Platformer', '3D Platformer', 'Third Person', 'Ninja', 'Parkour', 'Physics', 'Combat', 'PvE', 'Action', 'Indie', 'PvP', 'Online Co-Op', 'Multiplayer']",2024-06-16 08:40:11,False,2024–25,50.0,2203,False,8.99,,,,,$5–9.99,9+
2834580,Cursed Despair,0,True,False,True,False,1713781336,16,37,['Lunatic Eclipse Studio'],['Lunatic Eclipse Studio'],"['Horror', 'Online Co-Op', 'Multiplayer', 'Survival Horror', 'Psychological Horror', 'Co-op', 'Dark', 'Indie', 'Early Access', 'First-Person', '3D', 'Demons', 'Violent', 'Thriller', 'Atmospheric', 'Action', 'Gore', 'Singleplayer', 'Survival']",2024-04-22 10:22:16,False,2024–25,4.0,853,False,0.99,,,,,до $5,3–4
2834820,Simply Snake,0,True,False,False,False,1725910678,0,0,['Firesnake'],['Firesnake'],"['Casual', '2D Platformer', '2D', 'Old School', 'Family Friendly', 'Retro', 'Level Editor', 'PvE', 'PvP', 'Singleplayer', 'Co-op', 'Local Co-Op', 'Local Multiplayer', 'Multiplayer', '4 Player Local']",2024-09-09 19:37:58,False,2024–25,,207,False,1.99,,,,,до $5,не указано
2835530,Backrooms: Extractions,0,True,False,True,False,1746030611,699,73,['Headlight Studio'],['Headlight Studio'],"['Horror', 'Online Co-Op', 'Multiplayer', 'Psychological Horror', 'Survival Horror', 'Co-op', 'First-Person', 'Atmospheric', 'Realistic', 'Exploration', 'Stealth', 'Survival', 'Adventure', 'PvE', 'Action-Adventure', 'Action', '3D', 'Singleplayer', 'Early Access', 'Indie']",2025-04-30 16:30:11,False,2024–25,6.0,4804,False,6.99,59.2,6.65,,,$5–9.99,5–8
2835590,8AM,0,True,False,False,False,1711666866,132,74,['HeadArrow'],['David Gallardo'],"['Psychological Horror', 'Horror', 'Hidden Object', 'Mystery', 'Logic', 'Singleplayer', 'First-Person', 'Violent', 'Gore', 'Indie', 'Puzzle', 'Action', 'Crime', 'Assassins', 'Casual', 'Multiplayer', 'Co-op', 'Hentai']",2024-03-28 23:01:06,False,2024–25,,2447,False,3.99,42.1,0.6,,,до $5,не указано
2840210,Bureau of Contacts,0,True,False,False,False,1744473891,574,81,['MIROWIN'],['MIROWIN'],"['Horror', 'Online Co-Op', 'Multiplayer', 'Co-op', 'Action', 'Adventure', 'Survival Horror', 'PvE', 'Exploration', 'Supernatural', 'Investigation', 'Action-Adventure', 'First-Person', 'Indie', 'Early Access', 'Psychological Horror', 'Singleplayer', 'Hentai', 'LGBTQ+']",2025-04-12 16:04:51,False,2024–25,4.0,1590,False,7.99,30.3,3.3499999999999996,,,$5–9.99,3–4
2841770,Phantom Squad,0,True,False,False,False,1752836506,418,80,['Super Rare Originals'],['Ctrl Freak'],"['Co-op', 'Tactical', 'Real Time Tactics', 'Top-Down Shooter', 'Co-op Campaign', 'Military', 'Action', 'Team-Based', 'Violent', 'Multiplayer', 'Top-Down', 'Indie', 'Online Co-Op']",2025-07-18 11:01:46,False,2024–25,4.0,2407,False,13.99,31.4,7.15,,,$10–14.99,3–4
2842910,Galaxy Dreamer,0,True,False,False,False,1734619863,3,100,['Galaxy Games'],['Annet Valentive'],"['Action', 'Arcade', ""Shoot 'Em Up"", '2D', 'Space', 'Combat', 'Singleplayer', 'Local Co-Op', 'Multiplayer', 'Co-op', 'Linear']",2024-12-19 14:51:03,False,2024–25,4.0,1455,False,4.99,,,,,до $5,3–4
2844300,PickaLegend,0,True,False,False,False,1709621326,10,80,['2kblater (5)'],['2kblater (5)'],"['Bullet Heaven', 'Action Roguelike', 'Local Co-Op', 'Roguelite', 'Bullet Hell', 'Roguelike', 'Pixel Graphics', 'Fantasy', ""Shoot 'Em Up"", 'PvE', 'RPG', '2D', 'Top-Down', 'Controller', 'Action', 'Colorful', 'Survival', 'Co-op', 'Singleplayer', '4 Player Local']",2024-03-05 06:48:46,False,2024–25,4.0,1352,False,3.99,,,,,до $5,3–4
2844360,Mischief,0,True,False,False,False,1754068467,6,100,['Tavern Rat Studios'],['Tavern Rat Studios'],"['Action-Adventure', 'Co-op', 'Local Co-Op', 'Local Multiplayer', 'Multiplayer', 'Family Friendly', 'Action', 'Adventure', 'Casual', 'Exploration', ""Beat 'em up"", '3D Platformer', 'Split Screen', 'Platformer', 'PvE', 'Cartoony', 'Cute', 'Colorful', '4 Player Local', 'Arcade']",2025-08-01 17:14:27,False,2024–25,4.0,1834,False,14.99,,,,,$10–14.99,3–4
2844980,Apex Defenders,0,True,False,True,False,1712731648,0,0,['Geobilgi Games'],['Geobilgi Games'],"['Action', 'Tower Defense', 'PvE', 'First-Person', 'Zombies', 'Survival', 'Quick-Time Events', 'Indie', 'Early Access', 'Online Co-Op', 'Third-Person Shooter', 'Co-op', 'Singleplayer', 'Multiplayer', 'Gore', 'Violent']",2024-04-10 06:47:28,False,2024–25,4.0,932,False,2.99,,,,,до $5,3–4
2845740,Bunches For Bart!,0,True,False,False,False,1734368426,0,0,['Seth Cook'],['Seth Cook'],"['Precision Platformer', 'Physics', 'Intentionally Awkward Controls', 'Difficult', 'Psychological Horror', 'Funny', 'Parkour', 'Singleplayer', 'Indie', 'Local Multiplayer', 'Pixel Graphics', 'Controller', '2D Platformer', 'Family Friendly', 'Local Co-Op', 'Casual', 'Action', 'Platformer', 'Side Scroller', '2D']",2024-12-16 17:00:26,False,2024–25,,1120,False,9.99,,,,,$5–9.99,не указано
2846000,Terunyan to Amanoiwato,0,True,False,False,False,1743594003,0,0,['Terunyan'],['Terunyan'],"['Rhythm', 'PvP', 'Online Co-Op', 'Cute', '3D', '2D', 'Controller', 'Action', 'Casual', 'Fantasy', 'Singleplayer', 'Music', 'Multiplayer', 'Co-op']",2025-04-02 11:40:03,False,2024–25,2.0,994,True,5.99,,,,,$5–9.99,2
2846060,Subterror,0,True,False,False,False,1735958211,399,90,['Team Monumental'],['Team Monumental'],"['Online Co-Op', 'Horror', 'First-Person', 'Multiplayer', 'Action', 'Underwater', 'Adventure', 'Submarine', 'Pixel Graphics', 'Dungeon Crawler', 'Action-Adventure', 'Atmospheric', 'Stylized', 'Psychological Horror', 'Survival Horror', 'Co-op', 'Perma Death', 'PvE', 'Singleplayer', 'Indie']",2025-01-04 02:36:51,False,2024–25,5.0,823,False,7.99,62.1,5.199999999999999,,,$5–9.99,5–8
2848140,Co-Op Crunch,0,True,False,False,False,1721425102,1,0,['Smart Systems Technology Incorporated'],['Smart Systems Technology Incorporated'],"['Casual', 'Arcade', 'Platformer', '3D Platformer', 'Puzzle Platformer', 'Runner', '3D', 'Third Person', '1980s', 'Family Friendly', 'Choices Matter', 'Linear', 'Team-Based', 'Co-op', 'Multiplayer', 'Online Co-Op', 'Singleplayer']",2024-07-19 21:38:22,False,2024–25,3.0,550,False,4.99,,,,,до $5,3–4
2848460,Mesh Replica,0,True,False,False,False,1738644555,1,100,['Lesser Imp Studio'],['Lesser Imp Studio'],"['Action', 'Shooter', 'FPS', 'Hidden Object', '3D', 'First-Person', 'Stylized', 'Funny', 'Futuristic', 'Hunting', 'Sci-fi', 'Space', 'Stealth', 'PvP', 'Team-Based', 'Co-op', 'Multiplayer', 'Online Co-Op', 'Indie']",2025-02-04 04:49:15,False,2024–25,12.0,3226,False,4.99,,,,,до $5,9+
2850330,Jump Heroes,0,True,False,False,False,1712746394,2,100,['Radikate'],['Radikate'],"['Casual', 'Cute', 'Arcade', 'Comedy', 'Grid-Based Movement', '3D', 'Local Co-Op', '3D Platformer', 'Puzzle Platformer', '2.5D', 'Colorful', 'Third Person', 'Relaxing', 'Sports', 'Character Customization', 'Score Attack', 'Controller', 'PvP', 'Singleplayer', 'Co-op']",2024-04-10 10:53:14,False,2024–25,,1182,False,0.99,,,,,до $5,не указано
2850560,Yesterday's News,0,True,False,False,False,1726834514,18,83,['Rooibos Games'],['Rooibos Games'],"['Party Game', 'Multiplayer', 'Local Multiplayer', 'Word Game', 'Comedy', 'Comic Book', 'Party', 'Family Friendly', 'Local Co-Op', 'Casual', 'Card Game', 'Board Game', 'PvP', 'Dark Humor', '4 Player Local', 'Noir', 'Detective']",2024-09-20 12:15:14,False,2024–25,8.0,989,True,11.99,,,,,$10–14.99,5–8
2851700,Nasty Zombies,0,True,False,False,False,1712257373,208,97,['Con No 1'],['Con No 1'],"['Action', 'Shooter', 'FPS', 'Boomer Shooter', 'Online Co-Op', 'Multiplayer', 'Procedural Generation', 'Fast-Paced', 'Zombies', 'Retro', 'Survival Horror', 'Horror', 'First-Person', 'Old School', 'Pixel Graphics', 'Gore', 'Post-apocalyptic', 'Dark', 'Atmospheric', 'PvE']",2024-04-04 19:02:53,False,2024–25,8.0,2125,False,11.99,67.3,10.95,,,$10–14.99,5–8
2852260,Pandarunium,0,True,False,False,False,1718893792,4,100,['Tenax Studios'],['Tenax Studios'],"['Online Co-Op', 'Multiplayer', 'Indie', 'Casual', '2D', 'Stealth', 'Runner', 'Difficult', 'Co-op', 'Pixel Graphics', 'Top-Down', 'Cute', 'Linear', 'Team-Based', 'Singleplayer', 'Souls-like', 'Adventure', 'RTS']",2024-06-20 14:29:52,False,2024–25,9.0,1043,True,2.99,,,,,до $5,9+
2853810,Fighters Forge,0,True,False,True,False,1710485372,4,75,['Chaotix'],['Chaotix'],"['Fighting', ""Beat 'em up"", '3D Fighter', '4 Player Local', 'Co-op Campaign', 'Spectacle fighter', 'Arcade', 'Multiplayer', 'Co-op', 'Singleplayer', 'Party', 'Party Game', 'Martial Arts', 'Anime', 'Superhero', 'Cartoony', 'Stylized', 'Comic Book', 'Indie', 'Casual']",2024-03-15 06:49:32,False,2024–25,4.0,2653,False,9.99,,,,,$5–9.99,3–4
2857250,BODYGUARD TASK FORCE,0,True,False,False,False,1746535286,3,33,['Rokay Games'],['Rokay Games'],"['Action', 'Arcade', 'VR', 'Shooter', 'Co-op', 'Online Co-Op', 'Multiplayer', 'PvE', 'Singleplayer', 'Indie', 'FPS', '3D', 'Tactical']",2025-05-06 12:41:26,False,2024–25,4.0,917,False,4.99,,,,,до $5,3–4
2857900,NYZD,0,True,False,False,False,1711366749,2,100,['Plasma  Interactive'],['Plasma  Interactive'],"['Action', 'Action Roguelike', 'Third-Person Shooter', 'Third Person', 'Post-apocalyptic', 'Combat', 'Co-op', 'Multiplayer', 'Violent', 'Singleplayer', 'Local Co-Op']",2024-03-25 11:39:09,False,2024–25,4.0,1561,False,1.99,,,,,до $5,3–4
2858750,Oh Boy Cheese Remastered,0,True,False,False,False,1737855423,0,0,['Ryan Bissonnette'],['Ryan Bissonnette'],"['2D Platformer', '2D', 'Cute', 'Arcade', 'Score Attack', 'Colorful', 'Family Friendly', 'Pixel Graphics', 'Singleplayer', 'PvP', 'Online Co-Op', 'Local Multiplayer', 'Local Co-Op', 'Controller', 'Indie', '4 Player Local', 'Casual', 'Old School', 'Action', 'Platformer']",2025-01-26 01:37:03,False,2024–25,4.0,875,False,1.99,,,,,до $5,3–4
2861050,Ice Cream Pachinly,0,True,False,False,False,1721414991,1,100,['Pachinly Games'],['Pachinly Games'],"['Action', '3D', 'Top-Down', 'Top-Down Shooter', 'Arcade', 'Cartoony', 'Magic', 'Cartoon', 'Aliens', 'Combat', 'Local Co-Op', 'Local Multiplayer', 'Singleplayer', 'Indie']",2024-07-19 18:49:51,False,2024–25,,1187,False,4.99,,,,,до $5,не указано
2862140,Shaolin Bao,0,True,False,False,False,1744908957,15,93,['SCH Games'],['SCH Games'],"['3D Fighter', '4 Player Local', 'Action', 'Casual', 'Co-op', 'Cute', 'Family Friendly', 'Top-Down', 'Funny', 'Indie', 'PvP', 'Arcade', 'Controller', 'Local Co-Op', 'Local Multiplayer', 'Multiplayer', 'Party Game', 'Party', 'Team-Based', 'Physics']",2025-04-17 16:55:57,False,2024–25,7.0,1519,False,8.99,,,,,$5–9.99,5–8
2862210,Trasmoz Legends,0,True,False,False,False,1757577541,10,100,['JanduSoft'],['Volcano Bytes'],"['Action', 'Retro', 'Arcade', '2D Platformer', 'Score Attack', 'Funny', '2D', 'Controller', '1980s', 'Adventure', 'Cartoony', 'Pixel Graphics', 'Local Co-Op', 'Old School', 'Co-op', 'Multiplayer', 'Singleplayer', 'Precision Platformer', 'Local Multiplayer', 'Indie']",2025-09-11 07:59:01,False,2024–25,,4878,False,7.99,,,,,$5–9.99,не указано
2862620,Dark Umbra,0,True,False,True,False,1737338425,7,100,['Crypt Rat Studios'],['Crypt Rat Studios'],"['Action Roguelike', 'Online Co-Op', 'Perma Death', 'Roguelike', '2D', 'Controller', '2D Platformer', 'Nonlinear', 'Procedural Generation', 'Action', 'Pixel Graphics', 'Fantasy', 'Magic', 'Loot', 'Dark Fantasy', 'Survival', 'Adventure', 'Combat', 'Co-op', 'Multiplayer']",2025-01-20 02:00:25,False,2024–25,8.0,1306,False,7.99,,,,,$5–9.99,5–8
2863290,Mini Micro Racing,0,True,False,False,False,1714547180,5,80,['MiniMiniGames'],['MiniMiniGames'],"['Racing', 'Top-Down', 'Local Multiplayer', 'Driving', 'Singleplayer', '4 Player Local', 'Co-op Campaign', 'Local Co-Op', 'Casual', 'PvP', 'PvE', 'Action', 'Physics', 'Family Friendly', 'Funny', 'Cute', 'Minimalist', '2D', 'Indie', 'Colorful']",2024-05-01 07:06:20,False,2024–25,4.0,1229,False,4.49,,,,,до $5,3–4
2866120,Johnny Trigger: Sniper,0,True,False,False,False,1716206079,50,86,"['QubicGames', 'Gamersky Games']","['Estoty', 'SayGames Ltd']","['Action', 'Shooter', 'Sniper', 'First-Person', '3D', 'Cartoony', 'Arcade', 'Split Screen', 'Gun Customization', 'PvE', 'Local Co-Op', 'Singleplayer']",2024-05-20 11:54:39,False,2024–25,,800,False,4.99,,,,,до $5,не указано
2868400,Slingshottr,0,True,False,True,False,1731354237,4,100,['tentcoding'],['tentcoding'],"['Space', '2D', 'Multiplayer', 'Casual', 'Physics', 'Sci-fi', 'Action', 'Adventure', 'Arcade', 'Space Sim', 'Exploration', 'Colorful', 'Cute', 'Futuristic', 'Procedural Generation', 'Co-op', 'Online Co-Op', 'Singleplayer', 'Early Access', 'Indie']",2024-11-11 19:43:57,False,2024–25,,1276,False,4.99,,,,,до $5,не указано
2869510,UNDER DEFEAT,0,True,False,False,False,1738850438,81,95,['CITY CONNECTION'],"['CITY CONNECTION', 'TAKE×0FF']","['Action', 'Arcade', ""Shoot 'Em Up"", 'Shooter', 'Bullet Hell', '3D Platformer', '3D', 'Top-Down', 'Military', 'War', 'Combat', 'Female Protagonist', 'Singleplayer', 'Multiplayer', 'Local Multiplayer', 'Local Co-Op', 'Co-op']",2025-02-06 14:00:38,False,2024–25,,2272,False,19.99,,,,,$15–19.99,не указано
2870000,I Got Isekai'd Into a Shmup,0,True,False,False,False,1722369877,5,80,['TOMAGameStudio'],['TOMAGameStudio'],"['Action', 'Arcade', ""Shoot 'Em Up"", 'Indie', '2D', ""1990's"", 'Female Protagonist', '4 Player Local', 'Pixel Graphics', 'Local Co-Op', 'Bullet Hell', 'Anime', 'Cartoony', 'Comic Book', 'Space', 'Futuristic', 'War', 'Parody ', 'Robots', 'Retro']",2024-07-30 20:04:37,False,2024–25,4.0,1462,True,12.99,,,,,$10–14.99,3–4
2871370,World horror story,0,True,False,True,False,1739204366,10,50,['Kochetkov Nikita'],['Chechulin Maxim'],"['Horror', 'Casual', 'Action', 'Supernatural', 'Demons', 'Adventure', 'Action-Adventure', 'Exploration', 'Hidden Object', '3D', 'VR', 'Cinematic', 'First-Person', 'Realistic', 'Gothic', 'Zombies', 'Dark', 'Werewolves', 'Online Co-Op', 'RPG']",2025-02-10 16:19:26,False,2024–25,,2291,False,6.99,,,,,$5–9.99,не указано
2872990,School Paranormal Laboratory,0,True,False,False,False,1712889975,39,58,['KIMIDORI SOFT'],['KIMIDORI SOFT'],"['Collectathon', 'Hidden Object', 'Walking Simulator', 'Action-Adventure', 'Character Customization', '3D', 'Casual', 'First-Person', 'Horror', 'Adventure', 'Realistic', 'Score Attack', 'Modern', 'Supernatural', 'Online Co-Op', 'Singleplayer', 'Multiplayer', 'Co-op', 'Indie']",2024-04-12 02:46:15,False,2024–25,,2427,False,3.99,,,,,до $5,не указано
2873100,Rise of Kenshin,0,True,False,False,False,1737900302,5,60,['YiyouGame'],['YiyouGame'],"['Survival', 'Action Roguelike', 'Character Customization', 'Online Co-Op', 'Casual', 'Swordplay', 'Combat', 'Adventure', 'Isometric', '2D', 'Magic', 'Cartoony', 'Top-Down', 'Multiplayer', 'Singleplayer', 'Dark', 'Multiple Endings', 'Traditional Roguelike', '2D Platformer', 'Co-op']",2025-01-26 14:05:02,False,2024–25,,2290,True,5.99,,,,,$5–9.99,не указано
2875100,Somnium Tenebris,0,True,False,False,False,1719842915,9,100,['LittleLeaf Games'],['LittleLeaf Games'],"['Online Co-Op', 'Underwater', 'Lovecraftian', 'Horror', 'Mystery', 'Co-op', 'Multiplayer', 'Hidden Object', 'Character Customization', 'Procedural Generation', 'Interactive Fiction', 'Singleplayer', 'Casual', 'Sandbox', '3D', 'Exploration', 'Simulation', 'First-Person', 'Dark', 'Indie']",2024-07-01 14:08:35,False,2024–25,5.0,1520,True,4.99,,,,,до $5,5–8
2876090,We Were Monkeys,0,True,False,False,False,1717517268,9,88,['Another Slime Studio'],['Another Slime Studio'],"['Online Co-Op', 'Escape Room', 'Puzzle', 'Exploration', 'Multiplayer', 'Platformer', 'Third Person', 'Funny', 'Multiple Endings', 'Team-Based', 'Puzzle Platformer', 'Casual', 'Linear', 'Family Friendly', 'Stealth', 'Logic', 'Atmospheric', 'Comedy', 'Colorful', 'Stylized']",2024-06-04 16:07:48,False,2024–25,,643,False,4.99,,,,,до $5,не указано
2877500,Crop Chronicles,0,True,False,False,False,1734197488,12,100,['Guayacan Studio'],['Guayacan Studio'],"['Split Screen', 'Time Management', 'Local Co-Op', 'Co-op Campaign', 'Farming Sim', 'Farming', '2D', 'Top-Down', 'Funny', 'Co-op', 'Multiplayer', 'Local Multiplayer', 'Pixel Graphics', 'Action', 'Casual', 'Simulation', 'Family Friendly', 'Arcade', 'Party Game', '4 Player Local']",2024-12-14 17:31:28,False,2024–25,4.0,1374,False,5.99,,,,,$5–9.99,3–4
2879550,Rogueformer,0,True,False,False,False,1742885752,0,0,['Daniels Šlosbergs'],['Daniels Šlosbergs'],"['Platformer', '2D Platformer', 'Perma Death', 'Indie', 'Difficult', 'Co-op', 'Replay Value', 'Procedural Generation', 'Local Co-Op', 'Action', 'PvE', '2D', 'Action Roguelike', 'Side Scroller', 'Roguelite', 'Retro', 'Pixel Graphics', 'Abstract', 'Dark Humor', 'Fantasy']",2025-03-25 06:55:52,False,2024–25,,2096,False,0.99,,,,,до $5,не указано
2881520,River City Saga: Three Kingdoms Next,0,True,False,False,False,1730949193,38,60,['Arc System Works'],['Arc System Works'],"['Action', ""Beat 'em up"", '2D Platformer', 'Spectacle fighter', '2D', 'Anime', 'Pixel Graphics', 'Old School', 'Comedy', 'Retro', 'Family Friendly', 'Historical', 'Destruction', 'Funny', 'PvE', 'Controller', 'Combat', 'Tutorial', 'Online Co-Op', 'Singleplayer']",2024-11-07 03:13:13,False,2024–25,,1791,False,29.99,,,,,$20+,не указано
2881650,Content Warning,0,True,False,False,False,1711987152,72681,93,['Evil Landfall?'],"['Zorro', 'Wilnyl', 'Philip', 'thePetHen', 'Skog']","['Online Co-Op', 'Horror', 'Procedural Generation', 'Exploration', 'Action Roguelike', 'Multiplayer', 'Comedy', 'Physics', 'Co-op', 'Funny', 'First-Person', 'Psychological Horror', 'Survival Horror', 'Atmospheric', 'Adventure', 'Post-apocalyptic', '3D', 'Time Management', 'Investigation', 'Mystery']",2024-04-01 15:59:12,False,2024–25,4.0,1751,False,7.99,48.2,8.05,,,$5–9.99,3–4
2881720,BattleTanks - Animal Wars,0,True,False,False,False,1736517630,4,100,['Kasur Games'],['Kasur Games'],"['Local Co-Op', 'Co-op Campaign', 'Gun Customization', 'Character Customization', 'Voxel', 'Bullet Hell', 'Combat Racing', 'Twin Stick Shooter', 'PvE', 'FPS', 'Top-Down Shooter', 'PvP', 'Arcade', 'Tanks', 'Boomer Shooter', 'Pixel Graphics', 'Casual', '3D', 'Split Screen', 'Action-Adventure']",2025-01-10 14:00:30,False,2024–25,5.0,1365,True,4.99,,,,,до $5,5–8
2883180,Toy Hunt,0,True,False,True,False,1738558260,3,66,['Stopshut'],"['Stopshut', 'Goose Studios']","['Horror', 'Multiplayer', 'Co-op', 'First-Person', 'Atmospheric', 'Action', 'Psychological Horror', 'Adventure', 'Exploration', 'Surreal', 'Action-Adventure', 'Immersive Sim', '3D', 'Walking Simulator', 'Psychological', 'Supernatural', 'PvP', 'Indie', 'Early Access']",2025-02-03 04:51:00,False,2024–25,,2092,False,6.99,,,,,$5–9.99,не указано
2883890,HighKing,0,True,False,False,False,1731423640,5,100,['Tsu-ki'],['Tsu-ki'],"['2D Platformer', 'Action', 'Sports', 'Walking Simulator', 'Action-Adventure', 'Character Customization', '2.5D', '2D', 'Pixel Graphics', 'Online Co-Op', 'Indie', 'Singleplayer', 'Multiplayer', 'Co-op']",2024-11-12 15:00:40,False,2024–25,,1523,False,3.99,,,,,до $5,не указано
2885480,BattleCap,0,True,False,False,False,1735614026,159,96,['MechAlmond Productions'],['MechAlmond Productions'],"['4 Player Local', 'Local Co-Op', 'Top-Down Shooter', 'Naval Combat', 'Roguelite', 'PvP', 'Shooter', '3D', 'Funny', 'Casual', 'Local Multiplayer', 'Action', 'Physics', 'Combat', 'Party Game', 'Co-op', 'Multiplayer', 'Singleplayer', 'Indie', 'Wargame']",2024-12-31 03:00:26,False,2024–25,4.0,2333,False,11.99,1.1,3.05,,,$10–14.99,3–4
2885990,Qwepoi,0,True,False,False,False,1711717980,17,100,['Marcos Raoi'],['Marcos Raoi'],"['Arcade', 'Rhythm', 'Retro', 'Difficult', 'Action', 'Local Co-Op', 'Casual', 'Tutorial', 'Minimalist', 'Pixel Graphics', 'Controller', 'Colorful', 'Local Multiplayer', 'PvE', 'Family Friendly', 'Space', '1980s', 'Old School', '2D', ""Shoot 'Em Up""]",2024-03-29 13:13:00,False,2024–25,,1883,False,1.99,,,,,до $5,не указано
2886930,Warehouse Inc.,0,True,False,True,False,1714505986,1,0,['Silent Code'],['Silent Code'],"['Real Time Tactics', 'Physics', 'Tutorial', 'Life Sim', 'Arcade', 'Character Customization', '3D', 'Third Person', 'Steampunk', 'Action', 'Linear', 'Simulation', 'Cartoony', 'Minimalist', 'Realistic', 'Family Friendly', 'Tactical', 'Co-op', 'Multiplayer', 'Online Co-Op']",2024-04-30 19:39:46,False,2024–25,4.0,1060,True,1.99,,,,,до $5,3–4
2887820,kallio,0,True,False,False,False,1720347512,0,0,['Andrew Karppinen'],['Andrew Karppinen'],"['Underground', 'Puzzle', 'Mining', 'Co-op', 'Mystery Dungeon', 'Multiplayer', 'Perma Death', '2D Platformer', 'Casual', 'Puzzle Platformer', 'Tabletop', '2D', 'Hidden Object', 'Local Multiplayer', 'Time Management', 'Mystery', 'Pixel Graphics', 'Adventure', 'Family Friendly', 'Singleplayer']",2024-07-07 10:18:32,False,2024–25,,471,False,0.99,,,,,до $5,не указано
2889830,Fortress Challenge : Fort Boyard,0,True,False,False,False,1719475390,10,90,['Microids'],['Breakfirst'],"['Action', 'Casual', 'Sports', 'Adventure', 'Minigames', 'Battle Royale', 'Board Game', 'Arcade', '3D', 'Colorful', 'Family Friendly', 'PvE', 'PvP', 'Team-Based', 'Character Customization', '4 Player Local', 'Local Co-Op', 'Singleplayer', 'Local Multiplayer', 'Party Game']",2024-06-27 08:03:10,False,2024–25,,1051,False,39.99,,,,,$20+,не указано
2891270,Flag or Rage,0,True,False,False,False,1727704943,0,0,['SBstudio'],['SBstudio'],"['Casual', 'Indie', 'Party Game', 'Action', 'Multiplayer', 'Platformer', '2D Platformer', '2D', 'Parkour', 'PvP', 'Online Co-Op']",2024-09-30 14:02:23,False,2024–25,8.0,1417,False,0.99,,,,,до $5,5–8
2892230,Box Zombies,0,True,False,False,False,1722551012,4,75,['TheGreenSquier'],['TheGreenSquier'],"['Local Co-Op', 'Local Multiplayer', '4 Player Local', 'Party Game', 'Survival', 'Zombies', 'Top-Down', 'Top-Down Shooter', 'Arcade', 'Action', 'Casual', 'Procedural Generation', 'Co-op', 'Singleplayer', 'Sandbox', 'Shooter', 'Third-Person Shooter', 'Indie', 'Adventure']",2024-08-01 22:23:32,False,2024–25,4.0,2756,True,4.99,,,,,до $5,3–4
2892660,DON'T EXIST,0,True,False,False,False,1714149131,62,79,['DevLancelot'],['DevLancelot'],"['Procedural Generation', 'Multiplayer', 'Online Co-Op', 'Abstract', 'Roguelite', 'Survival', 'Surreal', 'Exploration', 'Atmospheric', 'Indie', 'Experimental', 'Psychological Horror', 'Horror', 'Adventure', 'Controller', '3D', 'Co-op', 'First-Person', 'Massively Multiplayer', 'Singleplayer']",2024-04-26 16:32:11,False,2024–25,4.0,2140,False,6.95,,,,,$5–9.99,3–4
2892910,Strike Team Delta,0,True,False,False,False,1721998819,3,0,['Cerberus NZ'],['Cerberus NZ'],"['FPS', 'PvE', 'Shooter', 'Character Customization', 'First-Person', 'Horror', 'Action', 'Post-apocalyptic', 'Gun Customization', 'Zombies', 'Stealth', 'Artificial Intelligence', 'Physics', 'Survival Horror', 'Combat', 'Co-op', 'Multiplayer', 'Online Co-Op', 'Singleplayer', 'Gore']",2024-07-26 13:00:19,False,2024–25,5.0,1502,False,9.99,,,,,$5–9.99,5–8
2896320,Warrior Lords,0,True,False,False,False,1712841969,2,100,['Future Minimalism'],['Future Arcade'],"['Action', 'Arcade', ""Beat 'em up"", 'Local Co-Op', 'Medieval', 'Dark Fantasy', '3D', 'Side Scroller', 'Co-op', 'Singleplayer', 'Co-op Campaign', 'Local Multiplayer', 'Multiplayer']",2024-04-11 13:26:09,False,2024–25,2.0,1236,False,4.99,,,,,до $5,2
2896530,MegaMegaEggs,0,True,False,False,False,1721402119,0,0,['NoraPerikaProject'],['NoraPerikaProject'],"['2D Platformer', 'Runner', 'PvP', 'PvE', 'Side Scroller', 'Multiplayer', 'Platformer', 'Arcade', 'Character Customization', '3D', 'Action', 'Funny', 'Action Roguelike', 'Comedy', 'Online Co-Op', 'Singleplayer', 'Co-op', '2.5D', 'Atmospheric', '2D']",2024-07-19 15:15:19,False,2024–25,,1455,False,8.99,,,,,$5–9.99,не указано
2897520,Furball Blitz!,0,True,False,True,False,1753319691,3,100,['BlueTale'],['BlueTale'],"['Online Co-Op', 'Roguelite', 'Indie', 'Looter Shooter', 'Bullet Hell', 'Singleplayer', 'Gun Customization', 'Action Roguelike', 'Co-op', 'Action', 'Stylized', 'Procedural Generation', 'Cute', 'PvE', 'Shooter', '3D', 'Third Person', 'Third-Person Shooter', 'Exploration', 'Tactical']",2025-07-24 01:14:51,False,2024–25,,2995,False,9.99,,,,,$5–9.99,не указано
2897700,Arizona Sunshine® VR Remake,0,True,False,False,False,1729184460,1225,88,['Vertigo Games'],['Vertigo Games'],"['FPS', 'VR', 'Shooter', 'Action-Adventure', '3D', 'First-Person', 'Dark Humor', 'Action', 'Funny', 'Zombies', 'Linear', 'Realistic', 'Dystopian ', 'Atmospheric', '6DOF', 'Adventure', 'Physics', 'Combat', 'Co-op', 'Multiplayer']",2024-10-17 17:01:00,False,2024–25,4.0,2562,False,19.99,34.5,7.4,,,$15–19.99,3–4
2898650,Fish Hero,0,True,False,False,False,1722610153,100,77,['MODE24'],['MODE24'],"['Psychological Horror', 'Multiplayer', 'Singleplayer', 'Realistic', 'Physics', 'Intentionally Awkward Controls', '3D', 'Third Person', 'Action', 'Adventure', 'Difficult', 'Platformer', 'Online Co-Op', 'Co-op', 'Comedy', 'Funny', 'Precision Platformer', 'Emotional', '3D Platformer', 'Romance']",2024-08-02 14:49:13,False,2024–25,,1214,False,2.99,33.7,1.3,,,до $5,не указано
2898810,Nitronauts,0,True,False,False,False,1743774946,13,100,['Bubble Rocket'],['Bubble Rocket'],"['4 Player Local', 'Local Multiplayer', 'Party Game', 'PvP', 'Multiplayer', 'Local Co-Op', 'Co-op', 'Online Co-Op', 'Action', 'Battle Royale', 'Party', 'Arcade', 'Controller', '2D', 'Casual', 'Top-Down', 'Old School', 'Retro', 'Funny', 'Pixel Graphics']",2025-04-04 13:55:46,False,2024–25,6.0,1980,True,7.99,,,,,$5–9.99,5–8
2899250,Nolgorb's Ordeal,0,True,False,False,False,1725031104,61,72,['Hard Meat'],['Hard Meat'],"['Precision Platformer', 'Psychological Horror', '3D Platformer', 'Difficult', 'Online Co-Op', 'Platformer', 'Retro', 'Cute', 'Choices Matter', 'Multiple Endings', 'Adventure', 'Parkour', 'Singleplayer', 'Intentionally Awkward Controls']",2024-08-30 15:18:24,False,2024–25,,307,False,3.99,,,,,до $5,не указано
2900600,Anomaly Escape,0,True,False,False,False,1717891613,3,0,['Z-Tech Studio'],['Z-Tech Studio'],"['Typing', 'Exploration', 'Hidden Object', 'Puzzle', 'Tabletop', 'First-Person', '3D', 'Horror', 'Team-Based', 'Casual', 'Realistic', 'Space', 'Sci-fi', 'Logic', 'Atmospheric', 'Co-op', 'Online Co-Op', 'Multiplayer', 'Singleplayer', 'Indie']",2024-06-09 00:06:53,False,2024–25,2.0,1086,False,2.99,,,,,до $5,2
2900890,Wizards Vs Soldiers And Robots,0,True,False,True,False,1712680758,0,0,['Astra'],['Astra'],"['Action', 'Shooter', 'Third-Person Shooter', '3D', 'Cartoon', 'Cartoony', 'Third Person', 'Comedy', 'Horror', 'Magic', 'Memes', 'Psychological Horror', 'Robots', 'Sci-fi', 'PvE', 'PvP', 'Team-Based', 'Co-op', 'Multiplayer', 'Online Co-Op']",2024-04-09 16:39:18,False,2024–25,,681,False,2.99,,,,,до $5,не указано
2902470,Maintenance Crew,0,True,False,False,False,1719412527,3,0,['Kyle Obranovic'],['Kyle Obranovic'],"['Action', 'Adventure', 'Horror', 'Action-Adventure', 'Realistic', 'Online Co-Op', 'Survival Horror', '3D', 'First-Person', 'Atmospheric', 'Dark', 'Combat', 'Sandbox', 'Psychological Horror', 'PvE', 'Co-op', 'Multiplayer', 'Singleplayer', 'Indie']",2024-06-26 14:35:27,False,2024–25,,1020,False,1.99,,,,,до $5,не указано
2903210,Box Wrangler,0,True,False,False,False,1718148599,3,66,['Wyatt Schwanbeck'],['Wyatt Schwanbeck'],"['Action', 'Casual', 'Action Roguelike', 'Arcade', 'Roguelike', '2D', 'Pixel Graphics', 'Top-Down', 'Atmospheric', 'Survival', 'Combat', 'Adventure', 'Controller', 'Singleplayer', 'Roguelite', ""Shoot 'Em Up"", 'Top-Down Shooter', 'Retro', 'PvE', 'Co-op']",2024-06-11 23:29:59,False,2024–25,,883,False,0.99,,,,,до $5,не указано
2904490,Hode,0,True,False,False,False,1715061962,1,100,['naps games'],['naps games'],"['Roguelite', ""Shoot 'Em Up"", 'Shooter', 'Character Customization', 'Action', 'Pixel Graphics', 'Hero Shooter', 'Combat', 'Survival', 'Arcade', 'Space', '2D', 'Minimalist', '1980s', 'Flight', 'Old School', 'Sci-fi', 'Artificial Intelligence', 'Controller', 'Local Co-Op']",2024-05-07 06:06:02,False,2024–25,,404,True,2.99,,,,,до $5,не указано
2906740,Pedro Temple,0,True,False,False,False,1718982077,2,100,['FGMS'],['FGMS'],"['Action', 'Platformer', 'Arcade', '2D Platformer', ""Shoot 'Em Up"", '2D', 'Cartoony', 'Pixel Graphics', '1980s', 'Old School', 'Underground', 'Combat', 'Linear', '4 Player Local', 'Co-op', 'Multiplayer', 'Singleplayer', 'Indie', 'PvP', 'Local Co-Op']",2024-06-21 15:01:17,False,2024–25,,491,False,4.99,,,,,до $5,не указано
2907310,Little duck adventure,0,True,False,False,False,1718964802,1,100,['LetiGames'],['LetiGames'],"['Multiplayer', 'Puzzle', 'Cute', 'Casual', 'Relaxing', 'Logic', 'Voxel', 'Local Co-Op', 'Family Friendly', 'Funny', 'Indie', 'Mystery', 'Linear', 'Local Multiplayer', '3D', 'Co-op']",2024-06-21 10:13:22,False,2024–25,,1166,False,1.99,,,,,до $5,не указано
2907620,Trench Defender,0,True,False,False,False,1715623382,2,100,['Chim Ruoi Games'],['Chim Ruoi Games'],"['Action', 'Shooter', 'FPS', '3D', 'First-Person', 'Military', 'War', 'Combat', 'Violent', 'PvE', 'Gore', 'Indie', 'Co-op', 'Multiplayer', 'Singleplayer']",2024-05-13 18:03:02,False,2024–25,2.0,1468,False,1.99,,,,,до $5,2
2908120,One Boss One Fight,0,True,False,False,False,1732819315,31,80,['mrTodo'],['mrTodo'],"['Action Roguelike', 'Roguelite', 'Indie', 'Action', 'Roguelike', 'Singleplayer', 'Difficult', 'Souls-like', 'Replay Value', 'Controller', 'Combat', 'Dark Fantasy', 'Co-op', 'Isometric', 'Loot', 'PvE', 'Atmospheric', 'Multiplayer', 'Fantasy', 'Crafting']",2024-11-28 18:41:55,False,2024–25,,1571,True,9.99,,,,,$5–9.99,не указано
2909140,Unknown Rules,0,True,False,True,False,1716967335,6,16,['非想天'],['风山渐'],"['3D', 'First-Person', 'Horror', 'Thriller', 'Story Rich', 'Co-op', 'Online Co-Op', 'Early Access', 'Indie', 'Action', 'Multiplayer']",2024-05-29 07:22:15,False,2024–25,4.0,3694,True,10.23,,,,,$10–14.99,3–4
2909720,Mirage: A Biplane Adventure,0,True,False,False,False,1713502494,1,0,['OliDo Games'],['Blitzwood'],"['Adventure', 'Action', 'Arcade', 'Action-Adventure', 'Shooter', 'Combat Racing', 'Third-Person Shooter', '3D', 'Split Screen', 'Realistic', 'Third Person', 'Flight', 'Controller', 'Combat', 'Open World', 'Local Co-Op', 'Singleplayer', 'Indie']",2024-04-19 04:54:54,False,2024–25,,1233,True,9.99,,,,,$5–9.99,не указано
2909960,Kopi,0,True,False,True,False,1753273356,6,50,['Dream on a Stick Limited'],['Dream on a Stick Limited'],"['Cozy', 'Cooking', 'Co-op', 'Multiplayer', 'Cute', 'Stylized', '3D', 'Casual', 'Family Friendly', 'Arcade', 'Local Co-Op', 'Online Co-Op', 'Top-Down', 'Cartoony', 'Colorful', 'Singleplayer', 'Local Multiplayer', 'Resource Management', 'Sandbox', 'Simulation']",2025-07-23 12:22:36,False,2024–25,,1648,False,10.99,,,,,$10–14.99,не указано
2910950,Purpose Calling,0,True,False,False,False,1714053638,0,0,['Animation Elevated'],['Animation Elevated'],"['Action', 'Adventure', 'Action-Adventure', '2D Platformer', '2.5D', 'Cartoony', 'Family Friendly', 'Futuristic', 'Old School', 'Sci-fi', 'Controller', 'Indie', 'Linear', 'PvE', 'Local Co-Op', 'Local Multiplayer', 'Singleplayer']",2024-04-25 14:00:38,False,2024–25,,2091,False,17.99,,,,,$15–19.99,не указано
2912430,Platypus Reclayed,0,True,False,False,False,1758178605,644,99,['Claymatic Games'],['Claymatic Games'],"['Shooter', 'Co-op', 'Moddable', 'Stylized', ""Shoot 'Em Up"", '2D', 'Bullet Hell', 'Local Co-Op', 'Cartoon', 'Colorful', 'Indie', 'Action', 'Retro', 'Old School', 'Arcade', 'Side Scroller', 'Family Friendly', 'Cute', 'Local Multiplayer', 'Controller']",2025-09-18 06:56:45,False,2024–25,2.0,2894,True,14.99,21.3,3.55,,,$10–14.99,2
2914170,Land of Mushrooms,0,True,False,False,False,1730398782,2,100,['Source Byte'],['Source Byte'],"['Action', 'Relaxing', 'Racing', 'Colorful', 'Cute', 'Funny', 'Platformer', 'Family Friendly', 'Arcade', 'Idler', 'Abstract', 'Roguelike', 'Anime', '2D', 'Cartoony', 'Fantasy', 'Atmospheric', 'Physics', 'Local Co-Op', 'Nature']",2024-10-31 18:19:42,False,2024–25,2.0,1204,True,1.99,,,,,до $5,2
2917630,Threads of War,0,True,False,False,False,1755172831,45,97,['KoS'],['KoS'],"['Roguelite', 'Tanks', 'Action Roguelike', 'Historical', 'Perma Death', 'Vehicular Combat', 'Arcade', ""Shoot 'Em Up"", 'Co-op', 'Bullet Hell', 'Shooter', 'Tactical', 'Military', 'Action', 'Roguelike', 'Top-Down', 'Pixel Graphics', 'Action RPG', 'Controller', 'Local Co-Op']",2025-08-14 12:00:31,False,2024–25,2.0,3258,False,4.99,,,,,до $5,2
2918440,Rogue Tanks,0,True,False,False,False,1730466940,6,100,['Clayton Games'],['Clayton Games'],"['Action', 'Action-Adventure', 'Co-op', 'Action Roguelike', 'Shooter', 'Family Friendly', 'Top-Down Shooter', 'Tanks', ""Shoot 'Em Up"", 'Adventure', 'Arena Shooter', 'Colorful', 'Top-Down', 'PvP', 'Combat', 'Co-op Campaign', 'Local Co-Op', 'Local Multiplayer', 'Vehicular Combat', 'Controller']",2024-11-01 13:15:40,False,2024–25,4.0,2931,True,4.99,,,,,до $5,3–4
2919780,Hop Man,0,True,False,False,False,1714251740,2,100,['Dark Shine Game Studio'],['Dark Shine Game Studio'],"['Precision Platformer', 'Local Co-Op', '3D Platformer', 'Parkour', 'Multiplayer', 'Difficult', 'Platformer', '3D', 'Third Person', 'Surreal', 'Open World', 'Casual', 'Psychological Horror', 'Fantasy', 'Adventure', 'Atmospheric', 'Supernatural', 'Singleplayer', 'Local Multiplayer', 'Online Co-Op']",2024-04-27 21:02:20,False,2024–25,,624,False,4.99,,,,,до $5,не указано
2920510,Werewolf Party,0,True,False,False,False,1752253226,56,89,['Absam Studios'],['Absam Studios'],"['Horror', 'Online Co-Op', 'Co-op', 'Physics', 'Comedy', 'Multiplayer', '3D', 'Social Deduction', 'Stealth', 'Action', 'First-Person', 'Perma Death', 'Exploration', 'Survival', 'Party Game', 'Party-Based RPG', 'Casual', 'Indie', 'Strategy', 'RPG']",2025-07-11 17:00:26,False,2024–25,12.0,4175,False,7.99,,,,,$5–9.99,9+
2920600,Catch the Vandal,0,True,False,False,False,1720808365,16,81,['Doorway Mountain Studios'],['Doorway Mountain Studios'],"['Casual', '3D', 'Team-Based', 'Third Person', 'Online Co-Op', 'Stealth', 'Detective', 'Hidden Object', 'Crime', 'Co-op', 'Strategy', 'Indie', 'Multiplayer', 'Real Time Tactics', 'Colorful', 'Family Friendly', 'Investigation', 'PvP', 'Military']",2024-07-12 18:19:25,False,2024–25,8.0,1185,False,2.99,,,,,до $5,5–8
2921020,Breaking Bricks,0,True,False,False,False,1720629411,2,100,['PProgrammer'],['PProgrammer'],"['Casual', 'Arcade', '2D', 'Colorful', ""1990's"", 'Space', 'Controller', 'Linear', 'Indie', 'Local Co-Op', 'Singleplayer', '2D Platformer', '1980s', 'Atmospheric', 'Relaxing', 'Retro', 'Co-op', 'Multiplayer', 'Local Multiplayer']",2024-07-10 16:36:51,False,2024–25,,306,False,0.99,,,,,до $5,не указано
2923430,Multiplayer Spiders,0,True,False,False,False,1713521283,16,50,['Archor Games'],['Archor Wright'],"['Action', 'Action-Adventure', 'Collectathon', '3D', 'Stealth', 'Co-op', 'Multiplayer', 'Online Co-Op', 'Singleplayer']",2024-04-19 10:08:03,False,2024–25,,828,False,0.99,,,,,до $5,не указано
2923640,Dragenas,0,True,False,False,False,1755552315,5,100,['Pellets'],['Pellets'],"['Action', 'Action-Adventure', 'Pixel Graphics', ""1990's"", 'Retro', 'Fantasy', 'Minimalist', '1980s', 'Atmospheric', 'Female Protagonist', 'Nonlinear', '2D', '2D Platformer', 'Arcade', 'Co-op', 'Local Co-Op', 'Singleplayer', 'Indie', 'Multiplayer', 'Local Multiplayer']",2025-08-18 21:25:15,False,2024–25,,1579,False,12.99,,,,,$10–14.99,не указано
2924040,Nimbusfall,0,True,False,False,False,1726236898,48,87,['DevilishGames'],['GodziPixel'],"['Souls-like', 'Action', 'Combat', 'Action-Adventure', 'Retro', 'Arcade', 'Pixel Graphics', '2D Fighter', 'Platformer', 'Local Co-Op', 'Spectacle fighter', '2D Platformer', '2D', 'Demons', 'Swordplay', 'Singleplayer', 'Old School', 'Dark Fantasy', 'Perma Death', 'Adventure']",2024-09-13 14:14:58,False,2024–25,2.0,1896,False,5.99,,,,,$5–9.99,2
2924860,Astrumis - Survive Together,0,True,False,False,False,1748278484,139,70,['Tyci'],['Tyci'],"['Indie', 'Horror', 'Co-op Campaign', 'Sci-fi', 'Online Co-Op', 'Co-op', 'Stealth', 'Action-Adventure', 'Aliens', 'Dark', 'Dynamic Narration', 'Multiplayer', 'Realistic', '3D', 'First-Person', 'Futuristic', 'Linear', 'Survival Horror', 'Adventure', 'Casual']",2025-05-26 16:54:44,False,2024–25,2.0,1288,True,9.99,14.4,2.4,,,$5–9.99,2
2925490,Into the M.A.W.,0,True,False,False,False,1750691022,11,100,['Moonrise Studios'],['Moonrise Studios'],"['Co-op', 'Co-op Campaign', 'Online Co-Op', 'Space', 'Vehicular Combat', 'Space Sim', 'Action-Adventure', 'Action', 'PvE', 'Exploration', 'Choices Matter', 'Story Rich', 'Adventure', 'Sci-fi', 'Multiplayer', 'Comedy', 'Class-Based', 'Multiple Endings', 'Choose Your Own Adventure', 'Time Travel']",2025-06-23 15:03:42,False,2024–25,4.0,2866,True,14.99,,,,,$10–14.99,3–4
2925990,Escape The Forest,0,True,False,False,False,1723916664,3,66,['Sheer Studios'],['Sheer Studios'],"['Exploration', 'Choose Your Own Adventure', 'Arena Shooter', 'FPS', ""Shoot 'Em Up"", 'PvE', 'Shooter', 'Action-Adventure', 'First-Person', '3D', 'Action', 'Casual', 'Realistic', 'Dark Fantasy', 'Nature', 'Adventure', 'Dark', 'Combat', 'Co-op', 'Multiplayer']",2024-08-17 17:44:24,False,2024–25,,1238,False,19.99,,,,,$15–19.99,не указано
2928280,Crime Simulator: Playgrounds,0,True,False,False,False,1715352960,278,60,"['Ultimate Games S.A.', 'PlayWay S.A.']",['Ultimate Games S.A.'],"['Action', 'Multiplayer', 'Heist', 'First-Person', 'Crime', 'Online Co-Op', 'Co-op', 'Co-op Campaign', 'Singleplayer', 'Action-Adventure', 'Driving', 'FPS', 'Funny', 'Hacking', 'Immersive', 'Life Sim', 'Open World', 'Simulation', 'Realistic', 'Free to Play']",2024-05-10 14:56:00,False,2024–25,4.0,1478,False,1.99,100.0,2.7,,,до $5,3–4
2928940,Yarn Guardians,0,True,False,False,False,1755186869,14,100,['pentapaw studios'],['pentapaw studios'],"['Cute', 'Cats', 'Action-Adventure', '2D Platformer', 'Colorful', 'Anime', 'Family Friendly', 'Hand-drawn', 'Local Co-Op', '4 Player Local', 'Co-op Campaign', 'Co-op', 'Local Multiplayer', 'Comedy', 'Funny', 'Twin Stick Shooter', ""Shoot 'Em Up"", 'Metroidvania', 'Hack and Slash', 'Singleplayer']",2025-08-14 15:54:29,False,2024–25,4.0,1174,True,14.99,,,,,$10–14.99,3–4
2930170,Sheep Sweep,0,True,False,False,False,1750504665,4,100,['Elegant Horse Studios'],['Elegant Horse Studios'],"['Family Friendly', 'Local Co-Op', 'Puzzle Platformer', 'Animals', 'Casual', 'Cute', 'Physics', 'Puzzle', 'Collectathon', 'Wholesome', 'Co-op Campaign', 'Co-op', 'Funny', 'Colorful', '3D Platformer', 'Singleplayer', 'Adventure', 'Minigames', 'Linear', 'Controller']",2025-06-21 11:17:45,False,2024–25,2.0,1070,False,9.99,,,,,$5–9.99,2
2933080,Crime Boss: Rockay City,0,True,False,False,False,1718721960,8629,68,['505 Games'],['INGAME STUDIOS'],"['Action', 'Shooter', 'Co-op', 'Multiplayer', 'FPS', 'Heist', 'Crime', 'Action Roguelike', 'Singleplayer', 'Online Co-Op', 'Looter Shooter', 'Realistic', 'Tactical', '3D', 'PvE', 'Combat', 'Team-Based', 'Stealth', 'Funny', ""1990's""]",2024-06-18 14:46:00,False,2024–25,4.0,2250,False,19.99,49.0,15.4,,,$15–19.99,3–4
2934630,Harvest Hustlers,0,True,False,True,False,1723707316,1,0,['Umami Games'],['Umami Games'],"['Local Co-Op', 'Casual', 'Multiplayer', 'Local Multiplayer', 'Co-op', 'Farming Sim', 'Action', 'Colorful', 'Cute', 'Farming', 'Agriculture', 'Cooking', 'Family Friendly', 'Funny', 'Controller', '4 Player Local', 'Singleplayer', 'Co-op Campaign', 'Simulation', 'Female Protagonist']",2024-08-15 07:35:16,False,2024–25,4.0,1370,False,9.99,,,,,$5–9.99,3–4
2935670,HAPPY ZONE - Battle Royale,0,True,False,False,False,1743066094,5,80,['ost nobodyshot'],['Prtyroom'],"['Action', 'Action RPG', 'Battle Royale', 'MMORPG', 'Shooter', 'Arena Shooter', 'Bullet Hell', 'FPS', 'Wargame', '3D', 'Colorful', 'Indie', 'Atmospheric', 'PvP', 'Co-op', 'Multiplayer', 'Online Co-Op']",2025-03-27 09:01:34,False,2024–25,12.0,1008,True,0.99,,,,,до $5,9+
2936130,5 Minute Raid,0,True,False,False,False,1732867387,53,90,['MoMong'],['MoMong'],"['Party Game', 'Multiplayer', 'PvP', 'Online Co-Op', 'Casual', 'Co-op', 'Team-Based', 'Roguelite', 'Action', 'Arcade', 'Hack and Slash', 'Combat', '2.5D', 'Indie', 'Cute', 'Pixel Graphics', 'Fantasy', 'Retro', 'Bullet Hell']",2024-11-29 08:03:07,False,2024–25,3.0,1044,False,4.99,,,,,до $5,3–4
2936440,Casual Sport Series: Hockey,0,True,False,False,False,1728663530,6,33,['Revulo Games'],['Revulo Games'],"['Immersive Sim', 'Sports', 'Hockey', 'PvP', 'Arcade', 'eSports', '3D', 'Cute', 'Casual', 'Stylized', 'Colorful', 'Physics', 'Cartoon', 'Co-op', 'Local Co-Op', 'Multiplayer', 'Singleplayer', '4 Player Local', 'Local Multiplayer', 'Indie']",2024-10-11 16:18:50,False,2024–25,,1085,False,5.99,,,,,$5–9.99,не указано
2939640,Broventure: The Wild Co-op,0,True,False,False,False,1747314027,399,71,['Alice Games'],['Alice Games'],"['Action Roguelike', 'Co-op', 'Stylized', 'Arena Shooter', 'Roguelike', 'Bullet Hell', 'Roguelite', 'Action', 'Co-op Campaign', '2D', 'Online Co-Op', 'Combat', 'Multiplayer', 'PvE', 'Procedural Generation', ""Shoot 'Em Up"", 'Singleplayer', 'Adventure', 'Bullet Heaven', 'Score Attack']",2025-05-15 13:00:27,False,2024–25,4.0,2003,False,4.99,18.4,13.8,,,до $5,3–4
2939850,Meadow Assault,0,True,False,False,False,1723236770,1,0,['NordicBrother'],['NordicBrother'],"['Adventure', 'Online Co-Op', 'Multiplayer', 'Exploration', 'Co-op', 'Outbreak Sim', 'Puzzle', 'Action', 'Survival', 'Cartoony', 'Sandbox', 'Action-Adventure', 'FPS', ""Shoot 'Em Up"", '3D', 'Colorful', 'Cute', 'Agriculture', 'PvP', 'PvE']",2024-08-09 20:52:50,False,2024–25,4.0,1452,False,6.99,,,,,$5–9.99,3–4
2940700,Bagel,0,True,False,False,False,1715711107,1,0,['Old Thief Studio'],['Bahadir NURAL'],"['Action', 'Adventure', 'Action-Adventure', 'Arcade', 'Battle Royale', 'Hack and Slash', 'Colorful', 'Stylized', 'Third Person', 'Funny', 'Tactical', 'PvP', 'Combat', 'Massively Multiplayer', 'Co-op', 'Multiplayer', 'Online Co-Op', 'Competitive', 'Indie']",2024-05-14 18:25:07,False,2024–25,,2596,False,7.99,,,,,$5–9.99,не указано
2942470,GLOBAL ELITE,0,True,False,True,False,1725469930,3,100,['Stufco'],['Stufco'],"['Casual', 'Auto Battler', 'Action Roguelike', 'Local Co-Op', '2D', 'Action', 'Pixel Graphics', 'Roguelite', 'Top-Down', 'Old School', 'Retro', 'Score Attack', 'Controller', 'Singleplayer', 'Cartoony', 'Family Friendly', '4 Player Local', 'Co-op', 'Co-op Campaign', 'Local Multiplayer']",2024-09-04 17:12:10,False,2024–25,,1084,False,4.99,,,,,до $5,не указано
2943100,Better With A Friend,0,True,False,False,False,1724039070,13,100,['Geert Verhoeff'],['Geert Verhoeff'],"['Casual', 'Hand-drawn', 'Local Multiplayer', 'Puzzle', '2D', 'Cartoony', 'Family Friendly', 'Board Game', 'Word Game', 'Relaxing', 'Retro', 'PvP', 'Local Co-Op', 'Co-op', 'Multiplayer', 'Tennis', 'Trivia', 'Cute', 'Action', 'Minimalist']",2024-08-19 03:44:30,False,2024–25,,1154,True,3.99,,,,,до $5,не указано
2945730,Purrgonia,0,True,False,False,False,1734616757,2,50,['MedveDUR'],"['MedveDUR', 'StvDEV.PRO']","['Action Roguelike', 'Choices Matter', 'Action-Adventure', 'Co-op', 'Exploration', 'Colorful', 'Story Rich', 'Multiple Endings', 'Character Customization', 'Family Friendly', 'RPG', '3D', 'Cute', 'Casual', 'Lore-Rich', 'Stylized', 'Cats', 'Roguelite', 'Fantasy', 'Medieval']",2024-12-19 13:59:17,False,2024–25,16.0,1844,False,4.99,,,,,до $5,9+
2948380,Bachelairs,0,True,False,False,False,1739974234,29,86,['Sokpop Collective'],['Sokpop Collective'],"['Action Roguelike', 'Exploration', 'Dungeon Crawler', 'PvP', 'Arcade', 'PvE', 'Action-Adventure', '2D', 'Cute', 'Controller', 'Action', 'Procedural Generation', 'Pixel Graphics', 'Family Friendly', 'Cartoon', 'Fantasy', 'Medieval', 'Combat', 'Co-op', 'Hack and Slash']",2025-02-19 14:10:34,False,2024–25,,1198,False,4.99,,,,,до $5,не указано
2949110,Click on spanners together,0,True,False,False,False,1715686650,7,85,['Click on things together'],['&amp;y'],"['Casual', 'Multiplayer', 'Hidden Object', 'Cartoon', 'Point & Click', 'Abstract', 'Comic Book', 'Hand-drawn', 'Family Friendly', '2D', 'Fantasy', 'PvP', 'Co-op', 'Local Co-Op', 'Singleplayer', 'Local Multiplayer', 'Creature Collector', 'Relaxing', 'Indie']",2024-05-14 11:37:30,False,2024–25,,2738,False,0.99,,,,,до $5,не указано
2949320,Ratatan,0,True,False,True,False,1758207610,2453,85,['Game Source Entertainment'],"['TVT Co. Ltd.', 'Ratata Arts']","['Indie', 'Music', 'Anime', 'Roguelike', 'Cute', 'Rhythm', '2D', '2D Platformer', 'Online Co-Op', 'Co-op', 'Relaxing', 'Comedy', 'Multiplayer', 'Action', 'Early Access', 'Singleplayer', 'Adventure', 'RPG', 'Casual', 'Action Roguelike']",2025-09-18 15:00:10,False,2024–25,4.0,1589,False,24.99,13.6,13.8,,,$20+,3–4
2950190,BloodLight,0,True,False,True,False,1719249829,31,12,['Galactic Games'],['Galactic Games'],"['Action', 'Horror', 'Multiplayer', 'Adventure', '3D', 'Realistic', 'First-Person', 'Atmospheric', 'Modern', 'Online Co-Op', 'Co-op', 'Lore-Rich', 'Story Rich', 'Singleplayer', 'Gore', 'Psychological Horror', 'Action-Adventure', 'Exploration', 'Early Access', 'Survival Horror']",2024-06-24 17:23:49,False,2024–25,5.0,1936,True,9.99,,,,,$5–9.99,5–8
2953810,Coal Road,0,True,False,False,False,1717806502,3,100,['BUstation'],['BUstation'],"['Adventure', 'Action', 'Shooter', 'Platformer', 'Arcade', '2D Platformer', 'Side Scroller', ""Shoot 'Em Up"", '2D', 'Pixel Graphics', 'Indie', 'Zombies', 'Combat', 'Linear', 'Singleplayer', 'Local Co-Op']",2024-06-08 00:28:22,False,2024–25,,1271,False,2.99,,,,,до $5,не указано
2958950,Elemental Showdown,0,True,False,False,False,1741645833,5,100,['Grumpy Duck Games'],['Grumpy Duck Games'],"['4 Player Local', 'Multiplayer', 'Casual', 'Party Game', 'Action', 'Funny', 'Family Friendly', 'Fighting', 'Local Multiplayer', 'Co-op', 'Party', 'Cute', 'Indie', 'Colorful', 'Comedy', 'PvP', '3D Fighter', 'Local Co-Op', 'Online Co-Op']",2025-03-10 22:30:33,False,2024–25,4.0,1551,False,7.99,,,,,$5–9.99,3–4
2959560,Echoes Afterfall,0,True,False,True,False,1730820437,3,33,['Federico Figone'],['Federico Figone'],"['Online Co-Op', 'Procedural Generation', 'Horror', 'First-Person', 'Survival Horror', 'Psychological Horror', 'Adventure', 'Dungeon Crawler', 'Co-op', 'Post-apocalyptic', 'FPS', 'Sci-fi', '3D', 'Dark', 'PvE', 'Action', 'Multiplayer', 'Singleplayer', 'Violent', 'Early Access']",2024-11-05 15:27:17,False,2024–25,3.0,1745,False,7.99,,,,,$5–9.99,3–4
2960070,The Limb,0,True,False,True,False,1730433538,5,0,['Telecom Soft'],['Telecom Soft'],"['Action', 'Horror', 'Online Co-Op', 'Multiplayer', 'Casual', 'Singleplayer', '3D', 'Co-op', 'Survival Horror', 'Psychological Horror', 'Exploration', 'First-Person', 'Logic', 'Puzzle', 'Atmospheric', 'Dark', 'Team-Based', 'PvE', 'Indie', 'Early Access']",2024-11-01 03:58:58,False,2024–25,4.0,1765,True,3.99,,,,,до $5,3–4
2960540,PeakPals,0,True,False,True,False,1723818664,15,86,['Kyrsoft Studios'],['Kyrsoft Studios'],"['Precision Platformer', '3D', 'Stylized', 'Third Person', 'Action', 'Singleplayer', 'Platformer', 'Arcade', 'Indie', 'Difficult', '3D Platformer', 'Parkour', 'Surreal', 'Funny', 'Linear', 'Early Access', 'Adventure', 'Score Attack', 'Co-op', 'Online Co-Op']",2024-08-16 14:31:04,False,2024–25,6.0,1278,False,4.99,,,,,до $5,5–8
2960770,The Anomaly Project,0,True,False,False,False,1732207901,534,81,['Kekdot'],['Kekdot'],"['Online Co-Op', 'Horror', 'Psychological Horror', 'Multiplayer', 'Co-op', 'First-Person', 'Psychological', 'Adventure', 'Casual', 'Walking Simulator', 'Mystery', 'Exploration', '3D', 'Atmospheric', 'Surreal', 'Choices Matter', 'Hidden Object', 'Singleplayer', 'Indie', 'Early Access']",2024-11-21 16:51:41,False,2024–25,8.0,2057,False,7.99,57.6,4.1,,,$5–9.99,5–8
2961530,Fears to Fathom - Woodbury Getaway,0,True,False,False,False,1726149631,3481,86,['Rayll Studios'],['Rayll Studios'],"['Psychological Horror', 'Adventure', 'Horror', 'First-Person', 'Casual', 'Atmospheric', ""1990's"", 'Walking Simulator', 'Exploration', 'Crime', 'Mystery', 'Singleplayer', 'Female Protagonist', 'Indie', 'Dialogue Heavy', 'Driving', 'Episodic', 'Multiplayer', 'Fishing', 'Co-op']",2024-09-12 14:00:31,False,2024–25,,1040,False,9.99,25.2,3.2,,,$5–9.99,не указано
2962150,Happy Sawland,0,True,False,False,False,1718982050,2,100,['Sawland Games'],['Sawland Games'],"['2D Platformer', 'Online Co-Op', 'Multiplayer', 'Pixel Graphics', 'Character Customization', 'Difficult', 'Singleplayer', 'Adventure', 'Controller', 'Family Friendly', 'Colorful', 'Precision Platformer', 'Platformer', 'Linear', 'Retro', 'Arcade', '2D', 'Cyberpunk', 'Casual', 'Cats']",2024-06-21 15:00:50,False,2024–25,,1341,True,4.99,,,,,до $5,не указано
2963720,The Memory Thieves,0,True,False,True,False,1730876033,40,80,['Otherside Studio'],['Otherside Studio'],"['Perma Death', 'Early Access', 'Heist', 'Difficult', 'Psychological Horror', 'Procedural Generation', 'Fantasy', 'Horror', 'Dark', 'Adventure', 'Online Co-Op', 'Multiplayer', 'Hidden Object', 'Stealth', 'Action-Adventure', 'Exploration', 'FPS', 'First-Person', '3D', 'Cinematic']",2024-11-06 06:53:53,False,2024–25,4.0,2153,False,6.99,,,,,$5–9.99,3–4
2963880,Murky Divers,0,True,False,False,False,1734025856,3994,87,['Embers'],['Embers'],"['Horror', 'Multiplayer', 'Funny', 'Online Co-Op', 'First-Person', 'Underwater', 'Exploration', 'Psychological Horror', 'Survival Horror', 'Dungeon Crawler', 'Procedural Generation', 'Time Management', 'Loot', 'Sci-fi', 'PvE', 'Character Customization', 'Atmospheric', 'Action-Adventure', 'Mystery', 'Action']",2024-12-12 17:50:56,False,2024–25,8.0,1901,False,8.99,14.2,7.2,,,$5–9.99,5–8
2965380,Relaxing Simulator,0,True,False,False,False,1716551464,30,86,['Witte Studio'],['Witte Studio'],"['Exploration', 'Immersive Sim', 'Survival', 'Life Sim', 'Nature', 'Relaxing', 'Funny', '3D', 'Cute', 'Colorful', 'Online Co-Op', 'Platformer', 'Realistic', 'First-Person', 'PvE', 'Text-Based', 'Atmospheric', 'Memes', 'Sandbox', 'Comedy']",2024-05-24 11:51:04,False,2024–25,,1261,False,3.99,,,,,до $5,не указано
2965660,PILGRIM,0,True,False,True,False,1717178524,3228,69,['DESPERATE MEASURES'],['DESPERATE MEASURES'],"['Horror', 'Exploration', 'Dungeon Crawler', 'PvE', 'Action-Adventure', '3D', 'First-Person', 'Dark Comedy', 'Dark Humor', 'Post-apocalyptic', 'Psychological Horror', 'Medieval', 'Action', 'Procedural Generation', 'Adventure', 'Co-op', 'Dark', 'Survival Horror', 'Combat', 'Multiplayer']",2024-05-31 18:02:04,False,2024–25,,2400,False,7.99,57.7,8.8,,,$5–9.99,не указано
2966150,Magic Venue,0,True,False,False,False,1720823271,14,92,['DeadPixel'],['Buddy 8'],"['Action Roguelike', 'Bullet Hell', 'Roguelite', 'PvE', 'Roguelike', 'Character Customization', '2.5D', '2D', '3D', 'Action', 'Top-Down', 'Colorful', 'Stylized', 'Pixel Graphics', 'Fantasy', 'Dark Fantasy', 'Medieval', 'Magic', 'Survival', 'Local Co-Op']",2024-07-12 22:27:51,False,2024–25,4.0,1004,False,4.99,,,,,до $5,3–4
2976160,Yark Survivors,0,True,False,True,False,1724342012,42,85,['Vivid Interactive'],['KoboldDev'],"['3D', 'Cute', 'Top-Down', 'Cartoony', 'PvE', 'Family Friendly', 'Magic', 'Hack and Slash', 'Fantasy', 'Medieval', 'Female Protagonist', 'Combat', 'Controller', 'Action Roguelike', 'Multiplayer', 'Action', 'Casual', 'Singleplayer', 'Indie', 'Co-op']",2024-08-22 15:53:32,False,2024–25,4.0,1291,False,1.99,,,,,до $5,3–4
2976900,Unpossess: Exorcism Simulator,0,True,False,False,False,1742574827,373,69,['Chreseeba Games'],['Chreseeba Games'],"['Supernatural', 'Psychological Horror', 'Multiplayer', 'Horror', 'Co-op', 'Demons', 'Dark', 'Online Co-Op', 'Thriller', 'Realistic', 'Survival Horror', 'Adventure', 'Dark Fantasy', 'Simulation', 'Action', 'Atmospheric', 'Exploration', 'Immersive Sim', 'Investigation', 'Action-Adventure']",2025-03-21 16:33:47,False,2024–25,,1279,False,14.99,14.2,2.7,,,$10–14.99,не указано
2978020,Artificial Division,0,True,False,True,False,1719608455,1,0,['Mobster'],['Mobster'],"['Online Co-Op', 'Shooter', 'Looter Shooter', 'Boomer Shooter', 'Dystopian ', 'Atmospheric', 'Casual', 'First-Person', 'Third Person', 'Action', 'Action-Adventure', 'Walking Simulator', 'FPS', 'Third-Person Shooter', 'Realistic', 'Futuristic', 'Cyberpunk', 'Dark', 'Investigation', 'Modern']",2024-06-28 21:00:55,False,2024–25,,791,False,1.99,,,,,до $5,не указано
2978950,Mini Dungeon,0,True,False,True,False,1731167094,0,0,['Metuzals Games'],['Metuzals Games'],"['Action', 'Casual', '2D Fighter', 'Action RPG', '2D Platformer', '2D', 'Fantasy', 'Tactical', 'Class-Based', 'Combat', 'Indie', 'Early Access', 'Controller', '4 Player Local', 'Co-op', 'Local Co-Op', 'Singleplayer']",2024-11-09 15:44:54,False,2024–25,,603,False,8.99,,,,,$5–9.99,не указано
2980580,ASTRODRIFTER,0,True,False,False,False,1721121157,5,60,['thetobias'],['thetobias'],"['Action', 'Action Roguelike', 'Arcade', 'Shooter', '2.5D', 'Top-Down', 'Aliens', 'Futuristic', 'Old School', 'Sci-fi', 'Controller', 'PvE', 'Local Co-Op', 'Singleplayer', 'Roguelite', ""Shoot 'Em Up"", 'Top-Down Shooter', 'Flight', 'Space', 'War']",2024-07-16 09:12:37,False,2024–25,,1074,False,1.99,,,,,до $5,не указано
2980660,Click on ladybugs together,0,True,False,False,False,1717160512,6,100,['Click on things together'],['&amp;y'],"['Casual', 'Hidden Object', 'Hand-drawn', 'Family Friendly', 'Co-op', 'Local Co-Op', 'Online Co-Op', 'Multiplayer', 'Singleplayer', 'Indie', 'Local Multiplayer', 'PvP', 'Space']",2024-05-31 13:01:52,False,2024–25,,2746,False,0.99,,,,,до $5,не указано
2981080,LOST LIGHT: Bright mates,0,True,False,False,False,1717728631,29,48,['KIMIDORI SOFT'],['KIMIDORI SOFT'],"['Precision Platformer', '3D Platformer', 'Platformer', 'Action-Adventure', '3D', 'Action', 'Relaxing', 'Controller', 'Casual', 'Realistic', 'Adventure', 'Atmospheric', 'Physics', 'Modern', 'Online Co-Op', 'Singleplayer', 'Multiplayer', 'Co-op']",2024-06-07 02:50:31,False,2024–25,10.0,2027,False,3.99,,,,,до $5,9+
2982100,Fish-Click Squad!,0,True,False,False,False,1742788595,28,92,['Cool Car Studio'],['Cool Car Studio'],"['Creature Collector', 'Multiplayer', 'Incremental', 'Idler', 'Collectathon', 'Underwater', 'Relaxing', 'Casual', '2D', 'Cute', 'Cartoony', 'Online Co-Op', 'Party', 'Indie', 'Singleplayer', 'Simulation', 'Co-op']",2025-03-24 03:56:35,False,2024–25,,1249,True,2.99,,,,,до $5,не указано
2986340,Flood,0,True,False,False,False,1757347634,9,100,['SCHIZO GAMES'],['SCHIZO GAMES'],"['Multiplayer', 'Action', 'Battle Royale', 'Physics', 'Character Customization', 'Indie', 'PvP', 'Funny', 'Casual', '3D', 'Combat', 'Colorful', 'First-Person', 'Arcade', 'Family Friendly', 'Cute', 'Stylized', 'Online Co-Op', '3D Platformer', 'Co-op']",2025-09-08 16:07:14,False,2024–25,8.0,776,False,6.99,,,,,$5–9.99,5–8
2987070,All About Maze,0,True,False,False,False,1734683053,4,100,['Bug Farmer Games'],['Bug Farmer Games'],"['Local Multiplayer', 'Arcade', '2D', 'Top-Down', 'Relaxing', 'Casual', 'Controller', 'Procedural Generation', 'Colorful', 'Minimalist', 'Pixel Graphics', 'Family Friendly', 'Score Attack', '1980s', 'Old School', 'Retro', '4 Player Local', 'Co-op', 'Local Co-Op', 'Singleplayer']",2024-12-20 08:24:13,False,2024–25,,674,False,3.99,,,,,до $5,не указано
2987170,WolfFang SkullFang Saturn Tribute Boosted,0,True,False,False,False,1730300417,13,69,['CITY CONNECTION'],['CITY CONNECTION'],"['Action', 'Arcade', 'Shooter', '2D Platformer', ""Shoot 'Em Up"", '2D', 'Pixel Graphics', ""1990's"", 'Sci-fi', 'Retro', 'Robots', 'War', 'Futuristic', 'Character Customization', 'Multiple Endings', 'Story Rich', 'Singleplayer', 'Multiplayer', 'Local Multiplayer', 'Local Co-Op']",2024-10-30 15:00:17,False,2024–25,,2790,False,19.99,,,,,$15–19.99,не указано
2990300,Snake Crossing,0,True,False,False,False,1717757139,4,100,['Gamelet'],['Haska Su'],"['Casual', 'Auto Battler', 'Arcade', '2D', 'Top-Down', 'Cartoony', 'Cute', 'Artificial Intelligence', 'Comedy', 'Underwater', 'Hunting', 'Dragons', 'PvP', 'Quick-Time Events', 'Combat', 'PvE', 'Singleplayer', 'Multiplayer', 'Co-op', 'Indie']",2024-06-07 10:45:39,False,2024–25,,994,False,2.99,,,,,до $5,не указано
2992700,Reflex Unit: Strike Ops,0,True,False,False,False,1753924449,76,82,['ROBOSARU Games'],['ROBOSARU Games'],"['Flight', 'Vehicular Combat', '1980s', 'Singleplayer', 'Action', 'Isometric', 'Top-Down Shooter', 'Wargame', 'Nostalgia', 'Twin Stick Shooter', 'Retro', '3D', 'Co-op', 'Multiplayer', 'Shooter', 'PvP', 'Arcade', 'Strategy', 'Controller', 'Tactical']",2025-07-31 01:14:09,False,2024–25,,2189,True,15.99,,,,,$15–19.99,не указано
2993080,Survive In Ankara,0,True,False,False,False,1717749359,2,50,['Zombie Developer'],['Zombie Developer'],"['Action', 'Casual', 'Adventure', 'Action-Adventure', 'Action Roguelike', 'Roguelike', 'Colorful', 'Survival', 'Tactical', 'Character Customization', 'PvE', '4 Player Local', 'Co-op', 'Co-op Campaign', 'Singleplayer', 'Local Co-Op', 'Local Multiplayer', 'Online Co-Op', 'Multiplayer', 'Indie']",2024-06-07 08:35:59,False,2024–25,,758,False,4.99,,,,,до $5,не указано
2996040,Teenage Mutant Ninja Turtles: Splintered Fate,0,True,False,False,False,1730908982,4169,83,['Super Evil Megacorp'],['Super Evil Megacorp'],"['Co-op', 'Action Roguelike', 'Multiplayer', 'PvE', 'Adventure', 'Action', 'Story Rich', 'Controller', '2.5D', 'Local Co-Op', 'Strategy', 'Roguelite', 'Hack and Slash', ""Beat 'em up"", 'Dungeon Crawler', 'Co-op Campaign', 'RPG', 'Action RPG', 'Singleplayer', 'Fighting']",2024-11-06 16:03:02,False,2024–25,,1797,False,29.99,45.8,23.85,8852452.0,2123.0,$20+,не указано
2996320,X Run 3,0,True,False,False,False,1721893425,19,68,['Andy Law'],['Andy Law'],"['Parkour', '2D', '4 Player Local', 'Local Multiplayer', 'Funny', 'Casual', 'Psychedelic', 'Sports', 'Stylized', 'Action', 'Runner', '2D Platformer', 'Side Scroller', 'Precision Platformer', '1980s', 'Level Editor', 'Physics', 'Local Co-Op', 'Platformer', 'Singleplayer']",2024-07-25 07:43:45,False,2024–25,5.0,1611,False,8.99,,,,,$5–9.99,5–8
2998970,Summon: Joint escape,0,True,False,False,False,1727956804,309,66,['Goosix Games'],['Goosix Games'],"['Action', 'Adventure', 'Co-op', 'Memes', 'Online Co-Op', 'Horror', 'Action-Adventure', 'Survival Horror', 'Puzzle', 'Exploration', 'Hidden Object', '3D', 'First-Person', 'Realistic', ""1990's"", 'Funny', 'Atmospheric', 'Survival', 'Open World', 'Singleplayer']",2024-10-03 12:00:04,False,2024–25,4.0,1068,False,0.99,49.0,0.8,,,до $5,3–4
2999510,Care Bears: To The Rescue,0,True,False,False,False,1729780077,54,98,['Forever Entertainment S. A.'],['Polygoat'],"['Adventure', 'Family Friendly', 'Platformer', '3D Platformer', 'Runner', 'Exploration', 'Colorful', 'Cute', 'Linear', 'PvE', 'Singleplayer', 'Multiplayer', 'Cartoon', 'Casual', 'Relaxing', 'Co-op', 'Local Co-Op', 'Local Multiplayer']",2024-10-24 14:27:57,False,2024–25,4.0,1708,True,14.99,,,,,$10–14.99,3–4
3002560,Containment Initiative 2,0,True,False,False,False,1753878575,91,85,['Gwyn Games LLC'],['Gwyn Games LLC'],"['Exploration', 'FPS', 'Shooter', 'Asymmetric VR', '3D', 'Split Screen', 'VR', 'Action', 'Post-apocalyptic', 'Gun Customization', 'Realistic', 'Military', 'Zombies', 'Atmospheric', 'Adventure', 'Survival Horror', 'Combat', 'Local Co-Op', 'Co-op Campaign', 'Looter Shooter']",2025-07-30 12:29:35,False,2024–25,,916,False,14.99,,,,,$10–14.99,не указано
3003460,Bang Bang Barrage,0,True,False,False,False,1754621502,762,95,['Spiral Up Games'],['Monkey Bread'],"['Local Multiplayer', 'Local Co-Op', 'Multiplayer', '4 Player Local', 'Co-op', 'Casual', 'Cute', 'Bullet Hell', 'Relaxing', 'Funny', 'Colorful', 'Shooter', 'Online Co-Op', 'Physics', '2D', 'Adventure', 'Cartoony', 'Singleplayer', 'Indie', 'Bullet Heaven']",2025-08-08 02:51:42,False,2024–25,,1084,False,7.99,48.4,7.0,,,$5–9.99,не указано
3004340,Beware The Ghost,0,True,False,False,False,1727839822,0,0,['Goblinagerie'],['Goblinagerie'],"['Horror', 'Local Multiplayer', 'Family Friendly', 'Split Screen', 'Supernatural', 'First-Person', '4 Player Local', 'PvE', 'PvP', 'Local Co-Op', 'Action', '3D', 'Action-Adventure', 'Top-Down', 'Stealth', 'Survival Horror', 'FPS', 'Controller', 'Tutorial', 'Singleplayer']",2024-10-02 03:30:22,False,2024–25,4.0,1246,False,9.99,,,,,$5–9.99,3–4
3005850,Click on bells together,0,True,False,False,False,1717765401,4,100,['Click on things together'],['&amp;y'],"['Casual', 'Family Friendly', 'Hidden Object', 'Hand-drawn', 'PvP', 'Co-op', 'Local Co-Op', 'Online Co-Op', 'Multiplayer', 'Indie', 'Singleplayer', 'Local Multiplayer']",2024-06-07 13:03:21,False,2024–25,,2724,False,0.99,,,,,до $5,не указано
3006450,Stickers for You,0,True,False,False,False,1718884713,10,80,['GorillaVs.'],['GorillaVs.'],"['Action', 'Difficult', 'Psychological Horror', 'Hidden Object', 'Singleplayer', '3D', 'Indie', 'Online Co-Op']",2024-06-20 11:58:33,False,2024–25,,1253,False,4.99,,,,,до $5,не указано
3008070,Mortadelo y Filemón: Una aventura de cine - Edición original,0,True,False,False,False,1719558709,2,100,['Erbe Software'],['Alcachofa Soft'],"['Adventure', 'Point & Click', 'Visual Novel', 'Puzzle', 'Cartoony', 'Comic Book', 'Hand-drawn', 'Cartoon', 'Pixel Graphics', 'Space', 'Fantasy', 'Noir', 'Survival Horror', 'Horror', 'Western', 'Story Rich', 'Choices Matter', 'Co-op', 'Singleplayer']",2024-06-28 07:11:49,False,2024–25,,1516,False,9.99,,,,,$5–9.99,не указано
3008320,Sawmill,0,True,False,False,False,1719751698,4,100,['LIVE&DEAD'],['LIVE&amp;DEAD'],"['Casual', 'Puzzle', 'Exploration', '2D', 'Realistic', 'Hand-drawn', 'Atmospheric', 'Detective', 'Story Rich', 'Gore', 'Violent', 'Linear', 'Indie', 'Multiplayer', 'Singleplayer', 'Co-op']",2024-06-30 12:48:18,False,2024–25,2.0,1564,False,0.99,,,,,до $5,2
3009010,Bad Cat Good Dog Alien Force,0,True,False,False,False,1719205242,0,0,['Daemin N'],['Daemin N'],"['Casual', 'Arcade', 'Roguelike', 'Shooter', ""Shoot 'Em Up"", 'PvE', 'Roguelite', 'Space', 'Pixel Graphics', 'Local Co-Op', '2D', 'Bullet Hell', 'Colorful', 'Funny', 'Old School', 'Retro', 'Sci-fi', 'Linear', 'Co-op Campaign', 'Singleplayer']",2024-06-24 05:00:42,False,2024–25,,799,False,4.99,,,,,до $5,не указано
3009540,The JerryMaya Detective Agency,0,True,False,False,False,1721114511,12,83,['Gro Play'],['Gro Play'],"['Co-op', 'Local Co-Op', 'Detective', 'Mystery', 'Family Friendly', 'Adventure', 'Platformer', 'Puzzle', 'Stylized', 'Comic Book', 'Education', 'Funny', 'Action', 'Investigation', 'Indie', 'Nonlinear', 'Singleplayer', 'Arcade', 'Local Multiplayer', 'Visual Novel']",2024-07-16 07:21:51,False,2024–25,,2295,False,14.99,,,,,$10–14.99,не указано
3009750,Dimensional Phobos Threat,0,True,False,True,False,1722269147,5,60,['OA Game Devs'],['OA Game Devs'],"['Action', 'Horror', 'Co-op', 'Multiplayer', 'Action-Adventure', 'Puzzle', 'FPS', 'First-Person', 'Online Co-Op', 'Indie', 'Early Access', 'Singleplayer', 'Local Multiplayer', 'Gore', 'Violent']",2024-07-29 16:05:47,False,2024–25,4.0,1752,False,0.99,,,,,до $5,3–4
3010090,Aaero2,0,True,False,False,False,1734081170,36,94,['Wired Productions'],['Mad Fellows'],"['Rhythm', 'On-Rails Shooter', 'Arcade', 'Indie', 'Twin Stick Shooter', '3D', 'Music', 'Action', 'Controller', 'PvP', 'Co-op', 'Sci-fi', 'Local Co-Op', 'Space', 'Shooter', 'Robots', 'Aliens', 'Electronic Music', 'Combat', 'Futuristic']",2024-12-13 09:12:50,False,2024–25,2.0,1642,True,14.99,,,,,$10–14.99,2
3010460,Backroom Company,0,True,False,False,False,1753855605,677,83,['Hypercent Inc.'],['Hypercent Inc.'],"['Horror', 'Co-op', 'Multiplayer', 'Online Co-Op', 'Survival Horror', 'Farming', 'Thriller', 'Mystery', 'Action-Adventure', '3D', 'Zombies', 'Dark Comedy', 'Exploration', 'Psychological Horror', 'Adventure', 'Survival', 'Dark Humor', 'Team-Based', 'Dialogue Heavy', 'Indie']",2025-07-30 06:06:45,False,2024–25,,1554,False,8.99,25.2,6.8,,,$5–9.99,не указано
3010560,Blessed Curse,0,True,False,True,False,1727779905,0,0,['Tricky Wispers'],['Tricky Wispers'],"['Horror', 'Action', 'Psychological Horror', 'Realistic', 'Demons', 'First-Person', 'Investigation', 'Dark', 'Supernatural', 'Co-op', 'Indie', 'Early Access', 'Online Co-Op', 'Gore', 'Violent', 'Multiplayer', 'Singleplayer', '3D', 'Character Customization']",2024-10-01 10:51:45,False,2024–25,4.0,2480,True,9.99,,,,,$5–9.99,3–4
3015690,Super Cursor,0,True,False,False,False,1750446090,5,60,['Zenfuso'],['Zenfuso'],"['Precision Platformer', 'Action-Adventure', 'Online Co-Op', '2D', 'Puzzle', 'Cute', 'Funny', 'Linear', 'Multiple Endings', 'Story Rich', 'Co-op', 'Time Manipulation', 'Action', 'Side Scroller', 'Multiplayer', 'Pixel Graphics', 'Singleplayer', 'Cartoony', 'Colorful', 'Adventure']",2025-06-20 19:01:30,False,2024–25,,1333,True,3.99,,,,,до $5,не указано
3016140,血染模拟器,0,True,False,True,False,1719396563,1,0,['玩一玩'],['玩一玩'],"['Casual', 'Multiplayer', 'Funny', 'Relaxing', 'Trivia', 'Multiple Endings', 'Dialogue Heavy', 'Co-op', 'Local Co-Op', 'Local Multiplayer', 'Early Access', 'Werewolves', 'Text-Based', 'Idler']",2024-06-26 10:09:23,False,2024–25,,519,False,1.99,,,,,до $5,не указано
3018070,Escape Horror Online,0,True,False,False,False,1740117528,0,0,['ぬ Game'],['ぬ Game'],"['Horror', 'PvP', 'Action', 'PvE', 'Action-Adventure', 'Multiplayer', 'Anime', 'Stealth', 'Online Co-Op', '3D', 'Indie', 'Realistic', 'Cinematic', '3D Platformer', 'Singleplayer']",2025-02-21 05:58:48,False,2024–25,4.0,1146,False,2.99,,,,,до $5,3–4
3018630,Nightmare Pursuit,0,True,False,True,False,1730221241,7,42,['JusCify'],['JusCify'],"['Action', 'Casual', 'Turn-Based Strategy', 'Turn-Based Tactics', '3D', 'First-Person', 'Realistic', 'Horror', 'Dark', 'Psychological Horror', 'Character Customization', 'PvE', 'Stealth', 'Singleplayer', 'Co-op', 'Multiplayer', 'Online Co-Op', 'Early Access', 'Indie']",2024-10-29 17:00:41,False,2024–25,,2318,False,4.99,,,,,до $5,не указано
3020240,Click on staplers together,0,True,False,False,False,1721394178,5,100,['Click on things together'],['&amp;y'],"['Casual', 'Hidden Object', 'Multiplayer', 'Relaxing', 'PvP', 'Co-op', 'Local Co-Op', 'Online Co-Op', 'Singleplayer', 'Indie', 'Local Multiplayer', 'Family Friendly', 'Hand-drawn']",2024-07-19 13:02:58,False,2024–25,,2595,False,0.99,,,,,до $5,не указано
3020250,Click on red pandas together,0,True,False,False,False,1722603683,5,100,['Click on things together'],['&amp;y'],"['Casual', 'Hidden Object', 'PvP', 'Relaxing', 'Family Friendly', 'Hand-drawn', 'Co-op', 'Local Co-Op', 'Online Co-Op', 'Indie', 'Multiplayer', 'Singleplayer', 'Local Multiplayer']",2024-08-02 13:01:23,False,2024–25,,2599,False,0.99,,,,,до $5,не указано
3020260,Click on candy together,0,True,False,False,False,1718370322,7,85,['Click on things together'],['&amp;y'],"['Casual', 'Hidden Object', 'PvP', 'Relaxing', 'Family Friendly', 'Hand-drawn', 'Co-op', 'Local Co-Op', 'Online Co-Op', 'Indie', 'Multiplayer', 'Singleplayer', 'Local Multiplayer']",2024-06-14 13:05:22,False,2024–25,,2557,False,0.99,,,,,до $5,не указано
3020270,Click on piña coladas together,0,True,False,False,False,1718974821,4,100,['Click on things together'],['&amp;y'],"['Casual', 'Multiplayer', 'Hidden Object', 'Space', 'Cartoon', 'Point & Click', 'Abstract', 'Comic Book', 'Hand-drawn', 'Family Friendly', '2D', 'Fantasy', 'PvP', 'Co-op', 'Local Co-Op', 'Singleplayer', 'Local Multiplayer', 'Relaxing', 'Online Co-Op', 'Indie']",2024-06-21 13:00:21,False,2024–25,,2607,False,0.99,,,,,до $5,не указано
3020360,Click on lanterns together,0,True,False,False,False,1721999252,2,100,['Click on things together'],['&amp;y'],"['Casual', 'Hidden Object', 'PvP', 'Relaxing', 'Family Friendly', 'Hand-drawn', 'Co-op', 'Local Co-Op', 'Online Co-Op', 'Indie', 'Multiplayer', 'Singleplayer', 'Local Multiplayer']",2024-07-26 13:07:32,False,2024–25,,2595,False,0.99,,,,,до $5,не указано
3023190,Deduce Together,0,True,False,False,False,1733030099,218,67,['PushForward'],['PushForward'],"['Casual', 'Hidden Object', '2D', 'Artificial Intelligence', 'Education', 'Early Access', 'Word Game', 'Board Game', 'Text-Based', 'Mystery', 'Multiplayer', 'Family Friendly', 'Funny', 'Co-op', 'Online Co-Op']",2024-12-01 05:14:59,False,2024–25,,1291,False,5.99,46.9,13.45,,,$5–9.99,не указано
3025290,UNDERWARD,0,True,False,False,False,1738741542,592,72,['INTENSE'],['INTENSE'],"['Horror', 'Perma Death', 'Online Co-Op', 'Multiplayer', 'Stealth', 'Funny', 'Loot', 'Exploration', 'FPS', 'Procedural Generation', 'Thriller', 'First-Person', 'Action', 'Action-Adventure', 'Survival Horror', 'Aliens', 'Zombies', 'Futuristic', 'Modern', 'Adventure']",2025-02-05 07:45:42,False,2024–25,4.0,4308,False,9.99,17.7,6.550000000000001,,,$5–9.99,3–4
3026770,Hunt Me,0,True,False,True,False,1733504375,12,91,['Nuci'],['Nuci'],"['Horror', 'Co-op', 'Online Co-Op', 'Survival Horror', 'Multiplayer', 'First-Person', 'Action', 'Stealth', 'Demons', 'Supernatural', 'Procedural Generation', 'Psychological Horror', 'Strategy', 'Atmospheric', 'Puzzle', 'Singleplayer', 'PvE', 'Exploration', 'Survival', 'Dark']",2024-12-06 16:59:35,False,2024–25,4.0,1811,False,9.99,,,,,$5–9.99,3–4
3030360,Puppet Team,0,True,False,False,False,1746532800,113,64,['Editmode'],['Editmode'],"['Online Co-Op', '3D Platformer', 'Runner', 'Funny', 'Romance', 'Racing', 'PvE', 'Platformer', 'Walking Simulator', '3D', 'Cute', 'Casual', 'Third Person', 'Parkour', 'Simulation', 'Colorful', 'Stylized', 'Comedy', 'Adventure', 'Multiplayer']",2025-05-06 12:00:00,False,2024–25,,1967,False,4.99,27.0,3.0,,,до $5,не указано
3031780,R-Space,0,True,False,True,False,1719798179,2,100,['Blaspar'],['Blaspar'],"['Action', 'FPS', 'Shooter', '3D', 'Space', 'Combat', 'Singleplayer', 'Early Access', 'Co-op', 'Indie', 'Online Co-Op', 'Multiplayer']",2024-07-01 01:42:59,False,2024–25,4.0,683,False,3.99,,,,,до $5,3–4
3032020,Cast & Spell,0,True,False,False,False,1751129258,16,75,['Hosthood Studio'],['Hosthood Studio'],"['Action', 'Adventure', 'Magic', 'PvP', 'Shooter', 'Medieval', 'Fantasy', 'Third-Person Shooter', 'Gun Customization', '3D', 'Character Customization', 'Third Person', 'Pixel Graphics', 'Combat', 'PvE', 'Multiplayer', 'Singleplayer', 'Co-op', 'Online Co-Op', 'Massively Multiplayer']",2025-06-28 16:47:38,False,2024–25,,1050,False,4.99,,,,,до $5,не указано
3033950,Slalomancers,0,True,False,False,False,1727892881,2,100,['Kwing'],['Kwing'],"['4 Player Local', 'Local Co-Op', 'Local Multiplayer', 'Action', 'Top-Down Shooter', '2D', 'Minimalist', 'Space', 'Retro', 'Arcade', 'Casual', 'Abstract', 'Top-Down', 'Action Roguelike', 'Third-Person Shooter', ""Shoot 'Em Up"", 'Shooter', 'Colorful', 'Old School', 'PvE']",2024-10-02 18:14:41,False,2024–25,4.0,911,False,4.99,,,,,до $5,3–4
3036610,AFTER STORY ～Witch ⊂ Dragon～,0,True,False,False,False,1720154531,2,50,['ashipi'],['ashipi'],"['Side Scroller', 'Pixel Graphics', 'Comic Book', 'Action', 'Local Co-Op', 'Bullet Hell', 'Hand-drawn', 'Female Protagonist', 'Exploration', '2D', 'Cute', 'Fantasy', 'Controller', 'Story Rich', 'Singleplayer', 'Magic', 'Indie', 'Action-Adventure', 'Retro', 'Emotional']",2024-07-05 04:42:11,False,2024–25,,1930,False,5.99,,,,,$5–9.99,не указано
3036880,Panic In The Woods,0,True,False,False,False,1726235945,114,68,['Exit Plan Games'],['Exit Plan Games'],"['Action', 'Horror', 'Co-op', 'Casual', 'Exploration', 'Third Person', 'Atmospheric', 'Survival', 'Controller', 'Multiplayer', 'Online Co-Op', 'Singleplayer', 'Action-Adventure', 'Survival Horror']",2024-09-13 13:59:05,False,2024–25,4.0,2390,False,5.99,26.4,2.3499999999999996,,,$5–9.99,3–4
3038290,EXPEDITION TO THE BACKROOMS,0,True,False,True,False,1753023621,149,65,['1_Cutter_1'],['1_Cutter_1'],"['Walking Simulator', 'Multiplayer', 'Exploration', 'Co-op', 'Horror', 'First-Person', 'Immersive Sim', 'Realistic', 'Puzzle', 'Psychological Horror', 'Action', 'Casual', 'Immersive', 'Fantasy', 'Thriller', 'Psychological', 'Interactive Fiction', 'Adventure', 'Early Access', 'Artificial Intelligence']",2025-07-20 15:00:21,False,2024–25,,1809,True,5.99,28.1,5.0,,,$5–9.99,не указано
3038340,Chaos Faction Legacy Collection,0,True,False,False,False,1738256450,235,93,['Armor Games Studios'],['George &quot;EON&quot; Eade'],"['Action', '2D Fighter', 'Cartoony', 'Retro', ""Beat 'em up"", 'Singleplayer', 'Replay Value', 'PvP', 'Fighting', 'Character Customization', 'Local Co-Op', '2D Platformer', 'Level Editor', 'Pirates', 'Vampires', 'Zombies', 'Shooter', 'Robots', 'Local Multiplayer', 'Fast-Paced']",2025-01-30 17:00:50,False,2024–25,,2205,False,4.99,45.4,2.4,,,до $5,не указано
3038590,BigFool,0,True,False,False,False,1720422070,58,94,['ButterBall Billy'],['ButterBall Billy'],"['Casual', 'Action', 'Shooter', 'FPS', '3D', 'Cartoony', 'First-Person', 'Stylized', 'Comedy', 'Funny', 'Horror', 'Hunting', 'Modern', 'Nonlinear', 'Open World', 'PvE', 'Co-op', 'Multiplayer', 'Online Co-Op', 'Singleplayer']",2024-07-08 07:01:10,False,2024–25,4.0,1956,False,0.99,,,,,до $5,3–4
3039820,Field of the Dead,0,True,False,False,False,1721584872,13,92,['Mortality Core Games Inc.'],['Mortality Core Games Inc.'],"['Zombies', 'Action', 'Action RPG', 'FPS', 'Post-apocalyptic', 'Sci-fi', 'Horror', 'Adventure', 'Shooter', '3D', 'First-Person', 'Indie', 'Violent', 'Combat', 'PvE', 'Multiplayer', 'Online Co-Op', 'Singleplayer']",2024-07-21 18:01:12,False,2024–25,4.0,1236,False,8.99,,,,,$5–9.99,3–4
3040390,Old Coin Pusher Friends 3,0,True,False,False,False,1721962530,212,91,['STP WORKS'],['STP WORKS'],"['Collectathon', 'Idler', 'Medieval', 'Ninja', 'PvE', 'Physics', 'Shooter', 'Arcade', 'Character Customization', '3D', 'Top-Down', 'Casual', 'Lore-Rich', 'Controller', 'Simulation', 'Family Friendly', 'Online Co-Op', 'Singleplayer', 'Multiplayer', 'Co-op']",2024-07-26 02:55:30,False,2024–25,4.0,2019,False,3.99,42.0,8.55,,,до $5,3–4
3041160,Cats And Mice,0,True,False,True,False,1720588986,1,100,['TAHT'],['TAHT'],"['Multiplayer', 'Third-Person Shooter', 'Action', 'Shooter', 'PvP', 'Battle Royale', 'Combat', 'Online Co-Op', 'Team-Based', 'Tactical', 'Indie', 'Early Access', 'Cute', '3D', 'Third Person']",2024-07-10 05:23:06,False,2024–25,8.0,3391,False,2.99,,,,,до $5,5–8
3041770,Breakout Beyond,0,True,False,False,False,1742899439,47,82,['Atari'],['Choice Provisions'],"['Action', 'Arcade', '2D', 'Controller', 'Colorful', 'Minimalist', 'Stylized', 'Family Friendly', 'Score Attack', 'Old School', 'Retro', 'Co-op', 'Local Co-Op', 'Local Multiplayer', 'Puzzle', 'Multiplayer', 'Singleplayer', 'Indie']",2025-03-25 10:43:59,False,2024–25,2.0,1445,False,14.99,,,,,$10–14.99,2
3047070,X-Out: Resurfaced,0,True,False,False,False,1740032878,41,95,['ININ'],"['KRITZELKRATZ 3000', 'Rainbow Arts']","['Side Scroller', ""Shoot 'Em Up"", 'Action', 'PvE', 'Shooter', '2D Fighter', '2D', 'Submarine', 'Pixel Graphics', 'Abstract', 'Score Attack', ""1990's"", 'Aliens', 'Local Co-Op']",2025-02-20 06:27:58,False,2024–25,2.0,3382,False,19.99,,,,,$15–19.99,2
3047090,Drive Out,0,True,False,False,False,1758420016,5,100,['RisingMoon'],['RisingMoon'],"['Horror', 'Multiplayer', 'PvE', 'Adventure', 'First-Person', 'Co-op', 'Online Co-Op', 'Puzzle', 'Immersive Sim', 'Action-Adventure', 'Indie', 'Detective', 'Supernatural', 'Singleplayer']",2025-09-21 02:00:16,False,2024–25,4.0,1548,False,15.99,,,,,$15–19.99,3–4
3047320,Stealth Syndicate,0,True,False,False,False,1731949301,8,100,['Vincent Lopes-Vicente'],['Vincent Lopes-Vicente'],"['Social Deduction', 'Local Multiplayer', 'Indie', 'Assassins', '2D', 'Replay Value', 'Detective', 'Action', 'PvP', 'Pixel Graphics', 'Battle Royale', 'Multiplayer', '4 Player Local', 'Stealth', 'Arcade', 'Top-Down', 'Top-Down Shooter', 'Cyberpunk', 'Local Co-Op', 'Combat Racing']",2024-11-18 17:01:41,False,2024–25,10.0,2248,False,3.99,,,,,до $5,9+
3047760,The Candy Adventure,0,True,False,False,False,1724898970,10,100,['Aroha Studio'],['Patrick Aroha Velasco Borges'],"['Adventure', 'Online Co-Op', 'Casual', 'Singleplayer', 'Platformer', '3D Platformer', 'Parkour', 'Third Person', 'Funny', '2.5D', '2D Platformer', 'Colorful', 'PvE', '3D', 'Cartoony', 'Fantasy', 'Relaxing', 'Quick-Time Events', 'Logic', 'Physics']",2024-08-29 02:36:10,False,2024–25,,1185,False,1.99,,,,,до $5,не указано
3051960,Nitrogen Narcosis,0,True,False,False,False,1734392327,3,100,['Tybug Studios'],['Tybug Studios'],"['Casual', 'Action', 'Action-Adventure', 'Arcade', 'Exploration', '3D', 'First-Person', 'Realistic', '1980s', 'Atmospheric', 'Dark', 'Horror', 'Psychological', 'Psychological Horror', 'Co-op', 'Online Co-Op', 'Singleplayer', 'Gore', 'Violent', 'Indie']",2024-12-16 23:38:47,False,2024–25,,1828,False,7.99,,,,,$5–9.99,не указано
3053500,Jeff The Janitor,0,True,False,False,False,1743544623,8,62,['Magma Games'],['laurinr'],"['Horror', 'Online Co-Op', 'Multiplayer', 'Psychological Horror', 'Action', 'Co-op', 'Survival Horror', 'Collectathon', 'Dark', 'First-Person', 'Walking Simulator', 'Action-Adventure', 'Singleplayer']",2025-04-01 21:57:03,False,2024–25,5.0,731,False,2.99,,,,,до $5,5–8
3053810,Versus GO,0,True,False,False,False,1720083338,1,0,['Zombie Developer'],['Zombie Developer'],"['Action', 'Arcade', 'Shooter', 'Third-Person Shooter', '3D', 'Third Person', 'Cyberpunk', 'PvP', 'Team-Based', 'Artificial Intelligence', 'Combat', 'Adventure', 'Indie', 'Casual', 'Singleplayer', 'Local Co-Op', 'Local Multiplayer', 'Online Co-Op', 'Multiplayer']",2024-07-04 08:55:38,False,2024–25,,627,False,4.99,,,,,до $5,не указано
3053850,Forecursed,0,True,False,True,False,1739551234,26,92,['William Van Herck'],['William Van Herck'],"['Horror', 'Funny', 'PvP', 'Online Co-Op', 'Action', '3D Platformer', 'First-Person', 'Dungeon Crawler', 'Arcade', 'Casual', '3D', 'Pixel Graphics', 'Sci-fi', 'Demons', 'Supernatural', 'Early Access', 'Survival Horror', 'Multiplayer', 'Indie', 'Co-op']",2025-02-14 16:40:34,False,2024–25,12.0,1514,False,9.99,,,,,$5–9.99,9+
3057060,AMPBOUND Soccer,0,True,False,False,False,1725465569,3,100,['CONNSYST'],['CONNSYST'],"['Sports', ""Beat 'em up"", 'Football (Soccer)', 'PvP', 'Arcade', '2D', 'Action', 'Cartoony', 'Hand-drawn', 'Score Attack', 'Physics', 'Indie', 'Cartoon', 'Combat', 'Singleplayer', 'Online Co-Op', 'Multiplayer']",2024-09-04 15:59:29,False,2024–25,7.0,504,False,4.99,,,,,до $5,5–8
3059070,The Headliners,0,True,False,False,False,1738238747,8559,85,['KAFI'],['KAFI'],"['Online Co-Op', 'Horror', 'Co-op', 'Funny', 'Multiplayer', 'Action', 'Indie', 'Action-Adventure', 'Team-Based', 'Gore', 'Destruction', 'First-Person', 'Atmospheric', 'Dark', 'Singleplayer', 'Violent', 'Survival Horror', 'Psychological Horror', 'Souls-like', 'LGBTQ+']",2025-01-30 12:05:47,False,2024–25,,1061,False,7.99,42.7,7.75,38002006.0,4440.0,$5–9.99,не указано
3060170,Chained in the Backrooms,0,True,False,True,False,1739485396,934,68,['Task+ Studios'],['Task+ Studios'],"['Online Co-Op', 'Horror', 'Action', 'Action-Adventure', 'Adventure', '3D', 'First-Person', 'Team-Based', 'Stylized', 'Thriller', 'Indie', 'Atmospheric', 'Dark', 'Co-op', 'Multiplayer', 'Action RPG', 'Puzzle', 'Interactive Fiction', 'Party-Based RPG', 'Mystery Dungeon']",2025-02-13 22:23:16,False,2024–25,4.0,1678,False,2.99,60.0,1.6,,,до $5,3–4
3061030,Balloon Friends,0,True,False,False,False,1741247279,13,92,['UniTemp恒温'],['UniTemp恒温'],"['2D Platformer', 'Casual', 'Puzzle Platformer', 'Puzzle', 'Platformer', '2D', 'Cute', 'Funny', 'Cartoony', 'Family Friendly', 'Co-op', 'Online Co-Op', 'Multiplayer', 'Local Co-Op', 'Local Multiplayer']",2025-03-06 07:47:59,False,2024–25,,1236,True,4.99,,,,,до $5,не указано
3062930,Unplagued,0,True,False,False,False,1728568436,93,45,['Euphoric Brothers'],['Euphoric Brothers'],"['Horror', 'Online Co-Op', 'Multiplayer', 'First-Person', 'Exploration', 'Psychological Horror', 'Funny', 'Procedural Generation', 'Co-op', 'Survival Horror', 'Atmospheric', 'Dungeon Crawler', 'Adventure', '3D', 'Action', 'Action-Adventure', 'Early Access', 'Medieval', 'Casual', 'Singleplayer']",2024-10-10 13:53:56,False,2024–25,4.0,706,False,7.99,,,,,$5–9.99,3–4
3068450,Lab Sorters,0,True,False,False,False,1741372480,0,0,['SIRISMARBLE'],['SIRISMARBLE'],"['Casual', 'Arcade', 'Loot', 'Hidden Object', 'Collectathon', 'Colorful', 'Stylized', 'Minimalist', 'Family Friendly', 'Top-Down', 'Co-op', 'Point & Click', 'Puzzle', 'Board Game', 'Idler', 'Funny', 'Management', 'Underground', 'PvP', 'Multiplayer']",2025-03-07 18:34:40,False,2024–25,4.0,703,False,0.99,,,,,до $5,3–4
3069300,Piggly Pagly Boom,0,True,False,False,False,1759510609,0,0,['Ratalaika Games S.L.'],['9Ratones'],"['Puzzle Platformer', 'Platformer', 'Arcade', '2.5D', 'Cute', 'Action', 'Controller', 'Casual', 'Linear', 'Cartoony', 'Colorful', 'Pixel Graphics', 'Family Friendly', 'Score Attack', 'Physics', 'Old School', 'Retro', 'Co-op', 'Co-op Campaign', 'Local Co-Op']",2025-10-03 16:56:49,False,2024–25,,815,True,5.99,,,,,$5–9.99,не указано
3074230,Kajipeet,0,True,False,False,False,1730156139,0,0,['Miracle Scape'],['Miracle Scape'],"['Action', 'Casual', 'Arcade', '3D', 'Cartoon', 'Cute', 'Top-Down', 'Comedy', 'Funny', 'Martial Arts', 'Controller', 'PvP', 'Co-op', 'Local Co-Op', 'Local Multiplayer', 'Multiplayer', 'Singleplayer', '4 Player Local', 'Competitive', 'Fighting']",2024-10-28 22:55:39,False,2024–25,4.0,1090,False,0.99,,,,,до $5,3–4
3074800,The Cruciball,0,True,False,False,False,1751244312,0,0,['Tigpan'],['Timothy Letkeman'],"['Sports', 'Action Roguelike', 'Combat', 'Arcade', 'Difficult', 'PvE', 'Point & Click', 'eSports', 'Roguelike', '2.5D', '2D', '3D', 'Action', 'First-Person', '360 Video', 'Realistic', 'Adventure', 'Physics', 'Co-op Campaign', 'Local Co-Op']",2025-06-30 00:45:12,False,2024–25,,2277,True,49.99,,,,,$20+,не указано
3075170,A Pair of Feathers Squawk Together,0,True,False,False,False,1723835100,11,100,['mewygames'],['mewygames'],"['Precision Platformer', 'Casual', '2D Platformer', 'Platformer', '2D', 'Psychological Horror', 'Relaxing', 'Linear', 'Colorful', 'Pixel Graphics', 'Pirates', 'Physics', 'Adventure', 'Retro', 'Singleplayer', 'Multiplayer', 'Local Multiplayer', 'Co-op', 'Local Co-Op', 'Online Co-Op']",2024-08-16 19:05:00,False,2024–25,,1605,False,4.99,,,,,до $5,не указано
3081120,HOUND: AUTOMATON,0,True,False,False,False,1729494142,39,58,['Uuvana Studios'],['Uuvana Studios'],"['Horror', 'Survival Horror', 'Multiplayer', 'Online Co-Op', 'Co-op', 'Survival', 'Psychological Horror', 'Stealth', 'Robots', 'PvP', 'Character Customization', 'Action', 'First-Person', 'Controller', 'Realistic', 'Combat', 'Atmospheric', 'Shooter', 'FPS', 'Violent']",2024-10-21 07:02:22,False,2024–25,15.0,1942,False,9.99,,,,,$5–9.99,9+
3093880,Cauldron's Rift,0,True,False,False,False,1745628081,6,50,['Judd'],['Judd'],"[""Beat 'em up"", '2D Platformer', 'Party', ""Shoot 'Em Up"", 'Platformer', 'Funny', 'Fast-Paced', 'PvP', 'Physics', 'Multiplayer', 'Indie', '2D Fighter', 'Cartoony', 'Pixel Graphics', 'Online Co-Op', '2D', 'Casual', 'Atmospheric', 'Action', 'Combat']",2025-04-26 00:41:21,False,2024–25,8.0,835,False,1.99,,,,,до $5,5–8
3094630,Adventure of the Bucket,0,True,False,False,False,1726559950,4,100,['AZOTh the Creator'],['AZOTh the Creator'],"['Casual', 'Arcade', 'Puzzle', '2D Platformer', 'Exploration', 'Puzzle Platformer', '2D', 'Pixel Graphics', 'Atmospheric', 'Family Friendly', 'Nature', 'Relaxing', 'Linear', 'Physics', 'Tutorial', 'Adventure', 'Local Co-Op', 'Singleplayer', 'Strategy', 'Indie']",2024-09-17 07:59:10,False,2024–25,2.0,1521,False,0.99,,,,,до $5,2
3095270,Broken War,0,True,False,True,False,1722531630,36,66,['N777'],['N777'],"['FPS', 'PvP', 'Zombies', 'Multiplayer', 'Arena Shooter', 'Shooter', 'Action', 'First-Person', 'Survival', 'Character Customization', 'Combat', 'War', 'PvE', '3D', 'Post-apocalyptic', 'Realistic', 'Singleplayer', 'Military', 'Local Co-Op', 'Local Multiplayer']",2024-08-01 17:00:30,False,2024–25,,1843,False,0.99,,,,,до $5,не указано
3095720,Stick It!,0,True,False,False,False,1727227104,34,97,['indie.io'],['Jovial Studios'],"['Precision Platformer', 'Co-op', 'Casual', 'Physics', '2D Platformer', 'Online Co-Op', 'Platformer', 'Surreal', 'Linear', 'Fantasy', 'Atmospheric', 'Singleplayer', 'Multiplayer', 'Co-op Campaign', 'Nature', 'Adventure', 'Local Co-Op', '2D', '2.5D', 'Local Multiplayer']",2024-09-25 01:18:24,False,2024–25,6.0,2466,True,4.99,,,,,до $5,5–8
3096820,Annihilation Plan,0,True,False,False,False,1735259860,24,45,['追风的鱼'],['追风的鱼'],"['Online Co-Op', 'Post-apocalyptic', 'Survival', 'Multiplayer', 'Shooter', 'Horror', 'Exploration', 'Co-op', 'Procedural Generation', 'First-Person', 'Adventure', 'Third Person', 'Gun Customization', 'Roguelike', '3D', 'Singleplayer', 'Roguelite', 'Fantasy', 'Violent', 'FPS']",2024-12-27 00:37:40,False,2024–25,,2286,False,3.99,,,,,до $5,не указано
3097170,CAM,0,True,False,True,False,1725930519,6,0,['Mysterious Studio'],['Mysterious Studio'],"['Action', 'Casual', 'Action-Adventure', 'Shooter', 'FPS', 'First-Person', 'Realistic', 'War', 'Military', 'PvP', 'Indie', 'Early Access', 'Gore', 'Violent', 'Team-Based', 'PvE', 'Co-op', 'Online Co-Op', 'Multiplayer']",2024-09-10 01:08:39,False,2024–25,4.0,2150,False,8.99,,,,,$5–9.99,3–4
3097320,Pair Horror,0,True,False,False,False,1722295343,3,66,['SAT-BOX'],['SAT-BOX'],"['Indie', 'Horror', 'Family Friendly', 'Co-op', 'Action', 'Local Co-Op', 'Casual', 'Online Co-Op', 'Arcade', '3D Platformer', '3D', 'Cute', 'Anime', 'Zombies', 'Fantasy', 'Mystery', 'PvE', 'Controller', 'Multiplayer', 'Adventure']",2024-07-29 23:22:23,False,2024–25,2.0,1662,False,11.99,,,,,$10–14.99,2
3097560,Liar's Bar,0,True,False,True,False,1727877687,48761,89,['Curve Animation'],['Curve Animation'],"['Multiplayer', 'Casual', 'PvP', 'Online Co-Op', 'Co-op', 'Indie', 'Funny', 'FPS', '3D', 'First-Person', 'Tabletop', 'Dark', 'Puzzle', 'Board Game', 'Strategy', 'Horror', 'VR', 'Gore', 'Early Access', 'Simulation']",2024-10-02 14:01:27,False,2024–25,,3563,False,6.99,15.8,4.85,0.0,0.0,$5–9.99,не указано
3098250,Viral Multiplayer,0,True,False,False,False,1721983457,1,0,['Archor Games'],['Archor Wright'],"['Action', 'Action-Adventure', 'Arcade', ""Shoot 'Em Up"", '3D', 'Zombies', 'PvP', 'Co-op', 'Indie', 'Multiplayer', 'Online Co-Op', 'Singleplayer']",2024-07-26 08:44:17,False,2024–25,,1086,False,0.99,,,,,до $5,не указано
3099790,Operation Night Strikers,0,True,False,False,False,1754492045,49,75,['TAITO CORP.'],"['M2 Co., Ltd.']","['Action', 'Arcade', 'Shooter', 'FPS', 'Third-Person Shooter', 'On-Rails Shooter', 'Hero Shooter', 'Third Person', 'Pixel Graphics', 'First-Person', 'Sci-fi', 'Aliens', 'Military', 'Space', 'War', 'Futuristic', 'Controller', 'Combat', 'Singleplayer', 'Local Co-Op']",2025-08-06 14:54:05,False,2024–25,,1842,False,24.99,,,,,$20+,не указано
3101600,Planetary Conflict: 2301,0,True,False,False,False,1722535249,2,100,['Sunrealm Studios'],['Sunrealm Studios'],"['Arena Shooter', 'Third-Person Shooter', 'FPS', 'PvP', 'PvE', 'Shooter', 'Character Customization', '3D', 'Third Person', 'First-Person', 'Action', 'Sci-fi', 'Atmospheric', 'Futuristic', 'Combat', 'Co-op', 'Online Co-Op', 'Multiplayer', 'Indie', 'Violent']",2024-08-01 18:00:49,False,2024–25,,597,False,4.99,,,,,до $5,не указано
3104610,MEGARACER QUANTUMRUSH,0,True,False,False,False,1755739763,5,80,['SG ENTERTECH'],['SG ENTERTECH'],"['Racing', 'Casual', 'Singleplayer', 'Multiplayer', 'Colorful', 'Cute', 'PvP', 'PvE', 'Sports', 'Driving', '3D', 'Immersive Sim', 'Nonlinear', 'Character Customization', 'First-Person', 'Cartoon', 'Funny', 'Comedy', 'Online Co-Op', 'Co-op']",2025-08-21 01:29:23,False,2024–25,,3656,False,9.99,,,,,$5–9.99,не указано
3106140,Bloom Paradise,0,True,False,False,False,1750258841,16,100,['Waku Waku Games'],['H.T.Project Games'],"['Action', 'Arcade', '2D', 'Cute', 'Controller', 'Pixel Graphics', '1980s', 'Old School', 'Retro', 'Singleplayer', 'Indie', 'Multiplayer', 'Local Multiplayer', 'Local Co-Op', 'Co-op', '2D Platformer']",2025-06-18 15:00:41,False,2024–25,2.0,1479,False,6.99,,,,,$5–9.99,2
3106690,Eclipse Below,0,True,False,False,False,1753894667,3,66,['CactusBall'],['CactusBall'],"['Online Co-Op', 'Horror', 'Exploration', 'Time Management', 'Submarine', '3D Platformer', 'Dungeon Crawler', 'Sailing', 'PvE', 'Action-Adventure', 'Roguelike', 'RPG', 'Strategy', 'First-Person', '3D', 'Alternate History', 'Funny', 'Post-apocalyptic', 'Psychological Horror', 'Underwater']",2025-07-30 16:57:47,False,2024–25,4.0,1678,False,1.99,,,,,до $5,3–4
3107800,LIZARDS MUST DIE 2,0,True,False,False,False,1743065850,2233,94,['Smola Game Studio'],"['the Bratans', 'Smola Game Studio']","['Hack and Slash', 'Co-op Campaign', 'Action-Adventure', 'Online Co-Op', 'Spectacle fighter', 'Third Person', 'Realistic', 'Cinematic', 'Multiplayer', 'Adventure', 'Alternate History', 'Action', 'Action RPG', 'Martial Arts', 'Dinosaurs', 'Historical', 'Conspiracy', 'Old School', 'Swordplay', 'Medieval']",2025-03-27 08:57:30,False,2024–25,,2093,False,9.99,36.3,4.75,,,$5–9.99,не указано
3107890,SNOW BROS. SPECIAL: ANNIVERSARY EDITION,0,True,False,False,False,1733198418,33,78,"['DAEWON MEDIA CO., LTD.']",['CRT GAMES'],"['Action', 'Casual', 'Arcade', 'Platformer', '2D Platformer', 'Puzzle Platformer', '2D', '1980s', ""1990's"", 'Retro', 'Old School', 'Score Attack', 'Controller', 'Class-Based', 'Local Multiplayer', 'Local Co-Op', 'Remake']",2024-12-03 04:00:18,False,2024–25,,1474,False,14.99,,,,,$10–14.99,не указано
3108140,Cat & Capy,0,True,False,True,False,1744405500,30,100,['Matato Games'],['Matato Games'],"['Action', 'Adventure', 'Action-Adventure', 'Platformer', '3D Platformer', 'Exploration', '3D', 'Colorful', 'Cute', 'Third Person', 'Relaxing', 'Family Friendly', 'Dogs', 'Cats', 'Funny', 'Controller', 'Open World', 'Singleplayer', 'Local Multiplayer', 'Local Co-Op']",2025-04-11 21:05:00,False,2024–25,,1441,False,4.99,,,,,до $5,не указано
3108510,FlyKnight Enhanced Edition,0,True,False,False,False,1738335568,10509,96,['Wabbaboy'],['Wabbaboy'],"['Dungeon Crawler', 'Souls-like', 'Online Co-Op', 'First-Person', 'Old School', 'Fantasy', 'Fishing', 'Action RPG', 'Inventory Management', 'Exploration', 'Adventure', 'Co-op', 'Combat', 'Action', 'Singleplayer', 'Loot', 'RPG', 'Multiplayer', 'Retro', '3D']",2025-01-31 14:59:28,False,2024–25,4.0,2103,False,5.99,27.1,5.3,125.0,0.0,$5–9.99,3–4
3108610,SPASE DEFENSE,0,True,False,False,False,1732035639,3,100,['Trashmonger'],['Leo Torrijos'],"['Arena Shooter', 'PvE', 'Arcade', 'Action', 'Combat', '2D', 'Pixel Graphics', 'Controller', 'Sci-fi', 'Space', 'Aliens', 'Futuristic', 'Retro', 'Tutorial', '4 Player Local', 'Co-op', 'Co-op Campaign', 'Local Co-Op', 'Local Multiplayer', 'Singleplayer']",2024-11-19 17:00:39,False,2024–25,4.0,674,True,5.99,,,,,$5–9.99,3–4
3109500,Super beast activation,0,True,False,False,False,1723007069,0,0,['Peigesang'],['Peigesang'],"['Adventure', 'Shooter', 'Third-Person Shooter', 'Hero Shooter', '3D', 'Third Person', 'Space', 'Fantasy', 'Futuristic', 'Sci-fi', 'Flight', 'PvP', 'Combat', 'Singleplayer', 'Co-op', 'Online Co-Op', 'Multiplayer', 'Massively Multiplayer', 'Indie']",2024-08-07 05:04:29,False,2024–25,,1602,False,0.99,,,,,до $5,не указано
3110710,Federation Mycha,0,True,False,True,False,1731463860,1,0,"['Derpy Nerd Studios', 'Zygobot Studios']",['Derpy Nerd Studios'],"['Shooter', 'FPS', 'Multiplayer', 'Online Co-Op', 'Co-op', 'PvE', 'Tactical', 'Sci-fi', 'Fantasy', 'Action', 'Futuristic', 'Strategy', 'First-Person', 'Action-Adventure', 'Exploration', 'Realistic', 'Atmospheric', 'Military', 'Combat', 'Linear']",2024-11-13 02:11:00,False,2024–25,3.0,984,False,4.99,,,,,до $5,3–4
3111080,Secret Agent Wizard Boy and the International Crime Syndicate,0,True,False,True,False,1741284189,936,96,['David Szymanski'],"['John Szymanski', 'Evan Szymanski']","['Online Co-Op', 'Fantasy', 'Magic', 'Physics', 'Adventure', '3D', 'Co-op', 'Funny', 'Multiplayer', 'Exploration', 'Comedy', 'Action-Adventure', 'Open World', 'Action', 'Puzzle', 'Collectathon', 'Character Customization', 'Singleplayer', 'Stylized', 'Co-op Campaign']",2025-03-06 18:03:09,False,2024–25,4.0,1810,False,9.99,42.5,4.300000000000001,,,$5–9.99,3–4
3113650,Sheep Seeker,0,True,False,False,False,1754060440,22,100,['Isaac MENARD'],"['Isaac MENARD', 'Luna GARCIN', 'Alexander KIRK', 'Séverin RICHARD', 'Matthieu FARROW', 'François HANUS', 'Quentin EUNG', 'Mattéo GLAIRON-MONDET', 'Lucas RENARD', 'Céline TRUONG']","['Precision Platformer', '3D Platformer', 'Co-op', 'Runner', 'Action', 'Parkour', 'Platformer', 'Competitive', 'First-Person', 'Shooter', '3D', 'Alternate History', 'Bullet Time', 'Cartoony', 'Colorful', 'Medieval', 'Cartoon', 'Online Co-Op', 'Multiplayer', 'Co-op Campaign']",2025-08-01 15:00:40,False,2024–25,,1189,True,9.99,,,,,$5–9.99,не указано
3113730,Mini Bash,0,True,False,False,False,1740676067,33,93,['Imperial Reality Labs'],['Imperial Reality Labs'],"['Casual', '3D Fighter', 'Arcade', 'Board Game', '3D', 'Colorful', 'Cute', 'Third Person', 'Dark Humor', 'Funny', 'PvP', 'Character Customization', 'Controller', 'Physics', 'Co-op', 'Local Co-Op', 'Local Multiplayer', 'Multiplayer', 'Online Co-Op', '4 Player Local']",2025-02-27 17:07:47,False,2024–25,9.0,989,False,9.99,,,,,$5–9.99,9+
3113980,Back To Back,0,True,False,False,False,1722632463,0,0,['Rocketcat Studios'],['Rocketcat Studios'],"['Bullet Hell', 'Roguelite', 'Multiplayer', 'Action', 'PvE', 'Team-Based', 'Arcade', 'Sci-fi', 'Roguelike', '2D', 'Top-Down', 'Pixel Graphics', 'Combat', 'Co-op', 'Online Co-Op', 'Singleplayer']",2024-08-02 21:01:03,False,2024–25,3.0,1527,False,1.99,,,,,до $5,3–4
3114360,ViruStream,0,True,False,False,False,1722845002,16,100,['ShiroNoPanda'],['ShiroNoPanda'],"['Exploration', 'Choose Your Own Adventure', 'Puzzle Platformer', 'Hidden Object', 'Interactive Fiction', 'Puzzle', 'Investigation', 'Hacking', 'Point & Click', '2D', 'Text-Based', 'Casual', 'Simulation', 'Mystery', 'Adventure', 'Singleplayer', 'Local Co-Op', 'Indie', 'Escape Room']",2024-08-05 08:03:22,False,2024–25,,1830,False,1.99,,,,,до $5,не указано
3115130,NBA BOUNCE,0,True,False,False,False,1758875061,21,85,['Outright Games Ltd.'],['Unfinished Pixel SL'],"['Sports', 'Basketball', 'PvP', 'Casual', 'Character Customization', 'Cute', 'Split Screen', '3D', 'Controller', 'Team-Based', 'Family Friendly', 'Cartoon', '4 Player Local', 'Local Co-Op', 'Multiplayer', 'Singleplayer']",2025-09-26 08:24:21,False,2024–25,4.0,2418,False,19.99,,,,,$15–19.99,3–4
3116640,Torque Drift 2,0,True,False,True,False,1732825971,377,62,['Grease Monkey Games'],['Grease Monkey Games'],"['Indie', 'Driving', 'Racing', 'Realistic', 'Physics', 'Sports', 'Action', '3D', 'Level Editor', 'Tutorial', 'Automobile Sim', 'Immersive Sim', 'Simulation', 'Singleplayer', 'Multiplayer', 'Online Co-Op', 'Co-op', 'First-Person', 'Third Person', 'Score Attack']",2024-11-28 20:32:51,False,2024–25,,5918,True,19.99,42.0,10.0,,,$15–19.99,не указано
3120050,Dungeon of Grandmasters,0,True,False,True,False,1732903274,10,90,['Batata Productions'],['Batata Productions'],"['Action Roguelike', 'Roguelite', 'Dungeon Crawler', 'Bullet Hell', 'Adventure', 'Singleplayer', 'Pixel Graphics', '2D', 'Fantasy', 'Class-Based', 'PvE', 'Procedural Generation', 'RPG', 'Perma Death', 'Action', 'Action-Adventure', 'Action RPG', 'Top-Down', 'Online Co-Op', 'Multiplayer']",2024-11-29 18:01:14,False,2024–25,,1267,False,3.99,,,,,до $5,не указано
3120190,The Last Train,0,True,False,False,False,1723038368,1,100,['Joseph Cook'],['Joseph Cook'],"['Horror', 'Adventure', ""1990's"", 'Stylized', 'Psychological Horror', 'Puzzle', '3D', 'First-Person', 'Linear', 'Indie', 'Story Rich', 'Singleplayer', 'Atmospheric', 'Co-op', 'Online Co-Op']",2024-08-07 13:46:08,False,2024–25,,1203,False,9.99,,,,,$5–9.99,не указано
3120370,Click on clocks together,0,True,False,False,False,1723813273,4,50,['Click on things together'],['&amp;y'],"['Casual', 'Hidden Object', 'PvP', 'Relaxing', 'Family Friendly', 'Hand-drawn', 'Co-op', 'Local Co-Op', 'Online Co-Op', 'Indie', 'Multiplayer', 'Singleplayer', 'Local Multiplayer']",2024-08-16 13:01:13,False,2024–25,,2595,False,0.99,,,,,до $5,не указано
3120380,Click on cups together,0,True,False,False,False,1723208636,2,100,['Click on things together'],['&amp;y'],"['Casual', 'Hidden Object', 'PvP', 'Relaxing', 'Family Friendly', 'Hand-drawn', 'Co-op', 'Local Co-Op', 'Online Co-Op', 'Indie', 'Multiplayer', 'Singleplayer', 'Local Multiplayer']",2024-08-09 13:03:56,False,2024–25,,2587,False,0.99,,,,,до $5,не указано
3120730,Difference,0,True,False,False,False,1724853704,3,66,['LLTH Studio'],['LLTH Studio'],"['Psychological Horror', 'Multiplayer', 'Co-op', 'Horror', 'Puzzle', 'Action', 'First-Person', 'Realistic', 'Adventure', 'Cinematic', 'Casual', 'Detective', 'Action-Adventure', 'Exploration', '3D', 'Hidden Object', 'Colorful', 'Logic', 'Artificial Intelligence', 'Dark']",2024-08-28 14:01:44,False,2024–25,,1365,False,1.99,,,,,до $5,не указано
3120750,Dark Ball,0,True,False,False,False,1724179339,0,0,['destroywinner'],['destroywinner'],"['Exploration', 'Casual', '2D Platformer', 'Puzzle', 'Tutorial', 'Point & Click', 'Platformer', '2D', 'Nonlinear', 'Pixel Graphics', 'Adventure', 'Tactical', 'Dark', 'Co-op', 'Online Co-Op', 'Singleplayer']",2024-08-20 18:42:19,False,2024–25,,1133,False,2.99,,,,,до $5,не указано
3121110,Zort,0,True,False,True,False,1733590823,11760,90,['Londer Software'],['Londer Software'],"['Horror', 'Online Co-Op', 'Co-op', 'Funny', 'Psychological Horror', 'First-Person', 'PvE', 'Atmospheric', 'Action', 'Action-Adventure', 'Realistic', 'Adventure', 'Cinematic', 'FPS', 'Multiplayer', '3D', 'Linear', 'Artificial Intelligence', 'Team-Based', '4 Player Local']",2024-12-07 17:00:23,False,2024–25,4.0,3250,False,4.0,45.1,,34960933.0,2973.0,до $5,3–4
3123290,SAVE,0,True,False,True,False,1743041997,91,48,['Influsion Inc.'],['Influsion Inc.'],"['Survival Horror', 'Online Co-Op', 'Lovecraftian', 'First-Person', 'Dungeon Crawler', 'Psychological Horror', 'Exploration', 'Surreal', 'Mystery Dungeon', 'Realistic', 'Procedural Generation', 'Roguelike', 'Stealth', 'Multiplayer', 'Horror', 'Co-op', 'Adventure', 'Action', 'Action-Adventure', '3D']",2025-03-27 02:19:57,False,2024–25,,2579,False,11.99,,,,,$10–14.99,не указано
3123830,Dread Tomb,0,True,False,False,False,1741157121,84,53,['Gamirror Games'],['轻舟游戏工作室'],"['Adventure', 'Action-Adventure', 'Exploration', '3D', 'Horror', 'Multiplayer', 'Survival Horror', 'Online Co-Op', 'Indie', 'Action', 'RPG']",2025-03-05 06:45:21,False,2024–25,,2297,False,9.99,,,,,$5–9.99,не указано
3126150,BOKURA: planet,0,True,False,False,False,1745506868,1462,74,['Kodansha'],['tokoronyori'],"['Action', 'Adventure', 'Casual', 'Action-Adventure', 'Puzzle Platformer', '2D', 'Cute', 'Pixel Graphics', 'Psychological Horror', 'Emotional', 'Online Co-Op', 'Atmospheric', 'Story Rich', 'Co-op', 'Multiplayer', 'Indie', 'Horror']",2025-04-24 15:01:08,False,2024–25,2.0,3942,True,5.49,40.4,5.5,,,$5–9.99,2
3126220,Make It Count,0,True,False,False,False,1747666949,14,50,['Sky Games'],['Sky Games'],"['Roguelite', 'Shooter', 'Zombies', 'Co-op', 'Dark', 'Action Roguelike', 'Post-apocalyptic', 'Top-Down Shooter', 'Online Co-Op', 'Indie', 'Action', 'Top-Down', 'PvE', 'Class-Based', 'Combat', 'Horror', 'Multiplayer', '3D', 'Singleplayer', 'Early Access']",2025-05-19 15:02:29,False,2024–25,3.0,1322,False,7.99,,,,,$5–9.99,3–4
3128080,Endless Salvation,0,True,False,False,False,1743166872,0,0,['嘉萃工作室'],['炉火绘题本'],"['Adventure', 'Puzzle', 'Puzzle Platformer', 'Co-op', 'Stylized', 'Mystery', 'Story Rich', 'Singleplayer', 'Multiplayer', 'Psychological Horror', 'Indie', 'Atmospheric', 'Point & Click', 'Exploration', 'Detective', 'Supernatural', 'Faith', 'Visual Novel', 'Hidden Object', 'Hand-drawn']",2025-03-28 13:01:12,False,2024–25,2.0,1420,True,5.99,,,,,$5–9.99,2
3128780,ChanceBall,0,True,False,False,False,1727366068,46,100,['Second Tempo Games'],['Second Tempo Games'],"['Sports', 'Volleyball', 'eSports', 'PvP', 'Arcade', 'PvE', '2D', 'Tactical', 'Team-Based', 'Funny', 'Controller', '4 Player Local', 'Artificial Intelligence', 'Co-op', 'Local Co-Op', 'Multiplayer', 'Singleplayer', '2D Fighter', 'Fantasy', 'Character Customization']",2024-09-26 15:54:28,False,2024–25,4.0,2230,False,4.99,,,,,до $5,3–4
3133580,Cheese Co-op Clicker Simulator,0,True,False,False,False,1727457570,17,76,['asxgames'],['asxgames'],"['Casual', 'Co-op', 'Incremental', 'Online Co-Op', 'Family Friendly', 'Cartoony', 'Point & Click', 'Cartoon', 'FMV', 'Indie', 'Capitalism', 'Management', 'Female Protagonist', 'Multiplayer', 'Singleplayer', 'MMORPG']",2024-09-27 17:19:30,False,2024–25,,638,False,0.99,,,,,до $5,не указано
3134590,The Prison of Infinity Code – Krylosis,0,True,False,False,False,1724090439,1,0,['alphastormstudio'],['alphastormstudio'],"['Racing', 'Education', 'Word Game', 'Typing', 'Spelling', '2.5D', '2D', 'Colorful', 'Text-Based', 'Relaxing', 'Team-Based', 'Tutorial', 'Score Attack', 'Quick-Time Events', 'Singleplayer', 'Online Co-Op', 'Multiplayer', 'Indie', 'Casual', 'Simulation']",2024-08-19 18:00:39,False,2024–25,,1467,False,0.99,,,,,до $5,не указано
3135250,Deckception,0,True,False,False,False,1726858770,5,100,['Spritz Studios'],['Spritz Studios'],"['Action', 'Card Game', 'Roguelike', 'Card Battler', 'Dungeon Crawler', 'Roguelite', '2D', 'Pixel Graphics', 'Atmospheric', 'Fantasy', 'Medieval', 'Combat', 'Deckbuilding', 'PvE', 'Tabletop', 'Turn-Based Combat', 'Local Co-Op', 'Singleplayer', 'Indie']",2024-09-20 18:59:30,False,2024–25,2.0,1678,True,4.99,,,,,до $5,2
3136560,RAGDOLL UNIVERSE,0,True,False,True,False,1730487401,8,87,['MageC'],['MageC'],"['Physics', '4 Player Local', 'Party Game', 'Funny', 'Adventure', 'Casual', '3D Platformer', 'Colorful', 'Action-Adventure', 'Arcade', 'Shooter', '3D Fighter', 'Split Screen', 'Sandbox', 'Third-Person Shooter', 'Parkour', 'Exploration', 'Comedy', 'Local Co-Op', 'Dungeon Crawler']",2024-11-01 18:56:41,False,2024–25,,1738,False,4.99,,,,,до $5,не указано
3138440,Bàito,0,True,False,False,False,1736118097,1,100,['drCaron97'],['drCaron97'],"['4 Player Local', 'Local Multiplayer', 'Fighting', 'PvP', 'Multiplayer', 'Score Attack', 'Arcade', 'Controller', 'Split Screen', 'Family Friendly', ""Beat 'em up"", 'Physics', 'Funny', 'Local Co-Op', 'Combat', 'Comedy', 'Top-Down', 'Action', '3D Fighter', 'Roguelite']",2025-01-05 23:01:37,False,2024–25,8.0,1144,True,3.99,,,,,до $5,5–8
3138570,Unicycle Pizza Time!,0,True,False,False,False,1725037251,145,78,['BiteMe Games'],['BiteMe Games'],"['Adventure', 'Psychological Horror', 'Intentionally Awkward Controls', 'Precision Platformer', 'Emotional', 'Exploration', 'Arcade', '3D Platformer', 'Parkour', 'Bikes', 'Choices Matter', 'Realistic', 'Comedy', 'Philosophical', 'Third Person', 'Singleplayer', 'Indie', '3D', 'Multiplayer', 'Online Co-Op']",2024-08-30 17:00:51,False,2024–25,,616,False,4.99,21.7,1.85,,,до $5,не указано
3139570,Co-op Kaiju Horror Cooking,0,True,False,False,False,1753793704,33,72,"['Strange Scaffold', 'Frosty Pop']",['Strange Scaffold'],"['Action', 'Fantasy', 'Physics', 'Multiplayer', 'Online Co-Op', 'Co-op', 'Exploration', 'First-Person', 'Adventure', 'Comedy', 'Psychological Horror', 'Horror', 'Time Management', 'Survival Horror', '3D', 'Stealth', 'Story Rich', 'Character Customization', 'Sandbox', 'Cooking']",2025-07-29 12:55:04,False,2024–25,,1363,False,7.99,,,,,$5–9.99,не указано
3140620,C.A.S.T. (CHERNOZEM ANOMALY STRIKE TEAM),0,True,False,False,False,1752481896,778,87,['BRAIN DOES (NOT) WORK'],['BRAIN DOES (NOT) WORK'],"['Action', 'Online Co-Op', 'Multiplayer', 'PvE', 'Third-Person Shooter', 'Shooter', 'Extraction Shooter', 'Co-op', 'Alternate History', 'Horror', 'Gun Customization', 'Zombies', '3D', 'Combat', 'Dark Humor', 'Retro', 'Atmospheric', 'Procedural Generation', 'Crafting', 'Artificial Intelligence']",2025-07-14 08:31:36,False,2024–25,4.0,1199,False,6.99,26.6,4.15,,,$5–9.99,3–4
3142930,UnPlugged,0,True,False,False,False,1732123238,20,75,['DemonLabs Interactive'],['DemonLabs Interactive'],"['Local Co-Op', 'Split Screen', 'Exploration', 'Physics', 'Adventure', '2.5D', 'Side Scroller', 'Mystery Dungeon', 'Puzzle Platformer', '3D Platformer', 'Puzzle', 'Hidden Object', 'Platformer', 'Action-Adventure', '3D', 'Cute', 'Controller', 'Casual', 'Colorful', 'Logic']",2024-11-20 17:20:38,False,2024–25,,1324,False,5.99,,,,,$5–9.99,не указано
3146010,Septic,0,True,False,False,False,1746424812,5,100,['Teemolert'],['Teemolert'],"['Exploration', 'Precision Platformer', '3D Platformer', 'Parkour', 'Difficult', 'Platformer', '3D', 'First-Person', 'Horror', 'Linear', 'Action', 'Pixel Graphics', 'Atmospheric', 'Physics', 'Adventure', 'Dark', 'Singleplayer', 'Co-op', 'Multiplayer', 'Online Co-Op']",2025-05-05 06:00:12,False,2024–25,,1628,True,6.99,,,,,$5–9.99,не указано
3146520,WEBFISHING,0,True,False,False,False,1728673231,57397,97,['lamedeveloper'],['lamedeveloper'],"['Fishing', 'Multiplayer', 'Casual', 'Cute', 'Character Customization', 'Creature Collector', 'Indie', 'Online Co-Op', 'LGBTQ+', '3D', 'Stylized', 'Collectathon', 'Cartoon', 'Colorful', 'Third Person', 'Co-op', 'Singleplayer', 'Nonlinear', 'Sandbox', 'Cozy']",2024-10-11 19:00:31,False,2024–25,,953,False,4.99,13.9,15.850000000000001,,,до $5,не указано
3147370,Spirit of the Obelisk,0,True,False,False,False,1743618697,6,100,['Lambda Lighthouse Games'],['Joost van der Putten'],"['Local Co-Op', 'Puzzle Platformer', '2D Platformer', 'Cozy', 'Platformer', '2D', 'Puzzle', 'Relaxing', 'Cute', 'Casual', 'Controller', 'Colorful', 'Indie', 'Family Friendly', 'Logic', 'Minimalist', 'Atmospheric', 'Wholesome', 'Singleplayer', 'Nonlinear']",2025-04-02 18:31:37,False,2024–25,,2039,False,5.99,,,,,$5–9.99,не указано
3147780,Battle Mountain,0,True,False,True,False,1749834013,0,0,['PEAPOD GAMES LTD'],['PEAPOD GAMES LTD'],"['Casual', 'Racing', 'Sports', 'Action', 'Early Access', 'Indie', '2D Platformer', 'Cartoon', 'Hand-drawn', 'Multiplayer', 'Fighting', '2D Fighter', 'Arcade', 'Combat Racing', 'Colorful', 'PvP', 'Co-op', 'Local Co-Op', 'Local Multiplayer', 'Online Co-Op']",2025-06-13 17:00:13,False,2024–25,6.0,2345,False,1.99,,,,,до $5,5–8
3148160,Dragon Song Tavern: Cozy & Adventurous,0,True,False,False,False,1758729598,275,71,"['HARRISONWORLD CO.,LTD', 'Etherous Games Limited ']",['Etherous Games Limited'],"['Casual', 'Farming Sim', 'Cooking', 'Singleplayer', 'Co-op', 'Cute', 'Dragons', 'Fishing', 'Anime', 'Fantasy', 'Simulation', 'RPG', 'Adventure', 'Character Customization', 'JRPG', 'Management', 'Indie', 'Turn-Based Combat', 'Creature Collector', 'Life Sim']",2025-09-24 15:59:58,False,2024–25,,2148,False,19.9,31.5,6.5,,,$15–19.99,не указано
3149440,Audacity,0,True,False,False,False,1739581753,2,100,['Catastrophe Games LLC'],['Catastrophe Games LLC'],"[""Shoot 'Em Up"", 'Top-Down Shooter', 'Twin Stick Shooter', 'PvE', 'Shooter', 'Arcade', 'Roguelike', 'Character Customization', '3D', 'Third Person', 'Top-Down', 'Controller', 'Linear', 'Action', 'Zombies', 'Old School', '4 Player Local', 'Co-op', 'Local Co-Op', 'Local Multiplayer']",2025-02-15 01:09:13,False,2024–25,,2241,False,3.99,,,,,до $5,не указано
3150420,Werewolf Goldfish,0,True,False,False,False,1724369897,1,0,['SAT-BOX'],['SAT-BOX'],"['Indie', 'Action', 'Casual', 'Arcade', '3D Platformer', '3D', 'Cute', 'Family Friendly', 'Underwater', 'Atmospheric', 'PvE', 'PvP', 'Controller', 'Stealth', 'Singleplayer', 'Multiplayer', '4 Player Local', 'Local Multiplayer', 'Local Co-Op', 'Co-op']",2024-08-22 23:38:17,False,2024–25,4.0,461,False,4.99,,,,,до $5,3–4
3150970,Party Madness,0,True,False,False,False,1758734501,53,75,['Devotion Interactive'],['Devotion Interactive'],"['PvP', 'Co-op', 'Online Co-Op', 'Multiplayer', 'Action', '3D Platformer', 'Family Friendly', 'Casual', 'Action-Adventure', 'Fighting', 'Funny', 'Minigames', 'Party', 'Party Game', 'Colorful', 'Cute', 'Team-Based', 'Indie']",2025-09-24 17:21:41,False,2024–25,4.0,1208,False,3.99,,,,,до $5,3–4
3151830,Yugo: the non-game,0,True,False,False,False,1729011661,193,87,['In Two Minds Studio'],['In Two Minds Studio'],"['Multiplayer', 'Driving', 'Dialogue Heavy', 'Automobile Sim', 'Retro', 'Atmospheric', 'Relaxing', 'Third Person', 'First-Person', 'Co-op', 'Online Co-Op', 'Casual', '3D', 'Simulation', 'Minimalist', 'Colorful', 'Abstract', 'Old School', 'Singleplayer', 'Exploration']",2024-10-15 17:01:01,False,2024–25,,2339,False,4.8,15.6,1.1,,,до $5,не указано
3153140,Mush Dash,0,True,False,True,False,1756261421,2,100,['Lv.B'],['Lv.B'],"['Racing', 'Adventure', 'Casual', 'Arcade', 'Platformer', '3D Platformer', '3D', 'Third Person', 'Cute', 'Colorful', 'Cartoony', 'Funny', 'Family Friendly', 'PvP', 'Controller', 'Multiplayer', 'Online Co-Op', 'Indie', 'Early Access']",2025-08-27 02:23:41,False,2024–25,7.0,1286,False,3.99,,,,,до $5,5–8
3154390,Neon Knights,0,True,False,False,False,1742251872,1,100,['VHornet Games'],['VHornet Games'],"['Action', '3D Fighter', 'Arcade', 'Battle Royale', ""Beat 'em up"", 'Bullet Hell', '3D', 'Cartoony', 'Colorful', 'PvP', 'Destruction', 'Old School', 'Retro', 'Multiplayer', '2D Platformer', 'Side Scroller', 'Twin Stick Shooter', 'Co-op', 'Local Co-Op', 'Local Multiplayer']",2025-03-17 22:51:12,False,2024–25,,1136,False,9.99,,,,,$5–9.99,не указано
3156640,Split Brain,0,True,False,False,False,1733414494,166,92,['Kusa Games'],['Kusa Games'],"['Online Co-Op', 'Escape Room', '3D', 'Puzzle Platformer', 'Adventure', 'Horror', 'Multiplayer', 'Co-op', 'Psychological Horror', 'Action-Adventure', 'Puzzle', 'First-Person', 'Third Person', 'Mystery', 'Dark', 'Co-op Campaign', 'Multiple Endings', 'Linear', 'Thriller', 'Hentai']",2024-12-05 16:01:34,False,2024–25,,1297,True,5.99,42.5,4.7,,,$5–9.99,не указано
3161440,Digital Creative Framework,0,True,False,False,False,1737965768,0,0,['Oranje 44 Studio'],['Oranje 44 Studio'],"['Action', 'Adventure', 'Casual', 'Life Sim', 'Choose Your Own Adventure', '3D', 'PvP', 'Character Customization', 'Combat', 'Controller', 'Open World', 'Physics', 'Co-op', 'Local Co-Op', 'Online Co-Op', 'Multiplayer', 'Singleplayer', 'Local Multiplayer', 'Racing', 'Indie']",2025-01-27 08:16:08,False,2024–25,,1837,False,15.99,,,,,$15–19.99,не указано
3163660,FOOS,0,True,False,False,False,1753981267,0,0,['WaterVeil Games'],['WaterVeil Games'],"['Arcade', 'PvE', 'PvP', '2D', 'Controller', 'Retro', 'Action', 'Casual', 'Sports', 'Funny', 'Minimalist', 'Pixel Graphics', 'Family Friendly', 'Comedy', 'Mystery', 'Old School', 'Local Co-Op', 'Local Multiplayer', 'Co-op', 'Singleplayer']",2025-07-31 17:01:07,False,2024–25,,1178,False,7.99,,,,,$5–9.99,не указано
3169290,Beardbarians,0,True,False,False,False,1727175630,2,100,['Monocle Media'],['SquareSweets Games'],"['2D Fighter', 'Multiplayer', 'Pixel Graphics', 'Combat', 'Action', '4 Player Local', 'Local Multiplayer', 'PvP', 'Platformer', 'Local Co-Op', '2D', 'Controller', 'PvE', 'Retro', 'Fantasy', 'Co-op', 'Singleplayer', 'Cute']",2024-09-24 11:00:30,False,2024–25,4.0,8131,False,5.99,,,,,$5–9.99,3–4
3169390,Multiplayer Pirates,0,True,False,False,False,1725101850,2,50,['Archor Games'],['Archor Wright'],"['Casual', '3D Fighter', 'Hack and Slash', '3D', 'Pirates', 'PvP', 'Co-op', 'Multiplayer', 'Indie', 'Online Co-Op', 'Singleplayer']",2024-08-31 10:57:30,False,2024–25,,576,False,0.99,,,,,до $5,не указано
3171500,Distressed,0,True,False,True,False,1729847553,15,86,['Pixel-Stash'],['Pixel-Stash'],"['Action', 'First-Person', 'Horror', 'Co-op', 'Online Co-Op', 'Multiplayer', 'Singleplayer', 'Gore', 'Indie', 'Early Access']",2024-10-25 09:12:33,False,2024–25,5.0,415,True,13.99,,,,,$10–14.99,5–8
3172400,Darkest Mine,0,True,False,False,False,1740663051,14,92,['Crazy Rooster Games'],['Crazy Rooster Games'],"['Action Roguelike', 'Indie', 'Co-op', '2D', 'Platformer', 'Pixel Graphics', 'Singleplayer', 'Roguelike', 'Roguelite', 'Dungeon Crawler', 'Replay Value', 'Fighting', 'Local Co-Op', 'PvE', 'Mining', 'Casual', 'Controller', 'Local Multiplayer', 'Dark', '2D Platformer']",2025-02-27 13:30:51,False,2024–25,,928,True,4.99,,,,,до $5,не указано
3174720,Scales and Tails,0,True,False,False,False,1728315177,0,0,['Burning Fur Productions'],['Burning Fur Productions'],"['Arcade', 'Fantasy', 'Combat', 'Top-Down Shooter', 'Singleplayer', 'Local Multiplayer', 'Character Customization', 'Hand-drawn', 'Funny', 'Controller', 'Dragons', 'Casual', 'Flight', 'Cartoon', 'Procedural Generation', '4 Player Local', 'Local Co-Op', 'Action', 'Multiplayer', '2D']",2024-10-07 15:32:57,False,2024–25,16.0,1609,True,2.99,,,,,до $5,9+
3176060,Emissary Zero,0,True,False,False,False,1743170412,2718,83,['Rone Vine'],['Rone Vine'],"['Horror', 'Multiplayer', 'Online Co-Op', 'Psychological Horror', 'Co-op', 'Survival Horror', 'First-Person', 'Escape Room', 'Exploration', 'Adventure', 'Puzzle', 'Action', 'Survival', 'Singleplayer', 'Hidden Object', 'Stealth', 'Dark', 'Cinematic', 'Action-Adventure', 'Dungeon Crawler']",2025-03-28 14:00:12,False,2024–25,4.0,696,True,8.99,49.1,5.8,,,$5–9.99,3–4
3176740,Multiplayer Bikini Brawlers,0,True,False,False,False,1725867593,15,73,['Archor Games'],['Archor Wright'],"['Casual', ""Beat 'em up"", 'Exploration', '3D', 'Boxing', 'PvP', 'Co-op', 'Multiplayer', 'Online Co-Op', 'Singleplayer']",2024-09-09 07:39:53,False,2024–25,,648,False,0.99,,,,,до $5,не указано
3177740,PingWin,0,True,False,False,False,1727475438,0,0,['GameBit Hubert Klich'],['GameBit Hubert Klich'],"['Casual', 'Platformer', 'Puzzle Platformer', 'Colorful', 'Cartoony', 'Diplomacy', 'Family Friendly', 'Logic', 'Relaxing', 'Tactical', 'Score Attack', 'Class-Based', 'PvP', 'Team-Based', 'Co-op', 'Online Co-Op', 'Multiplayer']",2024-09-27 22:17:18,False,2024–25,,1254,False,0.99,,,,,до $5,не указано
3179950,Off-balance: Balance Party Vol. 2,0,True,False,False,False,1742918658,0,0,['After Work Games'],['After Work Games'],"['Minigames', 'Multiplayer', 'Local Co-Op', 'Funny', 'Party', 'Score Attack', 'Cartoon', 'Colorful', 'Intentionally Awkward Controls', 'Cute', 'Arcade', 'Split Screen', 'Action', 'Controller', 'Cartoony', 'Superhero', 'Comedy', '1980s', 'Old School', 'Singleplayer']",2025-03-25 16:04:18,False,2024–25,2.0,2007,False,29.99,,,,,$20+,2
3180270,Carnage Kart X,0,True,False,True,False,1734141904,11,90,['Two Brain Games'],['Two Brain Games'],"['Retro', 'Medieval', 'Hack and Slash', 'Driving', 'Pixel Graphics', 'Action Roguelike', 'Local Co-Op', 'Action RPG', 'Indie', 'Casual', 'Roguelite', 'Magic', 'Arcade', 'Combat Racing', 'Horror', '3D', 'Action', 'Bullet Hell', 'Racing', 'Dark Fantasy']",2024-12-14 02:05:04,False,2024–25,2.0,1707,False,4.99,,,,,до $5,2
3181770,Diced Up!,0,True,False,False,False,1730433611,2,100,['slameron'],['slameron'],"['Action', 'Casual', 'Bullet Hell', 'Online Co-Op', 'Twin Stick Shooter', 'Arcade', 'Shooter', 'Top-Down Shooter', '2D', 'Pixel Graphics', 'Top-Down', 'Survival', 'Combat', 'PvE', 'Co-op', 'Multiplayer', 'Singleplayer', 'Indie']",2024-11-01 04:00:11,False,2024–25,,799,True,9.99,,,,,$5–9.99,не указано
3184510,Warriors United,0,True,False,True,False,1730973640,4,25,['Benfau'],['Benfau'],"['Action', ""Beat 'em up"", 'Spectacle fighter', 'Souls-like', 'Hack and Slash', '3D', 'Third Person', 'Colorful', 'Stylized', 'Co-op Campaign', 'Massively Multiplayer', 'Indie', 'Early Access', 'Casual', 'Co-op', 'Online Co-Op', 'Singleplayer', 'Multiplayer']",2024-11-07 10:00:40,False,2024–25,4.0,2346,False,5.99,,,,,$5–9.99,3–4
3184720,Zombie Siege：Room War,0,True,False,False,False,1731339236,0,0,['gamemixcraft'],['gamemixcraft'],"['Action', 'Shooter', 'Top-Down Shooter', '3D Platformer', 'Looter Shooter', '3D', 'Top-Down', 'Split Screen', 'Cartoony', 'Zombies', 'Loot', 'Building', 'Funny', 'Survival', 'Base Building', 'Bullet Time', 'Combat', 'Controller', 'Singleplayer', 'Co-op']",2024-11-11 15:33:56,False,2024–25,2.0,984,False,0.99,,,,,до $5,2
3188960,Use Your Words 2,0,True,False,False,False,1734992471,52,82,['Smiling Buddha Games'],"['Smiling Buddha Games', 'vellocet games']","['Casual', 'Board Game', 'Funny', 'Parody ', 'Cartoony', 'Colorful', 'Hand-drawn', 'Comedy', 'Local Co-Op', 'Indie', 'Local Multiplayer']",2024-12-23 22:21:11,False,2024–25,,4168,False,14.99,,,,,$10–14.99,не указано
3189190,Sebio,0,True,False,False,False,1726837261,0,0,['Sebiny Labs'],['Sebiny Labs'],"['Adventure', 'Platformer', 'Action-Adventure', '2D Platformer', 'Exploration', '2D', 'Colorful', 'Fantasy', 'Mystery', 'Relaxing', 'Character Customization', 'Indie', 'Nonlinear', 'PvE', 'Story Rich', 'Local Co-Op', 'Singleplayer']",2024-09-20 13:01:01,False,2024–25,,1727,False,0.99,,,,,до $5,не указано
3191050,BRAZILIAN DRUG DEALER 3: I OPENED A PORTAL TO HELL IN THE FAVELA TRYING TO REVIVE MIT AIA I NEED TO CLOSE IT,0,True,False,False,False,1758132000,7939,97,"['Joeveno', 'NoQuarter']",['Joeveno'],"['Boomer Shooter', 'FPS', 'Arena Shooter', 'Shooter', 'PvP', 'Funny', '3D', 'Dark Comedy', 'First-Person', 'Lore-Rich', 'Surreal', 'Post-apocalyptic', 'Story Rich', 'Action', 'Demons', 'Adventure', 'Old School', 'Singleplayer', 'Co-op', 'Fast-Paced']",2025-09-17 18:00:00,False,2024–25,,3243,False,4.99,34.4,3.1500000000000004,596385.0,75.0,до $5,не указано
3191800,Lamentations,0,True,False,False,False,1740197709,28,60,['Yooper Game Studios LLC'],['Yooper Game Studios LLC'],"['Horror', 'Exploration', 'Online Co-Op', 'Survival Horror', 'FPS', 'Dungeon Crawler', 'PvE', 'PvP', 'Shooter', 'Action RPG', 'Action-Adventure', 'RPG', '3D', 'Psychological Horror', 'First-Person', 'Action', 'Stylized', 'Stealth', 'Zombies', 'Atmospheric']",2025-02-22 04:15:09,False,2024–25,,2351,True,4.99,,,,,до $5,не указано
3191950,Robot Rampage,0,True,False,False,False,1727039229,0,0,['Dualbooted'],['Robert MacRae'],"['Action', '3D Fighter', 'Action RPG', 'Battle Royale', ""Beat 'em up"", 'Shooter', 'Arena Shooter', 'Bullet Hell', ""Shoot 'Em Up"", '3D', 'First-Person', 'Artificial Intelligence', 'PvP', 'Massively Multiplayer', 'Combat', 'Multiplayer', 'Online Co-Op', 'Violent']",2024-09-22 21:07:09,False,2024–25,,1600,False,9.99,,,,,$5–9.99,не указано
3193270,CAMP Z: THE AWAKENING,0,True,False,False,False,1745899382,1,100,['FEAR NO EVIL GAMES LLC.'],['FEAR NO EVIL GAMES LLC.'],"['World War II', 'Side Scroller', '2D Platformer', 'Bullet Hell', 'Shooter', ""Shoot 'Em Up"", 'Online Co-Op', 'Hack and Slash', 'PvE', 'Arcade', 'Action-Adventure', '2D', 'Alternate History', 'Controller', 'Stylized', 'Military', 'Zombies', 'Combat', 'Singleplayer', 'Action']",2025-04-29 04:03:02,False,2024–25,4.0,3139,False,4.99,,,,,до $5,3–4
3194340,We Are Alive,0,True,False,False,False,1732903257,10,30,['Faceless Bear Games'],['Faceless Bear Games'],"['Horror', 'Online Co-Op', 'Multiplayer', 'Psychological Horror', 'Supernatural', 'Exploration', 'First-Person', 'Detective', 'Mystery', 'Investigation', 'FPS', 'Hidden Object', 'Action-Adventure', '3D', 'Demons', 'Thriller', 'Adventure', 'Dark', 'Combat', 'Singleplayer']",2024-11-29 18:00:57,False,2024–25,4.0,2229,False,8.99,,,,,$5–9.99,3–4
3195980,Multiplayer Romans,0,True,False,False,False,1726124721,2,50,['Archor Games'],['Archor Wright'],"['Action', 'Action RPG', 'Hack and Slash', '3D', 'Rome', 'PvP', 'Co-op', 'Multiplayer', 'Indie', 'Online Co-Op', 'Singleplayer']",2024-09-12 07:05:21,False,2024–25,,562,False,0.99,,,,,до $5,не указано
3201010,Starlight Revolver,0,True,False,True,False,1756313884,404,54,['Pahdo Labs'],['Pahdo Labs'],"['Anime', 'Action-Adventure', 'Colorful', 'Minigames', 'Cute', 'Roguelite', 'LGBTQ+', 'Action Roguelike', 'Female Protagonist', 'Indie', 'Isometric', 'Dungeon Crawler', 'Online Co-Op', 'Fishing', 'Arcade', 'Perma Death', 'Multiplayer', 'Visual Novel', 'Early Access', 'Action RPG']",2025-08-27 16:58:04,False,2024–25,,1692,False,12.99,16.9,3.55,,,$10–14.99,не указано
3203040,Malpractice,0,True,False,False,False,1730232877,26,69,['SmiiggyB'],['SmiiggyB'],"['Horror', 'Online Co-Op', 'Puzzle', 'PvE', 'Story Rich', 'Mystery', 'Psychological Horror', 'Atmospheric', 'Exploration', 'Survival Horror', 'Multiplayer', 'Strategy', 'First-Person', 'Action', 'Supernatural', 'Stealth', 'Dark', 'Thriller', 'Singleplayer', '3D']",2024-10-29 20:14:37,False,2024–25,5.0,1626,False,7.99,,,,,$5–9.99,5–8
3204480,Wispy Dreams,0,True,False,False,False,1742590755,2,100,['Recon_Project'],['Recon_Project'],"['Arcade', '2D Platformer', 'Local Co-Op', 'Action', 'Cute', 'Hand-drawn', '2D', 'Platformer', 'Cartoony', 'Retro', 'Precision Platformer', 'Side Scroller', 'Adventure', 'Cartoon', 'Multiple Endings', 'Fantasy', 'Combat', 'Linear', 'Score Attack', 'Co-op']",2025-03-21 20:59:15,False,2024–25,,1501,True,7.99,,,,,$5–9.99,не указано
3204780,Bonk It!,0,True,False,False,False,1757955221,18,88,['Slotherin'],['Slotherin'],"['Casual', 'Adventure', 'Platformer', 'Precision Platformer', 'Third-Person Shooter', '3D', 'Colorful', 'Stylized', 'Third Person', 'Nature', 'Medieval', 'Historical', 'Physics', 'Character Customization', 'Singleplayer', 'Online Co-Op', 'Multiplayer', 'Indie']",2025-09-15 16:53:41,False,2024–25,5.0,2183,False,4.99,,,,,до $5,5–8
3208780,Exo Wanderers,0,True,False,True,False,1732240800,22,100,['什工坊SueStudio'],['什工坊SueStudio'],"['Casual', 'Top-Down Shooter', 'Tanks', 'Split Screen', 'Combat Racing', 'Twin Stick Shooter', 'Local Co-Op', 'Arcade', 'Space', 'Futuristic', 'Tower Defense', 'Shooter', '3D', 'Top-Down', 'Cartoon', 'Third Person', 'Stylized', 'Mechs', 'Racing', ""Shoot 'Em Up""]",2024-11-22 02:00:00,False,2024–25,2.0,2237,False,11.99,,,,,$10–14.99,2
3212580,Bratz® Rhythm & Style,0,True,False,False,False,1757665353,30,76,['Outright Games Ltd.'],['Recotechnology S.L.'],"['Family Friendly', 'Character Customization', 'Female Protagonist', 'Rhythm', 'Cute', 'Minigames', 'Cartoon', 'Casual', 'Local Co-Op', 'Local Multiplayer', 'Simulation', 'Action', 'Relaxing', 'Controller', 'Cartoony', 'Adventure', 'Colorful', 'Co-op', 'Multiplayer', 'Singleplayer']",2025-09-12 08:22:33,False,2024–25,4.0,1545,False,39.99,,,,,$20+,3–4
3214360,Bop It! The Video Game,0,True,False,False,False,1758177660,35,94,['Alliance'],['Alliance'],"['Casual', 'Rhythm', 'Arcade', ""1990's"", 'Party', 'Music', 'Retro', 'Colorful', '3D', 'Cartoony', 'Local Multiplayer', 'Family Friendly', 'Space', 'Cute', 'Controller', 'Co-op', 'Local Co-Op', 'Multiplayer', 'Singleplayer']",2025-09-18 06:41:00,False,2024–25,,1597,False,7.99,,,,,$5–9.99,не указано
3214870,Snow Bros. Wonderland,0,True,False,False,False,1732794983,40,80,"['Clear River Games', 'Toaplan']","['Tatsujin', 'Bitwave Games', 'Toaplan']","['3D Platformer', 'Local Co-Op', '4 Player Local', 'PvE', 'Retro', 'Platformer', 'Action-Adventure', 'Co-op', 'Character Customization', 'Snow', 'Tutorial', 'Isometric', 'Action', 'Funny', 'Adventure', 'Fantasy', ""1990's"", 'Old School', 'Combat', 'Singleplayer']",2024-11-28 11:56:23,False,2024–25,4.0,1840,False,29.99,,,,,$20+,3–4
3216330,Another Door: Escape Room,0,True,False,False,False,1730707663,8,87,['SKONEC Entertainment'],"['SKONEC Entertainment', 'YOUCANSTAR']","['VR', 'Puzzle', 'Escape Room', 'Online Co-Op', 'Adventure', 'Mystery', 'Psychological Horror', '6DOF', 'Hidden Object', 'Logic', 'Exploration', 'Investigation', 'Survival', 'Tutorial', 'Singleplayer', 'Co-op', 'First-Person', 'Multiplayer', 'Atmospheric', 'Lovecraftian']",2024-11-04 08:07:43,False,2024–25,,1426,False,19.99,,,,,$15–19.99,не указано
3220110,Agent Fall,0,True,False,False,False,1738126833,24,95,['Pufferfish Digital'],['Pufferfish Digital'],"['Local Co-Op', 'Multiplayer', 'Action', ""Shoot 'Em Up"", ""Beat 'em up"", 'Aliens', 'Adventure', 'Co-op', 'Shooter', 'Fantasy', 'Alternate History', 'Singleplayer', 'Arcade', 'Action-Adventure', 'Casual', 'Controller', 'Pixel Graphics', 'PvE', 'Platformer', '2D Platformer']",2025-01-29 05:00:33,False,2024–25,,802,False,4.99,,,,,до $5,не указано
3222270,ZOMVIRUS,0,True,False,False,False,1740563966,61,77,"['DMONG Co., Ltd.']","['DMONG Co., Ltd.']","['Action', 'Adventure', 'Shooter', '3D', 'VR', 'Realistic', 'Survival', 'Zombies', 'PvE', 'Nonlinear', 'Singleplayer', 'Horror', 'Co-op', 'Action Roguelike', '3D Platformer', 'Building', 'Dark', 'Survival Horror', 'Co-op Campaign', 'Multiplayer']",2025-02-26 09:59:26,False,2024–25,,1767,False,14.99,,,,,$10–14.99,не указано
3222830,DreamWorks Gabby’s Dollhouse: Ready to Party,0,True,False,False,False,1758270213,17,94,['Outright Games Ltd.'],['Infinigon Games'],"['Adventure', 'Family Friendly', 'Platformer', 'Action', 'Cartoon', 'Action-Adventure', 'Female Protagonist', 'Local Multiplayer', 'Cute', 'Cats', 'Puzzle', 'Cartoony', 'Colorful', 'Local Co-Op', 'Funny', 'Cozy', 'Controller', 'Co-op', 'Multiplayer', 'Singleplayer']",2025-09-19 08:23:33,False,2024–25,,2168,False,39.99,,,,,$20+,не указано
3225030,Sky Combat: WWII Warplane Races,0,True,False,True,False,1741041739,1,0,['Hard Shark Games'],['Hard Shark Games'],"['Third-Person Shooter', 'Flight', 'Shooter', 'Automobile Sim', 'Arcade', 'Cold War', 'Vehicular Combat', 'Third Person', 'Controller', 'Historical', 'Military', 'Action', 'Simulation', 'World War II', 'War', 'Realistic', 'Combat', 'Local Co-Op', 'Immersive', 'Multiplayer']",2025-03-03 22:42:19,False,2024–25,,1242,False,14.99,,,,,$10–14.99,не указано
3225420,Recharge: Room Games,0,True,False,True,False,1753722033,314,67,['Room Games'],['Room Games'],"['Racing', 'Arcade', 'Driving', 'PvP', 'Controller', 'Multiplayer', '3D', 'Singleplayer', 'Atmospheric', 'Realistic', 'Automobile Sim', 'First-Person', 'Physics', 'Sports', 'Fast-Paced', 'Offroad', 'Simulation', 'Co-op', 'Exploration', 'Combat Racing']",2025-07-28 17:00:33,False,2024–25,12.0,1912,False,19.99,20.1,0.95,,,$15–19.99,9+
3227530,Attack on Steel,0,True,False,False,False,1750816857,3,0,['Filet Studio'],['Filet Studio'],"['Mechs', 'Robots', 'Singleplayer', 'Multiplayer', 'Third-Person Shooter', 'Flight', 'PvP', 'Action', 'Co-op', 'MOBA', 'Shooter', 'PvE', 'Destruction', 'Sci-fi', 'Artificial Intelligence', 'Online Co-Op', 'Third Person', '3D Platformer', 'Arena Shooter', 'Massively Multiplayer']",2025-06-25 02:00:57,False,2024–25,,1946,True,3.99,,,,,до $5,не указано
3227810,Sucker head: Bodycam,0,True,False,False,False,1743615573,6,33,['Black Apple'],['Black Apple'],"['Action', 'Exploration', '3D', 'Cinematic', 'First-Person', 'Psychedelic', 'Realistic', 'Werewolves', 'Post-apocalyptic', 'Psychological', 'Psychological Horror', 'Thriller', 'Horror', 'PvE', 'Team-Based', 'Multiplayer', 'Singleplayer', 'Co-op', 'Online Co-Op', '4 Player Local']",2025-04-02 17:39:33,False,2024–25,4.0,1017,False,4.99,,,,,до $5,3–4
3228590,Deadzone: Rogue,0,True,False,False,False,1754931634,15107,82,['Prophecy Games'],['Prophecy Games'],"['Roguelike', 'FPS', 'Online Co-Op', 'PvE', 'Roguelite', 'Looter Shooter', 'First-Person', 'Shooter', 'Horror', 'Dungeon Crawler', 'Action', 'Action Roguelike', 'Post-apocalyptic', '3D', 'Sci-fi', 'Zombies', 'Bullet Hell', 'Atmospheric', 'Loot', 'Dark']",2025-08-11 17:00:34,False,2024–25,3.0,1805,False,24.99,37.0,26.6,,,$20+,3–4
3230270,Mad Void,0,True,False,False,False,1731366047,23,100,['Sentry Games'],['Sentry Games'],"['Cartoony', 'Online Co-Op', 'Space', 'Survival', 'Funny', 'Exploration', '2D Platformer', 'Casual', 'Party Game', 'Platformer', '2D', 'Character Customization', 'Controller', 'Parody ', 'Procedural Generation', 'Hand-drawn', 'Aliens', 'Multiplayer', 'Physics', 'Party']",2024-11-11 23:00:47,False,2024–25,8.0,1586,False,5.99,,,,,$5–9.99,5–8
3231990,Soccer in a Box,0,True,False,False,False,1730797514,10,100,['WaveBox Labs'],['WaveBox Labs'],"['Multiplayer', 'Funny', 'Football (Soccer)', 'Action', 'Physics', 'Sports', 'Fighting', 'Turn-Based Combat', 'Cartoony', '2D', 'Minimalist', 'PvP', 'Casual', 'Co-op', 'Online Co-Op', 'Indie', 'Platformer']",2024-11-05 09:05:14,False,2024–25,8.0,550,False,2.99,,,,,до $5,5–8
3233230,IRONSTRIKE,0,True,False,False,False,1728662419,42,85,['E McNeill'],['E McNeill'],"['VR', 'Action Roguelike', 'Co-op', 'Online Co-Op', 'Swordplay', 'Magic', 'Fantasy', 'Character Customization', 'Roguelite', 'PvE', 'Physics', 'Combat', 'Hack and Slash', 'Multiplayer', 'Singleplayer', 'Action', 'Colorful', 'Stylized']",2024-10-11 16:00:19,False,2024–25,4.0,1623,False,19.99,,,,,$15–19.99,3–4
3237000,OopsFixers Company,0,True,False,True,False,1749805226,3,0,['Worlds³'],['Worlds³'],"['Choose Your Own Adventure', 'Exploration', 'PvE', 'Action-Adventure', 'First-Person', '3D', 'Funny', 'Horror', 'Psychological Horror', 'Team-Based', 'Action', 'Atmospheric', 'Adventure', 'Comedy', 'Survival Horror', 'Supernatural', 'Multiplayer', 'Co-op', 'Online Co-Op', 'Singleplayer']",2025-06-13 09:00:26,False,2024–25,4.0,2764,False,6.99,,,,,$5–9.99,3–4
3237440,Support,0,True,False,True,False,1729296086,0,0,['摇光'],['摇光'],"['FPS', 'Zombies', 'Multiplayer', 'Shooter', 'Horror', 'Combat', 'Online Co-Op', 'First-Person', 'Adventure', 'Singleplayer', 'Co-op', 'Linear', 'Exploration', 'Dungeon Crawler', 'Indie', 'Early Access', 'Violent']",2024-10-19 00:01:26,False,2024–25,,1272,False,9.99,,,,,$5–9.99,не указано
3237570,delivery pals,0,True,False,False,False,1753801213,140,49,"['stre1itzia', 'dyrachyo']","['stre1itzia', 'dyrachyo']","['Online Co-Op', 'Horror', 'Procedural Generation', 'Comedy', 'Action', 'Exploration', 'Action-Adventure', 'Funny', 'Team-Based', 'Adventure', 'Aliens', 'Co-op', 'Stylized', 'Multiplayer', 'Singleplayer', 'PvE', 'Sci-fi', 'Survival Horror', 'First-Person', 'Psychological Horror']",2025-07-29 15:00:13,False,2024–25,7.0,2183,False,9.99,4.7,2.55,,,$5–9.99,5–8
3240760,Lock Down,0,True,False,True,False,1732648245,3,33,['LYNX Studios'],['Clinton Hughes'],"['VR', 'Horror', 'Co-op', 'Team-Based', 'Shooter', 'Action', 'Sci-fi', 'Zombies', 'Adventure', 'Action-Adventure', 'FPS', 'Survival Horror', 'On-Rails Shooter', 'Cinematic', '3D', 'First-Person', 'Realistic', 'Multiplayer', 'Dark', 'Futuristic']",2024-11-26 19:10:45,False,2024–25,,861,False,10.99,,,,,$10–14.99,не указано
3241520,SCP: Retrieval,0,True,False,True,False,1734650400,57,59,['Arcsteel Games'],['Arcsteel Games'],"['Multiplayer', 'Online Co-Op', 'Team-Based', 'FPS', 'Military', 'PvE', 'Stealth', 'Shooter', '3D', 'First-Person', 'Action', 'Horror', 'Stylized', 'Tactical', 'Supernatural', '1980s', 'Old School', 'Dark', 'Co-op', 'Exploration']",2024-12-19 23:20:00,False,2024–25,5.0,1185,False,4.99,,,,,до $5,5–8
3241660,R.E.P.O.,0,True,False,True,False,1740578356,343131,96,['semiwork'],['semiwork'],"['Horror', 'Online Co-Op', 'Multiplayer', 'Comedy', 'Co-op', 'Physics', 'First-Person', '3D', 'Stealth', 'Survival', 'Robots', 'Funny', 'Exploration', 'Action', 'Procedural Generation', 'Action Roguelike', 'Post-apocalyptic', 'Sci-fi', 'Perma Death', 'Early Access']",2025-02-26 13:59:16,False,2024–25,6.0,992,False,9.99,48.4,16.549999999999997,,,$5–9.99,5–8
3243970,Sera Dion: Survivor,0,True,False,False,False,1751162885,2,100,['Azas Software Corp.'],['Azas Software Corp.'],"['Action Roguelike', 'Multiplayer', 'Dark Fantasy', 'Online Co-Op', 'Roguelike', 'Roguelite', 'Procedural Generation', 'PvE', 'Local Co-Op', 'Singleplayer', 'Top-Down Shooter', 'Third-Person Shooter', 'Third Person', 'Top-Down', 'Realistic', 'Fantasy', 'Action', 'Shooter', 'Co-op', 'Combat']",2025-06-29 02:08:05,False,2024–25,,547,False,4.99,,,,,до $5,не указано
3247750,Mycopunk,0,True,False,True,False,1752165899,4101,88,['Devolver Digital'],['Pigeons at Play'],"['Action', 'Online Co-Op', 'FPS', 'Shooter', 'PvE', 'Looter Shooter', 'Colorful', 'Indie', 'Co-op', 'Abstract', 'First-Person', 'Funny', 'Space', 'Early Access', 'Combat', 'Controller', 'Roguelike', 'Singleplayer', 'Sci-fi', 'Extraction Shooter']",2025-07-10 16:44:59,False,2024–25,4.0,1799,False,14.99,35.7,26.3,,,$10–14.99,3–4
3249560,Undercover Fools,0,True,False,False,False,1741179739,24,75,['XDice'],['XDice'],"['Funny', 'Stealth', 'Co-op', 'Espionage', 'Action', 'Multiplayer', 'Atmospheric', 'Online Co-Op', 'Procedural Generation', 'Team-Based', 'Comedy', 'Tactical', 'PvE', 'Puzzle', 'Sandbox', 'Nonlinear', 'Character Customization', 'Action-Adventure', 'First-Person', 'Stylized']",2025-03-05 13:02:19,False,2024–25,,2592,False,9.99,,,,,$5–9.99,не указано
3249650,Little Fighter 2 Remastered,0,True,False,False,False,1752846372,1773,76,['Little Fighter Co Pty Ltd'],"['Little Fighter Co Pty Ltd', 'Marti Wong']","['Action', '2D Fighter', 'Arcade', ""Beat 'em up"", '2D', 'Cartoon', 'Cartoony', 'Cute', 'Minimalist', ""1990's"", 'Old School', 'Martial Arts', 'Retro', 'Combat', '4 Player Local', 'Local Co-Op', 'Local Multiplayer', 'Singleplayer', 'Indie', 'Artificial Intelligence']",2025-07-18 13:46:12,False,2024–25,8.0,1075,False,15.88,14.9,5.3,,,$15–19.99,5–8
3250670,Fake It,0,True,False,False,False,1758391430,9,100,['Androbyte'],['Androbyte'],"['Casual', 'Multiplayer', 'Funny', 'Stealth', 'PvP', 'Comedy', 'Hidden Object', 'Cute', 'Investigation', 'Arcade', 'Colorful', 'Action', 'Stylized', '3D', 'Strategy RPG', 'Co-op', 'Online Co-Op', 'Indie']",2025-09-20 18:03:50,False,2024–25,,1106,False,2.99,,,,,до $5,не указано
3253150,Diner Bros 2,0,True,False,False,False,1753370823,147,87,['JAYFLGAMES'],['JAYFLGAMES'],"['Casual', 'Cooking', 'Local Co-Op', 'Co-op', 'Arcade', 'Action', 'Cartoony', 'Cute', '4 Player Local', 'Family Friendly', 'Time Management', 'Management', 'Controller', '3D', 'Resource Management', 'Local Multiplayer', 'Singleplayer', 'Indie']",2025-07-24 15:27:03,False,2024–25,4.0,2247,False,14.99,41.9,17.4,,,$10–14.99,3–4
3253440,EGG RAIDERS,0,True,False,True,False,1730300400,1,100,['Misoge Inc.'],['Misoge Inc.'],"['Online Co-Op', 'Horror', 'Multiplayer', 'First-Person', 'Indie', 'Early Access', 'Exploration', 'Psychological Horror', 'Dungeon Crawler', 'Time Management', 'Dark Comedy', 'PvE', 'Co-op', 'Sci-fi', 'Team-Based', 'Funny', 'Survival Horror', 'Moddable', 'Perma Death', 'Creature Collector']",2024-10-30 15:00:00,False,2024–25,4.0,1299,False,4.99,,,,,до $5,3–4
3253530,PIT OF GOBLIN,0,True,False,True,False,1734443950,921,84,"['Friendly Foe', 'Bright Gambit']",['Friendly Foe'],"['3D', 'Loot', 'Co-op', 'Horror', 'PvE', 'Multiplayer', 'Exploration', 'Jump Scare', 'Action', 'Fantasy', 'Dark Fantasy', 'Survival Horror', 'Online Co-Op', 'First-Person', 'Adventure', 'Action-Adventure', '3D Platformer', 'Character Customization', 'Atmospheric', 'Mystery Dungeon']",2024-12-17 13:59:10,False,2024–25,4.0,3771,False,5.99,90.1,3.8499999999999996,,,$5–9.99,3–4
3253630,Gal Guardians: Servants of the Dark,0,True,False,False,False,1743033607,562,65,"['INTI CREATES CO., LTD.']","['INTI CREATES CO., LTD.']","['Action', 'Adventure', 'Metroidvania', 'Action-Adventure', '2D', 'Anime', 'Female Protagonist', 'Gothic', 'Dark Fantasy', 'Co-op', 'Online Co-Op', 'Multiplayer', 'Singleplayer', 'Pixel Graphics', 'Sexual Content', 'Local Co-Op']",2025-03-27 00:00:07,False,2024–25,,2494,True,29.99,19.3,,,,$20+,не указано
3253690,Castle of Shikigami 3,0,True,False,False,False,1741762715,15,86,['Cosmo Machia Inc.'],"['Cosmo Machia', 'Alfa System']","['Action', 'Arcade', 'Bullet Hell', 'Top-Down Shooter', '2D', 'Top-Down', 'Dark Fantasy', 'Horror', 'Retro', 'Score Attack', 'Controller', 'Story Rich', 'Singleplayer', 'Local Co-Op']",2025-03-12 06:58:35,False,2024–25,2.0,2983,False,29.99,,,,,$20+,2
3255120,Miner Hoversurf 2 Multiplayer Madness,0,True,False,False,False,1743517587,11,90,['Sinned Games'],['Sinned Games'],"['Racing', 'PvE', 'PvP', 'Arcade', '3D', 'Third Person', 'Procedural Generation', 'Physics', 'Cartoon', 'Co-op', 'Indie', 'Multiplayer', 'Online Co-Op', 'Singleplayer', 'Combat Racing']",2025-04-01 14:26:27,False,2024–25,,788,False,4.99,,,,,до $5,не указано
3257310,10S FOREVER,0,True,False,False,False,1750251483,94,98,['owch'],['owch'],"['Bullet Hell', 'Sports', 'Tennis', 'Surreal', 'Arcade', 'Action', '2D', 'Dark', 'Atmospheric', 'Combat', 'Minimalist', 'Pixel Graphics', 'Singleplayer', 'Local Co-Op', 'Controller', 'Indie', 'Co-op', 'Local Multiplayer', 'Multiplayer']",2025-06-18 12:58:03,False,2024–25,2.0,882,False,7.99,,,,,$5–9.99,2
3261510,The Carnival Killer,0,True,False,False,False,1729580420,3,33,['Moonman Games'],"['Mad Scientist Studios', 'Digital Cove Games']","['Action', 'Action-Adventure', 'Hack and Slash', 'First-Person', 'Dark', 'Demons', 'Horror', 'Psychological', 'Psychological Horror', 'Survival Horror', 'Combat', 'Gore', 'Violent', 'Co-op', 'Multiplayer', 'Online Co-Op', 'Singleplayer']",2024-10-22 07:00:20,False,2024–25,4.0,3887,False,1.99,,,,,до $5,3–4
3261870,Multiplayer Ninjas,0,True,False,False,False,1728977823,0,0,['Archor Games'],['Archor Wright'],"['Action', 'Action-Adventure', 'Hack and Slash', '3D', 'Ninja', 'PvP', 'Co-op', 'Multiplayer', 'Indie', 'Online Co-Op', 'Singleplayer']",2024-10-15 07:37:03,False,2024–25,,576,False,0.99,,,,,до $5,не указано
3262220,Red Blue Cell,0,True,False,False,False,1736498868,25,100,['Liao Kai'],"['Liao Kai', 'LKK GAME']","['Bullet Hell', ""1990's"", 'Arcade', 'Pixel Graphics', 'Flight', '2D', 'Action', 'Top-Down Shooter', ""Shoot 'Em Up"", 'Shooter', 'Top-Down', '1980s', 'Space', 'War', 'Sci-fi', 'Old School', 'Combat', 'Singleplayer', 'Co-op', 'Multiplayer']",2025-01-10 08:47:48,False,2024–25,,696,True,3.99,,,,,до $5,не указано
3263320,Carry The Glass,0,True,False,False,False,1729746031,2857,75,['SlugShot Games'],"['Çağatay Demir', 'Enes Kaplan']","['Co-op', 'Multiplayer', 'Puzzle Platformer', 'Online Co-Op', 'Funny', 'Adventure', 'Platformer', '3D Platformer', 'Physics', 'Casual', 'Simulation', 'Parkour', 'Action-Adventure', 'Third Person', 'Exploration', 'Building', '3D', 'Linear', 'Cartoony', 'Family Friendly']",2024-10-24 05:00:31,False,2024–25,2.0,1064,False,4.99,70.6,3.85,32439504.0,11354.0,до $5,2
3267940,IAI,0,True,False,False,False,1753170910,0,0,['Sola'],['Sola'],"['Linear', 'Artificial Intelligence', 'Aliens', 'VR', 'Puzzle', 'Online Co-Op', 'Adventure', 'Co-op Campaign', 'Sci-fi', 'Multiplayer', '3D', 'First-Person', 'Robots', 'Dialogue Heavy', 'Multiple Endings', 'Atmospheric', 'Mystery', 'Psychological', 'Transhumanism', 'Immersive']",2025-07-22 07:55:10,False,2024–25,2.0,4448,True,14.99,,,,,$10–14.99,2
3268730,Kaiju Control Force,0,True,False,False,False,1731090669,4,100,['Aurita Games'],['PlayMedusa'],"['Arcade', '2D Platformer', 'Pixel Graphics', 'Procedural Generation', 'Action', '2D', 'Singleplayer', 'Local Co-Op', 'Family Friendly', 'Cute', 'Retro', 'Post-apocalyptic', 'Sci-fi', 'Cartoony']",2024-11-08 18:31:09,False,2024–25,2.0,1085,False,3.99,,,,,до $5,2
3269650,Isle of the Night: Pirate Survivors,0,True,False,False,False,1745694278,19,100,['BehaUlas'],['BehaUlas'],"['Action Roguelike', 'Action', 'Casual', 'Adventure', 'Arcade', 'Roguelite', '3D', 'Pixel Graphics', 'Fantasy', 'Mystery', 'Survival', 'Building', 'Crafting', 'PvP', 'PvE', 'Combat', 'Base Building', 'Co-op', 'Singleplayer', 'Online Co-Op']",2025-04-26 19:04:38,False,2024–25,,1366,False,2.99,,,,,до $5,не указано
3270270,Haunted Halloween,0,True,False,False,False,1730342027,16,37,['Celeritas Games'],['Celeritas Games'],"['Adventure', 'Casual', 'Online Co-Op', 'Horror', 'Co-op', 'Survival Horror', 'Action', 'FPS', 'First-Person', 'Realistic', 'Atmospheric', 'Indie', 'Gore', 'Violent', 'Funny', 'Singleplayer', 'Action-Adventure', 'Exploration', 'PvE']",2024-10-31 02:33:47,False,2024–25,5.0,602,False,7.99,,,,,$5–9.99,5–8
3272180,Quantum Joe,0,True,False,False,False,1738249232,3,100,['THREESIDED POLYGON'],['THREESIDED POLYGON'],"['2D Platformer', 'Action', 'Platformer', 'Arcade', '2D', 'Nonlinear', 'Pixel Graphics', 'Family Friendly', 'Level Editor', 'Cartoon', 'Adventure', 'Indie', 'Retro', 'Local Co-Op', 'Singleplayer']",2025-01-30 15:00:32,False,2024–25,,1336,True,7.99,,,,,$5–9.99,не указано
3274480,Multiplayer Mummies,0,True,False,False,False,1729605659,1,100,['Archor Games'],['Archor Wright'],"['Action', '3D Fighter', 'Spectacle fighter', '3D', 'Mythology', 'PvP', 'Co-op', 'Multiplayer', 'Indie', 'Online Co-Op', 'Singleplayer']",2024-10-22 14:00:59,False,2024–25,,516,False,0.99,,,,,до $5,не указано
3274770,The Gleaming Grill,0,True,False,False,False,1731419482,14,78,['Invertebrate Duck'],['Invertebrate Duck'],"['Casual', 'Cooking', 'Online Co-Op', 'Character Customization', 'Perma Death', 'Action', 'Colorful', 'Multiplayer', 'Roguelike', 'Singleplayer', 'First-Person', 'Indie', '3D', 'Stylized', 'PvE', 'Co-op']",2024-11-12 13:51:22,False,2024–25,4.0,638,False,7.99,,,,,$5–9.99,3–4
3276440,JumpKin,0,True,False,False,False,1736078433,3,100,['Kuark Games'],"['Umut KAYA', 'Volkan USUĞLU', 'Emrah TORTUK']","['Action', 'Casual', 'Adventure', '2D Fighter', 'Action-Adventure', 'Platformer', '2D Platformer', '2D', 'Hand-drawn', 'Colorful', 'Cute', 'Cartoony', 'Atmospheric', 'Nature', 'Parkour', 'Tactical', 'Linear', 'Score Attack', 'PvE', 'Online Co-Op']",2025-01-05 12:00:33,False,2024–25,,2294,False,2.99,,,,,до $5,не указано
3277530,Aeonic,0,True,False,False,False,1730806802,2,50,['publisher'],['dev'],"['Choose Your Own Adventure', 'Education', 'Interactive Fiction', 'Visual Novel', '2D', 'Text-Based', 'Alternate History', 'Historical', 'Adventure', 'Artificial Intelligence', 'Singleplayer', 'Indie', 'Anime', 'Experimental', 'Souls-like', 'PvE', 'Co-op', 'Dystopian ', 'Dating Sim', 'Point & Click']",2024-11-05 11:40:02,False,2024–25,,344,False,4.99,,,,,до $5,не указано
3277670,Cozy Dash,0,True,False,False,False,1741316745,11,90,['Rainbow Cat Studio'],['Rainbow Cat Studio'],"['Casual', 'Adventure', 'Action-Adventure', '3D Platformer', '3D', 'Top-Down', 'Cartoon', 'Cute', 'Relaxing', 'Funny', 'Minimalist', 'PvP', 'Controller', 'Tutorial', 'Singleplayer', 'Co-op', 'Platformer', 'Runner', 'Bullet Hell', 'Local Multiplayer']",2025-03-07 03:05:45,False,2024–25,,4089,False,1.99,,,,,до $5,не указано
3278120,Girls Kitchen Dinner,0,True,False,False,False,1743418257,4,0,['GoGo Games Interactive'],['HKGamesSTUDIOS'],"['Casual', 'Multiplayer', 'Online Co-Op', 'Local Co-Op', 'Funny', 'Cooking', 'Visual Novel', 'Time Management', 'Cute', 'Comedy', 'Romance', 'Relaxing', 'Simulation', '2.5D', 'Pixel Graphics', 'Dark Comedy', 'Story Rich', 'Controller', 'Dialogue Heavy', 'Character Customization']",2025-03-31 10:50:57,False,2024–25,,1160,True,6.99,,,,,$5–9.99,не указано
3279150,Rusty Coffin,0,True,False,True,False,1733993834,2,100,['Tal Games'],['Tal Games'],"['FPS', 'PvE', 'Shooter', 'First-Person', '3D', 'Horror', 'Team-Based', 'Action', 'Robots', 'Adventure', 'Survival Horror', 'Dark', 'Multiplayer', 'Online Co-Op', 'Co-op', 'Gore', 'Indie', 'Early Access', 'Sci-fi', 'Mechs']",2024-12-12 08:57:14,False,2024–25,,1689,False,7.99,,,,,$5–9.99,не указано
3281400,BodyPanic,0,True,False,False,False,1749417126,6,16,['MD'],['MD'],"['Horror', 'Survival Horror', 'Multiplayer', 'Action', 'Atmospheric', '3D', 'Adventure', 'Action-Adventure', 'Hidden Object', 'First-Person', 'Thriller', 'Supernatural', 'Mystery', 'Tactical', 'PvE', 'Team-Based', 'Cinematic', '6DOF', 'Singleplayer', 'Co-op']",2025-06-08 21:12:06,False,2024–25,4.0,1319,False,5.99,,,,,$5–9.99,3–4
3281620,Astropods: Starside Glaze,0,True,False,False,False,1755206908,28,100,['CheesiMoon'],"['CheesiMoon', 'Breadbinbran']","['Side Scroller', '2D Platformer', '2D Fighter', 'Character Customization', 'Cute', 'Action', 'Nonlinear', 'Hack and Slash', 'Local Co-Op', '2D', 'Platformer', 'Singleplayer', 'Colorful', 'Pixel Graphics', 'Magic', 'Space', 'Combat', 'Fighting', 'Controller', ""Beat 'em up""]",2025-08-14 21:28:28,False,2024–25,2.0,3404,False,12.5,,,,,$10–14.99,2
3282450,Baggy Duo,0,True,False,False,False,1731900515,2,100,['Naplab Game Studio'],['MorningMondayGames'],"['Adventure', 'Platformer', 'Casual', '2D Platformer', 'Side Scroller', 'Puzzle', 'Co-op Campaign', 'Local Co-Op', 'Co-op', 'Singleplayer', '2.5D', 'Cartoon', 'Cute', 'Funny', 'Horror', 'Character Customization', 'Multiple Endings', 'Indie']",2024-11-18 03:28:35,False,2024–25,,1662,False,7.99,,,,,$5–9.99,не указано
3285240,TropTopia,0,True,False,False,False,1730192426,0,0,['VelvetThunderZ'],['VelvetThunderZ'],"['Casual', 'Platformer', '2D Platformer', '2D', 'Relaxing', 'Controller', 'Local Co-Op', 'Indie', 'Singleplayer']",2024-10-29 09:00:26,False,2024–25,,731,False,0.99,,,,,до $5,не указано
3287480,Roll With Friends,0,True,False,False,False,1731431157,1,100,['Enhanced Creation'],['Enhanced Creation'],"['Co-op', 'Arcade', 'Casual', 'Platformer', 'Multiplayer', 'Funny', '3D Platformer', 'Singleplayer', 'Third Person', '3D', 'Colorful', 'Physics', 'Stylized', 'Indie']",2024-11-12 17:05:57,False,2024–25,6.0,920,False,1.5,,,,,до $5,5–8
3288600,SKIBIDI GYATROOMS,0,True,False,False,False,1737388043,631,80,['HeartstuckStudios'],"['FoodWithoutTaste', 'Shinok']","['Horror', 'Multiplayer', 'Online Co-Op', 'Psychological Horror', 'Co-op', 'Survival Horror', 'First-Person', 'Action', 'Exploration', 'Singleplayer', 'Adventure', 'Casual', '3D', 'Action-Adventure', 'Indie', 'Memes', 'Dungeon Crawler', 'Character Customization', 'Aliens', 'Escape Room']",2025-01-20 15:47:23,False,2024–25,4.0,817,False,1.99,55.8,1.4,,,до $5,3–4
3288940,Multiplayer Mongolians,0,True,False,False,False,1730294469,5,80,['Archor Games'],['Archor Wright'],"['Action', 'Action-Adventure', 'Hack and Slash', '3D', 'Medieval', 'PvP', 'Co-op', 'Multiplayer', 'Indie', 'Online Co-Op', 'Singleplayer']",2024-10-30 13:21:09,False,2024–25,,650,False,0.99,,,,,до $5,не указано
3295890,PARKOUR CIVILIZATION,0,True,False,False,False,1731599490,30,76,['Sweepy Games'],['Sweepy Games'],"['Parkour', '3D Platformer', 'Difficult', 'Online Co-Op', 'Physics', 'Platformer', 'Precision Platformer', 'Runner', '3D', 'Funny', 'Adventure', 'Memes', 'Casual', 'Cartoony', 'Colorful', 'Cute', 'First-Person', 'Stylized', 'Atmospheric', 'Co-op']",2024-11-14 15:51:30,False,2024–25,,1085,False,3.99,,,,,до $5,не указано
3295900,Parkour Challenger,0,True,False,False,False,1743518320,2,100,['Jumbo Studio'],['Jumbo Studio'],"['Platformer', '4 Player Local', 'Pixel Graphics', 'Parkour', 'Arcade', '2D Platformer', 'Local Co-Op', 'Racing', 'Sports', 'PvP', 'PvE', '2D', 'Colorful', 'Controller', 'Retro', 'Local Multiplayer', 'Singleplayer', 'Action', 'Precision Platformer', 'Indie']",2025-04-01 14:38:40,False,2024–25,4.0,571,False,0.99,,,,,до $5,3–4
3300840,Pharaoh's Riches,0,True,False,False,False,1730937006,2,0,['SAT-BOX'],['SAT-BOX'],"['Indie', 'Casual', 'Arcade', 'Puzzle', 'Controller', '3D Platformer', '3D', 'Realistic', 'Historical', 'Atmospheric', 'PvP', 'Score Attack', 'Singleplayer', 'Multiplayer', '4 Player Local', 'Local Multiplayer', 'Local Co-Op']",2024-11-06 23:50:06,False,2024–25,4.0,670,False,7.99,,,,,$5–9.99,3–4
3302150,Karaoke Love Song,0,True,False,False,False,1739518969,0,0,['Pooandplay'],"['Amourologie', 'Pooandplay']","['Casual', 'Rhythm', 'Cinematic', 'Emotional', 'Music-Based Procedural Generation', 'Co-op', 'Local Co-Op', 'Singleplayer', 'Multiplayer', 'Local Multiplayer']",2025-02-14 07:42:49,False,2024–25,,2236,False,12.99,,,,,$10–14.99,не указано
3303700,Vagnerun,0,True,False,False,False,1733352572,1,100,['Vagner da Rocha Santos'],['Vagner da Rocha Santos'],"['Action', 'Sports', 'Racing', 'Arcade', 'eSports', 'Shooter', 'Automobile Sim', 'Combat Racing', '2D', 'Isometric', 'Space', 'Old School', 'Family Friendly', 'Combat', 'Vehicular Combat', 'Local Co-Op']",2024-12-04 22:49:32,False,2024–25,2.0,3013,False,4.99,,,,,до $5,2
3310590,Lurking Danger,0,True,False,False,False,1743440536,49,65,['Farelas'],['Farelas'],"['Action', 'Adventure', 'Third-Person Shooter', 'Action-Adventure', 'Survival Horror', 'Split Screen', 'Shooter', 'Interactive Fiction', 'Third Person', 'Psychological Horror', 'Cinematic', 'Horror', 'Co-op Campaign', 'Realistic', 'Emotional', 'Female Protagonist', 'Psychological', 'Sci-fi', 'Local Co-Op', 'Stealth']",2025-03-31 17:02:16,False,2024–25,,2237,True,11.99,,,,,$10–14.99,не указано
3313860,Frostgrims Revenge,0,True,False,False,False,1735005419,10,60,['Visage Games Studio'],['Visage Games Studio'],"['Horror', 'Action', 'Co-op', 'Survival Horror', 'Online Co-Op', 'Survival', 'Adventure', 'Atmospheric', 'Realistic', 'PvE', 'Casual', 'Arcade', 'Singleplayer', 'Dark', 'Psychological', 'Snow', 'Multiplayer', 'Indie']",2024-12-24 01:56:59,False,2024–25,5.0,2645,False,2.99,,,,,до $5,5–8
3314040,Final Exit,0,True,False,False,False,1732296360,5,40,['MohaDev'],['MohaDev'],"['Horror', 'Local Multiplayer', 'Online Co-Op', 'Puzzle', 'Casual', 'Exploration', 'Hidden Object', '3D', 'First-Person', 'Survival Horror', 'Zombies', 'Indie', 'Stealth', 'Tutorial', 'Singleplayer', 'Co-op']",2024-11-22 17:26:00,False,2024–25,,1179,False,4.99,,,,,до $5,не указано
3315230,Rocket Squad: Infinity,0,True,False,False,False,1748590042,31,19,['Jackto Studios'],['Jackto Studios'],"['Online Co-Op', 'Team-Based', 'PvE', 'FPS', 'Action', 'Hero Shooter', 'Co-op', 'Shooter', 'Dungeon Crawler', 'Sci-fi', 'Extraction Shooter', 'Robots', 'Space', 'Comedy', 'Difficult', 'Indie', 'Looter Shooter', 'Singleplayer', 'First-Person', 'Procedural Generation']",2025-05-30 07:27:22,False,2024–25,5.0,1937,False,14.99,,,,,$10–14.99,5–8
3315600,Party Party Time 3,0,True,False,False,False,1731541105,7,85,['SAT-BOX'],['SAT-BOX'],"['Indie', 'Family Friendly', 'PvP', 'Cute', 'Multiplayer', 'Local Multiplayer', 'Action', 'Local Co-Op', '4 Player Local', 'Casual', 'Singleplayer', 'Co-op', 'Arcade', 'Battle Royale', '3D Platformer', '3D', 'Colorful', 'Comedy', 'Funny']",2024-11-13 23:38:25,False,2024–25,6.0,1091,False,4.99,,,,,до $5,5–8
3316390,We Are Square,0,True,False,False,False,1734754137,1,100,['Inanimate Ink'],['Inanimate Ink'],"['2D Platformer', 'Platformer', '2D', 'Controller', 'Team-Based', 'Action', 'Pixel Graphics', 'Comedy', 'Co-op', 'Indie', 'Local Co-Op', 'Local Multiplayer', 'Multiplayer']",2024-12-21 04:08:57,False,2024–25,8.0,939,True,1.99,,,,,до $5,5–8
3317140,Art Spotting Co-op,0,True,False,False,False,1732781426,1,100,['Musabiza'],['Musabiza'],"['Hidden Object', 'Puzzle', 'Point & Click', '2D', 'Casual', 'Co-op', 'Local Co-Op', 'Relaxing', 'Family Friendly', 'Nature', 'Split Screen', 'Cute', 'Historical', 'Cartoony', 'Colorful', 'Hand-drawn', 'Western', 'Building', 'Cartoon', 'Local Multiplayer']",2024-11-28 08:10:26,False,2024–25,2.0,918,True,2.99,,,,,до $5,2
3317170,Neon Knives,0,True,False,False,False,1738615388,16,100,['Cookiecrayon'],['Cookiecrayon'],"['Multiplayer', 'Action', '2D', 'Funny', 'Local Multiplayer', 'Social Deduction', 'Co-op', 'Indie', 'PvP', 'Competitive', 'Casual', 'Local Co-Op', 'Stealth', 'Psychological', 'Top-Down', 'Psychedelic', 'Colorful', 'Controller', 'Hand-drawn', 'Stylized']",2025-02-03 20:43:08,False,2024–25,2.0,1025,False,9.99,,,,,$5–9.99,2
3317510,SokobotS,0,True,False,False,False,1745217924,0,0,['OgmaGames'],['OgmaGames'],"['Sokoban', 'Local Co-Op', 'Sci-fi', 'Isometric', 'Puzzle', 'Casual', 'Robots', 'Cute', 'Colorful', 'Space', 'Strategy', 'Co-op', 'Funny', 'Satire', 'Logic', 'Mechs', 'Futuristic', 'Resource Management', 'Management', 'Team-Based']",2025-04-21 06:45:24,False,2024–25,,722,True,2.99,,,,,до $5,не указано
3319710,CybArena,0,True,False,False,False,1734062887,10,100,['Cojokero Games'],['Cojokero Games'],"['Action Roguelike', 'Arena Shooter', ""Shoot 'Em Up"", 'Top-Down Shooter', 'Twin Stick Shooter', 'Incremental', 'Roguelite', 'PvE', 'Shooter', 'Arcade', 'Roguelike', '2D', 'Top-Down', 'Cyberpunk', 'Action', 'Pixel Graphics', 'Sci-fi', 'Boss Rush', 'Combat', 'Co-op']",2024-12-13 04:08:07,False,2024–25,4.0,4577,False,4.99,,,,,до $5,3–4
3321400,SANTA,0,True,False,False,False,1734544881,22,59,['Mightyy'],['Mightyy'],"['Online Co-Op', 'Horror', 'First-Person', 'Co-op', 'Survival Horror', 'Exploration', 'Psychological Horror', 'Funny', 'Sci-fi', 'PvE', 'Time Management', 'Procedural Generation', 'Adventure', 'Multiplayer', 'Dungeon Crawler', 'Atmospheric', 'Action', 'Action-Adventure', 'Perma Death', '3D']",2024-12-18 18:01:21,False,2024–25,4.0,839,False,9.99,,,,,$5–9.99,3–4
3324420,Executioner,0,True,False,False,False,1755183213,2,0,[' Kane Entertainment'],[' Kane Entertainment'],"['Action', 'MOBA', 'Shooter', 'FPS', 'Third-Person Shooter', 'Realistic', 'First-Person', 'Violent', 'Gore', 'Third Person', 'Military', 'Tactical', 'PvP', 'Co-op', 'Indie', 'Online Co-Op', 'Multiplayer', 'Singleplayer', 'Combat']",2025-08-14 14:53:33,False,2024–25,4.0,2203,False,0.99,,,,,до $5,3–4
3325000,RabbitParty,0,True,False,False,False,1738408036,1,0,['GreenTree'],['GreenTree'],"['Action', 'Casual', '3D', 'Funny', 'PvP', 'Co-op', 'Multiplayer', 'Indie', 'Online Co-Op']",2025-02-01 11:07:16,False,2024–25,,1782,False,0.99,,,,,до $5,не указано
3327480,Santa Slides to Town,0,True,False,False,False,1733468645,0,0,['Hetocode'],['Hetocode'],"['Racing', 'Precision Platformer', 'Side Scroller', 'Runner', 'Platformer', 'Arcade', 'Character Customization', '2D', 'Cute', 'Casual', 'Relaxing', 'Cartoony', 'Family Friendly', 'Local Co-Op', 'Indie', 'Local Multiplayer', 'Singleplayer', 'Multiplayer']",2024-12-06 07:04:05,False,2024–25,16.0,1889,True,3.99,,,,,до $5,9+
3329240,CYBERPHOBIA,0,True,False,False,False,1732026619,1,100,['Archor Games'],['Archor Wright'],"['Action', 'Shooter', 'Looter Shooter', '3D', 'Cyberpunk', 'PvP', 'Co-op', 'Multiplayer', 'Indie', 'Online Co-Op', 'Singleplayer']",2024-11-19 14:30:19,False,2024–25,,1754,False,0.99,,,,,до $5,не указано
3331280,The Supernatural Power Troll,0,True,False,False,False,1735226575,0,0,['Dobuki Studio'],['Jack Le Hamster'],"['2D Platformer', 'Puzzle Platformer', 'Puzzle', 'Platformer', '2D', 'Cute', 'Fantasy', 'Third Person', 'Supernatural', 'Dark Humor', 'Action', 'Funny', 'Casual', 'Cartoon', 'Pixel Graphics', 'Logic', 'Superhero', 'Local Co-Op', 'Colorful', 'Relaxing']",2024-12-26 15:22:55,False,2024–25,,1623,False,2.99,,,,,до $5,не указано
3337320,DEMONOLITION,0,True,False,False,False,1758729694,9,77,['HEX512'],['HEX512'],"['Arena Shooter', 'Co-op', 'Demons', 'PvE', 'FPS', 'Action', 'Shooter', 'Combat', 'Realistic', 'Supernatural', 'Singleplayer', 'Arcade', 'Survival', 'Score Attack', 'Western', 'Multiplayer', 'Zombies', 'Online Co-Op', 'First-Person', 'Adventure']",2025-09-24 16:01:34,False,2024–25,4.0,1795,False,9.99,,,,,$5–9.99,3–4
3337370,LAW 56,0,True,False,False,False,1750432621,2,100,['Willow Studios'],['Willow Studios'],"['Sports', '3D Platformer', 'Parkour', 'Skating', 'PvP', 'Arcade', '3D', 'Third Person', 'Action', 'Controller', 'Team-Based', 'Cartoony', 'Colorful', 'Stylized', 'Flight', 'Futuristic', '4 Player Local', 'Co-op', 'Local Co-Op', 'Local Multiplayer']",2025-06-20 15:17:01,False,2024–25,4.0,1040,True,3.99,,,,,до $5,3–4
3339910,Duel Drive,0,True,False,False,False,1733238576,0,0,['Empirical Games'],['Empirical Games'],"['Racing', '3D', 'Split Screen', 'Cyberpunk', 'Controller', 'Local Co-Op']",2024-12-03 15:09:36,False,2024–25,2.0,1295,False,0.99,,,,,до $5,2
3340270,Revelations,0,True,False,True,False,1732830988,2,50,['deBeau Studios'],['Brock de Beaubien'],"['FPS', 'PvE', 'Shooter', 'Arcade', '3D', 'First-Person', 'Post-apocalyptic', 'Action', 'Linear', 'Story Rich', 'Demons', 'Adventure', 'Zombies', 'Physics', 'Modern', 'Combat', 'Co-op', 'Singleplayer', 'Early Access', 'Gore']",2024-11-28 21:56:28,False,2024–25,,590,False,7.99,,,,,$5–9.99,не указано
3342080,Arobynn: Sword of Adventure,0,True,False,False,False,1734022842,2,50,['Jace Of Shadows Gaming LLC'],['Jace Of Shadows Gaming LLC'],"['VR', 'Swordplay', 'Combat', 'Physics', 'Magic', 'Action', 'Adventure', 'Fantasy', 'First-Person', 'Hack and Slash', 'Dungeon Crawler', 'Singleplayer', 'Online Co-Op', 'PvE', 'PvP', 'Action RPG', 'RPG', 'MMORPG', 'Action-Adventure', 'Multiplayer']",2024-12-12 17:00:42,False,2024–25,,1769,False,4.99,,,,,до $5,не указано
3342430,Dino Quake,0,True,False,False,False,1750345601,54,100,['Neutronized'],['Neutronized'],"['Dinosaurs', 'Arcade', 'Indie', 'Platformer', '2D Platformer', 'Action', '2D', 'Colorful', 'Pixel Graphics', 'Linear', 'Co-op', 'Adventure', 'Local Co-Op', 'Local Multiplayer', 'Multiplayer', 'Singleplayer']",2025-06-19 15:06:41,False,2024–25,,711,True,7.99,,,,,$5–9.99,не указано
3343400,The Little World,0,True,False,False,False,1741323880,1,0,['KS Studio'],['KS Studio'],"['Turn-Based Tactics', '3D Platformer', 'Wargame', 'Military', 'War', 'PvP', 'PvE', 'Turn-Based Strategy', '4X', 'Character Customization', 'Strategy', '3D', 'Simulation', 'Cartoony', 'Fantasy', 'Tactical', 'Level Editor', 'Singleplayer', 'Co-op', 'Online Co-Op']",2025-03-07 05:04:40,False,2024–25,,1524,True,5.99,,,,,$5–9.99,не указано
3349600,Romania Prop Hunt,0,True,False,False,False,1733339446,32,96,['Street Art Studios'],['Street Art Studios'],"['Action', 'Third-Person Shooter', 'Casual', '3D', 'Third Person', 'Atmospheric', 'Comedy', 'PvP', 'Co-op', 'Shooter', 'Indie', 'Controller', 'Online Co-Op', 'Local Co-Op', 'Local Multiplayer', 'Multiplayer']",2024-12-04 19:10:46,False,2024–25,2.0,699,False,0.99,,,,,до $5,2
3351990,BRELOK -ねずみたちの脱出-,0,True,False,False,False,1738537241,97,91,['ひろゆ～'],['ひろめてん'],"['Puzzle Platformer', 'Point & Click', 'Adventure', 'Cute', 'Multiplayer', 'Online Co-Op', 'Escape Room', 'Choices Matter', 'Atmospheric', 'Indie', 'Casual', 'Co-op']",2025-02-02 23:00:41,False,2024–25,2.0,1970,False,3.99,,,,,до $5,2
3353000,Potatogeddon,0,True,False,True,False,1758863901,4,75,['Lukad Games'],['Lukad Games'],"['Action', 'Action Roguelike', 'Roguelike', 'Replay Value', 'Difficult', 'Procedural Generation', 'Singleplayer', 'Multiplayer', 'FPS', 'PvE', 'Shooter', ""Shoot 'Em Up"", '3D', 'Funny', 'Stylized', 'Cartoon', 'Co-op', 'Online Co-Op', 'Adventure', 'Early Access']",2025-09-26 05:18:21,False,2024–25,2.0,1740,False,2.99,,,,,до $5,2
3354250,通缉令 wanted poster,0,True,False,False,False,1733811774,2,100,['liucong'],['liucong'],"['Casual', 'Adventure', 'Action', 'Action-Adventure', 'Shooter', 'Action Roguelike', 'Top-Down Shooter', 'Looter Shooter', 'Bullet Hell', '3D', 'Top-Down', 'Cartoon', 'Cartoony', 'Western', 'Combat', 'Singleplayer', 'Co-op', 'Multiplayer', 'Local Co-Op', 'Indie']",2024-12-10 06:22:54,False,2024–25,,447,False,4.99,,,,,до $5,не указано
3356970,Nightfall Secrets,0,True,False,False,False,1749686770,18,16,['Lonely Horror'],['Lonely Horror'],"['PvE', 'First-Person', 'Horror', 'Psychological Horror', 'Realistic', 'Co-op', 'Online Co-Op', 'Multiplayer', 'Indie', 'Adventure', 'Action', 'Open World Survival Craft']",2025-06-12 00:06:10,False,2024–25,4.0,1498,True,5.99,,,,,$5–9.99,3–4
3362340,Survive Society,0,True,False,False,False,1746646984,4,75,['echomune'],['echomune'],"['Exploration', 'Online Co-Op', 'Survival Horror', 'PvE', 'Roguelite', 'Dungeon Crawler', 'Survival', 'First-Person', 'Funny', 'Horror', 'Surreal', 'Atmospheric', 'Co-op', '3D', 'Procedural Generation', 'Loot', 'Team-Based', 'Simulation', 'Comedy', 'Physics']",2025-05-07 19:43:04,False,2024–25,,1140,False,7.99,,,,,$5–9.99,не указано
3363420,"Xmas, Super Puzzles Dream",0,True,False,False,False,1735066971,0,0,['furiousDevPhoenix'],['furiousDevPhoenix'],"['Casual', 'Puzzle', '2D', 'Split Screen', 'Relaxing', 'Multiplayer', 'Local Co-Op', 'Indie', 'Local Multiplayer', 'Singleplayer']",2024-12-24 19:02:51,False,2024–25,,1352,False,5.99,,,,,$5–9.99,не указано
3363610,Lurking Among Shadows,0,True,False,False,False,1736629534,1,0,['sbuy'],['sbuy'],"['Action', 'Adventure', 'Interactive Fiction', 'Exploration', 'Pixel Graphics', 'Atmospheric', 'Dark', 'Horror', 'Investigation', 'Psychological Horror', 'Stealth', 'Survival Horror', 'Zombies', 'Open World', 'Co-op', 'Multiplayer', 'Online Co-Op']",2025-01-11 21:05:34,False,2024–25,,966,False,3.99,,,,,до $5,не указано
3363980,Galaxy Hassle,0,True,False,True,False,1734639030,1,0,['FictionLand Games'],"['FictionLand Games', 'simtendo']","['Action', 'Arcade', ""Shoot 'Em Up"", '2D', 'Top-Down', 'Aliens', 'Sci-fi', 'Space', 'Controller', 'Story Rich', 'Co-op', 'Indie', 'Early Access', 'Local Co-Op', 'Local Multiplayer', 'Multiplayer', 'Singleplayer']",2024-12-19 20:10:30,False,2024–25,,2172,True,4.99,,,,,до $5,не указано
3374820,Hockey Pong,0,True,False,False,False,1735657325,0,0,['Rayner Games Co'],['Rayner Games Co'],"['Sports', 'Hockey', 'Arcade', '2D', 'Local Co-Op', 'Singleplayer']",2024-12-31 15:02:05,False,2024–25,,756,False,0.99,,,,,до $5,не указано
3376130,Perplex,0,True,False,False,False,1744303817,19,94,['Cyvana'],['Cyvana'],"['Casual', 'Online Co-Op', 'Co-op', 'Puzzle', 'Puzzle Platformer', 'Arcade', 'Platformer', '2D', '2D Platformer', 'Action', 'Cyberpunk', 'Atmospheric', 'Relaxing', 'Family Friendly', 'Retro', 'Singleplayer', 'Physics', 'Strategy', 'Dialogue Heavy', 'Colorful']",2025-04-10 16:50:17,False,2024–25,,2495,True,4.99,,,,,до $5,не указано
3376690,THE HOUSE OF THE DEAD 2: Remake,0,True,False,False,False,1754571747,610,44,['Forever Entertainment S. A.'],['MegaPixel Studio S. A.'],"['Action', 'On-Rails Shooter', 'Shooter', 'Arcade', '3D', 'First-Person', 'Horror', ""1990's"", 'Zombies', 'Old School', 'Combat', 'Controller', 'Multiple Endings', 'Co-op', 'Local Co-Op', 'Local Multiplayer', 'Multiplayer', 'Gore', 'Singleplayer', 'Violent']",2025-08-07 13:02:27,False,2024–25,,1475,True,24.99,33.2,,,,$20+,не указано
3377170,Prop Hunt Rumble,0,True,False,True,False,1734637978,1,0,['Hexsi Games'],['Hexsi Games'],"['Casual', 'Action', 'Arcade', 'Hidden Object', 'Stylized', 'Relaxing', 'Physics', 'Colorful', 'Shooter', 'Third-Person Shooter', '3D', 'Third Person', 'Cute', 'PvP', 'Team-Based', 'Co-op', 'Online Co-Op', 'Multiplayer', 'Character Customization', 'Early Access']",2024-12-19 19:52:58,False,2024–25,,2434,False,6.99,,,,,$5–9.99,не указано
3378650,Zombocalypse,0,True,False,False,False,1741074860,2,50,['NeroStudios'],['NeroStudios'],"['Bullet Hell', 'Online Co-Op', 'Singleplayer', 'Casual', 'Multiplayer', 'PvE', 'Action', 'Shooter', 'Action-Adventure', '2D', 'Top-Down', 'Arena Shooter', 'Pixel Graphics', 'Dark', 'Survival', 'Zombies', 'Combat', 'Tutorial', 'Indie']",2025-03-04 07:54:20,False,2024–25,,1382,False,3.99,,,,,до $5,не указано
3379440,Maze Racer Balls,0,True,False,False,False,1734267772,1,100,['Imperiarte Games'],['Imperiarte Games'],"['Racing', 'Arcade', '2D', 'Pixel Graphics', 'PvP', 'PvE', 'Retro', '1980s', 'Cute', 'Top-Down', 'Controller', 'Family Friendly', 'Procedural Generation', 'Runner', 'Time Management', 'Colorful', 'Minimalist', 'Logic', 'Score Attack', 'Local Co-Op']",2024-12-15 13:02:52,False,2024–25,,511,False,6.99,,,,,$5–9.99,не указано
3380800,Turbo Balls,0,True,False,False,False,1738191593,24,75,['OneTwoPlay'],['OneTwoPlay'],"['Racing', 'Action', 'Casual', '3D Platformer', 'Runner', 'Cartoony', 'Colorful', 'Cute', 'Funny', 'PvP', 'Massively Multiplayer', 'Character Customization', 'Multiplayer', 'Singleplayer', 'Co-op', 'Arcade', 'Battle Royale', 'Indie', 'Family Friendly', 'Party Game']",2025-01-29 22:59:53,False,2024–25,8.0,922,False,4.99,,,,,до $5,5–8
3382280,HuntNPrey,0,True,False,False,False,1734626395,5,100,['CoLab Games'],['CoLab Games'],"['Action', 'Multiplayer', 'Investigation', 'PvP', 'Shooter', 'Funny', 'FPS', 'Online Co-Op', 'Realistic', 'Comedy', 'Detective', 'Tactical', 'Stealth', 'First-Person', 'Third Person', '3D', 'Tutorial', 'Indie']",2024-12-19 16:39:55,False,2024–25,8.0,1353,False,1.99,,,,,до $5,5–8
3390730,Unidentified Feline Obliterators,0,True,False,False,False,1758140160,12,100,['Shattered Journal Games'],['Shattered Journal Games'],"['Cats', 'Arcade', 'Space', 'Retro', 'Co-op', 'Local Co-Op', 'Action', 'Local Multiplayer', 'Multiplayer', 'Cute', 'Casual', '4 Player Local', 'Pixel Graphics', '2D', 'PvE', 'Combat', 'Sci-fi', 'Bullet Hell', 'Old School', 'Top-Down']",2025-09-17 20:16:00,False,2024–25,,795,False,4.99,,,,,до $5,не указано
3391350,WHITE CHOCOLATE,0,True,False,False,False,1735913415,78,94,['Bakery of Games'],['Bakery of Games'],"['Online Co-Op', '3D Platformer', 'Platformer', 'Physics', 'Difficult', 'Psychological Horror', 'Parkour', 'Stylized', 'Atmospheric', 'Funny', 'Surreal', 'Dark', 'Adventure', 'Dystopian ', 'Post-apocalyptic', 'Precision Platformer', 'Underground', 'Retro', 'Multiplayer', '3D']",2025-01-03 14:10:15,False,2024–25,,1474,False,3.99,,,,,до $5,не указано
3391750,THE EXPERIMENT: 49,0,True,False,False,False,1737144712,18,44,['Echo Forge'],['Echo Forge'],"['Adventure', 'Action-Adventure', 'Walking Simulator', '3D', 'First-Person', 'Realistic', 'Atmospheric', 'Survival Horror', 'Dark', 'Horror', 'Psychological Horror', 'Mystery', 'Singleplayer', 'Multiplayer', 'Indie', 'Co-op', 'Violent', 'Linear', 'Sexual Content', 'Short']",2025-01-17 20:11:52,False,2024–25,,1426,False,3.99,,,,,до $5,не указано
3393690,Tasks for Two,0,True,False,False,False,1738173581,0,0,['Nick Donnoli'],['Nick Donnoli'],"['Local Co-Op', 'Casual', 'Arcade', '2D', 'Cute', 'Controller', 'Cartoony', 'Family Friendly', 'Score Attack']",2025-01-29 17:59:41,False,2024–25,2.0,829,False,2.99,,,,,до $5,2
3393820,Escape Together: Secrets of the Professor,0,True,False,False,False,1738879217,2,50,['TeNiTinyGames'],['TeNiTinyGames'],"['VR', 'Puzzle', 'Online Co-Op', 'Singleplayer', 'Adventure', 'Escape Room', 'Mystery', 'Atmospheric', 'Detective', 'Investigation', 'Old School', 'Futuristic', 'Sci-fi', 'Story Rich', '6DOF', '3D', 'Co-op', 'Multiplayer', 'Physics', 'First-Person']",2025-02-06 22:00:17,False,2024–25,,1203,False,4.99,,,,,до $5,не указано
3393930,Justice Ninja Casey,0,True,False,False,False,1740758796,7,85,"['Ratalaika Games S.L.', 'Shinyuden']",['Sunsoft'],"['Ninja', 'Retro', ""Beat 'em up"", 'Pixel Graphics', 'Co-op', 'Action', 'Anime', 'Adventure', '2D', 'Colorful', 'Local Co-Op', 'Fantasy', 'Local Multiplayer', 'Multiplayer', 'Singleplayer', 'Combat', 'Arcade', 'Assassins']",2025-02-28 16:06:36,False,2024–25,2.0,1558,False,5.99,,,,,$5–9.99,2
3393940,Feudal Bros - Tonosama #1,0,True,False,False,False,1743784539,8,100,"['Ratalaika Games S.L.', 'Shinyuden']",['Sunsoft'],"[""Beat 'em up"", 'Pixel Graphics', 'Aliens', 'Action', 'Ninja', 'Adventure', 'Retro', 'Action-Adventure', '2D', 'Top-Down', 'Fantasy', 'Medieval', 'Controller', 'Co-op', 'Local Co-Op', 'Local Multiplayer', 'Multiplayer', 'Singleplayer']",2025-04-04 16:35:39,False,2024–25,2.0,1647,False,5.99,,,,,$5–9.99,2
3396740,Backrooms: Hide Together,0,True,False,False,False,1755551912,63,44,['ICON GAME STUDIO'],['ICON GAME STUDIO'],"['Exploration', 'Multiplayer', 'Online Co-Op', 'Horror', 'Realistic', 'Atmospheric', 'Puzzle', 'Psychological Horror', 'Survival Horror', 'Character Customization', 'Action-Adventure', '3D', 'First-Person', 'Action', 'Casual', 'Sci-fi', 'Adventure', 'Co-op', 'Zombies', 'Vampires']",2025-08-18 21:18:32,False,2024–25,7.0,1816,False,5.99,,,,,$5–9.99,5–8
3396810,Gulls of Doom,0,True,False,False,False,1758813124,0,0,['Copy Paste Games'],['Copy Paste Games'],"['Action', 'Roguelike', 'Bullet Hell', 'Roguelite', 'Top-Down Shooter', '2D', 'Top-Down', 'Family Friendly', 'Funny', 'Indie', 'Combat', 'Local Co-Op', 'Singleplayer']",2025-09-25 15:12:04,False,2024–25,,1334,False,2.99,,,,,до $5,не указано
3397090,SOLDIER ADVENTURE,0,True,False,False,False,1735114260,0,0,['Xiao Dong'],['Xiao Dong'],"['Adventure', 'Action', 'Action-Adventure', 'Platformer', '2D Platformer', 'Metroidvania', 'Precision Platformer', '2D', 'Cartoon', 'Fantasy', 'Inventory Management', 'PvP', 'Singleplayer', 'Co-op', 'Online Co-Op', 'Multiplayer', 'Co-op Campaign', 'Indie']",2024-12-25 08:11:00,False,2024–25,,920,False,0.99,,,,,до $5,не указано
3397690,Westfall,0,True,False,True,False,1747414909,6,16,['Metavision Studio'],['Metavision Studio'],"['Adventure', 'Action', 'Dungeon Crawler', 'Exploration', 'FPS', 'Time Management', '3D', 'First-Person', 'Realistic', '1980s', 'Dark', 'Horror', 'Steampunk', 'Survival Horror', 'Psychological Horror', 'Western', 'PvE', 'Co-op', 'Multiplayer', 'Action-Adventure']",2025-05-16 17:01:49,False,2024–25,4.0,1951,False,4.99,,,,,до $5,3–4
3399110,Jaleco Sports: Goal!,0,True,False,False,False,1750945456,2,100,['Rock It Games'],['Sickhead Games'],"['Action', 'Sports', '2D', 'Pixel Graphics', '1980s', ""1990's"", 'Family Friendly', 'Old School', 'Retro', 'Controller', 'Linear', 'Co-op', 'Local Co-Op', 'Multiplayer', 'Singleplayer', 'Local Multiplayer', 'Football (Soccer)', 'Nostalgia']",2025-06-26 13:44:16,False,2024–25,,2787,False,7.99,,,,,$5–9.99,не указано
3399480,BREAKPOINT: Viper Squad,0,True,False,True,False,1744937966,3,0,"['Adrian Nicolae', 'GizmoGameLab']",['Adrian Nicolae'],"['FPS', 'PvP', 'Early Access', 'Sci-fi', 'Shooter', 'Character Customization', 'Multiplayer', 'First-Person', 'Gun Customization', 'Action', 'Combat', 'Futuristic', 'Tactical', 'Strategy', 'Robots', 'Co-op', '3D', 'Cyberpunk', 'Space', 'Stealth']",2025-04-18 00:59:26,False,2024–25,,1543,False,2.99,,,,,до $5,не указано
3399590,"Jump,YOU!+ (from KUUKIYOMI 4: Consider It)",0,True,False,False,False,1740618070,0,0,['G-MODE'],['G-MODE'],"['Casual', '2D Platformer', 'Platformer', 'Parody ', 'Funny', 'Cats', 'Comedy', 'Singleplayer', 'Multiplayer', 'Local Multiplayer', 'Local Co-Op', 'Co-op']",2025-02-27 01:01:10,False,2024–25,2.0,1361,False,2.99,,,,,до $5,2
3399950,Your Mother,0,True,False,False,False,1740793432,8484,92,['M for Mother'],['M for Mother'],"['Desktop Companion', 'Anime', 'Female Protagonist', 'Violent', '2D', 'Cute', 'FPS', 'Emotional', 'Relaxing', 'Singleplayer', 'Casual', 'Roguelike', 'Online Co-Op', 'Funny', 'Dynamic Narration', 'Indie', 'Family Friendly', 'Comedy', 'Action', 'Character Customization']",2025-03-01 01:43:52,False,2024–25,,1212,False,0.99,52.1,3.0,26562246.0,3131.0,до $5,не указано
3401500,All The Stars,0,True,False,False,False,1735707651,4,100,['Zacharia Gebro'],['Zacharia Gebro'],"['Action', '2D Fighter', 'Action-Adventure', 'Arcade', 'Bullet Hell', 'Collectathon', '2D', 'Colorful', '1980s', 'Choices Matter', 'Combat', 'Controller', 'Linear', 'Multiple Endings', 'Story Rich', 'Local Co-Op', 'Indie', 'Singleplayer', 'Retro', 'Adventure']",2025-01-01 05:00:51,False,2024–25,,3517,True,0.99,,,,,до $5,не указано
3404170,Together We Play: Help Me Help You,0,True,False,True,False,1738359830,4,50,['Risen Realms'],['Risen Realms'],"['Multiplayer', 'Casual', 'Funny', 'Cute', 'Party Game', 'Action', 'Co-op', 'Party', 'Family Friendly', 'Online Co-Op', 'Local Multiplayer', 'Physics', 'Arcade', 'Colorful', 'Platformer', 'Cartoony', 'Puzzle', 'Character Customization', '3D Platformer', 'Puzzle Platformer']",2025-01-31 21:43:50,False,2024–25,8.0,1361,False,19.99,,,,,$15–19.99,5–8
3407770,Tennis Pro Tour,0,True,False,False,False,1737353333,2,100,['Viridis Cosmos Games'],['Tcherry'],"['Action', 'Sports', 'Arcade', '2D', '3D', 'PvP', 'Co-op', 'Local Co-Op', 'Multiplayer', 'Indie', 'Singleplayer', 'Local Multiplayer', 'Tennis']",2025-01-20 06:08:53,False,2024–25,,1112,False,4.99,,,,,до $5,не указано
3409720,POGO Epoch: Impossible 99%,0,True,False,True,False,1737980819,1,0,['힉학헉'],['힉학헉'],"['Sports', 'Precision Platformer', '3D Platformer', 'Parkour', 'Physics', 'Platformer', 'Character Customization', 'Female Protagonist', 'Nature', 'Medieval', 'Third Person', 'Multiplayer', 'Simulation', 'Controller', '6DOF', 'Time Travel', 'Realistic', 'Singleplayer', 'Online Co-Op', 'Alternate History']",2025-01-27 12:26:59,False,2024–25,,988,False,5.99,,,,,$5–9.99,не указано
3413330,Ultimate Soccer,0,True,False,False,False,1741352420,16,68,['Grands'],['Grands'],"['Sports', 'Action', 'Football (Soccer)', 'Football (American)', 'eSports', 'Multiplayer', '3D Fighter', '3D Platformer', '3D', 'Colorful', 'Realistic', 'Third Person', 'Funny', 'Martial Arts', 'Relaxing', 'Tactical', 'PvP', 'Combat', 'Physics', 'Co-op']",2025-03-07 13:00:20,False,2024–25,,1372,True,2.99,,,,,до $5,не указано
3414480,Double Trip,0,True,False,False,False,1746725431,32,100,['MaxyLAND Games'],['MaxyLAND'],"['Sokoban', 'Puzzle', '2D', 'Logic', 'Co-op', 'Relaxing', 'Casual', 'Top-Down', 'Atmospheric', 'Nature', 'Grid-Based Movement', 'Local Co-Op', 'Multiplayer', 'Local Multiplayer', 'Singleplayer', 'Indie']",2025-05-08 17:30:31,False,2024–25,2.0,1024,True,4.99,,,,,до $5,2
3414630,Turbotz Testing 20XX,0,True,False,False,False,1741020645,10,100,['Zed-ex'],['Zed-ex'],"['Action', 'Casual', 'Tower Defense', 'Roguelite', 'Incremental', 'Exploration', '2D', 'Colorful', 'Pixel Graphics', 'Retro', ""1990's"", 'Building', 'Destruction', 'Robots', 'Gun Customization', 'Music-Based Procedural Generation', 'Singleplayer', 'Online Co-Op', 'Strategy', 'Indie']",2025-03-03 16:50:45,False,2024–25,,965,False,4.99,,,,,до $5,не указано
3415340,Ox & Horse Work in Hell,0,True,False,False,False,1754033419,20,100,['Chair Game Studio'],['Chair Game Studio'],"['Action Roguelike', 'Local Co-Op', 'Local Multiplayer', '2.5D', 'Funny', 'Hand-drawn', 'Combat', 'Singleplayer', 'Action', 'Adventure', 'Indie', 'Hentai', 'Nudity']",2025-08-01 07:30:19,False,2024–25,2.0,1514,False,8.99,,,,,$5–9.99,2
3419010,GraWe,0,True,False,False,False,1753256895,0,0,['LimiteDark'],['LimiteDark'],"['Action', 'Action-Adventure', 'Horror', 'PvE', 'Team-Based', 'Multiplayer', 'Co-op', 'Indie', 'Violent', 'Singleplayer']",2025-07-23 07:48:15,False,2024–25,4.0,1490,False,7.99,,,,,$5–9.99,3–4
3422170,Rapid Impact,0,True,False,True,False,1744392428,7,42,['Rapid Impact Studio'],['Rapid Impact Studio'],"['Action', 'Shooter', 'FPS', 'First-Person', 'Realistic', 'Atmospheric', 'Military', 'War', 'Old School', 'Post-apocalyptic', 'Tactical', 'PvP', 'Combat', 'PvE', 'Multiplayer', 'Co-op', 'Online Co-Op', 'Early Access', 'Violent']",2025-04-11 17:27:08,False,2024–25,,1045,False,14.99,,,,,$10–14.99,не указано
3424430,Bean Busy,0,True,False,False,False,1738082938,1,100,['Team Hornbuckle'],['Hornbuckle Who'],"['Action', 'Arcade', 'Local Co-Op', 'Retro', 'Score Attack', 'Pixel Graphics', '2D', 'Co-op', 'Cartoony', 'Colorful', 'Cute', '1980s', 'Old School', 'Funny', 'Controller', 'Linear', 'Multiplayer', 'Singleplayer', 'Indie', 'Adventure']",2025-01-28 16:48:58,False,2024–25,2.0,1078,False,1.99,,,,,до $5,2
3424820,Frisson DT,0,True,False,True,False,1740764771,0,0,['Matt Himself'],['Matt Himself'],"['Action', 'Horror', 'Investigation', '3D', 'Supernatural', 'Puzzle', 'Exploration', 'Hidden Object', 'Immersive Sim', 'First-Person', 'Dark Humor', 'Mystery', 'Psychological Horror', 'Character Customization', 'Deckbuilding', 'Inventory Management', 'Resource Management', 'Tutorial', 'Multiplayer', 'Online Co-Op']",2025-02-28 17:46:11,False,2024–25,,1365,False,13.0,,,,,$10–14.99,не указано
3424870,The Throng,0,True,False,False,False,1741711013,3,66,['SoGon Games'],['SoGon Games'],"['Multiplayer', 'Online Co-Op', 'Family Friendly', '3D Platformer', 'Character Customization', 'Colorful', 'Action', 'PvP', 'Casual', 'Team-Based', 'Horror', 'Arcade', 'Action-Adventure', 'Stealth', '3D', 'Platformer', 'Controller', 'Fantasy', 'Futuristic', 'Stylized']",2025-03-11 16:36:53,False,2024–25,,1161,False,3.99,,,,,до $5,не указано
3428080,Jaleco Sports: Bases Loaded,0,True,False,False,False,1744980708,5,100,['Rock It Games'],['Sickhead Games'],"['Sports', '2D', 'Pixel Graphics', '1980s', ""1990's"", 'Family Friendly', 'Old School', 'Retro', 'Controller', 'Linear', 'Co-op', 'Local Co-Op', 'Local Multiplayer', 'Multiplayer', 'Singleplayer', 'Action', 'Baseball', 'Nostalgia']",2025-04-18 12:51:48,False,2024–25,,1853,False,7.99,,,,,$5–9.99,не указано
3428330,Touhou Volleyball Danmaku,0,True,False,False,False,1753139419,41,100,['Toolkitz'],['Compact TH'],"['Action', 'Volleyball', ""Shoot 'Em Up"", 'Bullet Hell', 'Arcade', '2D', 'Anime', 'Sports', 'Cute', 'Hand-drawn', 'Controller', 'Female Protagonist', 'PvP', '4 Player Local', 'Co-op', 'Local Co-Op', 'Local Multiplayer', 'Multiplayer', 'eSports', 'Singleplayer']",2025-07-21 23:10:19,False,2024–25,4.0,1813,False,9.99,,,,,$5–9.99,3–4
3431220,Lastbane,0,True,False,True,False,1752848260,39,25,['Lionstone Studio'],['Lionstone Studio'],"['Horror', 'Psychological Horror', 'Zombies', 'Vampires', 'Demons', 'Dark', 'Thriller', 'PvE', 'Dialogue Heavy', 'Realistic', 'FPS', 'Survival Horror', 'Post-apocalyptic', 'Psychological', 'Multiplayer', 'Online Co-Op', '4 Player Local', 'First-Person', 'Cinematic', 'Puzzle']",2025-07-18 14:17:40,False,2024–25,4.0,800,False,3.99,,,,,до $5,3–4
3433640,Mining Company,0,True,False,False,False,1745946013,4,25,['SoG'],['SoG'],"['Online Co-Op', 'Mining', 'Survival Horror', 'Sci-fi', 'Atmospheric', 'Exploration', 'Indie', 'Multiplayer', 'Horror', 'Co-op', 'First-Person', 'Adventure', 'Psychological Horror', 'Survival', 'Singleplayer', 'Space', 'Action', 'Nonlinear', 'Action-Adventure', 'Physics']",2025-04-29 17:00:13,False,2024–25,4.0,1488,False,3.99,,,,,до $5,3–4
3433720,Smokin Potions,0,True,False,False,False,1754412796,5,80,['Sleeping Robot Games'],['Sleeping Robot Games'],"['Local Multiplayer', 'Party Game', 'PvP', 'Character Customization', 'Action', 'Pixel Graphics', '4 Player Local', 'Casual', 'Competitive', 'Battle Royale', 'Local Co-Op', '2D', 'Cute', 'Family Friendly', 'Fantasy', 'Funny', 'Controller', 'Multiplayer', 'Replay Value', 'Fast-Paced']",2025-08-05 16:53:16,False,2024–25,5.0,2854,False,7.99,,,,,$5–9.99,5–8
3434430,Goblin's Gamble 24,0,True,False,True,False,1739777243,3,100,['Lead Game Studio'],['Lead Game Studio'],"['Early Access', 'Multiplayer', 'Casual', 'PvP', 'Co-op', 'Online Co-Op', 'Indie', 'Gambling', 'FPS', '3D', 'Funny', 'First-Person', 'Strategy', 'Tabletop', 'Card Game', 'Medieval', 'Simulation', 'Stylized', 'Card Battler', 'Surreal']",2025-02-17 07:27:23,False,2024–25,4.0,2758,False,1.99,,,,,до $5,3–4
3436620,Roads of Rage,0,True,False,False,False,1751306140,0,0,['Harness Games'],['Harness Games'],"[""Beat 'em up"", 'Action', 'Vehicular Combat', 'Arcade', 'Character Customization', '2.5D', 'Controller', 'Linear', 'Side Scroller', 'Pixel Graphics', 'Hand-drawn', 'Retro', 'Combat', 'Driving', 'Co-op', 'Co-op Campaign', 'Local Co-Op', 'Local Multiplayer', 'Martial Arts', 'Multiplayer']",2025-06-30 17:55:40,False,2024–25,,2745,True,7.99,,,,,$5–9.99,не указано
3436870,Broken Pact,0,True,False,True,False,1753416542,0,0,['Samuka Gomes'],['Samuka Gomes'],"['Multiplayer', 'Adventure', 'Assassins', 'Exploration', 'Realistic', 'Co-op', '3D Platformer', 'Story Rich', 'PvP', 'Procedural Generation', '3D', 'First-Person', 'Third Person', 'Supernatural', 'Survival', 'Survival Horror', 'Perma Death', 'Action', 'Class-Based', 'Strategy']",2025-07-25 04:09:02,False,2024–25,,2762,False,3.99,,,,,до $5,не указано
3439080,VR Football: Heading Challenge,0,True,False,False,False,1738584016,0,0,['IoTTech'],['Revino Games'],"['Sports', 'Arcade', 'eSports', '3D', 'VR', 'Family Friendly', 'Football (Soccer)', 'PvP', '6DOF', 'Physics', 'Score Attack', 'PvE', 'Singleplayer', 'Multiplayer', 'Co-op']",2025-02-03 12:00:16,False,2024–25,,1604,False,9.99,,,,,$5–9.99,не указано
3439970,Elsewhere Electric,0,True,False,False,False,1753286440,11,27,"['Canada Media Fund', 'Ontario Creates', 'Government of Canada']",['Games by Stitch'],"['Puzzle', 'VR', 'Dialogue Heavy', 'Asymmetric VR', 'Retro', 'Co-op', 'Futuristic', 'Mystery', 'Hidden Object', 'Cinematic', 'Resource Management', 'Strategy', 'Team-Based', 'Adventure', 'Supernatural', 'Underground', 'Local Co-Op', 'Local Multiplayer', 'Multiplayer', 'Online Co-Op']",2025-07-23 16:00:40,False,2024–25,,1011,False,24.99,,,,,$20+,не указано
3442760,Apocalypse ? No !,0,True,False,False,False,1739180209,1,0,['Team KL Studio'],['Team KL Studio'],"['Post-apocalyptic', 'Zombies', 'Pixel Graphics', '2D', 'Local Co-Op', 'Action', 'Action-Adventure', 'Exploration', 'Top-Down', 'Dogs', 'Survival', 'Combat', 'Trading', 'Controller', 'Procedural Generation', 'PvE', 'Co-op', 'Singleplayer', 'Local Multiplayer', 'Adventure']",2025-02-10 09:36:49,False,2024–25,,2883,False,3.99,,,,,до $5,не указано
3443420,PRONG,0,True,False,False,False,1738238434,0,0,['Karl S.H.'],['bigfreakydaddy'],"['Casual', 'Arcade', '2D Platformer', '2D', 'Pixel Graphics', '1980s', 'Emotional', 'Family Friendly', 'Logic', 'Ninja', 'Retro', 'Romance', 'Trains', 'PvP', 'Story Rich', 'Local Co-Op', 'Sports']",2025-01-30 12:00:34,False,2024–25,2.0,496,False,1.99,,,,,до $5,2
3444220,NiuMa,0,True,False,False,False,1755134822,263,91,['Game Star'],['Game Star'],"['Multiplayer', 'Funny', 'Online Co-Op', 'Casual', 'Cute', 'Party Game', 'Family Friendly', 'Co-op', 'Relaxing', 'Team-Based', 'Party', 'PvP', 'Runner', 'Indie', 'Anime', 'Action', 'Combat', 'Dogs', 'Cats', 'Colorful']",2025-08-14 01:27:02,False,2024–25,8.0,375,False,5.99,6.8,1.8,,,$5–9.99,5–8
3446850,Skufs VS Quadrobers,0,True,False,False,False,1738276211,138,78,['Dramatic Medium'],['Dramatic Medium'],"['Alternate History', 'Artificial Intelligence', 'Action', 'Adventure', 'Funny', 'Combat', 'Emotional', 'Third Person', 'Realistic', 'Modern', 'Co-op', 'Online Co-Op', 'Co-op Campaign', 'PvE', 'Colorful', 'Cute', 'Family Friendly', 'Action RPG', 'Action-Adventure', 'Life Sim']",2025-01-30 22:30:11,False,2024–25,,2468,False,1.49,20.0,0.7,,,до $5,не указано
3447820,Gimme Space Battle,0,True,False,True,False,1739347881,0,0,['Lotus Game'],['François Provansal'],"['Top-Down Shooter', 'Local Multiplayer', 'Team-Based', 'PvP', 'Local Co-Op', '4 Player Local', 'Co-op Campaign', 'Family Friendly', 'Split Screen', 'Space', 'Funny', 'Action', 'Arcade', 'Score Attack', ""Shoot 'Em Up"", 'Combat', 'Shooter', 'Arena Shooter', 'Co-op', 'Multiplayer']",2025-02-12 08:11:21,False,2024–25,8.0,1734,True,7.99,,,,,$5–9.99,5–8
3447940,Metal Slugger Ops,0,True,False,True,False,1741045258,2,0,['Hard Shark Games'],['Hard Shark Games'],"['Action', 'Arcade', 'Side Scroller', 'Retro', 'Local Co-Op', 'Shooter', '2D', 'Online Co-Op', 'Soundtrack', ""Shoot 'Em Up"", 'Platformer', 'Multiplayer', 'Cartoon', 'Old School', 'Difficult', 'Singleplayer', 'Nostalgia', 'Comedy', 'Combat', '2D Platformer']",2025-03-03 23:40:58,False,2024–25,,800,False,6.99,,,,,$5–9.99,не указано
3457790,Toy Scrappers,0,True,False,False,False,1741102898,18,77,['SlugShot Games'],['LoudScream'],"['Casual', 'Horror', 'Multiplayer', 'Online Co-Op', 'Psychological Horror', 'Thriller', 'Action', 'Survival Horror', '3D', 'First-Person', 'Third Person', 'Fantasy', 'Stealth', 'Survival', 'Dark', 'Dark Fantasy', 'Co-op', 'PvP', '4 Player Local', 'Local Co-Op']",2025-03-04 15:41:38,False,2024–25,16.0,1247,False,4.99,,,,,до $5,9+
3459320,The Two Thinkers,0,True,False,False,False,1744816153,1,100,['AgusPR'],['AgusPR'],"['Co-op', 'Casual', '2D Platformer', 'Puzzle', 'Local Multiplayer', 'Puzzle Platformer', '2D', 'Family Friendly', 'Funny', 'Local Co-Op', 'Platformer', 'Cartoony', 'Pixel Graphics', 'Multiplayer', 'Indie', 'Strategy', 'Colorful', 'Old School', 'Arcade', 'Cute']",2025-04-16 15:09:13,False,2024–25,2.0,2073,True,3.99,,,,,до $5,2
3461300,I'm Truely a Good Guy!,0,True,False,True,False,1743499286,70,92,['Glen Games'],['Glen Games'],"['Social Deduction', 'Casual', 'Dark', 'First-Person', 'Horror', 'Cartoony', 'Sci-fi', 'Multiplayer', 'Online Co-Op', 'Early Access', 'Funny', 'PvP', 'Co-op', 'Singleplayer']",2025-04-01 09:21:26,False,2024–25,,4472,False,4.99,,,,,до $5,не указано
3465370,Behind The Backrooms : Lost Levels,0,True,False,True,False,1739132309,12,25,['SupKai'],['SupKai'],"['Adventure', 'Puzzle', 'Exploration', '3D', 'First-Person', 'Thriller', 'Mystery', 'Horror', 'Story Rich', 'Team-Based', 'Indie', 'Early Access', 'Singleplayer', 'Multiplayer', 'Co-op', 'Online Co-Op']",2025-02-09 20:18:29,False,2024–25,,1051,False,1.99,,,,,до $5,не указано
3467390,DON'T GET GOT,0,True,False,True,False,1737738036,38,47,['Bossa Games'],['Bossa Studios'],"['Early Access', 'Horror', 'Multiplayer', 'Online Co-Op', 'Survival', 'PvP', 'Action', 'Social Deduction', 'Funny', 'Psychological Horror', 'Thriller', 'Co-op', 'Survival Horror', 'Dark', 'Supernatural', 'Jump Scare', 'Atmospheric', 'First-Person', 'Psychological', 'Singleplayer']",2025-01-24 17:00:36,False,2024–25,9.0,706,False,4.99,,,,,до $5,9+
3467590,Tiny Tots,0,True,False,True,False,1752621292,2,100,['BitRat'],['BitRat'],"['Singleplayer', '2.5D', '2D Platformer', 'Action-Adventure', 'Family Friendly', 'Action', 'Adventure', 'Funny', 'Platformer', 'Arcade', 'Third Person', 'Story Rich', 'Online Co-Op', 'Colorful', '3D Platformer', 'Comedy', 'Cute', 'Casual', 'Puzzle Platformer', 'Cartoon']",2025-07-15 23:14:52,False,2024–25,,442,False,4.99,,,,,до $5,не указано
3469270,IINTWO,0,True,False,False,False,1749560380,2,100,['Epopeia Games'],['Epopeia Games'],"['Casual', 'Puzzle', 'Puzzle Platformer', '2.5D', 'Relaxing', 'Physics', 'Local Co-Op', 'Local Multiplayer', 'Indie', 'Singleplayer', 'Robots', 'Co-op', 'Multiplayer', 'Short']",2025-06-10 12:59:40,False,2024–25,,436,False,1.99,,,,,до $5,не указано
3470870,LOST EGG the Hard Boiled,0,True,False,False,False,1739498422,34,44,['KIMIDORI SOFT'],['KIMIDORI SOFT'],"['Precision Platformer', '3D Platformer', 'Parkour', 'Platformer', 'Action-Adventure', '3D', 'Action', 'Third Person', 'Casual', 'Controller', 'Realistic', 'Atmospheric', 'Adventure', 'Physics', 'Modern', 'Online Co-Op', 'Singleplayer', 'Multiplayer', 'Co-op', 'Indie']",2025-02-14 02:00:22,False,2024–25,10.0,2136,False,2.99,,,,,до $5,9+
3471130,Casual Sport Series: Tennis,0,True,False,False,False,1738944044,13,92,['Revulo Games'],['Revulo Games'],"['Sports', 'Casual', 'Tennis', '4 Player Local', 'PvP', 'PvE', 'Tutorial', '3D', 'Controller', 'Family Friendly', 'Physics', 'Arcade', 'Co-op', 'Local Co-Op', 'Multiplayer', 'Singleplayer', 'Local Multiplayer', 'Immersive Sim', 'eSports', 'Indie']",2025-02-07 16:00:44,False,2024–25,,1432,False,5.99,,,,,$5–9.99,не указано
3476060,Pure Bubble Hockey,0,True,False,False,False,1745072457,3,100,['CycloneRidgeStudios'],['CycloneRidgeStudios'],"['Casual', 'Sports', 'Arcade', '3D', 'Colorful', 'Realistic', 'Hockey', 'Controller', 'Tabletop', 'Local Co-Op', 'Singleplayer']",2025-04-19 14:20:57,False,2024–25,,3850,False,9.99,,,,,$5–9.99,не указано
3485890,STUDIO SCREAM - VERSE ONE,0,True,False,False,False,1741111214,5,100,['DARK STAR STUDIOS'],['DARK STAR STUDIOS'],"['Horror', 'Psychological Horror', 'Local Co-Op', 'Adventure', 'Split Screen', 'Story Rich', 'Dark', 'Mystery', 'Arcade', 'Action-Adventure', '3D', 'First-Person', 'Indie', 'Pixel Graphics', 'Local Multiplayer', 'Co-op Campaign', 'Singleplayer']",2025-03-04 18:00:14,False,2024–25,,1818,False,1.0,,,,,до $5,не указано
3486220,Cats Together,0,True,False,False,False,1758973002,18,88,['Alzakprod.Games'],"['Alzakprod.Games', 'RAVEnGULL']","['Co-op', 'Local Co-Op', 'Platformer', 'Adventure', 'Puzzle', 'Cats', 'Indie', 'Atmospheric', 'Puzzle Platformer', 'Local Multiplayer', 'Cute', 'Multiplayer', '2D', 'Casual', 'Team-Based', 'Family Friendly', 'Controller']",2025-09-27 11:36:42,False,2024–25,,1786,False,4.99,,,,,до $5,не указано
3489640,Hellcrackers,0,True,False,False,False,1739433910,11,100,"['Balazs Maczak', 'Balazs Sabransky']","['Balazs Maczak', 'Balazs Sabransky']","['Local Co-Op', 'Casual', 'Bullet Heaven', 'Party Game', 'PvE', 'Funny', 'Action', 'Colorful', 'Pixel Graphics', 'Local Multiplayer', 'Top-Down Shooter', 'Arcade', 'Shooter', ""Shoot 'Em Up"", '2D', 'Top-Down', 'Character Customization', 'Combat', 'Controller', 'Co-op']",2025-02-13 08:05:10,False,2024–25,9.0,481,False,2.99,,,,,до $5,9+
3492720,Stranded Souls,0,True,False,True,False,1751033397,5,60,['BABS Game Studio'],['BABS Game Studio'],"['Indie', 'First-Person', 'Realistic', 'Atmospheric', 'Supernatural', 'Thriller', 'Dark', 'Horror', 'Psychological Horror', 'Multiple Endings', 'Female Protagonist', 'Artificial Intelligence', 'Action', 'Early Access', 'Online Co-Op', 'Singleplayer', 'Co-op', 'Multiplayer', 'Difficult']",2025-06-27 14:09:57,False,2024–25,4.0,2395,False,4.99,,,,,до $5,3–4
3492760,Engine Eternal,0,True,False,False,False,1752847295,15,93,['Absolutely Cookage'],['Absolutely Cookage'],"['Online Co-Op', 'Horror', 'Co-op', 'Multiplayer', 'Procedural Generation', 'Perma Death', 'Dungeon Crawler', 'First-Person', 'Stylized', 'Action-Adventure', 'Exploration', 'Dystopian ', 'Psychological Horror', 'Robots', 'Post-apocalyptic', '3D', 'Atmospheric', 'Aliens', 'Dark', 'Lovecraftian']",2025-07-18 14:01:35,False,2024–25,4.0,1410,False,9.99,,,,,$5–9.99,3–4
3495240,Beat 'Em Up Collection (QUByte Classics),0,True,False,False,False,1752760862,17,76,"['QUByte Interactive', 'Bleem.net', ' Piko Interactive LLC']",['QUByte Interactive'],"['Action', ""Beat 'em up"", 'Adventure', 'Casual', 'Arcade', 'Retro', 'Pixel Graphics', 'Singleplayer', ""1990's"", '2D', 'Co-op', 'Side Scroller']",2025-07-17 14:01:02,False,2024–25,,2476,False,19.99,,,,,$15–19.99,не указано
3498550,Questwood,0,True,False,False,False,1750687241,1,100,['Lyrical Games'],['Lyrical Games'],"['Roguelite', 'Action Roguelike', 'Class-Based', 'Replay Value', 'Co-op Campaign', 'Stylized', 'Bullet Hell', 'Fantasy', 'Dungeon Crawler', 'Co-op', 'Roguelike', 'Top-Down', 'Procedural Generation', 'Roguelike Deckbuilder', 'Loot', 'Perma Death', 'Split Screen', 'Action', 'Local Multiplayer', 'Twin Stick Shooter']",2025-06-23 14:00:41,False,2024–25,,1679,False,9.99,,,,,$5–9.99,не указано
3500600,STEAM-HEART'S Saturn Tribute,0,True,False,False,False,1748444415,27,77,['CITY CONNECTION'],['CITY CONNECTION'],"['Action', 'Shooter', '2D', 'Bullet Hell', '2D Platformer', 'Anime', 'Cute', 'Pixel Graphics', 'Fantasy', 'Controller', 'Singleplayer', 'Story Rich', 'Local Multiplayer', 'Multiplayer', 'Local Co-Op', 'Co-op', ""Shoot 'Em Up"", 'Sexual Content']",2025-05-28 15:00:15,False,2024–25,,1901,False,19.99,,,,,$15–19.99,не указано
3504780,Wildgate,0,True,False,False,False,1753195440,5038,77,['Dreamhaven'],['Moonshot Games'],"['Multiplayer', 'PvP', 'Space', 'Adventure', 'FPS', 'Co-op', 'Extraction Shooter', 'First-Person', 'Shooter', 'Looter Shooter', 'Online Co-Op', 'Team-Based', 'Spaceships', 'Action', 'PvE', 'Sci-fi', 'RPG', 'Battle Royale', 'Space Sim', 'Strategy']",2025-07-22 14:44:00,False,2024–25,12.0,1888,False,9.99,11.4,9.350000000000001,,,$5–9.99,9+
3505060,Castle of Mist,0,True,False,False,False,1748428227,2,50,['HU ZENAN'],['HU ZENAN'],"['3D', 'Colorful', 'Roguelite', 'FPS', 'Shooter', 'Looter Shooter', 'Medieval', 'Action', 'Adventure', 'Magic', 'Combat', 'Hack and Slash', 'First-Person', 'Action-Adventure', 'RPG', 'Online Co-Op', 'Multiplayer', 'Survival Horror', 'Thriller', 'PvP']",2025-05-28 10:30:27,False,2024–25,,2284,False,4.99,,,,,до $5,не указано
3506370,Mr. Blob's Honey-Do List,0,True,False,False,False,1746319475,1,100,['SuperDan'],['JamBandGames'],"['Local Co-Op', 'Casual', 'Comedy', 'Controller', 'Pixel Graphics', 'Arcade', 'Retro', '2D', '2.5D', 'Co-op', 'Colorful', 'Indie', 'Hand-drawn', 'Isometric', 'Local Multiplayer', 'Multiplayer', '2D Platformer']",2025-05-04 00:44:35,False,2024–25,,2612,False,2.0,,,,,до $5,не указано
3506560,Confection Combat,0,True,False,False,False,1740146948,0,0,['Jonathan L Clark'],['Jonathan L Clark'],"['Action', 'Casual', 'Battle Royale', 'Shooter', 'Arena Shooter', 'Bullet Hell', 'FPS', '3D', 'Colorful', 'Cute', 'First-Person', 'Stylized', 'Comedy', 'Destruction', 'Funny', 'Survival', 'Controller', 'PvE', 'Team-Based', 'Co-op']",2025-02-21 14:09:08,False,2024–25,6.0,986,False,5.99,,,,,$5–9.99,5–8
3510970,Blackbeard's Treasure,0,True,False,False,False,1740612875,2,100,['SAT-BOX'],['SAT-BOX'],"['Indie', 'Pirates', 'Loot', 'Score Attack', 'Casual', 'Online Co-Op', 'Local Co-Op', 'Arcade', 'Puzzle', '3D Platformer', '3D', 'Realistic', 'Historical', 'Atmospheric', 'Controller', 'Singleplayer', 'Multiplayer', '4 Player Local', 'Local Multiplayer', 'Co-op']",2025-02-26 23:34:35,False,2024–25,,650,False,7.99,,,,,$5–9.99,не указано
3511130,hololive GoroGoro Mountain,0,True,False,False,False,1753325249,35,77,['holo Indie'],['BeXide Inc.'],"['3D Platformer', 'Action', 'Arcade', 'Action-Adventure', 'Cute', 'Funny', 'Controller', '3D', 'Cartoony', 'Pirates', 'Indie', 'Comedy', 'Casual', 'Physics', 'Online Co-Op', 'Singleplayer', 'Multiplayer', 'Co-op']",2025-07-24 02:47:29,False,2024–25,,1237,True,12.99,,,,,$10–14.99,не указано
3511660,No Time to Build,0,True,False,False,False,1743515764,1,100,['Teqes Studio'],['Teqes Studio'],"['Online Co-Op', 'Multiplayer', 'Casual', 'Time Attack', 'Arcade', 'Action', 'Co-op', 'Co-op Campaign', 'Family Friendly', 'Parkour', 'Singleplayer', 'Funny', 'Puzzle', 'Adventure', '3D Platformer', 'Voxel', 'Comedy', 'Colorful', '3D', 'Building']",2025-04-01 13:56:04,False,2024–25,2.0,2116,False,5.99,,,,,$5–9.99,2
3513480,Victor's Test Night: REVES,0,True,False,False,False,1748599299,35,97,['727 Not Hound'],['727 Not Hound'],"['Action', 'Adventure', 'Roguelike', 'Action Roguelike', 'Roguelite', 'Exploration', '3D', 'First-Person', 'Cinematic', 'Sci-fi', 'Survival Horror', 'Horror', 'Mystery', 'Tactical', 'Psychological Horror', 'Investigation', 'Online Co-Op', 'Singleplayer', 'Multiplayer', 'Co-op']",2025-05-30 10:01:39,False,2024–25,,1904,False,7.99,,,,,$5–9.99,не указано
3515460,Death Metal Derby,0,True,False,False,False,1756690486,3,100,['Turtle Duck Studio'],['Turtle Duck Studio'],"['Vehicular Combat', '4 Player Local', 'Co-op Campaign', 'Local Co-Op', 'Local Multiplayer', 'Action', 'Split Screen', 'Controller', 'Comic Book', 'Shooter', 'Arcade', 'Arena Shooter', 'Combat Racing', 'Racing', 'Destruction', 'Combat', 'Moddable', 'Co-op', 'PvE', 'PvP']",2025-09-01 01:34:46,False,2024–25,,967,False,14.99,,,,,$10–14.99,не указано
3521330,"Smile, you're being filmed together",0,True,False,True,False,1741777304,3,100,['BlackCrow'],['BlackCrow'],"['Adventure', 'Puzzle', 'Hidden Object', 'Realistic', 'Atmospheric', 'Horror', 'Psychological Horror', 'Mystery', 'Dark', 'Indie', 'Early Access', 'Survival', 'PvE', 'Online Co-Op', 'Singleplayer']",2025-03-12 11:01:44,False,2024–25,,1658,False,13.99,,,,,$10–14.99,не указано
3522620,Super Cricket Fighter Turbo,0,True,False,False,False,1747928641,1,100,['Sparkling Vinegar'],['Sparkling Vinegar'],"['Sports', 'Cricket', 'PvP', 'Arcade', '2D', 'Action', 'Parody ', 'Controller', 'Colorful', 'Pixel Graphics', 'Score Attack', ""1990's"", 'Old School', 'Retro', 'Combat', 'Local Co-Op', 'Local Multiplayer', 'Singleplayer', 'Tennis', 'Indie']",2025-05-22 15:44:01,False,2024–25,2.0,813,False,1.99,,,,,до $5,2
3524700,Anomaly Living,0,True,False,False,False,1741592823,13,84,['TreekSamrix'],['TreekSamrix'],"['Action', 'Co-op Campaign', 'Co-op', 'Horror', 'Adventure', 'Inventory Management', 'Multiple Endings', 'Loot', 'Hidden Object', 'Cinematic', 'Indie', 'Multiplayer', 'Action-Adventure', 'Online Co-Op', 'Dungeon Crawler', 'First-Person', 'Mystery', 'Nonlinear', 'Singleplayer']",2025-03-10 07:47:03,False,2024–25,2.0,631,False,6.99,,,,,$5–9.99,2
3525360,Two the Top,0,True,False,False,False,1750438807,84,97,['James Sutton'],['James Sutton'],"['Online Co-Op', 'Precision Platformer', '2D Platformer', 'Difficult', 'Adventure', 'Platformer', '2D', 'Funny', 'Controller', 'Casual', 'Colorful', 'Pixel Graphics', 'Family Friendly', 'Co-op', 'Multiplayer']",2025-06-20 17:00:07,False,2024–25,,1350,True,7.99,,,,,$5–9.99,не указано
3527290,PEAK,0,True,False,False,False,1750093261,305582,94,"['Aggro Crab', 'Evil Landfall?']",['Team PEAK'],"['Multiplayer', 'Online Co-Op', 'Co-op', 'Adventure', 'Physics', 'Exploration', 'First-Person', 'Comedy', '3D', 'Procedural Generation', 'Atmospheric', 'Action Roguelike', 'Character Customization', 'Action', 'Time Management', 'Platformer', 'Horror', 'Mystery', 'Survival Horror', 'Investigation']",2025-06-16 17:01:01,False,2024–25,,2067,False,7.99,55.1,11.6,,,$5–9.99,не указано
3527810,Rudolph the Red-Nosed Reindeer,0,True,False,False,False,1758902252,39,69,['GameMill Entertainment'],['Headless Chicken Games'],"['Adventure', 'Casual', 'Platformer', 'Puzzle', '3D Platformer', 'Exploration', '3D', 'Cartoon', 'Cartoony', 'Colorful', 'Cute', 'Family Friendly', 'Local Co-Op', 'Singleplayer', 'Snow']",2025-09-26 15:57:32,False,2024–25,,2569,False,29.99,,,,,$20+,не указано
3533400,Paint Rumble,0,True,False,False,False,1752842011,0,0,['Allan Machado'],"['Vitor Cirilo', 'Marcos Game Dev', 'Allan Machado']","['Action', 'Casual', 'PvP', 'Family Friendly', 'Multiplayer', '2D', 'Cartoony', 'Colorful', 'Cute', 'Indie', 'Funny', 'Controller', 'Singleplayer', 'Local Multiplayer', 'Arcade', 'Co-op', 'Local Co-Op']",2025-07-18 12:33:31,False,2024–25,,4788,False,1.99,,,,,до $5,не указано
3538920,Battle Ground Battle Royale,0,True,False,True,False,1745456652,0,0,[' BeadleGames'],[' BeadleGames'],"['FPS', 'Third-Person Shooter', 'Military', 'Sniper', 'Tanks', 'PvE', 'PvP', 'Action', 'Battle Royale', 'Casual', '3D', 'Simulation', 'Massively Multiplayer', 'Co-op', 'Multiplayer', 'Online Co-Op', 'Singleplayer', 'Gore', 'Violent', 'Early Access']",2025-04-24 01:04:12,False,2024–25,,263,False,9.99,,,,,$5–9.99,не указано
3540920,Frogstool,0,True,False,False,False,1743874502,2,100,['Stinker Studioz'],['janlovesjerky'],"['2D Platformer', 'Platformer', 'Arcade', 'Character Customization', 'Adventure', 'Controller', 'Pixel Graphics', 'Fantasy', 'Magic', 'Medieval', 'Mythology', 'Action', 'Indie', '1980s', 'Local Co-Op', 'Singleplayer']",2025-04-05 17:35:02,False,2024–25,,1120,False,4.99,,,,,до $5,не указано
3542310,Escape Haunted Mansion,0,True,False,True,False,1747296209,2,100,['BlueAreaEntertainment'],['BlueAreaEntertainment'],"['Action', 'Adventure', 'Action-Adventure', 'Action RTS', 'First-Person', '3D', 'Crime', 'Detective', 'Investigation', 'Horror', 'Survival Horror', 'Mystery', 'Dark', 'Combat', 'Dialogue Heavy', 'PvP', 'Team-Based', 'Co-op', 'Online Co-Op', 'Multiplayer']",2025-05-15 08:03:29,False,2024–25,10.0,1184,False,4.99,,,,,до $5,9+
3542650,Magic Typo,0,True,False,False,False,1748635248,8,100,['Ferinz'],['Ferinz'],"['Action', 'Arcade', 'Roguelike', 'Action Roguelike', '2D', 'Cute', 'Pixel Graphics', 'Magic', 'Retro', 'Controller', 'Procedural Generation', 'Local Co-Op', 'Singleplayer', 'Replay Value', 'Bullet Hell', 'Difficult', 'Indie', 'Typing', 'Roguelite', 'Loot']",2025-05-30 20:00:48,False,2024–25,,1031,False,6.99,,,,,$5–9.99,не указано
3543740,The B.L.O.O.M Initiative,0,True,False,False,False,1758009861,7,100,['Trema-Coding Ltd'],['Trema-Coding'],"[""Shoot 'Em Up"", 'Arcade', 'Casual', 'Top-Down Shooter', 'Top-Down', 'Aliens', 'Sci-fi', 'Singleplayer', 'Co-op', 'Co-op Campaign', 'Action Roguelike', 'Local Co-Op', 'Procedural Generation', 'Bullet Hell', 'PvP', 'Twin Stick Shooter', 'Building', 'Tower Defense', 'Action', 'Roguelike']",2025-09-16 08:04:21,False,2024–25,,2022,False,2.99,,,,,до $5,не указано
3551100,They See Us,0,True,False,False,False,1756913964,60,85,['MalumGames'],['MalumGames'],"['Psychological Horror', 'Multiplayer', 'Mystery', 'Online Co-Op', 'Horror', 'Choices Matter', 'Atmospheric', 'PvE', 'Adventure', 'Investigation', 'Thriller', 'Mystery Dungeon', 'Dark', 'Action-Adventure', 'Puzzle', 'Sci-fi', 'Exploration', '3D', 'First-Person', 'Stealth']",2025-09-03 15:39:24,False,2024–25,4.0,1591,False,3.99,,,,,до $5,3–4
3551600,Jumpscare Simulator: System Breach,0,True,False,False,False,1743186291,89,91,['Durultay Games'],['Durultay Games'],"['Horror', 'Psychological Horror', 'Dark', 'Puzzle', 'Adventure', 'Thriller', 'Survival Horror', 'Walking Simulator', 'FPS', '3D', 'First-Person', 'Stylized', 'Atmospheric', 'Linear', 'Nonlinear', 'PvP', 'Local Co-Op', 'Singleplayer', 'Indie', 'Simulation']",2025-03-28 18:24:51,False,2024–25,2.0,1196,False,4.99,,,,,до $5,2
3552870,Drones Of Destruction,0,True,False,False,False,1750234515,1,0,['Indivelope Games'],['Indivelope Games'],"['Action', 'Arcade', 'Shooter', 'Bullet Hell', '3D', 'Third Person', 'Modern', 'Survival', 'War', '6DOF', 'PvE', 'PvP', 'Score Attack', 'Team-Based', 'Vehicular Combat', 'Co-op', 'Multiplayer', 'Online Co-Op', 'Singleplayer', 'Indie']",2025-06-18 08:15:15,False,2024–25,,1659,False,5.99,,,,,$5–9.99,не указано
3553020,Survive The Hunt,0,True,False,False,False,1750345431,0,0,['Codigo0'],['Codigo0'],"['Psychological Horror', 'Horror', 'Action', 'Multiplayer', 'Online Co-Op', 'Sci-fi', 'Survival Horror', 'Survival', 'First-Person', 'Shooter', 'RPG', 'Indie', 'Violent', 'Co-op', 'Strategy', 'FPS', 'Team-Based']",2025-06-19 15:03:51,False,2024–25,16.0,1193,False,11.99,,,,,$10–14.99,9+
3553750,Deep Blue: Devour and Evolve,0,True,False,False,False,1754798469,101,83,['ZHOUZEMING'],['ZHOUZEMING'],"['Action', 'Underwater', 'Survival', 'Casual', 'Roguelike', 'Action-Adventure', 'Action RPG', '3D', 'Cartoon', 'Roguelite', 'Souls-like', 'Third Person', '3D Platformer', 'Anime', 'Fantasy', 'Relaxing', 'PvP', 'Character Customization', 'Singleplayer', 'Co-op']",2025-08-10 04:01:09,False,2024–25,,754,False,8.99,74.5,9.3,,,$5–9.99,не указано
3560530,Crushiator,0,True,False,False,False,1744366076,2,100,['Carus'],['Carus'],"['Action', 'Casual', '2D Fighter', 'Arcade', '2D', 'Hand-drawn', 'Cute', 'Cartoon', 'Sci-fi', 'Martial Arts', 'Dark Humor', 'Indie', 'Aliens', 'Quick-Time Events', 'Female Protagonist', 'Singleplayer', 'Local Co-Op']",2025-04-11 10:07:56,False,2024–25,,1170,False,1.99,,,,,до $5,не указано
3560690,Astro Fighters,0,True,False,False,False,1743148649,29,93,['Paul Connor'],['Paul Connor'],"[""Shoot 'Em Up"", 'Bullet Hell', 'Shooter', 'Arcade', 'Action', 'Top-Down', 'Top-Down Shooter', '3D', 'Old School', 'Space', 'Retro', 'Sci-fi', 'War', 'Combat', 'Controller', 'Score Attack', 'Co-op', 'Local Co-Op', 'Local Multiplayer', 'Multiplayer']",2025-03-28 07:57:29,False,2024–25,,2929,True,8.99,,,,,$5–9.99,не указано
3567350,Deadly Joy,0,True,False,False,False,1746169255,9,33,['Napping Penguin'],['Napping Penguin'],"['Multiplayer', 'Co-op', 'Online Co-Op', 'Horror', 'Realistic', 'Cute', 'Colorful', 'Parkour', 'First-Person', 'Casual', 'Action', 'Arcade', 'Adventure', ""1990's"", 'PvP', '1980s', '3D Fighter', 'Atmospheric', 'Psychological Horror', 'Survival Horror']",2025-05-02 07:00:55,False,2024–25,,2843,False,2.99,,,,,до $5,не указано
3568460,MustScream,0,True,False,False,False,1753939226,309,49,['YonGame'],['YonGame'],"['Horror', 'Online Co-Op', 'Action', 'Multiplayer', 'Casual', 'Survival Horror', 'Singleplayer', 'Psychological Horror', 'First-Person', 'FPS', 'Indie', '3D', 'Action-Adventure', 'Walking Simulator', 'Exploration']",2025-07-31 05:20:26,False,2024–25,4.0,1743,False,6.99,27.0,4.7,,,$5–9.99,3–4
3568830,Duck Off!,0,True,False,False,False,1743027835,6,100,"['Ayat Idayatov', 'Emil Farzaliyev']","['Ayat Idayatov', 'Emil Farzaliyev']","['Action', 'Adventure', 'Casual', 'Action-Adventure', 'Platformer', '3D Platformer', 'Puzzle Platformer', '3D', 'Cartoony', 'Cute', 'Third Person', 'Parkour', 'Funny', 'Co-op', 'Multiplayer', 'Singleplayer', 'Online Co-Op']",2025-03-26 22:23:55,False,2024–25,,1273,False,2.99,,,,,до $5,не указано
3570070,Paddle Paddle Paddle,0,True,False,False,False,1753448375,1594,86,['Assemble Entertainment'],['Zoroarts'],"['Casual', 'Co-op', 'Parkour', 'Racing', 'Singleplayer', 'Physics', 'Sports', 'Platformer', 'Multiplayer', 'Action-Adventure', 'Precision Platformer', 'Local Co-Op', 'Local Multiplayer', '3D', '3D Platformer', 'Online Co-Op']",2025-07-25 12:59:35,False,2024–25,,1814,False,4.99,57.9,2.05,,,до $5,не указано
3572120,Ghost Kitchen,0,True,False,False,False,1753448523,1,100,"['Titania Lane, Inc.']","['Titania Lane, Inc.']","['Cooking', 'Social Deduction', 'Multiplayer', 'Team-Based', 'Party Game', 'Online Co-Op', 'Co-op', 'Character Customization', 'PvP', 'Cute', 'Cartoony', 'Casual', '2D', 'Top-Down', 'Controller', 'Minimalist', 'Detective', 'Mystery', 'Indie', 'Colorful']",2025-07-25 13:02:03,False,2024–25,17.0,1343,False,4.99,,,,,до $5,9+
3575300,Climb The Backrooms,0,True,False,False,False,1752246198,1013,81,['LovDEV'],['LovDEV'],"['Adventure', 'Casual', 'Platformer', 'Puzzle', '3D Platformer', 'Puzzle Platformer', '3D', 'First-Person', 'Dark', 'Horror', 'Funny', 'Psychological', 'Supernatural', 'Linear', 'Co-op', 'Multiplayer', 'Online Co-Op', 'Gore']",2025-07-11 15:03:18,False,2024–25,4.0,1123,False,4.99,56.1,3.6500000000000004,,,до $5,3–4
3575840,Backrooms Escape Protocol,0,True,False,True,False,1744193659,15,13,['Alarm Studio'],['Alarm Studio'],"['Action', 'Multiplayer', 'Horror', 'Atmospheric', '4 Player Local', 'FPS', 'First-Person', 'Survival', 'Realistic', 'Survival Horror', 'Dark', 'Platformer', 'Controller', 'Co-op', 'Local Co-Op', 'Local Multiplayer', 'Online Co-Op', 'Singleplayer', 'Indie', 'Early Access']",2025-04-09 10:14:19,False,2024–25,8.0,1577,False,2.99,,,,,до $5,5–8
3578530,Finding Ivy,0,True,False,False,False,1756415395,3,66,['Macaron Games'],['Macaron Games'],"['Adventure', 'Casual', 'Platformer', '2D Platformer', 'Exploration', 'Roguelite', 'Side Scroller', '2D', 'Colorful', 'Cute', 'Hand-drawn', 'Split Screen', 'Cats', 'Dogs', 'Family Friendly', 'Controller', 'Linear', 'PvE', '4 Player Local', 'Co-op']",2025-08-28 21:09:55,False,2024–25,4.0,581,False,4.99,,,,,до $5,3–4
3580650,ArcanaTris,0,True,False,False,False,1751896733,6,100,['Raki Game Studio'],['Raki Game Studio'],"['Casual', 'Puzzle', 'Roguelite', '2D', 'Colorful', 'Atmospheric', 'Fantasy', 'Family Friendly', 'Relaxing', 'Indie', 'Local Co-Op', 'Singleplayer']",2025-07-07 13:58:53,False,2024–25,,801,False,10.99,,,,,$10–14.99,не указано
3582170,Cart Capers,0,True,False,False,False,1751642127,5,100,['Patricarty Devs'],['Patricarty Devs'],"['Casual', 'Racing', 'Arcade', 'Exploration', 'Hidden Object', '3D', 'Cartoony', 'Colorful', 'Third Person', 'Comedy', 'Family Friendly', 'Funny', 'Offroad', 'Controller', 'Physics', 'Online Co-Op', 'Singleplayer', 'Indie']",2025-07-04 15:15:27,False,2024–25,5.0,1204,False,1.99,,,,,до $5,5–8
3583710,SPACE FIGHTER:CODE 1999,0,True,False,False,False,1750280944,0,0,['Gourd Games'],['CHX'],"[""Shoot 'Em Up"", 'Bullet Hell', 'Roguelite', 'Shooter', 'Top-Down', 'Procedural Generation', 'Casual', 'Pixel Graphics', 'Space', 'Sci-fi', 'Moddable', 'Co-op', 'Local Co-Op', 'Multiplayer', 'Singleplayer', 'Local Multiplayer', 'Replay Value', 'Indie']",2025-06-18 21:09:04,False,2024–25,,613,True,4.99,,,,,до $5,не указано
3584710,Touch the Sky,0,True,False,False,False,1746278334,2,100,['nessie club'],['nessie club'],"['Casual', 'Shooter', 'FPS', '3D', 'Cartoony', 'First-Person', 'Minimalist', 'Comedy', 'Psychological', 'Funny', 'Psychological Horror', 'Atmospheric', 'Team-Based', 'Co-op', 'Online Co-Op', 'Multiplayer', 'Singleplayer', 'Action']",2025-05-03 13:18:54,False,2024–25,,2243,False,3.99,,,,,до $5,не указано
3585310,KUNKUN Defender 2,0,True,False,False,False,1747382288,294,94,['Seal'],['Seal'],"['Action', 'Horror', 'Memes', 'Survival Horror', 'Co-op', 'Zombies', 'Action Roguelike', 'Comedy', 'Combat', 'Singleplayer', 'Online Co-Op', 'Multiplayer', 'Sports', 'Tower Defense', 'Psychological Horror', 'Third-Person Shooter', 'Basketball', 'Roguelike', 'Hero Shooter', 'Arcade']",2025-05-16 07:58:08,False,2024–25,4.0,647,False,4.99,13.1,2.1500000000000004,,,до $5,3–4
3585400,Steal The Pig,0,True,False,False,False,1753377316,73,86,['BAA Games'],['BAA Games'],"['Co-op', 'Multiplayer', 'Puzzle Platformer', 'Funny', 'Puzzle', 'Adventure', 'Casual', 'Online Co-Op', 'Platformer', '3D Platformer', 'Physics', 'Local Multiplayer', 'Simulation', 'Action-Adventure', 'Parkour', 'Runner', '3D', 'Cute', 'Cartoony', 'Family Friendly']",2025-07-24 17:15:16,False,2024–25,,1520,False,4.99,,,,,до $5,не указано
3586420,Iron Core: Mech Survivor,0,True,False,False,False,1754638305,353,73,"['Soda Game Studio', 'Solo Game']",['Soda Game Studio'],"['Multiplayer', 'Online Co-Op', 'Action', 'Battle Royale', 'Roguelite', 'PvE', 'Cinematic', 'Action Roguelike', 'Top-Down Shooter', 'Arena Shooter', 'Adventure', 'Casual', 'Hero Shooter', 'Bullet Hell', 'Funny', 'Vampires', 'Replay Value', 'Roguelike', 'Arcade', 'Dwarves']",2025-08-08 07:31:45,False,2024–25,,2856,False,6.99,12.3,5.4,,,$5–9.99,не указано
3588330,Finnigan Fox,0,True,False,False,False,1750346283,8,100,"['Happy Home Games, LLC']","['Bonus Level Entertainment', 'Independent Arts Software']","['Action', 'Adventure', '2D Platformer', 'Family Friendly', 'Cartoony', 'Colorful', 'Nature', 'Magic', 'Local Multiplayer', 'Local Co-Op', 'Puzzle Platformer', 'Cute', 'Fantasy', 'Combat', 'PvE', 'Singleplayer', 'Foxes', '2D', 'Platformer']",2025-06-19 15:18:03,False,2024–25,,1856,False,9.99,,,,,$5–9.99,не указано
3592170,Backrooms: The Silence,0,True,False,True,False,1744196688,21,52,['Skmaestro'],['Skmaestro'],"['Exploration', 'FPS', 'Collectathon', 'Puzzle', 'Survival', 'Stealth', 'PvE', 'Walking Simulator', 'First-Person', '3D', 'Horror', 'Simulation', 'Psychological Horror', 'Realistic', 'Sci-fi', 'Adventure', 'Atmospheric', 'Survival Horror', 'Multiplayer', 'Co-op']",2025-04-09 11:04:48,False,2024–25,4.0,919,False,1.99,,,,,до $5,3–4
3592710,Neon Striker,0,True,False,True,False,1750420066,87,87,"[""Zeno's Adventure Team""]","[""Zeno's Adventure Team"", 'Nickonhawk Games']","['Action Roguelike', 'Bullet Hell', ""Shoot 'Em Up"", 'Top-Down Shooter', 'PvE', 'Shooter', 'Space Sim', '2D', 'Roguelike', 'Action', 'Casual', 'Gun Customization', 'Minimalist', 'Sci-fi', 'Space', 'Adventure', 'Class-Based', 'Combat', 'Singleplayer', 'Co-op']",2025-06-20 11:47:46,False,2024–25,5.0,769,True,4.99,,,,,до $5,5–8
3593500,Strange Shores: Social Desktop Fishing,0,True,False,False,False,1747731662,14,92,['Banana Jam Games'],['Banana Jam Games'],"['Fishing', 'Casual', 'Multiplayer', 'Online Co-Op', 'Collectathon', 'Singleplayer', 'Incremental', 'Creature Collector', 'Idler', 'Relaxing', 'Point & Click', 'Linear', 'Pixel Graphics', 'Co-op', 'Asynchronous Multiplayer', 'Simulation', 'Farming Sim', 'Indie']",2025-05-20 09:01:02,False,2024–25,4.0,1721,False,3.99,,,,,до $5,3–4
3599510,oiia,0,True,False,False,False,1749524412,34,88,['Meme Game Factory'],['Meme Game Factory'],"['Desktop Companion', 'Typing', 'Memes', 'Casual', 'Multiplayer', 'Online Co-Op', 'Comedy', 'Funny', '3D', 'Idler', '2D', 'Singleplayer', 'Indie', 'Co-op', 'Simulation', 'Software', 'Animation & Modeling', 'Arcade', 'Colorful', 'Cute']",2025-06-10 03:00:12,False,2024–25,4.0,862,False,1.49,,,,,до $5,3–4
3601300,Critter Cart,0,True,False,False,False,1751963893,2,100,['Wobble Blocks'],['Wobble Blocks'],"['Casual', 'Racing', 'Arcade', 'Cartoony', 'Cute', 'Driving', 'Controller', 'PvP', 'Score Attack', 'Multiplayer', 'Online Co-Op', 'Singleplayer']",2025-07-08 08:38:13,False,2024–25,,1088,True,4.99,,,,,до $5,не указано
3602720,CashGrab: Refunded,0,True,False,True,False,1750429827,206,87,['Grabba Guild Games LLC'],['Grabba Guild Games LLC'],"['Survival Horror', 'Multiplayer', 'Funny', 'Physics', 'Character Customization', 'Procedural Generation', 'Co-op', 'Dungeon Crawler', ""1990's"", 'Action Roguelike', 'Action', 'Psychological Horror', 'Adventure', 'Horror', 'Dystopian ', 'Casual', 'Action-Adventure', 'Stylized', 'Parkour', 'Exploration']",2025-06-20 14:30:27,False,2024–25,6.0,1410,False,6.99,32.1,3.9,,,$5–9.99,5–8
3604550,Ball Scooping Friends,0,True,False,False,False,1746154402,37,83,['STP WORKS'],['STP WORKS'],"['Collectathon', 'Shooter', 'Arcade', '3D', 'Top-Down', 'Action', 'Relaxing', 'Controller', 'Realistic', 'Score Attack', 'Modern', 'Online Co-Op', 'Singleplayer', 'Multiplayer', 'Co-op', 'Indie', 'Simulation', 'Idler', 'PvE', 'Physics']",2025-05-02 02:53:22,False,2024–25,4.0,1754,False,3.99,,,,,до $5,3–4
3607380,A Bottled Up Island,0,True,False,False,False,1753271073,9,100,['Michael Grieshofer'],['Pinwheel Games'],"['Adventure', 'Platformer', '3D Platformer', 'Co-op', 'Family Friendly', 'Cute', '3D', 'Character Customization', 'Exploration', 'Colorful', 'Stylized', 'Third Person', 'Relaxing', 'Linear', 'Co-op Campaign', 'Online Co-Op', 'Multiplayer', 'Controller', 'Singleplayer']",2025-07-23 11:44:33,False,2024–25,5.0,1033,True,6.99,,,,,$5–9.99,5–8
3616450,Paws Against the World,0,True,False,False,False,1755908942,28,78,['GoldenGod Games'],['GoldenGod Games'],"['Co-op', 'Top-Down Shooter', 'Roguelite', 'Shooter', 'Cute', 'Casual', 'Controller', 'Cats', 'Zombies', 'Survival', '4 Player Local', 'Action', 'Looter Shooter', 'Local Co-Op', 'Multiplayer', 'Singleplayer', 'Indie']",2025-08-23 00:29:02,False,2024–25,4.0,1572,False,6.99,,,,,$5–9.99,3–4
3620210,Untapped,0,True,False,False,False,1758613058,2,100,['CODEBREW SOFTWARE LTD '],['CODEBREW SOFTWARE LTD '],"['Casual', 'Arcade', 'Roguelite', '3D', 'Cooking', 'Controller', 'Co-op', 'Online Co-Op', 'Indie', 'Multiplayer']",2025-09-23 07:37:38,False,2024–25,,997,False,8.99,,,,,$5–9.99,не указано
3623280,Vampirates,0,True,False,False,False,1751630429,3,100,['Abonneer'],['Abonneer'],"['Combat', 'Zombies', 'PvE', 'Online Co-Op', 'Physics', 'Action', 'Multiplayer', 'Pirates', 'Vampires', 'Third Person', 'Dark Humor', 'Comedy', 'Indie', 'Cartoony', 'Singleplayer', 'Arcade', ""Shoot 'Em Up"", 'Spectacle fighter', 'Co-op']",2025-07-04 12:00:29,False,2024–25,,1077,False,2.99,,,,,до $5,не указано
3623330,Parking Together!,0,True,False,False,False,1758168064,87,96,"['ENGAWA GAMES', 'P-Stardio', 'NexraGames']",['ENGAWA GAMES'],"['Casual', '3D Platformer', 'Co-op', 'Funny', 'Puzzle Platformer', 'Action', 'Platformer', 'First-Person', 'Realistic', 'Score Attack', 'Dark Humor', 'Post-apocalyptic', 'Physics', 'Multiplayer', '3D', 'Online Co-Op', 'Indie', 'Perma Death', 'Adventure']",2025-09-18 04:01:04,False,2024–25,2.0,1964,False,9.99,,,,,$5–9.99,2
3627720,People and Zombies,0,True,False,False,False,1745013636,0,0,['HUSITANG'],['HUSITANG'],"['Adventure', 'Action', 'Shooter', 'Runner', 'Exploration', 'Outbreak Sim', 'Minimalist', 'First-Person', 'Zombies', 'Space', 'Horror', 'Futuristic', 'Survival', 'Base Building', 'Inventory Management', 'Combat', 'Perma Death', 'Singleplayer', '4 Player Local', 'Local Co-Op']",2025-04-18 22:00:36,False,2024–25,,1746,False,7.99,,,,,$5–9.99,не указано
3627820,Jammer Dash,0,True,False,True,False,1744900500,2,100,['Æther Studios'],['Æther Studios'],"['Casual', 'Rhythm', '2D Platformer', '2D', 'Abstract', 'Indie', 'Hand-drawn', 'Relaxing', 'Tutorial', 'Early Access', 'Co-op', 'Singleplayer', 'Arcade']",2025-04-17 14:35:00,False,2024–25,,497,False,4.99,,,,,до $5,не указано
3629570,Red Core Division,0,True,False,True,False,1751275071,13,30,['YBT'],['YBT'],"['Horror', 'Survival Horror', 'Multiplayer', 'Co-op', 'Action', 'First-Person', 'Psychological Horror', 'Online Co-Op', 'Action RPG', '3D', 'Cinematic', 'Early Access', 'Singleplayer', 'Realistic', 'Team-Based', 'Detective', 'Dark', 'Supernatural', 'Tactical', 'Investigation']",2025-06-30 09:17:51,False,2024–25,4.0,1788,False,4.99,,,,,до $5,3–4
3630910,Love Battle Spirit,0,True,False,False,False,1748544247,0,0,['pengjianNiu'],['pengjianNiu'],"['Singleplayer', 'Online Co-Op', 'Casual', 'Adventure', 'Action', '2D Fighter', 'Controller', 'Action-Adventure', 'Arcade', '2D Platformer', 'Spectacle fighter', '2D', 'Cartoon', 'Cartoony', 'Multiplayer', 'Cute', 'Hand-drawn', 'Comic Book', '1980s', ""1990's""]",2025-05-29 18:44:07,False,2024–25,,2943,False,3.99,,,,,до $5,не указано
3630930,Art Together,0,True,False,False,False,1752597577,1,100,['Oxalis Studios'],['Oxalis Studios'],"['Casual', 'Design & Illustration', '2D', 'Team-Based', 'Family Friendly', 'Comedy', 'Multiplayer', 'Online Co-Op', 'Co-op']",2025-07-15 16:39:37,False,2024–25,,1089,False,0.99,,,,,до $5,не указано
3633720,Gemima,0,True,False,False,False,1745190122,3,100,['FunLittleGames LTD'],['FunLittleGames LTD'],"['Sokoban', 'Puzzle', 'Co-op', 'Local Co-Op', 'Local Multiplayer', 'Logic', 'Grid-Based Movement', 'Family Friendly', 'Casual', 'Puzzle Platformer', '2D Platformer', '2D', 'Cartoon', 'Cute', 'Hand-drawn', 'Pixel Graphics', ""1990's"", 'Old School', 'Female Protagonist', 'Controller']",2025-04-20 23:02:02,False,2024–25,2.0,1592,False,8.99,,,,,$5–9.99,2
3634090,The First Foreigner,0,True,False,False,False,1747581360,1,100,['CYG'],['CYG'],"['Casual', 'Multiplayer', 'Online Co-Op', 'Word Game', 'Comedy', 'Family Friendly', 'Third Person', 'Text-Based', 'Co-op', 'Hidden Object', 'Minimalist', 'Language Learning', 'Indie', 'Physics', 'Difficult', 'Board Game', 'Party Game', 'First-Person', '3D', 'Cute']",2025-05-18 15:16:00,False,2024–25,,1640,False,1.99,,,,,до $5,не указано
3635380,DEMONK,0,True,False,False,False,1748345838,7,42,['VETO GAMES'],['VETO GAMES'],"['Action', 'Supernatural', 'Demons', 'Adventure', 'Arcade', 'Action-Adventure', 'Exploration', 'Hack and Slash', 'First-Person', 'Realistic', 'Atmospheric', 'Vampires', 'Team-Based', 'Dark', 'Werewolves', 'Medieval', 'Horror', 'Co-op', 'Singleplayer', 'Multiplayer']",2025-05-27 11:37:18,False,2024–25,4.0,919,False,9.99,,,,,$5–9.99,3–4
3636140,Pyrosynchist,0,True,False,False,False,1759512877,1,100,['Orb Weaver Games'],['Orb Weaver Games'],"['Action', 'Runner', '3D', 'Arcade', 'Controller', 'Casual', 'Singleplayer', 'Local Co-Op', 'Motorbike', 'Demons', 'Dystopian ', 'Destruction', 'Character Customization', 'Pixel Graphics', 'Retro', 'Third Person', 'Indie']",2025-10-03 17:34:37,False,2024–25,2.0,1448,False,2.99,,,,,до $5,2
3638240,Scionide,0,True,False,True,False,1748903209,7,71,['SYONIX'],['SYONIX'],"['Arena Shooter', 'Sci-fi', 'FPS', 'Third-Person Shooter', 'PvP', 'PvE', 'Shooter', 'Futuristic', '3D', 'First-Person', 'Third Person', 'Action', 'Mars', 'Mechs', 'Space', 'Atmospheric', 'Physics', 'Combat', 'Grand Strategy', 'Co-op']",2025-06-02 22:26:49,False,2024–25,,1519,False,14.99,,,,,$10–14.99,не указано
3644070,Block Sky Rise,0,True,False,False,False,1745256093,0,0,['Green Goose Corporation'],['Green Goose Corporation'],"['Casual', '2D', 'Colorful', 'PvP', 'Score Attack', 'Choices Matter', '6DOF', 'Physics', 'Multiplayer', 'Singleplayer', 'Co-op', 'Local Co-Op', 'Local Multiplayer', 'Puzzle', 'City Builder', 'Precision Platformer', 'Strategy', 'Indie', 'Hidden Object']",2025-04-21 17:21:33,False,2024–25,2.0,1521,False,1.99,,,,,до $5,2
3645890,GONE Fishing,0,True,False,True,False,1750050170,3048,90,['GONE Studios'],['GONE Studios'],"['Action', 'Adventure', 'Horror', 'Multiplayer', 'Fishing', 'Online Co-Op', 'First-Person', 'Co-op', '3D', 'Atmospheric', 'Survival Horror', 'Dark', 'Indie', 'Nature', 'Singleplayer', 'Early Access']",2025-06-16 05:02:50,False,2024–25,8.0,2537,False,9.99,71.3,11.75,19973369.0,6553.0,$5–9.99,5–8
3650100,Graphic Tower Defense,0,True,False,False,False,1753502469,60,85,['FatSheep Studio'],['FatSheep Studio'],"['Roguelite', 'Tower Defense', 'Online Co-Op', 'Minimalist', 'RTS', 'Funny', 'Stylized', 'Deckbuilding', 'Real Time Tactics', 'Casual', 'Strategy', 'Multiplayer', 'Singleplayer', '2D', 'Roguelike', 'Top-Down', 'Building', 'Relaxing', 'Management', 'Inventory Management']",2025-07-26 04:01:09,False,2024–25,4.0,1281,False,3.99,,,,,до $5,3–4
3652650,Love Begins With Goodbye,0,True,False,False,False,1756259698,975,94,"['大王工作室', '框嗒网络']","['大王工作室', '框嗒网络']","['Dating Sim', 'FMV', 'Multiple Endings', 'Romance', 'Visual Novel', 'Choices Matter', 'Emotional', 'Cinematic', 'Story Rich', 'Choose Your Own Adventure', 'Singleplayer', 'Immersive Sim', 'First-Person', 'RPG', 'Adventure', 'Female Protagonist', 'Interactive Fiction', 'Online Co-Op', 'Sexual Content']",2025-08-27 01:54:58,False,2024–25,,2766,False,15.99,18.1,4.55,,,$15–19.99,не указано
3657230,Backrooms: Final Exam,0,True,False,False,False,1749829159,9,33,['Skmaestro'],['Skmaestro'],"['Exploration', 'FPS', 'Collectathon', 'Puzzle', 'Survival', 'Stealth', 'PvE', 'Walking Simulator', 'First-Person', '3D', 'Horror', 'Simulation', 'Psychological Horror', 'Realistic', 'Sci-fi', 'Adventure', 'Atmospheric', 'Survival Horror', 'Co-op', 'Online Co-Op']",2025-06-13 15:39:19,False,2024–25,4.0,1367,False,1.99,,,,,до $5,3–4
3658780,Bonds of Zeniarai,0,True,False,False,False,1746758920,3,66,['KIMIDORI SOFT'],['KIMIDORI SOFT'],"['FPS', 'Immersive Sim', 'Idler', 'Utilities', 'Mini Golf', 'Physics', 'Shooter', 'Arcade', '3D', 'First-Person', 'Casual', 'Simulation', 'Relaxing', 'Realistic', 'Score Attack', 'Modern', 'Online Co-Op', 'Singleplayer', 'Multiplayer', 'Co-op']",2025-05-09 02:48:40,False,2024–25,,3301,False,2.99,,,,,до $5,не указано
3663980,Pogo Stick: Ultimate Challenge,0,True,False,False,False,1746207195,18,88,['JovakGames'],['JovakGames'],"['Difficult', 'Psychological Horror', 'Precision Platformer', 'Multiplayer', 'Singleplayer', 'Physics', 'Platformer', 'Parkour', 'Adventure', 'Skating', '2.5D', 'Casual', 'Replay Value', 'Funny', 'Action', 'Colorful', 'Indie', 'Emotional', 'Co-op', 'Online Co-Op']",2025-05-02 17:33:15,False,2024–25,4.0,1472,False,3.99,,,,,до $5,3–4
3669080,Playomoji,0,True,False,False,False,1753894738,11,100,['Fleqpe Games'],['Fleqpe Games'],"['Party Game', 'Precision Platformer', 'Multiplayer', 'PvP', 'Runner', 'Funny', 'Platformer', 'Action', 'Casual', '2D Platformer', '2D', 'Co-op', 'Online Co-Op', 'Parkour', 'Tutorial', 'Side Scroller', 'Cute', 'Hand-drawn', 'Colorful', 'Dialogue Heavy']",2025-07-30 16:58:58,False,2024–25,17.0,596,True,4.99,,,,,до $5,9+
3678910,Ball Blast,0,True,False,False,False,1757581015,5,100,['QubicGames'],['VOODOO'],"['Action', 'Arcade', 'Shooter', '2D Platformer', '2D', 'Cartoony', 'Split Screen', 'Multiplayer', 'Singleplayer', 'Destruction', 'Co-op', 'Local Co-Op', 'Local Multiplayer', 'PvP']",2025-09-11 08:56:55,False,2024–25,,1442,False,5.99,,,,,$5–9.99,не указано
3693270,Nostalgia,0,True,False,False,False,1752996636,78,88,['CoffeeMonster'],['CoffeeMonster'],"['Horror', 'Co-op', 'First-Person', 'Multiplayer', 'Online Co-Op', 'Psychological Horror', 'Dark', '3D', 'Indie', '3D Platformer', 'Adventure']",2025-07-20 07:30:36,False,2024–25,2.0,1225,False,2.99,,,,,до $5,2
3694260,Casual Sport Series: Badminton,0,True,False,False,False,1752255528,10,60,['Revulo Games'],['Revulo Games'],"['Sports', 'Immersive Sim', 'eSports', 'Tennis', 'PvP', 'Tutorial', 'Arcade', '3D', 'Third Person', '4 Player Local', 'Controller', 'Casual', 'Colorful', 'Cartoony', 'Stylized', 'Co-op', 'Local Co-Op', 'Multiplayer', 'Singleplayer', 'Local Multiplayer']",2025-07-11 17:38:48,False,2024–25,,1593,True,4.99,,,,,до $5,не указано
3700000,Bloodlit,0,True,False,True,False,1747917189,4,100,['ModdedMarionette'],['ModdedMarionette'],"['FPS', 'Survival Horror', 'Online Co-Op', 'PvE', 'Shooter', '3D', 'First-Person', 'Horror', 'Action', 'Zombies', 'Survival', 'Combat', 'Co-op', 'Multiplayer', 'Singleplayer', 'Early Access', 'Indie', 'Violent']",2025-05-22 12:33:09,False,2024–25,,2694,False,3.99,,,,,до $5,не указано
3713850,Somnum,0,True,False,False,False,1748360954,2,0,['CryDream'],['CryDream'],"['Action', 'Adventure', 'Action-Adventure', 'First-Person', 'Third Person', 'Horror', 'Survival Horror', 'Team-Based', 'Co-op', 'Local Co-Op', 'Indie', 'Casual', 'Multiplayer', 'Singleplayer', 'Local Multiplayer']",2025-05-27 15:49:14,False,2024–25,4.0,879,False,7.99,,,,,$5–9.99,3–4
3715390,Star Gun,0,True,False,False,False,1750168987,6,83,['Transfinity Games'],['Transfinity Games'],"[""Shoot 'Em Up"", 'Difficult', 'Local Co-Op', 'Procedural Generation', 'Pixel Graphics', 'Roguelite', 'Local Multiplayer', 'Co-op Campaign', 'Action', 'Shooter', '2D', 'Sci-fi', 'Space', 'Indie', 'Old School', 'Combat', 'Singleplayer', 'Co-op', 'Multiplayer', 'Bullet Hell']",2025-06-17 14:03:07,False,2024–25,,2421,True,11.99,,,,,$10–14.99,не указано
3716600,Mage Arena,0,True,False,True,False,1753373693,17821,91,['jrsjams'],['jrsjams'],"['Magic', 'PvP', 'Dark Fantasy', 'Action', 'Medieval', 'First-Person', 'Casual', 'Combat', 'Action RPG', 'FPS', 'eSports', '3D', 'Cartoony', 'Immersive Sim', 'Colorful', 'Atmospheric', 'Comedy', 'Fantasy', 'Crafting', 'Co-op']",2025-07-24 16:14:53,False,2024–25,,1123,False,2.99,22.6,2.3499999999999996,,,до $5,не указано
3724440,Not Not 2 - A Brain Challenge,0,True,False,False,False,1757581073,4,100,['QubicGames'],[' Alt Shift'],"['Puzzle', 'Casual', 'PvP', 'Arcade', 'Local Co-Op', 'Relaxing', 'Abstract', 'Minimalist', 'Logic', 'Singleplayer', 'Split Screen', '4 Player Local', 'Multiplayer']",2025-09-11 08:57:53,False,2024–25,4.0,1236,False,4.99,,,,,до $5,3–4
3725220,Weed Wacker Warrior,0,True,False,False,False,1749823318,6,100,['Station City Studio'],['Station City Studio'],"['Action', 'Adventure', 'Action-Adventure', 'Arcade', '2D', 'Pixel Graphics', 'Top-Down', 'Comedy', 'Funny', 'Retro', 'Hack and Slash', 'Choices Matter', 'Combat', 'Controller', 'Story Rich', 'Co-op', 'Local Co-Op', 'Local Multiplayer', 'Multiplayer', 'Singleplayer']",2025-06-13 14:01:58,False,2024–25,,3305,False,6.99,,,,,$5–9.99,не указано
3732570,Keep the Balance,0,True,False,False,False,1758029822,14,85,['Overload Games'],['Overload Games'],"['Platformer', 'Parkour', 'Online Co-Op', 'Difficult', 'Physics', '3D Platformer', 'Funny', 'Linear', 'Third Person', 'Casual', 'Family Friendly', 'Comedy', '3D', 'Adventure', 'Co-op', 'Multiplayer', 'Singleplayer']",2025-09-16 13:37:02,False,2024–25,8.0,1048,False,4.99,,,,,до $5,5–8
3732900,Push To Win,0,True,False,False,False,1750677371,0,0,['Boink Works'],['Boink Works'],"['Action', 'Casual', 'Racing', '3D Fighter', 'Puzzle', 'Platformer', 'Arcade', '3D Platformer', 'Puzzle Platformer', 'Parkour', 'Tactical', 'PvP', 'Online Co-Op', 'Multiplayer', '3D', 'Isometric', 'Colorful', 'Cute', 'Stylized', 'Top-Down']",2025-06-23 11:16:11,False,2024–25,8.0,1459,False,0.99,,,,,до $5,5–8
3737940,Rat Race Combat: Zombie Tribute,0,True,False,True,False,1751361292,0,0,['SynthecLab'],['SynthecLab'],"['Action', 'Action Roguelike', 'Bullet Hell', 'Exploration', 'FPS', 'First-Person', 'Cartoon', 'Stylized', 'Funny', 'Psychological', 'Survival', 'Choices Matter', 'Inventory Management', 'PvE', 'Team-Based', 'Co-op', 'Online Co-Op', 'Singleplayer', 'Multiplayer', 'Zombies']",2025-07-01 09:14:52,False,2024–25,,1595,False,9.99,,,,,$5–9.99,не указано
3738570,Maniac: Hunt or Be Hunted,0,True,False,False,False,1748506529,0,0,['vindiem'],['vindiem'],"['Indie', 'Action', 'Stealth', 'Psychological Horror', 'First-Person', 'Hidden Object', '3D', 'Co-op', 'Loot', 'Atmospheric', 'Team-Based', 'Online Co-Op', 'Asynchronous Multiplayer', 'Horror', 'FPS', 'Adventure', 'Casual']",2025-05-29 08:15:29,False,2024–25,,2196,False,2.99,,,,,до $5,не указано
3743830,100 Cats Lost In World Find & Color,0,True,False,False,False,1752764413,29,96,['Two Cats Games'],['Two Cats Games'],"['Cats', 'Exploration', 'Hidden Object', 'Puzzle Platformer', 'Incremental', 'Puzzle', 'Education', 'Visual Novel', '2D', 'Cute', 'Detective', 'Relaxing', 'Casual', 'Hand-drawn', 'Colorful', 'Singleplayer', 'Family Friendly', 'Stealth', 'Mystery', 'Co-op']",2025-07-17 15:00:13,False,2024–25,,966,True,4.99,,,,,до $5,не указано
3758360,Alive 2,0,True,False,False,False,1759298373,0,0,['Darkage Software'],['Darkage Software'],"['Action', ""Shoot 'Em Up"", 'Shooter', 'Arcade', 'Hero Shooter', 'Boomer Shooter', '2D', 'Realistic', 'Aliens', 'Futuristic', 'Robots', 'Space', 'Bullet Time', 'Local Co-Op', 'Singleplayer', 'Local Multiplayer', 'Sequel']",2025-10-01 05:59:33,False,2024–25,2.0,1911,False,5.99,,,,,$5–9.99,2
3763320,2KXX,0,True,False,False,False,1749459988,2,100,['STUDIO 185'],['STUDIO 185'],"['Action', 'Local Multiplayer', '4 Player Local', 'Pixel Graphics', 'Hero Shooter', 'Top-Down Shooter', 'Shooter', 'Arcade', 'Colorful', '2D', 'Cute', 'Top-Down', 'Funny', 'Controller', 'Team-Based', 'Casual', 'Comedy', 'Retro', 'Local Co-Op', 'Multiplayer']",2025-06-09 09:06:28,False,2024–25,4.0,1422,False,4.99,,,,,до $5,3–4
3764130,Super Dog Adventure,0,True,False,False,False,1749629353,0,0,['超级狗冒险工作室'],['超级狗冒险工作室'],"['Casual', 'Co-op', 'Local Co-Op', 'Local Multiplayer', '2D Platformer', 'Cartoon', 'Pixel Graphics', 'Relaxing', 'Adventure', 'Funny', 'Retro', 'Puzzle', 'Puzzle Platformer', 'Exploration', '2D', 'Cute', 'Atmospheric', '4 Player Local', 'Multiplayer']",2025-06-11 08:09:13,False,2024–25,4.0,2085,False,1.99,,,,,до $5,3–4
3764920,Relax Scramble: Endless Word Puzzle,0,True,False,False,False,1749544897,6,83,['Perch Labs'],['Perch Labs'],"['Spelling', 'Puzzle', 'Word Game', 'Point & Click', 'Board Game', 'Tabletop', '2D', 'Cozy', 'Relaxing', 'Controller', 'Text-Based', 'Casual', 'Family Friendly', 'Score Attack', 'Emotional', 'Co-op', 'Multiplayer', 'Online Co-Op', 'Singleplayer', 'Indie']",2025-06-10 08:41:37,False,2024–25,,1818,False,1.99,,,,,до $5,не указано
3765910,Zomb'Invasion,0,True,False,False,False,1756488742,1,0,['Nebular Shell Studio'],['Nebular Shell Studio'],"['FPS', 'Zombies', 'PvE', 'Multiplayer', 'Co-op', 'Combat', ""Shoot 'Em Up"", ""Beat 'em up"", 'Arena Shooter', 'Shooter', 'Action', 'First-Person', '3D', 'Stylized', 'Online Co-Op', 'Singleplayer', 'Casual', '3D Fighter', 'PvP', 'Violent']",2025-08-29 17:32:22,False,2024–25,5.0,1692,False,1.99,,,,,до $5,5–8
3766740,Church Crew,0,True,False,True,False,1752600614,0,0,['Batuhan YILDIRIM'],['Batuhan YILDIRIM'],"['Online Co-Op', 'Casual', 'Funny', 'Dialogue Heavy', 'First-Person', 'Social Deduction', 'Action', 'Party Game', 'Stylized', 'Cute', 'Exploration', '3D', 'Colorful', 'Family Friendly', 'Fantasy', 'Mystery', 'Stealth', 'Survival', 'Medieval', 'Retro']",2025-07-15 17:30:14,False,2024–25,12.0,790,False,2.99,,,,,до $5,9+
3770720,Echoes of Undeath,0,True,False,True,False,1754316065,4,100,['Walking Locker LLC'],['Walking Locker LLC'],"['Action', 'Survival', 'Roguelike', 'Hack and Slash', 'Souls-like', 'Action-Adventure', '3D', 'Third Person', 'Magic', 'Dark Fantasy', 'Atmospheric', 'Demons', 'Singleplayer', 'Adventure', 'Online Co-Op', 'Zombies', 'Early Access', 'Violent']",2025-08-04 14:01:05,False,2024–25,,1197,True,9.99,,,,,$5–9.99,не указано
3771740,IQ Under Construction,0,True,False,False,False,1750319598,14,50,['PoseidonPlay'],['PoseidonPlay'],"['Casual', 'Arcade', 'Roguelike', 'Platformer', 'Runner', 'Side Scroller', 'Puzzle Platformer', '3D Platformer', 'First-Person', 'Third Person', '3D', 'Funny', 'Emotional', 'Comedy', 'Parkour', 'Team-Based', 'Physics', 'Multiplayer', 'Co-op', 'Online Co-Op']",2025-06-19 07:53:18,False,2024–25,4.0,2202,False,2.99,,,,,до $5,3–4
3777060,Gold Miner:Classic Edition,0,True,False,False,False,1753016416,359,82,['Margarite Entertainment'],['GameRival'],"['Arcade', 'Casual', 'Mining', 'Nostalgia', 'Retro', '2D', 'Singleplayer', 'Local Multiplayer', 'Local Co-Op', 'Co-op', 'Multiplayer', 'Western', 'Funny', 'Family Friendly', 'Action', 'Cartoony', 'Relaxing', 'Indie', 'Score Attack', 'Classic']",2025-07-20 13:00:16,False,2024–25,,1151,False,3.99,49.0,3.3,,,до $5,не указано
3781690,EscapeTheBrainrots,0,True,False,True,False,1751045095,0,0,['CryDream'],['CryDream'],"['Adventure', 'Action-Adventure', 'Choose Your Own Adventure', 'First-Person', '3D', 'Cartoony', ""1990's"", 'Aliens', 'Horror', 'Funny', 'Indie', 'Early Access', 'Casual', 'PvE', 'Team-Based', '4 Player Local', 'Co-op', 'Local Co-Op']",2025-06-27 17:24:55,False,2024–25,4.0,1704,False,5.99,,,,,$5–9.99,3–4
3782970,Dungeonought,0,True,False,False,False,1755608490,0,0,['Rakpon Malarote'],['Rakpon Malarote'],"['Action', 'Adventure', 'Action-Adventure', 'Dungeon Crawler', 'Stylized', 'Third Person', 'Fantasy', 'Medieval', 'Combat', 'Hack and Slash', 'Indie', 'Inventory Management', 'Procedural Generation', 'PvE', 'Online Co-Op']",2025-08-19 13:01:30,False,2024–25,5.0,2104,False,7.99,,,,,$5–9.99,5–8
3788760,Mall control,0,True,False,True,False,1753174013,4,25,['FoliesAPP'],['FoliesAPP'],"['Casual', 'Life Sim', 'Exploration', 'Time Management', '3D', 'Colorful', 'Cute', 'First-Person', 'Stylized', 'Economy', 'Funny', 'Indie', 'Early Access', 'Crafting', 'Resource Management', 'Co-op', 'Multiplayer', 'Singleplayer']",2025-07-22 08:46:53,False,2024–25,,1229,False,4.99,,,,,до $5,не указано
3791080,Let's Paint Toast,0,True,False,False,False,1750663990,2,100,['Ayrton Alexis'],['Ayrton Alexis'],"['Casual', 'Arcade', 'Puzzle', '2D', 'Pixel Graphics', 'Top-Down', 'Family Friendly', 'Retro', 'Co-op', 'Local Co-Op', 'Indie', 'Local Multiplayer', 'Multiplayer', 'Singleplayer', 'PvP']",2025-06-23 07:33:10,False,2024–25,,1169,False,1.99,,,,,до $5,не указано
3793690,Super Shootout,0,True,False,False,False,1753054550,1,100,['Super Moon Games'],['Super Moon Games'],"['Action', 'Action Roguelike', 'Shooter', 'Top-Down Shooter', 'Twin Stick Shooter', '2D', 'Colorful', 'Pixel Graphics', 'Top-Down', 'Retro', 'Sci-fi', 'Western', 'Co-op', 'Local Co-Op', 'Local Multiplayer', 'Singleplayer']",2025-07-20 23:35:50,False,2024–25,2.0,1041,False,4.99,,,,,до $5,2
3795170,Burning Out,0,True,False,False,False,1755136428,7,57,['Burnt Out Games'],['Burnt Out Games'],"['Online Co-Op', 'Horror', 'Survival Horror', 'Exploration', 'Action Roguelike', 'Adventure', 'Survival', 'Action', 'Action-Adventure', 'Puzzle', 'Dark', 'Atmospheric', 'Dialogue Heavy', 'Dystopian ', 'PvE', 'Stylized', 'Resource Management', '3D', 'First-Person', 'Multiplayer']",2025-08-14 01:53:48,False,2024–25,,712,False,4.99,,,,,до $5,не указано
3799280,Backrooms: Noise,0,True,False,False,False,1758312141,4,50,['Skmaestro'],['Skmaestro'],"['Exploration', 'FPS', 'Collectathon', 'Stealth', 'PvE', 'Survival', 'Puzzle', 'Walking Simulator', 'First-Person', 'Horror', 'Psychological Horror', 'Simulation', '3D', 'Sci-fi', 'Realistic', 'Adventure', 'Atmospheric', 'Survival Horror', 'Multiplayer', 'Co-op']",2025-09-19 20:02:21,False,2024–25,4.0,1241,False,1.99,,,,,до $5,3–4
3800860,Shield Hero,0,True,False,False,False,1751007793,1,100,['Bryant Frankford'],['Bryant Frankford'],"['Roguelite', 'Shooter', 'Casual', 'Arcade', 'Character Customization', '2D', 'Bullet Time', 'Controller', 'Procedural Generation', 'Colorful', 'Sci-fi', 'Action', 'Adventure', 'Indie', 'Combat', 'Co-op', 'Local Co-Op', 'Multiplayer', 'Singleplayer']",2025-06-27 07:03:13,False,2024–25,,2501,False,1.99,,,,,до $5,не указано
3801330,Backrooms: Final Exam Part II,0,True,False,False,False,1750914297,3,0,['Skmaestro'],['Skmaestro'],"['Exploration', 'FPS', 'Collectathon', 'Survival', 'Stealth', 'PvE', 'Puzzle', 'Walking Simulator', 'First-Person', '3D', 'Simulation', 'Horror', 'Psychological Horror', 'Adventure', 'Sci-fi', 'Survival Horror', 'Supernatural', 'Co-op', 'Online Co-Op', 'Multiplayer']",2025-06-26 05:04:57,False,2024–25,4.0,1259,False,2.99,,,,,до $5,3–4
3801350,Backrooms: Forgotten Floors,0,True,False,False,False,1753892842,5,0,['Skmaestro'],['Skmaestro'],"['Exploration', 'FPS', 'Collectathon', 'Stealth', 'PvE', 'Survival', 'Puzzle', 'Walking Simulator', 'First-Person', 'Horror', 'Psychological Horror', 'Simulation', '3D', 'Sci-fi', 'Realistic', 'Adventure', 'Atmospheric', 'Survival Horror', 'Co-op', 'Online Co-Op']",2025-07-30 16:27:22,False,2024–25,4.0,1220,False,1.99,,,,,до $5,3–4
3805420,A Few Quick Matches,0,True,False,False,False,1754413183,2492,85,['Studio Bidou'],['Studio Bidou'],"['Indie', '2D Fighter', 'Casual', 'Fighting', '4 Player Local', 'Action', 'Multiplayer', 'Pixel Graphics', 'Local Multiplayer', 'PvP', 'Competitive', 'Controller', 'Combat', 'Singleplayer', 'Online Co-Op', 'Co-op', 'Local Co-Op']",2025-08-05 16:59:43,False,2024–25,4.0,1195,False,6.99,22.2,9.0,,,$5–9.99,3–4
3808450,Pixel Troopers,0,True,False,True,False,1751579019,3,66,"['Liberator Studios', 'Infibit Games']",['Liberator Studios'],"['PvE', 'PvP', 'Action-Adventure', 'Casual', 'Multiplayer', 'Shooter', 'Co-op', 'Action', 'Arcade', 'Co-op Campaign', 'Bullet Hell', 'Action RPG', 'FPS', 'Third-Person Shooter', 'Pixel Graphics', 'Sci-fi', 'War', 'Swordplay', 'Zombies', 'Online Co-Op']",2025-07-03 21:43:39,False,2024–25,,1141,True,4.99,,,,,до $5,не указано
3810620,Survive the Grid,0,True,False,False,False,1755882026,0,0,['Dean Jackson'],['Dean Jackson'],"['Fast-Paced', 'Arcade', 'Score Attack', 'Action', 'Grid-Based Movement', '2D', 'Controller', 'Top-Down', 'Difficult', 'Perma Death', 'Co-op', 'Local Co-Op', 'Multiplayer', 'Singleplayer', 'Local Multiplayer', 'Indie', 'Stylized', 'Surreal']",2025-08-22 17:00:26,False,2024–25,2.0,1287,False,0.99,,,,,до $5,2
3811390,WASD : The Adventure of Tori,0,True,False,False,False,1759395926,747,83,['EVNA Games'],['EVNA Games'],"['Online Co-Op', 'Multiplayer', 'Co-op', 'Casual', 'Adventure', 'Puzzle', 'Cute', 'Arcade', '2D Platformer', '2D', 'Indie', 'Family Friendly', 'Cartoony', 'Early Access', 'Party Game', 'Top-Down', 'Difficult', 'Runner', 'Intentionally Awkward Controls', 'PvE']",2025-10-02 09:05:26,False,2024–25,4.0,1585,False,3.99,33.5,2.2,,,до $5,3–4
3817790,SnaiL TraiL,0,True,False,False,False,1753628937,1,100,['Legendary DEVasters'],['Legendary DEVasters'],"['Indie', 'Local Co-Op', 'Shooter', 'Action', 'Pixel Graphics', '2D Platformer', 'Adventure', 'Side Scroller', 'Multiple Endings', 'Comedy', 'Action-Adventure', 'Platformer', 'Hero Shooter', '2D', 'Cute', 'Magic', 'Fantasy', 'Singleplayer', 'Arcade', 'Co-op']",2025-07-27 15:08:57,False,2024–25,,1289,False,4.99,,,,,до $5,не указано
3818570,ANOVILL,0,True,False,True,False,1752472847,3,100,['LOW BORN'],['LOW BORN'],"['First-Person', 'Multiplayer', 'Online Co-Op', 'Survival', 'Psychological Horror', 'Casual', 'Co-op', 'Survival Horror', 'Thriller', 'Mystery', 'Dark', 'Realistic', 'Violent', 'Indie', 'Early Access', 'Exploration', 'Demons', 'PvE', 'Walking Simulator']",2025-07-14 06:00:47,False,2024–25,4.0,1071,False,3.99,,,,,до $5,3–4
3819030,Just Work,0,True,False,True,False,1756474303,0,0,['DuckLoopStudios'],['DuckLoopStudios'],"['Exploration', 'Action-Adventure', 'First-Person', '3D', 'Horror', 'Psychological Horror', 'Multiple Endings', 'Action', 'Choices Matter', 'Controller', 'Adventure', 'Casual', 'Survival Horror', 'Co-op', 'Online Co-Op', 'Multiplayer', 'Early Access', 'Singleplayer', 'Violent', 'Indie']",2025-08-29 13:31:43,False,2024–25,,997,False,1.99,,,,,до $5,не указано
3822000,UNIT ZERO Operation Black Veil,0,True,False,True,False,1758249976,2,50,['Christian Velazquez'],['Christian Velazquez'],"['Action', 'Shooter', 'Boomer Shooter', 'FPS', 'First-Person', 'Realistic', 'Military', 'Survival', 'Zombies', 'Adventure', 'Indie', 'Early Access', 'Gore', 'Violent', 'Combat', 'Online Co-Op', 'Multiplayer']",2025-09-19 02:46:16,False,2024–25,,1415,False,1.99,,,,,до $5,не указано
3832240,Draugar,0,True,False,False,False,1753885175,3,66,['Thule Interactive'],['Thule Interactive'],"['Multiplayer', 'Action', 'World War II', 'Zombies', 'Mythology', 'FPS', 'Co-op', 'Shooter', 'Combat', 'Historical', 'First-Person', '3D', 'Minimalist', 'Indie', 'Stylized', 'Military', 'Post-apocalyptic', 'Supernatural', 'Character Customization', 'PvE']",2025-07-30 14:19:35,False,2024–25,,4015,False,0.99,,,,,до $5,не указано
3833820,Gobo & Spike,0,True,False,False,False,1753722341,2,100,['Julio y Ema'],['Julio y Ema'],"['Adventure', 'Casual', 'Puzzle', '3D', 'Local Co-Op', 'Split Screen', 'Stylized', 'Cartoony', 'Cute', 'Funny', 'Strategy', 'Fantasy', 'Colorful', 'First-Person', 'Third Person', 'Indie', 'Comedy', 'Relaxing', 'Linear', 'Co-op']",2025-07-28 17:05:41,False,2024–25,2.0,1182,False,9.99,,,,,$5–9.99,2
3842740,You Suck At Football,0,True,False,False,False,1754334587,22,59,['Gorka Games'],['Gorka Games'],"['Precision Platformer', 'Puzzle Platformer', 'Football (Soccer)', 'Difficult', 'Action', '3D Platformer', 'Adventure', 'Parkour', 'Platformer', '3D', 'Third Person', 'Funny', 'Psychological Horror', 'Physics', 'Co-op', 'Online Co-Op', 'Multiplayer', 'Singleplayer']",2025-08-04 19:09:47,False,2024–25,,1314,False,4.99,,,,,до $5,не указано
3861930,Pieces To Find,0,True,False,True,False,1755008771,1,100,['NightTime Co.'],['NightTime Co.'],"['Casual', 'Puzzle', 'Walking Simulator', 'Hidden Object', '3D', 'First-Person', 'Horror', 'Relaxing', 'Psychological Horror', 'Mystery', 'Indie', 'Early Access', 'Multiple Endings', 'Singleplayer', 'Co-op', 'Online Co-Op', 'Multiplayer']",2025-08-12 14:26:11,False,2024–25,,1649,True,6.99,,,,,$5–9.99,не указано
3863220,Hypercore,0,True,False,False,False,1754483473,5,100,['WILD FROG STUDIOS'],['Hyperforg'],"['Racing', 'Action Roguelike', '3D Platformer', 'Roguelite', 'Parkour', 'PvE', 'Co-op', 'PvP', '3D Fighter', 'Roguelike', 'Character Customization', 'Party', 'Singleplayer', 'Funny', 'Multiplayer', 'Local Multiplayer', 'Lore-Rich', 'Nonlinear', 'Controller', '4 Player Local']",2025-08-06 12:31:13,False,2024–25,4.0,740,False,4.99,,,,,до $5,3–4
3879670,RADIOACTIVE INC.,0,True,False,False,False,1758314219,26,61,['Devotıon Labs'],['45DK'],"['Multiplayer', 'Horror', 'Survival Horror', 'Action', 'Escape Room', 'Online Co-Op', 'Co-op', 'Indie', '3D', 'FPS', 'First-Person', '4 Player Local', 'Casual', 'Platformer', 'Singleplayer', 'Multiple Endings', 'Linear']",2025-09-19 20:36:59,False,2024–25,4.0,1429,False,1.99,,,,,до $5,3–4
3908660,Zombie Arise,0,True,False,False,False,1756437180,5,40,['Spitfire Game Studio'],['Spitfire Game Studio'],"['FPS', 'Zombies', 'Singleplayer', 'Action', 'Pixel Graphics', 'Shooter', 'Retro', 'Post-apocalyptic', '3D', 'First-Person', 'Indie', 'Gore', 'Violent', ""1990's"", 'Controller', 'Linear', 'Online Co-Op']",2025-08-29 03:13:00,False,2024–25,,593,False,2.99,,,,,до $5,не указано
3919380,L.O.S.T - Last Ones Standing Together,0,True,False,True,False,1759130220,1,100,['High Level Studio'],['High Level Studio'],"['Survival', 'Adventure', 'Zombies', 'Action', 'First-Person', 'FPS', 'Co-op', 'Online Co-Op', 'Class-Based', 'Shooter', '3D', 'Post-apocalyptic', 'Massively Multiplayer', 'Indie', 'Early Access', 'Survival Horror', 'PvE', 'Artificial Intelligence', 'Multiplayer', '4 Player Local']",2025-09-29 07:17:00,False,2024–25,4.0,972,False,10.99,,,,,$10–14.99,3–4
3940990,SingFever - Your Sing Game,0,True,False,True,False,1757028684,4,25,['Gaming Limited'],['Gaming Limited'],"['Adventure', 'Casual', 'Audio Production', 'Utilities', 'Exploration', 'Co-op', '2D', 'Realistic', 'Split Screen', 'Education', 'Family Friendly', 'Funny', 'PvP', 'Party', 'Controller', 'Tutorial', 'Local Co-Op', 'Rock Music', 'Music', '4 Player Local']",2025-09-04 23:31:24,False,2024–25,,2219,False,29.99,,,,,$20+,не указано
3969120,Food Hell,0,True,False,False,False,1758751531,1,100,['Chispa Games'],['Chispa Games'],"['Casual', 'Arcade', '2D Platformer', 'Cooking', 'Pixel Graphics', 'Action', 'Colorful', 'Local Multiplayer', ""1990's"", '2D', 'Family Friendly', '1980s', 'Indie', 'Platformer', 'Old School', 'Retro', 'Singleplayer', 'Precision Platformer', 'Local Co-Op']",2025-09-24 22:05:31,False,2024–25,2.0,1237,False,5.99,,,,,$5–9.99,2
3973560,Moonfall: Protocol,0,True,False,False,False,1759262457,1,0,['Cycle Studios'],['Cycle Studios'],"['Multiplayer', 'Online Co-Op', 'Co-op', 'First-Person', 'Horror', 'Exploration', 'Sci-fi', 'Atmospheric', 'Indie', 'Action-Adventure', 'Survival Horror', 'Action', 'Adventure']",2025-09-30 20:00:57,False,2024–25,4.0,1608,False,3.99,,,,,до $5,3–4
3981420,Blitz Smash Ultimate,0,True,False,False,False,1759204838,1,100,['Matt Concepts'],['Matt Concepts'],"['Action', 'Action Roguelike', ""Shoot 'Em Up"", 'Pixel Graphics', 'Shooter', 'Female Protagonist', 'Dungeon Crawler', 'Gun Customization', 'Procedural Generation', 'Cute', '4 Player Local', 'Co-op Campaign', 'Combat', 'Singleplayer', 'Multiplayer', 'Local Multiplayer', 'Destruction', 'Controller', 'Local Co-Op', 'Indie']",2025-09-30 04:00:38,False,2024–25,,1974,False,4.99,,,,,до $5,не указано
