seed,appid,name,release_text
hunting,2246340,Monster Hunter Wilds,"Feb 27, 2025"
hunting,376210,The Isle,"Dec 1, 2015"
hunting,1446780,MONSTER HUNTER RISE,"Jan 12, 2022"
hunting,518790,theHunter: Call of the Wild™,"Feb 16, 2017"
hunting,2543830,Way of the Hunter 2,"Sep 29, 2026"
hunting,552520,Far Cry® 5,"Mar 26, 2018"
hunting,513710,SCUM,"Jun 17, 2025"
hunting,298110,Far Cry® 4,"Nov 17, 2014"
hunting,926990,WolfQuest: Anniversary Edition,"Jul 22, 2025"
hunting,371660,Far Cry® Primal,"Feb 29, 2016"
hunting,2646460,Soulmask,"Apr 9, 2026"
hunting,1151640,Horizon Zero Dawn™ Complete Edition,"Aug 7, 2020"
hunting,220240,Far Cry 3,"Dec 4, 2012"
hunting,1288320,Way of the Hunter,"Aug 16, 2022"
hunting,1119730,"Ranch Simulator: Build, Hunt, Farm","Nov 3, 2023"
hunting,1324130,Stranded: Alien Dawn,"Apr 25, 2023"
hunting,1408610,Call of the Wild: The Angler™,"Aug 31, 2022"
hunting,2356560,Monster Hunter Stories,"Jun 13, 2024"
hunting,2271930,IfSunSets,"Nov 4, 2024"
hunting,1674200,Alaska Gold Fever,"Apr 14, 2026"
hunting,5158320,Deer Hunting - The Season 2,"Oct 2, 2026"
hunting,846770,DYSMANTLE,"Nov 16, 2021"
hunting,2294660,The Quinfall,"Feb 6, 2026"
hunting,2014380,LIVE A LIVE,"Apr 27, 2023"
hunting,10680,Aliens vs. Predator™,"Feb 16, 2010"
hunting,899440,GOD EATER 3,"Feb 7, 2019"
hunting,1277400,Monster Hunter Stories 2: Wings of Ruin,"Jul 8, 2021"
hunting,3692240,Deer Hunting Camp,"May 30, 2025"
hunting,1135910,Hunting Simulator 2,"Jul 16, 2020"
hunting,3772960,UMIGARI | ウミガリ,"Feb 4, 2026"
hunting,551730,Toukiden 2,"Mar 21, 2017"
hunting,274940,Depth,"Nov 3, 2014"
hunting,1938010,WILD HEARTS™,"Feb 16, 2023"
hunting,262410,World of Guns: Gun Disassembly,"May 21, 2014"
hunting,2430390,DYSPLACED,"Mar 5, 2026"
hunting,438490,GOD EATER 2 Rage Burst,"Aug 29, 2016"
hunting,2451010,Project Hunt,"Mar 25, 2024"
hunting,3004100,FREEDOM WARS Remastered,"Jan 9, 2025"
hunting,324080,Rising World,"Dec 3, 2014"
hunting,3929200,BULT: Hunting simulator,"Jan 5, 2026"
hunting,752900,Prehistoric Hunt,"Dec 1, 2020"
hunting,696220,Folklore Hunter,"Jan 30, 2026"
hunting,2535830,Squirrel Stapler,"Sep 11, 2023"
hunting,1054510,Survivalist: Invisible Strain,"Apr 25, 2025"
hunting,4383880,Huntin' Buddies,"Jul 24, 2026"
hunting,897450,The Survivalists,"Oct 9, 2020"
hunting,1592290,Paranoia Place: Escape Together,"Apr 9, 2025"
hunting,1200770,Deathground,"Oct 7, 2025"
hunting,363130,Toukiden: Kiwami,"Jun 25, 2015"
hunting,3612850,The Lightkeeper,"Sep 7, 2025"
hunting,3572580,Hachishaku,"May 1, 2025"
hunting,1377380,Night of the Dead,"May 31, 2024"
hunting,3098470,Arctic Motel Simulator,"Feb 11, 2025"
hunting,1053710,The Red Lantern,"Dec 8, 2021"
hunting,1843400,The Last Disease Z,"Aug 21, 2026"
hunting,998400,Trans-Siberian Railway Simulator,"May 30, 2024"
hunting,1547670,A Day Out,"Jun 27, 2024"
hunting,1782330,Green Hell VR,"Jun 9, 2022"
hunting,1338840,Death in the Water 2,"Jan 26, 2023"
hunting,1364290,Animalia Survival,"Sep 9, 2021"
hunting,2818150,Cattle Country,"May 27, 2025"
hunting,4121400,Uktena 64 - Ultimate,"Nov 24, 2025"
hunting,2776450,Multiverse Loot Hunter,"Aug 15, 2025"
hunting,4391590,BLOOD MALL: RETAPED,"Apr 22, 2026"
hunting,3054950,Frost Survival VR,"Aug 14, 2025"
hunting,1807810,The Axis Unseen,"Oct 22, 2024"
hunting,3347200,Cat Gladiator,"Jul 20, 2026"
hunting,12690,Hunting Unlimited 2010,"Jul 7, 2009"
hunting,1461030,Carnivores: Dinosaur Hunt,"Aug 22, 2022"
hunting,1154850,9th Dawn III,"Oct 5, 2020"
hunting,852090,Penko Park,"Oct 23, 2020"
hunting,661790,Witch Hunt,"Sep 3, 2018"
hunting,1330820,Hunting Unlimited 3,"Nov 6, 2020"
hunting,512460,Nature & Life - Drunk On Nectar,"Mar 6, 2025"
hunting,1583280,Hog Hunter 2021,"May 7, 2021"
hunting,1267940,Hunting Unlimited 1,"Aug 7, 2020"
hunting,993110,Skinwalker Hunt,"Aug 19, 2022"
hunting,1330790,Hunting Unlimited 2,"Sep 4, 2020"
hunting,1549850,Virtual Hunter,"Jan 15, 2025"
hunting,1394960,Winter Survival,"Nov 19, 2025"
hunting,431180,WolfQuest: Classic,"Jul 22, 2025"
hunting,2596100,Lycans,"Dec 4, 2023"
hunting,1028590,The WILDS,"Feb 15, 2022"
hunting,4033610,Ecopunk,"Dec 1, 2025"
hunting,1581800,Slow living with Princess,"Oct 15, 2023"
hunting,1074620,Adore,"Aug 2, 2023"
hunting,3951570,Find 100 Ducks and Blast Them...IN SPACE!!!,"Mar 13, 2026"
hunting,3667060,Cryptid Keeper,"Feb 3, 2026"
hunting,2455370,Russian Village Simulator,"Sep 25, 2023"
hunting,2467300,Hoofobia,"Jun 25, 2025"
hunting,386880,Rake,"Jul 13, 2015"
hunting,2128140,Deer Hunting - The Season,"Oct 7, 2022"
hunting,1545250,ECHOLOCAUTION,"Mar 24, 2021"
hunting,1156590,Morels: The Hunt,"Oct 15, 2019"
hunting,248530,Depth Hunter 2: Deep Dive,"Aug 20, 2014"
hunting,2826140,Twilight Tails,"May 27, 2025"
hunting,2868860,Card Survival: Fantasy Forest,"Feb 28, 2025"
hunting,1836450,Monster Hunter Rise: Sunbreak Demo,"Jun 14, 2022"
hunting,3081000,Ember's Verge,"Apr 2, 2026"
hunting,2278820,Archery Club,"Mar 20, 2023"
hunting,1374680,Hazard Levels,"Apr 30, 2026"
hunting,4745450,Cradle of the Dark Brood,"Jun 12, 2026"
hunting,2626780,Aim Trainer - Shooting Range,"Feb 22, 2024"
hunting,3009460,Isles of Silence,"Jul 25, 2024"
hunting,935490,AREAZ,"Oct 23, 2019"
hunting,4146020,Deery Me,"Nov 24, 2025"
hunting,2104310,Public Land Hunter,"Feb 28, 2023"
hunting,3380340,DragonRoad,"Jan 25, 2025"
hunting,642170,Legendary Hunter VR,"Aug 24, 2017"
hunting,1623660,MIR4,"Aug 25, 2021"
hunting,2937090,Hunters Inc,"Dec 19, 2025"
hunting,1343150,Florida Simulator 1986,"Jul 14, 2020"
hunting,330580,Shark Attack Deathmatch 2,"Jul 26, 2019"
hunting,2153780,Survival Nation,"Feb 2, 2023"
hunting,2113770,In Woods,"Aug 19, 2024"
hunting,1955330,Save Room - Organization Puzzle,"Apr 28, 2022"
hunting,3515620,Bunny Hurling,"Apr 3, 2025"
hunting,1658400,The Mountain Hunting,"Jun 24, 2021"
hunting,2080480,Harpoon,"Jul 23, 2022"
hunting,2018960,Neolithic Dawn,"Dec 11, 2025"
hunting,1065880,Dungeon Scavenger,"Aug 21, 2019"
hunting,2230540,Open Fishing XL,"Jul 22, 2023"
hunting,989790,The Vale: Shadow of the Crown,"Aug 19, 2021"
hunting,2490850,Fallen Angel: Hell Survival,"Jul 6, 2025"
hunting,2872000,Ancient Savo,"Sep 20, 2024"
hunting,3275460,Five Mysterious Murders,"Dec 3, 2025"
hunting,2140700,SO BELOW,"Sep 21, 2026"
hunting,2668530,The Rake,"Dec 27, 2024"
hunting,2551440,Kill A Million Rats,"Jan 15, 2025"
hunting,3543860,Seven Sinners,"Dec 1, 2025"
hunting,619330,Duck Hunting,"Apr 7, 2017"
hunting,2788040,Another Try 2,"Apr 17, 2025"
hunting,580930,Redneck Deer Huntin',"Jun 20, 2017"
hunting,1077890,Catch a Duck,"Aug 30, 2019"
hunting,3787430,Money Theft 2: Heist,"Jun 16, 2025"
hunting,606500,HellSign,"Feb 24, 2021"
hunting,1033000,Shoot The Zombirds VR,"Oct 28, 2021"
hunting,2383920,Full Quiet,"Jul 7, 2023"
hunting,1222050,Touhou Mechanical Scrollery | 幻想討幻経,"Apr 30, 2020"
hunting,2578140,I Mother,"Oct 22, 2025"
hunting,723190,Sniper Hunter Adventure 3D,"Oct 13, 2017"
hunting,2027860,Search 4 Bigfoot,"Oct 20, 2022"
hunting,3038590,BigFool,"Jul 8, 2024"
hunting,12530,Hunting Unlimited™ 2008,"Jan 29, 2008"
hunting,2009620,Harvest Hunt,"May 22, 2024"
hunting,3356340,The Original Moorhuhn Hunt,"Jun 19, 2025"
hunting,351730,On My Own,"Feb 26, 2016"
hunting,844330,The Goatman,"Sep 3, 2018"
hunting,3740500,Cave of Gurg,"Jun 2, 2025"
hunting,2166250,Hungry Caveman,"Feb 3, 2023"
hunting,2226750,Potion Brew: Co-op,"Nov 30, 2023"
hunting,1341210,Afterinfection,"May 19, 2025"
hunting,1319690,Freediving Hunter Spearfishing the World,"Jul 1, 2020"
hunting,1974220,Eden Island,"Jul 26, 2024"
hunting,446620,Zombie Training Simulator,"Apr 15, 2016"
hunting,3102290,Big Buck Hunter: Ultimate Trophy,"Apr 11, 2025"
hunting,448370,IS Defense,"Apr 19, 2016"
hunting,3051280,Haven & Hearth,"Nov 1, 2024"
hunting,2469200,Fera: The Sundered Tribes,"Sep 17, 2024"
hunting,2985950,Save Daddy Trump 4: Maga 2024,"May 27, 2024"
hunting,972770,Thousand Threads,"Jul 30, 2020"
hunting,314520,Euro Fishing,"Nov 2, 2015"
hunting,1397030,Survive or Thrive,"Sep 7, 2020"
hunting,2676960,Lost Love Island,"Mar 22, 2024"
hunting,1481680,Lab Craft Survival,"Dec 21, 2020"
hunting,4522150,Crazy Caveman,"Jun 4, 2026"
hunting,1864580,Dinosaurs A Prehistoric Adventure 2,"Mar 18, 2022"
hunting,4038680,ARTDINK GAME LOG: Tail of the Sun,"Dec 15, 2025"
hunting,2939900,Chupacabra Hunt,"Sep 2, 2024"
hunting,4394020,Morels: Out of this World,"May 28, 2026"
hunting,1577470,Straya,"Nov 16, 2023"
hunting,2431700,Vampire: The Masquerade - Justice,"Feb 6, 2024"
hunting,2185160,Survivorman VR The Descent,"Feb 15, 2024"
hunting,1650320,Minotaur Maze,"May 28, 2021"
hunting,2246810,Wild Americas,"Aug 29, 2025"
hunting,3127290,Tiny Duck Hunt 3D,"Mar 4, 2025"
hunting,1349600,Slavania,"Mar 13, 2024"
hunting,1940200,Chill Town,"May 13, 2025"
hunting,1586980,Wilma's Dreams,"Jul 29, 2021"
hunting,1377590,The Island,"Aug 10, 2021"
hunting,922700,Hidden Animals: Photo Hunt - Worldwide Safari,"Oct 18, 2018"
hunting,3110010,FREE DUROV,"Dec 5, 2024"
hunting,894330,One Hunt,"Jul 25, 2018"
hunting,4922900,Beast Market,"Aug 28, 2026"
hunting,4349210,Goo Deer,"Jun 22, 2026"
hunting,2503600,the ISLE survival,"Aug 14, 2023"
hunting,1930040,The President,"May 27, 2022"
hunting,1461140,Crazy Chicken Xtreme,"Aug 22, 2022"
hunting,2165470,Taora : Survival,"May 23, 2024"
hunting,1455680,BE HUNTED,"Dec 21, 2020"
hunting,3343840,Dino running from a FURRY: GAMESFORFARM,"Dec 15, 2024"
hunting,2072360,Delicious Dungeon,"Nov 3, 2023"
hunting,1335360,Chef Chen,"Jan 24, 2024"
hunting,1171120,Nira,"Oct 14, 2021"
hunting,1821960,The Psychoduck,"Dec 14, 2021"
hunting,2206690,Kalzoon,"Nov 22, 2022"
hunting,768540,Dinosaurs Prehistoric Survivors,"Aug 13, 2021"
hunting,1755130,ELE RAMPAGE,"Sep 29, 2021"
hunting,2975350,Blood Lust,"Jul 24, 2024"
hunting,2978220,OneKind,"Sep 12, 2024"
hunting,2239520,Hazeron Starship,"Dec 1, 2023"
hunting,897380,Reptiles: In Hunt,"Jul 29, 2021"
hunting,3209700,SideQuest Hunters,"Apr 15, 2025"
hunting,1248800,The Rule of Land: Pioneers,"Jul 18, 2023"
hunting,3073700,Raccoon on a boat,"Dec 2, 2024"
hunting,2590910,John Christian 3.0,"Apr 26, 2024"
hunting,4502180,CHEMISTS: Dead Zone,"Jul 10, 2026"
hunting,934180,Trials of Wilderness,"Dec 25, 2021"
hunting,3254730,Escape 51,"Nov 27, 2024"
hunting,1565660,S.P.A.T.,"Aug 27, 2021"
hunting,1469220,Cat Simulator: Meow,"Apr 17, 2026"
hunting,3714790,Russian Village Simulator 2,"May 27, 2025"
hunting,2714920,Pastor's Lake: The Game,"Jul 25, 2024"
hunting,4007300,Legends of Wasteland,"Apr 29, 2026"
hunting,1787670,A Fishy RPG,"Jun 15, 2025"
hunting,3283630,Moorhuhn Remake,"Dec 5, 2024"
hunting,2692950,Welcome to Planet E1d0r4d0!,"May 28, 2025"
hunting,2313830,The Alpha Wolf,"Jul 11, 2024"
hunting,2409050,Wildstrive,"Sep 6, 2023"
hunting,3064720,Balloon Warfare,"Aug 21, 2025"
hunting,1342220,Jurassic Fantasy,"Apr 12, 2021"
hunting,2702190,BACKROOMS: DON'T LOOK AWAY,"Jan 25, 2026"
hunting,2418290,Sparky Marky: Episode 2,"Jun 15, 2023"
hunting,1779790,Deadly Infestation,"Feb 14, 2022"
hunting,985530,Hunter,"Jan 28, 2019"
hunting,3126470,Ice World,"Nov 16, 2024"
hunting,1504110,Grandiose,"Jul 7, 2021"
hunting,545940,Hunting Unlimited 2009,"Nov 3, 2016"
hunting,770490,Death in the Water,"Oct 10, 2019"
hunting,545920,Hunting Unlimited 4,"Nov 3, 2016"
hunting,3825850,Imposters,"Mar 1, 2026"
hunting,1702760,In Next Life,"Feb 11, 2026"
hunting,2151790,The Hermit Chronicles,"Jun 16, 2023"
hunting,638850,Animallica,"Mar 5, 2022"
hunting,1589500,Fate of Dynasty,"Apr 22, 2021"
hunting,2248950,Trans-Siberian Railway Simulator: Prologue,"Jan 23, 2024"
hunting,359940,Shadows Peak,"Mar 13, 2017"
hunting,2380940,The Shape Killer - Sniper Game,"Feb 17, 2025"
hunting,2800460,Russian Village Simulator on Mars,"Apr 29, 2025"
hunting,545050,Badiya: Desert Survival,"Nov 11, 2016"
hunting,1489500,Crowhille - Detective Case Files VR,"Sep 10, 2021"
hunting,1363360,Noch,"Oct 1, 2023"
hunting,401190,Dinosaur Hunt,"Sep 17, 2015"
hunting,2549080,Free For All,"Aug 30, 2023"
hunting,3652210,Hiss & Hunt,"Nov 13, 2025"
hunting,1681490,Pandora : Wild Origins,"Sep 10, 2021"
hunting,746040,INMATE: Survival,"Sep 16, 2023"
hunting,2526410,Athos,"Oct 9, 2023"
hunting,1439070,Stranded B,"Oct 27, 2022"
hunting,308000,Gold Rush! Classic,"Jul 25, 2014"
hunting,3413170,Birds Hunter,"Jun 5, 2026"
hunting,1090800,Northern Lights,"Dec 14, 2020"
hunting,2059350,Worlds of Nyx,"Nov 25, 2022"
hunting,1299790,Be Hero,"Mar 30, 2021"
hunting,2772720,Veiled Tales,"Mar 29, 2024"
hunting,4394890,Ice Age,"Apr 30, 2026"
hunting,1355140,Police Chase,"Sep 18, 2020"
hunting,1535060,Incremental Epic Breakers,"Mar 17, 2021"
hunting,818390,The Deer,"Dec 16, 2019"
hunting,2093590,Moorhuhn X - Crazy Chicken X,"Oct 8, 2022"
hunting,1725880,Project SNAQE,"Feb 4, 2022"
hunting,2591810,Something In The Well,"Sep 28, 2023"
hunting,2023160,Monster Showdown VR Prologue,"Jun 17, 2022"
hunting,3505800,Yurei Hunt,"Mar 25, 2025"
hunting,973070,Bound By Blades,"Nov 15, 2022"
hunting,1975370,Snipe Hunt,"Oct 24, 2022"
hunting,2356460,Untitled Ghost Game,"Sep 12, 2023"
hunting,1695670,ScrewUp,"Jul 29, 2021"
hunting,516570,ADAPTR,"Oct 31, 2018"
hunting,1276470,Arctic Anxiety,"Jul 2, 2020"
hunting,2693400,Narava RPG,"Feb 16, 2025"
hunting,2084230,Layer Hunt,"Sep 14, 2024"
hunting,2214250,Falsepine,"Dec 1, 2022"
hunting,1812580,Alien Prop Hunt,"Feb 2, 2022"
hunting,2962750,Ghostbane: Prologue,"Aug 2, 2024"
hunting,613270,Dinosis Survival,"Jul 7, 2017"
hunting,327090,Out of Reach,"Jul 13, 2018"
hunting,2128810,Dinosaurs Dominion,"Jul 22, 2025"
hunting,970190,Sierra Madre: The Wild West,"Dec 17, 2018"
hunting,2827780,Summonsters,"Feb 29, 2024"
hunting,925690,Witch The Bloodlines,"Sep 3, 2018"
hunting,1605580,Fruit Hunter,"May 17, 2021"
hunting,4314860,Dino Age: The First Fracture,"Feb 19, 2026"
hunting,2188880,Evergreen - Mountain Life Simulator: PROLOGUE,"Dec 21, 2022"
hunting,2410500,险恶游戏（Sinister Games）,"Jun 29, 2023"
hunting,609100,Gold Rush! 2,"Apr 28, 2017"
hunting,448620,Rebirth of Island,"Nov 4, 2016"
hunting,1506230,Bigfoot Forest,"Jan 8, 2021"
hunting,1232140,Blue Drifter,"Jan 27, 2020"
hunting,1748370,The Hunt,"Sep 30, 2021"
hunting,485820,e-River Cabin Journal,"Jul 15, 2016"
hunting,1333860,Wild West Survival,"Jul 31, 2020"
hunting,409590,KINGDOMS,"Oct 23, 2015"
hunting,1362310,Zombie Simulator,"Feb 24, 2021"
hunting,617030,Landless,"May 10, 2017"
hunting,705640,BACK TO THE EGG! Tower Defense,"Dec 27, 2017"
hunting,4044890,Ocean Fishooter,"Dec 9, 2025"
hunting,3017110,METRIA,"Nov 11, 2024"
hunting,2145950,The Woods,"Nov 29, 2025"
hunting,4108270,ShuffleHunt,"Feb 15, 2026"
hunting,1379350,Frogworld,"Aug 14, 2020"
hunting,3316330,Undead Hunter Part I,"Jan 16, 2025"
hunting,1568530,Realife Simulator,"Dec 27, 2024"
hunting,1237610,The Catch: Carp & Coarse Fishing,"Jun 30, 2020"
hunting,1202570,Aquarius,"Mar 10, 2020"
hunting,1182820,Miracle Calamity Homeostasis,"Nov 28, 2019"
hunting,2406610,Three of Us,"May 31, 2023"
hunting,509770,PostCollapse,"Jan 11, 2018"
hunting,1146920,Xenociders,"Apr 22, 2020"
hunting,3726350,Fishing Friends 3D,"Jul 3, 2025"
hunting,834280,Fishing Sim World®: Pro Tour,"Sep 18, 2018"
hunting,2003270,Smokyflex,"Jul 11, 2022"
hunting,1571960,The Corpsmen,"Sep 6, 2024"
hunting,1507910,Survival Engine,"Feb 22, 2021"
hunting,2465510,EXELIO,"Mar 4, 2026"
hunting,319230,Gold Rush! Anniversary,"Nov 7, 2014"
hunting,3232660,Im Bann Der Dunklen Jagd,"Oct 30, 2025"
hunting,2270980,Spider Hunter,"Feb 9, 2023"
hunting,3435110,Don't Freeze: A Winter Card Survival,"Mar 30, 2026"
hunting,1004270,My Island,"May 1, 2024"
hunting,2117420,Prime Horror II,"Nov 4, 2022"
hunting,2276780,Truth Seekers,"Jan 11, 2026"
hunting,1048280,UNKNOWN REGION,"Aug 16, 2020"
hunting,1198810,Wolf and Pigs,"May 13, 2020"
hunting,1440870,Corrupted Hospital : Part1,"Oct 23, 2020"
hunting,2888830,DAISY THE SWIMMER,"Jul 22, 2024"
hunting,2516770,My First Craft Survival,"Apr 16, 2025"
hunting,2607640,Rolling Toolman 2 Deathly Traps,"Oct 2, 2023"
hunting,1480930,Monkey Split,"Mar 5, 2021"
hunting,1343580,Scary Hospital Horror Game,"Jul 2, 2020"
hunting,1155420,Dino Zoo Transport Simulator,"Sep 23, 2019"
hunting,3113750,Drunk Builder Simulator,"Feb 6, 2025"
hunting,3817760,Trash Collector Simulator: Survive Edition,"Jul 3, 2025"
hunting,1458460,Island Raft Survival 2021: Ocean Escape,"Feb 12, 2021"
hunting,1370610,Mushroom Picker Simulator,"Aug 19, 2020"
hunting,2625390,Off Grids,"Nov 20, 2023"
hunting,4854360,Pro Tukey Hunting,"Jul 2, 2026"
hunting,328670,Deer Hunt Legends,"Jan 16, 2015"
hunting,1998590,Russian Hunter,"Jun 15, 2022"
hunting,1515140,Huntfeast,"Jun 21, 2021"
hunting,3423620,AccuBow VR,"Mar 11, 2025"
hunting,1548430,Sacrifice of The Spirit,"Jan 13, 2022"
hunting,1855920,Missing Plane: Survival,"Feb 7, 2022"
hunting,1405180,Wilderness,"Dec 24, 2020"
hunting,1192010,Open Country,"Jun 10, 2021"
hunting,1818880,BangBang PewPew,"Apr 8, 2022"
hunting,1234380,Era of Survival,"Feb 17, 2020"
hunting,1480870,Lightning Fast,"Nov 22, 2025"
hunting,1775080,Animal Simulator,"Mar 27, 2025"
hunting,1710180,Skye: The Misty Isle,"Jun 18, 2024"
hunting,2408920,Sons Of The Dream Forest,"May 21, 2023"
hunting,4207800,Hunter's Journey: Nightmare Hunting Collector's Edition,"Jul 10, 2026"
hunting,4064030,Dinosaur Hunting Simulator,"Sep 14, 2026"
hunting,4761310,Ace Marks the Spot,"Sep 2, 2026"
hunting,4644040,Birdshot,"May 29, 2026"
hunting,688350,Wrath of the Goliaths: Dinosaurs,"Sep 13, 2018"
hunting,3788200,Spearfishing Simulator,"Jun 16, 2025"
hunting,4054250,Hunting Pro Simulator,"Sep 14, 2026"
hunting,1586240,Pro Deer Hunting 2,"Apr 30, 2021"
hunting,1448330,ELIOS VR,"Feb 1, 2021"
hunting,3073810,Scotland Yard – Hunting Mister X,"Oct 14, 2024"
hunting,860670,❂ Hexaluga ❂ Dungeons and Hunting ☠,"May 22, 2018"
hunting,2545380,Open Hunting XL,"Nov 20, 2024"
hunting,2012570,ZOSU VR Explosive Bow Hunting,"May 25, 2023"
hunting,2622690,Park Ranger Simulator,"Feb 19, 2026"
hunting,3629140,Gut Grease,"Apr 3, 2026"
hunting,4610030,Forest Of Horror,2026
hunting,4698470,Jump Duck,"Jun 24, 2026"
hunting,2309030,50 Days To Survive,"Mar 3, 2023"
hunting,3522470,BugSquash,"Jun 1, 2026"
hunting,4280020,Last Light: Survival,"Aug 31, 2026"
hunting,2866620,Shot Caller,Coming soon
hunting,4642840,Spear of the Sky,"Aug 13, 2026"
hunting,2482760,Hunting Simulator 3,"Oct 29, 2026"
hunting,3966140,Dinosaur Zoo VR : Dinosaur Hunting,"Feb 13, 2026"
hunting,2261600,Hunting Pearl Creek,"Mar 22, 2023"
hunting,4733510,Wilds Monster,"Jun 25, 2026"
hunting,1882200,Krek Da Frog,"Mar 23, 2022"
hunting,5020480,Prey of The Wild,"Aug 20, 2026"
hunting,1533880,Hunter Girl,"Apr 4, 2021"
hunting,2975920,Candy Puzzle,"May 20, 2024"
hunting,3368520,Werebear Hunt,Coming soon
hunting,3205480,Unique Identy,"Oct 2, 2024"
hunting,1050810,The Hunt in the Forest,"Apr 7, 2019"
hunting,4820680,Witch Hunt 0,2026
hunting,3808410,SkinCrawler Ranch,"Jul 12, 2025"
hunting,2190910,Maze Nuts,"Dec 7, 2023"
hunting,4063150,Ordo Venator,To be announced
hunting,3297310,The Cursed Hour,"Nov 16, 2024"
hunting,3148930,SPEARS,To be announced
hunting,4240760,Peasant or Rebel?,"Mar 18, 2026"
hunting,1350010,Dinosaur Hunting Patrol 3D Jurassic VR,"Jul 3, 2020"
hunting,1513790,The Unbreakable Chain,"Feb 1, 2021"
hunting,2400790,City of Cats,"May 24, 2023"
hunting,2479440,Beast Blasters,"Jul 14, 2023"
hunting,3364600,The Hunter's Path,"Jun 13, 2025"
hunting,4917320,Wild Carrot,"Sep 24, 2026"
hunting,1400560,Priest vs. Poltergeist,Coming soon
hunting,4455810,WPCA: World Phasebound Control Authority,To be announced
hunting,4731830,Nahualli,"Sep 16, 2026"
hunting,3269050,The Lost Hunter,To be announced
hunting,3376710,Raccoon Hunter,Coming soon
hunting,3576380,Beast Siege,Coming soon
hunting,3990510,Hop & Seek,2026
hunting,4316480,Pale Hunt,Coming soon
hunting,4818190,Pueblo Duerme,Coming soon
hunting,5211650,HUNTKEEPER: Idle Trails,Coming soon
hunting,5231010,蒼海 -AOMI-,Coming soon
hunting,3577240,Northern Waters - Fishing & Restaurant Simulator,To be announced
hunting,3919810,Moulder,To be announced
hunting,4986260,Cover Up!,Q4 2026
hunting,2918660,Agama versus Bugs,"Nov 9, 2026"
hunting,2783990,The Dark Story,"Feb 15, 2024"
hunting,4151560,NULL SECTOR: LAST PROTOCOL,"Jan 7, 2026"
hunting,1868760,EvoGene,"May 4, 2023"
hunting,3024080,Hunting Seas,To be announced
hunting,1882410,Mob Hunter,Coming soon
hunting,2224680,Our Land,"Jan 10, 2023"
hunting,4428260,Primal Sands VR,"May 19, 2026"
hunting,3116480,End of Everything,"Mar 6, 2026"
hunting,1376470,Hunted,"Sep 4, 2020"
hunting,1972160,Virtual Hunting Experience,"May 13, 2022"
hunting,3477170,Isle of the Eagle,"Apr 4, 2025"
hunting,2661470,Banshee Hunt,"Apr 5, 2024"
hunting,1574030,War Of Freedom,"Mar 25, 2021"
hunting,5118710,TapTrapGrow,Coming soon
hunting,5177220,Saddlebow,"Nov 2, 2026"
hunting,3615110,Duck Blitz,"Aug 8, 2025"
hunting,4388130,Wendigo Land : Survive The Legend,"Mar 27, 2026"
hunting,2744100,Pokini Kagura,To be announced
hunting,2688190,XenoWild: Survival Beyond,Coming soon
hunting,2193510,Way Of Animals,Coming soon
hunting,2545550,The White Prison,Coming soon
hunting,2378410,Gloom Reaper,Coming soon
hunting,2616270,Deer Hunt,Coming soon
hunting,4864880,Moha,To be announced
hunting,3871500,The Harakin,To be announced
hunting,5025110,Australian Hunter,2026
hunting,2175180,Primitive,To be announced
hunting,2941520,Primal Survival Wars,Coming soon
hunting,4907620,Dinosis Zero: Quantum Island,2027
hunting,1146090,Flint,"Sep 16, 2019"
hunting,1987550,Via Mortis,"May 19, 2022"
hunting,1956490,Smash Therapy,"Oct 8, 2022"
hunting,4578760,Forestress Shade,"Jul 19, 2026"
hunting,2052730,I'm Prop: Hide and Seek Game,"Jul 28, 2022"
hunting,2601510,HANGRY™,"Oct 28, 2025"
hunting,4210560,Monster Mine Clash,"Apr 16, 2026"
hunting,3027490,LivingForest,"Nov 2, 2024"
hunting,4167340,Proof,To be announced
hunting,1943440,Royal Mahjong King's Journey,"Mar 28, 2022"
hunting,1924270,Shooting Covid,"Mar 17, 2022"
hunting,3638830,Cryptid Engine,To be announced
hunting,5269350,Guild Leader: the Hero Behind the Desk,To be announced
hunting,1476140,Night Stalkers,"Oct 1, 2021"
hunting,3502860,Caller of the Crows,"Dec 18, 2025"
hunting,1720860,Fox Goes Hunting ™,"Oct 7, 2021"
hunting,1736680,XIO: REVIVE,"Jun 30, 2022"
hunting,1476830,Guillotine,"May 4, 2022"
hunting,2084190,A Catchy Game: IntraTag,To be announced
hunting,3297250,Lost Whispers,Coming soon
hunting,3746710,Artemis Survival,Coming soon
hunting,3176290,Fishing Up,"Oct 26, 2026"
hunting,1402380,Hogogeist,"Oct 6, 2020"
hunting,1442020,Essex: The Whale Hunter,To be announced
hunting,5043650,Gribble Space,2027
hunting,4080530,RaiderHeim,To be announced
hunting,5168140,Castaway Slime,To be announced
hunting,2794480,Man and Dog,To be announced
hunting,1782180,Metaisland,Coming soon
hunting,1137980,Spirit,Coming soon
hunting,5235520,How to Hunt,Coming soon
hunting,3424910,Mushroom Hunter Simulator,Q4 2026
hunting,4393700,Elderfeast,2027
hunting,4713940,Monster Fantasy,2027
hunting,2384300,Duck Hunt VR,To be announced
hunting,2558660,Brave Trial,"Sep 27, 2023"
hunting,489050,Whitetail Challenge,"Jun 20, 2016"
hunting,3312060,Beast Survivor,"Oct 30, 2025"
hunting,2691450,Giant Hornet,"Mar 28, 2024"
hunting,4644500,Fearless Crew,2026
hunting,3784110,Ghost Hunters,"Jul 22, 2025"
hunting,1932490,Agent 01,"May 6, 2022"
hunting,1653800,On the Hunt,"Jul 17, 2026"
hunting,1110460,Myoubouh Catcher,"Jan 7, 2022"
hunting,2990300,Snake Crossing,"Jun 7, 2024"
hunting,2193670,Cymut X Mutrobo RPG,"Nov 18, 2022"
hunting,2865830,Weed Harvest,"Mar 26, 2024"
hunting,1712510,Light Crawler,"Oct 28, 2023"
hunting,2147710,Forest Spring,"Oct 3, 2022"
hunting,983840,Hunting Simulator VR,"Dec 14, 2018"
hunting,3261780,Artemed,2026
hunting,4201440,Monster Survival Shooter VR,Coming soon
hunting,4713160,Tohunga,"Sep 22, 2026"
hunting,3492250,ULTRA X-TREME HUNTING SIMULATOR 2001,"Feb 28, 2025"
hunting,4858190,A Game About Shooting Ducks,"Aug 26, 2026"
hunting,2648580,Alien Bounty,Coming soon
hunting,4023480,Arena Fighter,"Oct 8, 2025"
hunting,4123960,Definitely Not NPC,Coming soon
hunting,1941430,theBootCamp,"Apr 17, 2022"
hunting,2099570,City Massacre,Coming soon
hunting,1500370,Crewin: The Wrath Of Athys,Coming soon
hunting,1402650,Birding Simulator: Bird Photographer,Coming soon
hunting,1399250,Red Cap Zombie Hunter,"Dec 21, 2021"
hunting,1441560,Beast Nature,Coming soon
hunting,1550150,Biomes: Survival Era,"Dec 30, 2069"
hunting,3468720,UNEXPECTED: Cry of the Wild,To be announced
hunting,2256290,Roxroria Treasure Island | RPG,"Jan 25, 2023"
hunting,2446040,Days in Hill,"Jul 9, 2023"
hunting,3316410,Otherwise,"Dec 22, 2024"
hunting,3568030,Beast and Cleaver,"Oct 1, 2025"
hunting,3818040,Cabin Curse,Coming soon
hunting,2794120,Girl vs Wild,Coming soon
hunting,2583380,Viking Saga: Echoes of Midgard,Coming soon
hunting,3148170,Wandering Hunter,"Aug 24, 2024"
hunting,3031450,Visceral Abyss,To be announced
hunting,3033770,Seventh Choir,Coming soon
hunting,4832770,Hunters Trial : One Breath,"Nov 2, 2026"
hunting,4998160,Lost Land,2026
hunting,3873440,Wolvenrise,"Dec 22, 2025"
hunting,2494690,Wolf Simulator RPG,Coming soon
hunting,5080060,Africa Survival,2026
hunting,3391130,SHOCK,2026
hunting,4252280,Quack Hunters,Coming soon
hunting,1683790,Deliverance,Coming soon
hunting,2541950,Sirens,To be announced
hunting,563370,Don't Touch The Zombies,"May 11, 2017"
hunting,2847390,Escape Island,"May 20, 2024"
hunting,3250120,Cursed Hours,"Oct 11, 2024"
hunting,3629620,Host Mortem,To be announced
hunting,2852490,Hunting with Dad,"Apr 3, 2024"
hunting,3264250,Knights of the Apocalypse,"Nov 12, 2025"
hunting,4020630,Blood and Dust,"Dec 3, 2025"
hunting,2734970,Hunting Shadows,Coming soon
hunting,2267790,Neanderthal,"Mar 21, 2024"
hunting,3216300,Chickeat Catch,"Dec 17, 2024"
hunting,2861030,FourPoint:prologue,"Mar 19, 2024"
hunting,3670640,Krampus,Coming soon
hunting,1713550,Star Witch,"Jul 1, 2026"
hunting,2186970,The expedition squad,"Jun 28, 2024"
hunting,1994510,Upirja,"May 29, 2022"
hunting,2469320,Cthulhu Must Die,"Feb 5, 2024"
hunting,4081970,Fish Box,"Jan 16, 2026"
hunting,4166860,Farvival,"Dec 8, 2025"
hunting,2634510,The Carrier and Crows,"Feb 14, 2024"
hunting,3151820,Among The Stars :UFO Hunting Simulator,"Sep 13, 2024"
hunting,2813250,Lost In Failures,"Mar 22, 2024"
hunting,553490,Wild Game Hunter VR,"Dec 23, 2016"
hunting,3372890,HUNTED,"Jun 5, 2025"
hunting,3337110,Bulletproof Tank Adventure,"Jan 18, 2025"
hunting,1590720,The Dinosaurs Are Here,Coming soon
hunting,1946600,theBestiary,Coming soon
hunting,1802160,Storage Hunters,Coming soon
hunting,2192600,Last Dragoon: Awaken,Coming soon
hunting,2159980,Wild Area,2027
hunting,1980150,Graze,Coming soon
hunting,2277420,Survival On Snow,Coming soon
hunting,2265370,The Risen Survival,Coming soon
hunting,2651780,Frontier Ferris For Adventurers,Q4 2026
hunting,2553890,The Edibles,"Oct 24, 2023"
hunting,1913810,Beastmaster,"May 18, 2022"
hunting,2711010,Wolf Survival,Coming soon
hunting,2904060,Enter Falconry,To be announced
hunting,1753110,Once Upon a Time in the Colony,"Oct 2, 2021"
hunting,1845200,Pixacrea: Adventure,To be announced
hunting,3682950,B.O.O. Squad,Coming soon
hunting,3691400,Forgebound,To be announced
hunting,3834100,Hunt for the Lost Folktales,Q1 2027
hunting,3813340,Thang Online Global,Coming soon
hunting,3193990,Trading Kingdom,Coming soon
hunting,2866470,Horizon's Edge,To be announced
hunting,2577900,Asteria,To be announced
hunting,2592470,Bugged Out,"Oct 26, 2023"
hunting,3182290,Arctis,2026
hunting,2968540,Choomby,To be announced
hunting,5106700,Keep Swimming,Coming soon
hunting,4133960,猎人修仙传 Hunter Immortal,"Jan 12, 2026"
hunting,4444220,Prince of Egypt,Coming soon
hunting,4790950,Lost ages Hunting,2027
hunting,3255820,Angel Roulette,Coming soon
hunting,1563250,Beast Hour,To be announced
hunting,3847920,Wild n Chill,To be announced
hunting,1376880,Ultimate Hunting®,To be announced
hunting,4462830,One Billion Ducks,December 2026
hunting,1792460,We Kill Monsters,To be announced
hunting,2639270,Photography Simulator Wildlife Prologue,Coming soon
hunting,4824310,Vermin Protocol,"Jul 2, 2026"
hunting,4876770,The Fishercat,"Jul 15, 2026"
hunting,2827400,Kalahari’s End,"Jan 12, 2026"
hunting,4300740,The Final Shuffle,"Jul 15, 2026"
hunting,3026650,Master Bobber,"Sep 24, 2025"
hunting,1104690,Hard to be a King,"Jun 29, 2020"
hunting,1379040,Pixel Ninja,"Aug 10, 2020"
hunting,2848460,Mesh Replica,"Feb 3, 2025"
hunting,1234880,Troll Hunter VR,To be announced
hunting,5244550,Softfall,"Nov 10, 2026"
hunting,1520640,Ultimate Bumper Cars - Dodgems,"Aug 19, 2021"
hunting,3715540,100 Men vs 1 Gorilla,"Oct 1, 2025"
hunting,5202790,Night Shift: Anomaly,"Sep 18, 2026"
hunting,3233630,South America Gold Rush,"Jun 6, 2025"
hunting,1292120,Hunt: Primal Reptiles,To be announced
hunting,4161700,VELTHRA,"Feb 26, 2026"
hunting,3269850,Whispers of the Dead,"Feb 28, 2025"
hunting,1975730,Grimhunt,"May 25, 2022"
hunting,2093110,Sharp Eyed,"Sep 5, 2022"
hunting,1548590,Cold Breath,"Apr 22, 2025"
hunting,4992530,The Hunted,"Sep 1, 2026"
hunting,4060250,The Last Bet,"May 1, 2026"
hunting,4980890,Peaceful Bug Catching Story,"Aug 19, 2026"
hunting,777210,Vulpine,Coming soon
hunting,1155850,Lost Viking: Kingdom of Women,2027
hunting,1693410,On My Own: New Frontier,To be announced
hunting,1699180,Cyber War APOCALYPSE,To be announced
hunting,2080140,Savage Age,"Apr 3, 2024"
hunting,2195970,O Reino em outro Mundo,"May 28, 2024"
hunting,2131220,Neisis,Coming soon
hunting,2499750,Starstride,Coming soon
hunting,2470470,Chalice of Souls: Grahan,To be announced
hunting,2385120,Wild Mutation,Coming soon
hunting,2657220,Office Nightmare Chapter 1&2,"Jan 8, 2024"
hunting,2586430,Undefined Survivors -アンディファインド サバイバーズ-,"Mar 5, 2025"
hunting,2121050,Phantom Island,"Mar 10, 2023"
hunting,1904830,Wildscape,Coming soon
hunting,2813510,Exorkízein,To be announced
hunting,2823090,獣人ちゃんは今日も命を狙われる | Jujinchan,Coming soon
hunting,2855790,Rome Idle: Legacy,To be announced
hunting,2722330,WAIDH,"Feb 5, 2024"
hunting,3189810,The Huntter,To be announced
hunting,3317920,Crown & Decay: Gordak,To be announced
hunting,3325210,Chronicles Reborn,To be announced
hunting,4314970,VANADEN,"Mar 25, 2027"
hunting,3754650,Phantom Containment,Q4 2026
hunting,3691230,Precious Feather,Q4 2026
hunting,4259930,Harpooner,Q1 2027
hunting,4381860,Frozen Isolation,Coming soon
hunting,1573950,Wonderland: The Forgotten Isles,To be announced
hunting,1207370,Primitive Hunter,To be announced
hunting,1746980,RAIN IN THE ABYSS,Coming soon
hunting,1748340,Finding Home,"Oct 28, 2021"
hunting,2295320,After The Turn,Coming soon
hunting,3268910,Dear Brother: Beware of the Witch,To be announced
hunting,3834500,Bitsies: I Caught a Strange Creature Roaming on My Desktop and Now I Raise Them in My Tiny Garden,2027
hunting,3836970,Kunoichi's Cadence,"Sep 30, 2025"
hunting,3851160,Principal Panic,"Oct 31, 2028"
hunting,3924350,Soulworld,To be announced
hunting,3104250,Final Night,"Aug 1, 2024"
hunting,4037680,Knock-Knock Housekeeping,Coming soon
hunting,2923010,Field of Growth: A Farmer's Odyssey,"Apr 25, 2024"
hunting,2991810,Beyond The Island,Coming soon
hunting,4198470,Yaguareté: The Game,Coming soon
hunting,4394260,An Adventure in Arabic,"Jul 4, 2026"
hunting,2063170,AEGIS Kingdoms,To be announced
hunting,1334440,Rise & Reign,2027
hunting,5200400,Meat Safari,"Dec 7, 2026"
hunting,4859830,Pluck Em!,2026
hunting,5037660,Shire Kings,Coming soon
hunting,5268480,Goblin Apocalypse: Open World Survival,December 2026
hunting,5073420,GORTH,"Oct 1, 2027"
hunting,5335730,DragonLineage,Coming soon
hunting,3926330,Ginga Cantina,To be announced
hunting,1522360,Dinos Reborn,To be announced
hunting,1732910,Photography Simulator,Coming soon
hunting,5219000,Mountain Rescue: Caucasus,To be announced
hunting,4927030,Last Buzz,"Nov 10, 2026"
hunting,645210,USSR 2021,Coming soon
hunting,1863010,DuckHunt - Missouri,"Mar 21, 2022"
hunting,1992520,Hidden,"Jun 24, 2022"
hunting,3414640,No One's Island,"Sep 15, 2025"
hunting,1764000,Fishing Frenzy,"Oct 1, 2021"
hunting,1149770,Trapper Simulator,Coming soon
hunting,2875260,Wolves in Sheep's Clothing,Coming soon
hunting,3858410,Zombie Outbreak: Undead Survival,"Sep 23, 2025"
hunting,3294220,Curse of Darkness,"Dec 11, 2024"
hunting,1721910,CABOUS,"Sep 9, 2021"
hunting,5213150,Cat Fiesta,"Oct 8, 2026"
hunting,1509670,VHAIP,"Apr 28, 2021"
hunting,2644220,Ashes of Ambition,"Feb 16, 2026"
hunting,1605340,Atlantis Adventure VR,"May 14, 2021"
hunting,3697310,KaijuStory,"Jul 30, 2026"
hunting,1772840,Dragon War,"Oct 22, 2021"
hunting,2350290,SHOOTING STAR VR,"Apr 20, 2023"
hunting,2364290,Shadow Stalker,"Oct 8, 2025"
hunting,2243220,Greenland,"Mar 21, 2024"
hunting,2965430,Hunter Legends,"Jun 18, 2024"
hunting,2354450,Survive or Die,"Nov 16, 2023"
hunting,2202270,Hunting Life VR: Dove Season,"Nov 22, 2022"
hunting,1437790,Fields of Fear,To be announced
hunting,1545020,WAR LAB,To be announced
hunting,2526300,Cube RPG,Coming soon
hunting,1550520,Sons of Shadows,To be announced
hunting,1398920,Virtuverse,Coming soon
hunting,1994650,Element Fighters,To be announced
hunting,1998280,Astrophobia,Coming soon
hunting,2208330,Last Knight,"Nov 28, 2022"
hunting,2126860,Reptile Park VR,To be announced
hunting,2154660,Toast The Ghost,"Oct 13, 2022"
hunting,2022060,Life After Death,"Sep 5, 2023"
hunting,1016660,Age Of Omens,"Jul 5, 2019"
hunting,1891120,Kapital13,"May 26, 2022"
hunting,1362670,KHIO,"Jul 24, 2020"
hunting,2293400,Moleshine Cooking Simulator,Coming soon
hunting,2018700,Medieval Alchemist,Coming soon
hunting,2303550,Zehlar,2027
hunting,2338740,WarBox: Arcane,"Aug 25, 2023"
hunting,1294480,Deranged Park Rangers,Coming soon
hunting,1299520,The Fallen,Coming soon
hunting,1234500,The Expedition,"Dec 22, 2021"
hunting,1042620,Enersify,Coming soon
hunting,3447180,The Seal Game,Coming soon
hunting,3456920,Isle Of Pirates,Coming soon
hunting,3343020,PolyRealms: The Lost Kingdom,Coming soon
hunting,3513200,Night Kin,Coming soon
hunting,3333200,Village Of Vagabonds,Coming soon
hunting,1915880,Master Wulder,Coming soon
hunting,1884030,One Of The Victims,"Apr 4, 2022"
hunting,1929980,Pogan,To be announced
hunting,2707540,Archaic,Coming soon
hunting,1756230,"Light, Dark or Hrak?",Coming soon
hunting,3642500,Liv: Nordic Survival,Coming soon
hunting,3643250,Chiklet's Human Products,Coming soon
hunting,3727280,SwordBorn,Coming soon
hunting,3803030,ADAPTATION,To be announced
hunting,3803670,Combat Pay,Coming soon
hunting,3651960,Spider Macro Survivors,Coming soon
hunting,3288340,KLIKFEST: Medieval,To be announced
hunting,3869840,Ashen Vale: Where They Fell,To be announced
hunting,4396590,Werewolf: The Gloaming Malice,Coming soon
hunting,4340000,Shadow Mysteries,To be announced
hunting,4341910,Pupper Rescuer,To be announced
hunting,4487560,Scruffle,Coming soon
hunting,4631340,Beyond The Gate,Coming soon
hunting,3180700,Scavenger Run,Coming soon
hunting,3428270,Prop Haunters,Coming soon
hunting,3582500,Medieval Contrast,Coming soon
hunting,2535990,Ghost Seeker Hunter Simulation,Coming soon
hunting,4947230,Jack's Last Show,2026
hunting,5104860,Desk Bird Hunt,To be announced
hunting,5131380,Grimalkin,October 2026
hunting,4992050,"Survive 10,000 B.C.",To be announced
hunting,5068220,NooN,Coming soon
hunting,5068870,America Survival,2026
hunting,5281730,Utkant,To be announced
hunting,3607730,Trauma Island: Dream Doctor,Coming soon
hunting,3858260,Nothing But Road,To be announced
hunting,3678080,Ravenhille: Awakened,"Jul 10, 2025"
hunting,4313710,Pizzah!,To be announced
hunting,4742850,Wildreach,Coming soon
hunting,4254650,Ember in the Frost,Coming soon
hunting,4073040,The Night Doner,To be announced
hunting,2564480,Nomad: Steppeborn Saga,2027
hunting,3991390,A Kingdom of Soil,Coming soon
hunting,2822720,Echoes of Extinction,To be announced
hunting,3111960,Fortress Warfare,To be announced
hunting,3075270,GawaiiGo,"Mar 5, 2025"
hunting,1606970,Ronin Trail,Coming soon
hunting,2309350,Disease Z - Zombie City,Coming soon
hunting,1751950,THE GREAT CIRCLE,Coming soon
hunting,4339850,Dust,"Oct 9, 2026"
hunting,2711690,VanLife Simulator,Coming soon
hunting,1635810,Planes Journey,"Jun 1, 2021"
hunting,3917590,Blendkins,"Jun 4, 2026"
hunting,3753850,HOTWING HELLIONS,"Mar 3, 2026"
hunting,545930,Hunting Unlimited 2011,"Oct 25, 2016"
hunting,3486520,Isle Frontier,"Mar 6, 2025"
hunting,3182020,Leshy Prelude,"Oct 28, 2024"
hunting,1103390,ThreeStep,"Oct 18, 2019"
hunting,3718170,Bow Hunter,"Nov 14, 2025"
hunting,2068680,Wilderness Survival: The Conservationist,Coming soon
hunting,1535900,Hunt N Cloak,"May 14, 2021"
hunting,2367280,A Shared Memory,"Jan 4, 2024"
hunting,2296880,Quiet Soul,"Apr 26, 2023"
hunting,2514970,KERO,Coming soon
hunting,3882380,Algatraz,To be announced
hunting,3950740,Hunting Pack,"Oct 23, 2025"
hunting,4296450,Shorekeeper,2026
hunting,4081760,Bucket Tag,Coming soon
hunting,5231840,Hideout Rush,Coming soon
hunting,3517530,Paleolith,To be announced
hunting,3270800,Happy Chase,"Oct 29, 2024"
hunting,2001210,Beastly Muscles,"May 30, 2022"
hunting,3106150,El Conquista,"Aug 18, 2025"
hunting,2803470,A Bots Color Adventure,"Feb 23, 2024"
hunting,2520670,IOO,"Oct 3, 2023"
hunting,3625220,Wild Hunter VR,"Apr 21, 2025"
hunting,1855110,Canyon,"Mar 23, 2022"
hunting,789600,Mortal box,"Feb 13, 2018"
hunting,2197310,Project Canopy: Prologue,To be announced
hunting,2146270,Way Of Vulcan,"Nov 25, 2022"
hunting,1725370,Mythic: Forest Warden,To be announced
hunting,1855210,DOA,Coming soon
hunting,2331390,Hired - Assassin Simulator,Coming soon
hunting,2597900,Scape,Coming soon
hunting,2810470,Ensnared,"Jul 11, 2024"
hunting,2704350,Iskelonia,Coming soon
hunting,3050950,Wilderness and Evolution,To be announced
hunting,2799230,Nitpick: I must hunt,To be announced
hunting,3361190,ZOPHARION,2026
hunting,2720640,Dwarf Land,Coming soon
hunting,3158110,Dino Age: Dinosaur Survival Game,"Oct 30, 2024"
hunting,3765930,Passenger X,Coming soon
hunting,3669830,Shroomer,Coming soon
hunting,2751970,TRAPPER,To be announced
hunting,2242630,Last Ruler of Vicissity,Coming soon
hunting,3439980,Moby Dick: A Tiny Tale of Revenge,To be announced
hunting,3510690,Wild Shot: Animal Savior,Coming soon
hunting,3223760,Putrid Beasts,"Oct 19, 2024"
hunting,2323360,Defective Sectors,To be announced
hunting,2326040,Wendigo Hunter,To be announced
hunting,2399070,The Vengeance Of Lady Witch ARPG,"Aug 2, 2023"
hunting,2576710,The Sheriff's Town,"Sep 13, 2023"
hunting,2267800,RPG Fitness VR,"Jan 27, 2023"
hunting,3733660,IsekaIdle,Q1 2027
hunting,3692250,As I Survive,Coming soon
hunting,4281530,The Village Rises,Coming soon
hunting,4625300,STAFFUP,Q1 2027
hunting,4116240,The Runesmith,December 2026
hunting,5173870,Town & Tales,Coming soon
hunting,4725220,Slice of Fortune,"Nov 26, 2026"
hunting,4615900,Survival Exorcist,2027
hunting,5001600,LostMan,Coming soon
hunting,1675680,INSTINCTION,To be announced
hunting,2773560,AM,To be announced
hunting,4796520,Counter Ducks,Q1 2027
hunting,3606840,Evolution Of The Ancients,Q1 2027
hunting,3620610,Primal Survival,2026
hunting,3664440,Red Rust Pioneers,2026
hunting,2512880,CrisisX,2026
hunting,2550530,The Legend of California,Coming soon
hunting,2749880,Surviwall,To be announced
hunting,2751070,Paleokin,Q1 2027
hunting,1486070,Dark Zodiac,Coming soon
hunting,1559720,We Harvest Shadows,To be announced
hunting,2174060,Sincognito,"Oct 26, 2026"
hunting,4174810,PREHISTORIA,To be announced
hunting,4831290,Crown&Sword,"Aug 16, 2026"
hunting,5038420,I Hear the Forest,2027
hunting,2638910,Phantom Patrol,"Oct 27, 2024"
hunting,1318870,Turkey Hunting Unlimited,"May 29, 2020"
hunting,2337360,Story of the Olivia,"Apr 22, 2025"
hunting,2910710,Survive (The Game),"May 9, 2024"
hunting,1738140,Campfire Tales,"Oct 28, 2021"
hunting,1329490,Virus Remedium,Coming soon
hunting,1368880,Corona Kombat,"Jul 29, 2020"
hunting,4051050,Genesis,"Oct 12, 2025"
hunting,2087360,Wilderness Game Stalker VR: North America,"Aug 5, 2022"
hunting,1969410,戦乙女 ikusaotome,"May 13, 2022"
hunting,3093420,Cliche,"Aug 11, 2024"
hunting,4827490,Critter Loop,To be announced
hunting,4911240,Shanichar,To be announced
hunting,3226030,Rotten Woods,"Oct 2, 2024"
hunting,3884400,DinoGORE,"Dec 10, 2025"
hunting,807870,Survival Planet,"Mar 26, 2018"
hunting,2101880,Hard Life,"Oct 11, 2022"
hunting,1837140,25°N 71°W,"Jun 20, 2022"
hunting,2855010,CROAK CROAK ON THE SEA,"Apr 4, 2024"
hunting,4236060,Phantom the Huntress,"Mar 13, 2026"
hunting,2153420,Don't Stop,"Jun 13, 2023"
hunting,2667020,Moorhuhn Invasion - Crazy Chicken Invasion,"Dec 22, 2023"
hunting,4337710,The Abased,To be announced
hunting,2332190,Hunt,"Mar 10, 2023"
hunting,1187270,Territory,Coming soon
hunting,1285720,The Hauntings,Coming soon
hunting,1488960,Something Strange in the Woods,"Dec 16, 2020"
hunting,1504940,We Can Make It,Coming soon
hunting,1485200,The Vision,To be announced
hunting,945860,HopeLand,To be announced
hunting,2026510,Invasive,"Jul 20, 2022"
hunting,2669930,The Structureworld: Myths of Skull Island,To be announced
hunting,2862680,Abort: The Exile,To be announced
hunting,2829070,The Wolf's Hunt,"Feb 29, 2024"
hunting,3361060,Primestone,To be announced
hunting,2797390,Wildlife Rescue Simulator,Q4 2026
hunting,2394180,Primal Echo,Coming soon
hunting,2725660,Survival Advanced,"Jun 14, 2024"
hunting,2787340,Island Rise,Coming soon
hunting,3425150,Liliput Defender,Coming soon
hunting,3432420,Silent Woods,"May 6, 2025"
hunting,3393780,Paintball Madness,To be announced
hunting,3278390,Gravenfall: Veil of Darkness,"Nov 20, 2024"
hunting,3251660,Until Your Death,Coming soon
hunting,2326380,King Datchi,To be announced
hunting,1873740,Peace Maker VR,"May 27, 2022"
hunting,3797390,IlhaZ,"Jul 13, 2025"
hunting,4083990,Pale Incense,Coming soon
hunting,3542260,All Those Who Wander,To be announced
hunting,4442340,Egg Hunter,"Apr 16, 2026"
hunting,4502820,Station: ZERO,Coming soon
hunting,4456030,Hauntrap,Coming soon
hunting,4813360,Tasty In Another World,To be announced
hunting,5103800,Last Ranger,Coming soon
hunting,5104280,Glow Tail,Coming soon
hunting,5161180,Voxel Wild,Coming soon
hunting,5088770,Arctic Shop Simulator,2027
hunting,4513470,Under Us,Coming soon
hunting,5279240,FarmLife,Coming soon
hunting,5280940,Fangrush,Coming soon
hunting,4801280,Visitant,2027
hunting,3352150,Bushcraft Simulator,To be announced
hunting,2434930,Blue Ridge Hunting,"Oct 20, 2026"
hunting,3805140,Butcher Life Simulator,Coming soon
hunting,3660260,Out Fishing,2027
hunting,4559830,Havelyn,"Sep 18, 2026"
hunting,3109030,CARTEL SIMULATOR,Coming soon
hunting,3701330,Evolve - First Age,Coming soon
hunting,1392080,Dimetrosaur 2,"Sep 2, 2020"
hunting,3902060,Runimals,"Sep 29, 2025"
hunting,2982710,Barely Alive,2026
hunting,4694390,Crazy Bird Hunt,Coming soon
hunting,4451860,Dino Age: Survive the Era's,2026
hunting,3398980,the EXECUnit,To be announced
hunting,4200110,Nekome: Nazi Hunter,Q1 2027
hunting,4047200,Monster Hunting Party,"Dec 12, 2025"
hunting,4220160,BuddySkill,"Jan 5, 2026"
hunting,4379360,Wyvern,To be announced
hunting,4718700,Lang！,Coming soon
hunting,1104030,Vermin Hunter,"Oct 25, 2019"
hunting,2107650,Guardian of the jungle,"Nov 9, 2022"
hunting,3277580,Karaoke Chameleon,"Jul 31, 2026"
hunting,3820950,Sef Saga,"Jul 4, 2025"
hunting,4320520,Treasure Hunt,"Feb 11, 2026"
hunting,1289180,Trail of Nanook,Coming soon
hunting,1281830,Project Canopy,To be announced
hunting,1620300,Fish & Fight,Coming soon
hunting,2294920,Dream Fire,"Aug 31, 2023"
hunting,1938660,Monster In The Dark : Remaster,"Apr 7, 2022"
hunting,2318640,Tales of the Vagabond,To be announced
hunting,2397360,Arctic Unrest,Q1 2027
hunting,2693650,Kill Invaders,"Mar 22, 2024"
hunting,2678660,MagicArchitect_IntoDisaster,"Feb 8, 2024"
hunting,2354630,Project: Spike,Coming soon
hunting,3659900,Blue Paradise: Joyful Survival,To be announced
hunting,3966820,Dead Express,Coming soon
hunting,4157550,Ghost Scout,To be announced
hunting,4865910,She Hunts,2027
hunting,4534310,My Fishing Cottage,Coming soon
hunting,5142800,Human Hunter,Coming soon
hunting,4762680,The Undergrowth,Coming soon
hunting,4244910,Horizon Hunters Gathering,Coming soon
hunting,4744280,Tiny Wilds Simulator,"Jun 29, 2026"
hunting,4136600,The Falconer,"Nov 19, 2025"
hunting,1225710,Escape The Manor,"Jan 28, 2020"
hunting,1484140,MultiMind Challengers,"Feb 25, 2021"
hunting,1710500,Night Hunter,"Sep 8, 2021"
hunting,1601930,ScubaVenture: The Search for Pirate's Treasure,"May 7, 2021"
hunting,2732230,Sherlock Holmes – The Hunt for Moriarty,"Nov 7, 2024"
hunting,4811030,8BIT HUNTER,"Aug 31, 2026"
hunting,4621850,Beast Survivor 3D,2027
hunting,1433960,Fast Food Simulator,"Nov 11, 2020"
hunting,3262810,Mushroom Hunter World,"Oct 6, 2025"
hunting,2466970,Ricky's Furry Duck Hunt,"Jul 13, 2023"
hunting,1193730,Piece Of Mind,"May 25, 2021"
hunting,1601750,Pack of Demons,"Nov 15, 2021"
hunting,2196020,Disquiet,Coming soon
hunting,2203850,"Aw Heck, WAR!","Mar 15, 2023"
hunting,3379220,Poop on RED,"Dec 23, 2024"
hunting,4181300,Die Diver,"Sep 7, 2026"
hunting,5026050,Schit Hunter,To be announced
hunting,5222930,Ant Tribe,Q1 2027
hunting,5241470,City Scramble,Coming soon
hunting,1285050,Noah's Ark,To be announced
hunting,4198550,Minute of Angle,Coming soon
hunting,4909050,Animal,To be announced
hunting,4998290,Sneaky Pig: Druid Hide & Seek,Q4 2026
hunting,4530800,Monster Cuisine,Coming soon
hunting,2378060,Dino Want To Survive,"Apr 19, 2023"
hunting,3188350,Kite Hunter,"Jul 23, 2025"
hunting,1055120,CoronaViruses,"Jan 24, 2021"
hunting,3393480,Seagull Sauté,To be announced
hunting,3948650,Breathbound,"Dec 2, 2025"
hunting,4381330,Disharmony,"Jun 12, 2026"
hunting,4321210,Hunting World,"Apr 16, 2026"
hunting,3942990,Back to Modern World - Fantasy Hero,"Aug 27, 2025"
hunting,3698630,COLDNIGHTS,Q1 2027
hunting,3281490,Farming Through The End,Coming soon
hunting,1121760,Survival Ascension,Coming soon
hunting,1451440,Void Encounter,"Nov 23, 2020"
hunting,1236630,UEDI: Shadow of the Citadel,Coming soon
hunting,1881320,Lewis & Clark Expedition,Coming soon
hunting,3999950,Frozen Echo,Q4 2027
hunting,4318150,The Ming Dynasty: Firewood and Flames,To be announced
hunting,3891370,Survive coldy north,Coming soon
hunting,4978260,SHEEP HAPPENS,Coming soon
hunting,3264980,HELL YEAH simulator,Coming soon
hunting,4561930,Timber Truck: Chaos Coop,Coming soon
hunting,5211690,Ghillie Wars,October 2026
hunting,2617210,Lost Princess: Winterland,"Oct 26, 2023"
hunting,2211790,Space Moonshiner,"Dec 7, 2022"
hunting,1359840,Lockdown Hero,"Jul 20, 2020"
hunting,3438080,Proytz,To be announced
hunting,4456740,FishInc,Q4 2026
hunting,4872770,I See Monsters,Coming soon
hunting,1362550,The Ocean,Coming soon
hunting,5308210,Alaska Survival,Coming soon
hunting,3262870,Bird Simulator 24,"Nov 11, 2024"
hunting,2003320,Merge Beasts - Defense Game,"Jun 1, 2022"
hunting,2639140,Alone,"Oct 31, 2023"
hunting,1385790,Snow Vale,To be announced
hunting,1483770,Primal Man Simulator,To be announced
hunting,3120210,Man Made,"Nov 6, 2024"
hunting,3196270,Fishing Shop Simulator,2026
hunting,1625630,AB AETERNO,To be announced
hunting,1499780,Beat The Moles,"Dec 26, 2020"
hunting,1637550,The Deepening: Eco-Offensive,Coming soon
hunting,1293190,Hunt Planet Bug,"May 20, 2020"
hunting,3200020,Gengu Survival,"Oct 9, 2024"
hunting,2551790,Tribe of the Accord,Coming soon
hunting,3147170,Quiver Quest,"Dec 30, 2025"
hunting,3265510,Nocky el Armadillo,Q4 2026
dogs,2543830,Way of the Hunter 2,"Sep 29, 2026"
dogs,4557380,Batomon Showdown,"Sep 15, 2026"
dogs,243470,Watch_Dogs™,"May 26, 2014"
dogs,4244510,Pratfall,"Apr 20, 2026"
dogs,2001760,Beast of Reincarnation,"Aug 3, 2026"
dogs,209160,Call of Duty®: Ghosts,"Mar 25, 2014"
dogs,1540210,Arizona Sunshine® VR 2,"Dec 7, 2023"
dogs,209650,Call of Duty®: Advanced Warfare - Gold Edition,"Nov 3, 2014"
dogs,42680,Call of Duty®: Modern Warfare® 3 (2011),"Nov 8, 2011"
dogs,4132890,Fright Train,"Sep 15, 2026"
dogs,2658510,Animal Shelter 2,"Jul 23, 2025"
dogs,2375550,Like a Dragon Gaiden: The Man Who Erased His Name,"Nov 8, 2023"
dogs,1424330,Wobbledogs,"Mar 15, 2022"
dogs,1921490,Wild Blue Skies,"Aug 13, 2026"
dogs,2698420,Restore Your Island,"Apr 9, 2026"
dogs,3932790,Garfield - Escape from Monday,"Sep 24, 2026"
dogs,2102040,My Little Puppy,"Nov 6, 2025"
dogs,1092660,Blair Witch,"Aug 30, 2019"
dogs,2665250,Rancher: A new life,"Aug 6, 2026"
dogs,4415740,The Pale Mimic,"Aug 17, 2026"
dogs,2824380,Exotica 2: Pet Shop Simulator,"Jan 21, 2026"
dogs,2017080,Nickelodeon All-Star Brawl 2,"Nov 7, 2023"
dogs,1722840,Everdell,"Jul 28, 2022"
dogs,2078350,Bluey: The Videogame,"Nov 17, 2023"
dogs,1135910,Hunting Simulator 2,"Jul 16, 2020"
dogs,3176720,Royalty Free-For-All,"Aug 11, 2026"
dogs,1239320,Animal Shelter,"Mar 23, 2022"
dogs,1952520,PAW Patrol World,"Sep 29, 2023"
dogs,2648050,Sam & Max: The Devil's Playhouse,"Aug 14, 2024"
dogs,246840,FATE,"Dec 12, 2013"
dogs,2111170,STORY OF SEASONS: A Wonderful Life,"Jun 27, 2023"
dogs,3404470,Maltese's Fluffy Onsen,"May 13, 2025"
dogs,2631250,Slitterhead,"Nov 8, 2024"
dogs,1432850,Farewell North,"Aug 16, 2024"
dogs,3006280,Sheepherds!,"Nov 17, 2025"
dogs,3839300,Dogpile,"Dec 10, 2025"
dogs,3208910,The Good Dog: Chasing Shadows,"May 5, 2026"
dogs,1053710,The Red Lantern,"Dec 8, 2021"
dogs,2419240,Sushi Ben,"Sep 17, 2025"
dogs,1507580,Enigma of Fear,"Nov 28, 2024"
dogs,587620,Okami HD,"Dec 12, 2017"
dogs,1392960,STORY OF SEASONS: Pioneers of Olive Town,"Sep 15, 2021"
dogs,914710,Cat Quest II,"Sep 24, 2019"
dogs,1222370,Necromunda: Hired Gun,"May 31, 2021"
dogs,1440440,Sam & Max Save the World,"Dec 2, 2020"
dogs,260230,Valiant Hearts: The Great War™ / Soldats Inconnus : Mémoires de la Grande Guerre™,"Jun 25, 2014"
dogs,2438180,Doggy Don't Care,"Sep 24, 2026"
dogs,4029740,Puppergeist,"Aug 20, 2026"
dogs,3525790,PAW Patrol™: Dino World,"Jul 31, 2026"
dogs,1747050,Sam & Max: Beyond Time and Space,"Dec 8, 2021"
dogs,4385270,Stay: Your Forever Pet!,"Jul 14, 2026"
dogs,1356670,Sakuna: Of Rice and Ruin,"Nov 10, 2020"
dogs,2172900,Little Friends: Puppy Island,"Jun 27, 2023"
dogs,850320,PHOGS!,"Dec 3, 2020"
dogs,758730,Paw Patrol: On A Roll!,"Oct 23, 2018"
dogs,286240,Dog Sled Saga,"Sep 22, 2016"
dogs,4516880,Unusual Tales: After Bark,"Aug 14, 2026"
dogs,1581480,HUMANITY,"May 15, 2023"
dogs,4613180,Dog in the Machine,"Sep 29, 2026"
dogs,2431100,That Which Gave Chase,"Jun 23, 2023"
dogs,1714040,Super Auto Pets,"Sep 24, 2021"
dogs,2423760,Above the Snow,"Apr 23, 2026"
dogs,1770490,PAW Patrol: Grand Prix,"Sep 30, 2022"
dogs,2321250,A Corgi's Cozy Hike,"Aug 30, 2025"
dogs,3421300,Lyca,"Apr 7, 2025"
dogs,2379160,Signy & Mino: Against All Gods,"Jul 30, 2026"
dogs,1112890,Calico,"Dec 15, 2020"
dogs,1597730,Dogs Organized Neatly,"Nov 1, 2021"
dogs,1028350,Pupperazzi: The Dog Photography Game,"Jan 20, 2022"
dogs,3548000,Cosmobreeder Yiffai,"Apr 24, 2025"
dogs,2512840,DORONKO WANKO,"Mar 26, 2024"
dogs,1246250,An Airport for Aliens Currently Run by Dogs,"May 25, 2021"
dogs,1626620,Koira,"Apr 1, 2025"
dogs,1532510,Purrfect Apawcalypse: Love at Furst Bite,"Feb 16, 2021"
dogs,4161140,Finding Polka,"Aug 11, 2026"
dogs,2072430,Wild Park Manager,"Jun 4, 2023"
dogs,3775050,DOGWALK,"Jul 11, 2025"
dogs,1374990,PAW Patrol Mighty Pups Save Adventure Bay,"Nov 6, 2020"
dogs,971680,Montaro RE,"Nov 23, 2018"
dogs,1329510,Big Farm Story,"Aug 2, 2021"
dogs,1055850,Inspector Waffles,"Mar 23, 2021"
dogs,1472660,No Place Like Home,"Mar 17, 2022"
dogs,1403650,Everdream Valley,"May 30, 2023"
dogs,2705890,Goodboy Galaxy,"Oct 25, 2024"
dogs,5057210,Dog,"Sep 22, 2026"
dogs,1722520,FIND ALL 2: Middle Ages,"Mar 3, 2022"
dogs,1599470,Purrfect Apawcalypse: Patches' Infurno,"May 13, 2021"
dogs,1345860,Grapple Dog,"Feb 10, 2022"
dogs,5119020,Sill Dogs,"Sep 23, 2026"
dogs,2278790,Grapple Dogs: Cosmic Canines,"Sep 12, 2024"
dogs,1822240,Stars In The Trash,"Dec 9, 2024"
dogs,4766080,Stay: Ember's Desktop Adventures,"Jul 14, 2026"
dogs,3194380,SIGNAL: Uncharted Lands,"Mar 3, 2025"
dogs,762610,Russian Subway Dogs,"Aug 2, 2018"
dogs,40720,Samorost 2,"Dec 10, 2009"
dogs,1559430,Purrfect Apawcalypse: Purrgatory Furever,"Apr 1, 2021"
dogs,946720,To The Rescue!,"Nov 2, 2021"
dogs,1512710,TunTown,"Aug 13, 2024"
dogs,4632530,Dog of Wisdom,"Jul 28, 2026"
dogs,2848800,Pup Champs,"May 19, 2025"
dogs,573170,Fidel Dungeon Rescue,"Aug 1, 2017"
dogs,1036740,METAL DOGS,"Mar 23, 2023"
dogs,1978210,The Grinch: Christmas Adventures,"Oct 13, 2023"
dogs,3548520,DOG WITCH,"Nov 5, 2025"
dogs,438660,Jerry Rice & Nitus' Dog Football,"Feb 11, 2016"
dogs,1714250,Pets Hotel,"Apr 17, 2023"
dogs,1637230,METAL MAX Xeno Reborn,"Jun 10, 2022"
dogs,2248890,The Beekeeper's Picnic - A Sherlockian Adventure,"Mar 26, 2025"
dogs,1752060,Wild Dogs,"Apr 20, 2023"
dogs,1715160,Howloween Hero,"Oct 25, 2021"
dogs,2564860,Castaway,"Aug 16, 2024"
dogs,4169210,101 Dogs Hidden in Brazil,"Dec 9, 2025"
dogs,4235890,101 Dogs Hidden in Los Angeles,"Jan 22, 2026"
dogs,4169200,101 Dogs Hidden in Mexico,"Dec 9, 2025"
dogs,1054350,Lost and Hound,"Aug 16, 2022"
dogs,4017170,101 Dogs Hidden in Shanghai,"Oct 14, 2025"
dogs,495890,Montaro,"Jul 25, 2016"
dogs,1789090,Hello Goodboy,"May 25, 2023"
dogs,1034850,Best Friend Forever,"Aug 27, 2020"
dogs,816250,JQ: dogs & cats,"Mar 20, 2018"
dogs,4294370,Shroud of the Woods,"Aug 5, 2026"
dogs,690420,Quickscoper Doge: The Dank Illuminati Memes,"Jun 6, 2020"
dogs,3167540,Not Monday Cafe,"Jun 22, 2025"
dogs,3291010,PAW Patrol™ Rescue Wheels™: Championship,"Oct 31, 2025"
dogs,1642220,FIND ALL,"Jun 3, 2021"
dogs,1414850,Nickelodeon All-Star Brawl,"Oct 4, 2021"
dogs,1566550,A Walk With My Dog,"Oct 28, 2022"
dogs,2417490,HOLEHOLE,"Jun 1, 2023"
dogs,2868790,A DOG'S DAYS,"Dec 17, 2024"
dogs,4211070,Puppy Link - Tile Connect,"Dec 11, 2025"
dogs,459840,Monster Bash HD,"Oct 29, 2021"
dogs,1074620,Adore,"Aug 2, 2023"
dogs,3945950,101 Dogs Hidden in Amsterdam,"Sep 20, 2025"
dogs,828580,NEKO-NIN exHeart 2,"Apr 27, 2018"
dogs,4092610,101 Dogs Hidden in Ireland,"Nov 7, 2025"
dogs,4235900,101 Dogs Hidden in Australia,"Jan 16, 2026"
dogs,4422750,101 Dogs Hidden in Miami,"Mar 25, 2026"
dogs,2153880,A Week,"Jan 26, 2024"
dogs,4342060,101 Dogs Hidden in Tokyo,"Feb 11, 2026"
dogs,4422740,101 Dogs Hidden in Singapore,"Mar 20, 2026"
dogs,3891120,101 Dogs Hidden in Dubai,"Aug 18, 2025"
dogs,2723460,Dogs Huddled Together 挤在一起的狗狗们,"Jan 18, 2024"
dogs,1309130,Lucky and a life worth living - a jigsaw puzzle tale,"May 20, 2020"
dogs,1183500,Puppy Cross,"Feb 11, 2020"
dogs,2922740,DogDogDog,"Apr 19, 2024"
dogs,4481560,CORGI & WOOLLY - Little Horizon -,"Jul 9, 2026"
dogs,3421940,Baspetball,"May 28, 2026"
dogs,2327160,I commissioned some dogs,"Mar 30, 2023"
dogs,5005100,Corgi Corgi Cor!,"Sep 7, 2026"
dogs,4092600,101 Dogs Hidden in India,"Nov 7, 2025"
dogs,4017180,101 Dogs Hidden in Berlin,"Oct 22, 2025"
dogs,2334280,Stick to the Plan,"Sep 12, 2023"
dogs,2401680,Pet Shop Simulator,"Jun 21, 2024"
dogs,3375220,Dogs Contrast,"Mar 5, 2025"
dogs,2121450,Bangkok Story: A Stray Dog,"Apr 27, 2026"
dogs,1787760,Pets at Work,"Feb 28, 2022"
dogs,3569950,Everdream Village,"Dec 12, 2025"
dogs,4180860,Nacho Chihuahua: The Movie: The Game,"Jun 16, 2026"
dogs,1004330,My Exercise,"Aug 26, 2020"
dogs,414920,Corgi Warlock,"Dec 3, 2015"
dogs,2642500,Finch & Archie,"Jan 16, 2026"
dogs,2905890,Hidden Corgi Mansion,"Jun 19, 2024"
dogs,1508430,Kemono Mahjong,"Jan 11, 2021"
dogs,340340,Domestic Dog,"Apr 10, 2015"
dogs,1499300,dogpet,"Dec 28, 2020"
dogs,2327200,I commissioned some dogs 2,"May 5, 2023"
dogs,325210,Arctico,"Feb 15, 2022"
dogs,444770,Mimpi Dreams,"Mar 22, 2016"
dogs,3363810,Hidden Dogs,"Sep 22, 2025"
dogs,1931990,Sunrise's Order,"May 22, 2024"
dogs,1595510,Smasher and the Will o' the Thiccs,"Jul 12, 2022"
dogs,3252600,100 Dogs in India,"Mar 9, 2025"
dogs,3352020,Cloudy & Stormy: Pawtastic Adventure!,"Apr 5, 2025"
dogs,1757470,Slide Stories: Bucky's Quest,"Oct 14, 2021"
dogs,3876680,101 Dogs Hidden,"Aug 5, 2025"
dogs,3956740,Pomelo & Friends: Sevilla,"Jan 14, 2026"
dogs,3666470,BackSlap,"Jun 17, 2025"
dogs,2821850,Baisu,"May 30, 2024"
dogs,1521810,Salamander County Public Television,"Jul 29, 2022"
dogs,655380,Dig Dog,"Feb 8, 2018"
dogs,3670740,Burgle Supply Company,"May 12, 2026"
dogs,2883280,Dog Brew,"Apr 30, 2024"
dogs,1617450,Panqueca & Paçoca: A Friendship Jigsaw,"Jun 17, 2021"
dogs,3776680,Sunfluffs,"Jul 14, 2025"
dogs,4038250,Run Shiba Run!,"Mar 20, 2026"
dogs,1814710,Cute Dogs,"Dec 15, 2021"
dogs,1839070,BARK,"Sep 16, 2022"
dogs,390520,PewDiePie: Legend of the Brofist,"Dec 10, 2015"
dogs,1039280,ProtoCorgi,"Jun 15, 2023"
dogs,2809830,Hidden Animals Find : Detective Neko,"Mar 2, 2024"
dogs,2148930,Pets Hotel: Prologue,"Jan 25, 2023"
dogs,1808640,Astronimo,"Dec 15, 2023"
dogs,1576350,Blair Witch VR,"Aug 12, 2021"
dogs,1668990,Our Mountain,"Sep 27, 2022"
dogs,2436410,Asfalia: Panic at the Mansion,"Jan 14, 2025"
dogs,1434310,PAW Patrol The Movie: Adventure City Calls,"Aug 13, 2021"
dogs,3422460,Transpawt Train,"May 24, 2026"
dogs,708950,Steam Tactics,"Sep 12, 2017"
dogs,3923820,Chihuahua Controller,"Apr 2, 2026"
dogs,2923210,Oopz-Oofs,"Sep 2, 2024"
dogs,2631450,Bean Beasts,"Aug 21, 2025"
dogs,778340,Animals Memory: Dogs,"Jan 16, 2018"
dogs,1667360,SANYA,"Mar 1, 2024"
dogs,1678860,TV Kid,"Oct 1, 2021"
dogs,1581740,Kosmo Laika : Guide to Space,"May 19, 2021"
dogs,1258310,Mushroom Cats 2,"Apr 24, 2020"
dogs,1507410,Coloring Book for Kids,"Mar 8, 2021"
dogs,1921510,Pet Vet 3D Wild Animal Hospital,"Apr 21, 2022"
dogs,316600,QP Shooting - Dangerous!!,"Nov 14, 2014"
dogs,1636700,Wirewalk()↳,"Sep 23, 2021"
dogs,2670890,Really Dog,"Dec 31, 2023"
dogs,3229980,This Is Fine: Maximum Cope,"May 1, 2026"
dogs,2740110,Pets & Stuff,"May 23, 2025"
dogs,1452500,The Good Life,"Oct 15, 2021"
dogs,1592780,ELIF,"Jan 10, 2022"
dogs,1446920,SneakyDoggie,"Nov 10, 2025"
dogs,2073640,The Director's Disorder: Pilot Episode,"Jan 19, 2023"
dogs,411680,Loot Hound™,"Nov 17, 2015"
dogs,1371940,Milo's Quest,"Jul 29, 2020"
dogs,2482670,My Lovely Dog Adventure,"Apr 15, 2024"
dogs,3049550,Pug and Seek,"Aug 13, 2024"
dogs,3108140,Cat & Capy,"Apr 11, 2025"
dogs,501840,Don't Disturb,"Sep 1, 2016"
dogs,1296340,Undercat,"Nov 10, 2023"
dogs,1712420,Thats Life of Ralph,"Sep 13, 2021"
dogs,1676570,Kosmo Laika: Space and Beyond,"Sep 23, 2021"
dogs,276220,My Best Friends - Cats & Dogs,"Mar 27, 2014"
dogs,2624660,Superfetch Dog,"Nov 9, 2023"
dogs,255163,Call of Duty®: Ghosts - Digital Hardened Edition,"Nov 4, 2013"
dogs,3694270,Chasing Her Light,"Dec 15, 2025"
dogs,1791590,Sunset Hills,"Aug 20, 2024"
dogs,962970,My 1/6 Lover,"Dec 12, 2018"
dogs,3817640,King Charles: Rise of the Alpha,"Mar 2, 2026"
dogs,1940870,The Creator,"Oct 28, 2025"
dogs,3077520,Poodle Clicker,"Jul 25, 2024"
dogs,1768470,The Heroes Around Me,"Jun 14, 2024"
dogs,2435920,Heaven's Paws,"Aug 5, 2024"
dogs,3398760,Smiling Misery,"Jan 20, 2025"
dogs,3758460,Ultra-Ultra Doggy Trainer!!,"Jun 19, 2025"
dogs,2532780,Anaphora,"Nov 21, 2023"
dogs,38460,MDK 2,"Sep 17, 2009"
dogs,671560,Iggy's Zombie A-Pug-Alypse,"Sep 22, 2017"
dogs,1348700,Spice&Wolf VR2,"Dec 9, 2020"
dogs,2132540,Mr. Run and Jump,"Jul 25, 2023"
dogs,2013730,Gourdlets,"Aug 15, 2024"
dogs,3861770,The Sickle Family,"Jan 10, 2026"
dogs,2126980,Kleebuu Craves Fruit Salad,"Feb 21, 2023"
dogs,1661260,Animal Shelter: Prologue,"Nov 3, 2021"
dogs,3095890,Mechanines Tower Defense,"Oct 4, 2024"
dogs,1975120,The Lost Dachshund,"May 17, 2022"
dogs,1346390,ASTRO AQUA KITTY,"Jun 4, 2021"
dogs,1563490,Doggone Hungry,"Aug 2, 2021"
dogs,1406200,In My Shadow,"Apr 8, 2021"
dogs,2869960,Animal Shake,"Apr 23, 2024"
dogs,1278880,DeLight: The Journey Home,"Nov 19, 2020"
dogs,1526370,Bilkins' Folly,"Oct 2, 2023"
dogs,895760,Ollie-Oop,"Dec 5, 2024"
dogs,1117880,Biolab Wars,"Aug 23, 2019"
dogs,2867220,World's Goodest Pup,"Mar 18, 2026"
dogs,1554460,Bibou Quest,"Mar 17, 2021"
dogs,1848250,Dog Adventure,"Dec 30, 2021"
dogs,4575390,Bow-wow Battle,"May 1, 2026"
dogs,2754340,Lagoon Lounge 2 : The Secret Roommate,"Jan 26, 2024"
dogs,1234830,Warmth,"Feb 27, 2020"
dogs,1219240,BioGun,"Jul 31, 2024"
dogs,1383720,Cyber-doge 2077: Meme runner,"Sep 1, 2020"
dogs,1748610,Evil God Korone,"Nov 7, 2021"
dogs,2708320,Tidy Cauldron,"Jul 31, 2024"
dogs,916030,A Summer with the Shiba Inu,"Aug 23, 2019"
dogs,3107590,スペルトナエル,"Sep 13, 2024"
dogs,2376190,Water Buddy,"Apr 29, 2024"
dogs,3174810,ニコニコさん | Niconico-san,"Apr 24, 2025"
dogs,1586980,Wilma's Dreams,"Jul 29, 2021"
dogs,1408480,Sneaky Kitten,"Dec 24, 2021"
dogs,1957210,Dogs Cyberpuzzle,"Jun 17, 2022"
dogs,3127600,Boned,"Nov 15, 2024"
dogs,2610970,PRIN-C1,"Mar 23, 2024"
dogs,4901420,Autumn's end (Part 1),"Sep 3, 2026"
dogs,3782120,NEODITRONIX,"Nov 11, 2025"
dogs,2220170,2D Dawg 2,"Apr 7, 2023"
dogs,1839190,House Flipper Pets VR,"Aug 25, 2023"
dogs,276340,My Riding Stables: Life with Horses,"Mar 27, 2014"
dogs,1632100,Courier Tale,"Sep 10, 2024"
dogs,2288660,Furry Reich 🐺,"Apr 19, 2023"
dogs,1626040,Dog_Fox_Bunny,"May 28, 2021"
dogs,2785330,6-Sided Stories,"Nov 20, 2024"
dogs,3720760,Dawg Game,"Dec 19, 2025"
dogs,665590,DOG GONE GOLFING,"Aug 25, 2017"
dogs,3023800,Detective AnnIntae: Missing Basketball Court,"Jun 21, 2024"
dogs,1906130,Yum Collector,"Mar 2, 2022"
dogs,2819600,Puppy Park,"Mar 9, 2026"
dogs,3065120,Max's Adventure,"Jan 22, 2026"
dogs,1833560,Witchhazel Woods,"Aug 12, 2022"
dogs,3194510,Shop Simulator: Pet Shop,"Oct 25, 2024"
dogs,2704860,Run Tekila Run!,"Jan 12, 2024"
dogs,4078150,Nekotype Keyboard Cat Simulator,"Dec 11, 2025"
dogs,2233920,Woolly Boy and the Circus,"May 29, 2025"
dogs,1694270,DOG'S DONUTS,"Sep 15, 2021"
dogs,1635920,A Dog Named Mato,"Jul 22, 2021"
dogs,2344060,Dimensional Animals,"Jun 5, 2024"
dogs,1463470,Ruff Night At The Gallery,"Dec 1, 2020"
dogs,2401370,Dogs Club,"Feb 19, 2024"
dogs,1431290,Sam & Max: This Time It's Virtual!,"Sep 10, 2021"
dogs,4286930,Colored Pencil Bakery,"Apr 2, 2026"
dogs,2644040,Ruff City,"Dec 20, 2023"
dogs,2821450,Sands of Hope,"Aug 4, 2025"
dogs,2534300,ZomWick,"Sep 28, 2023"
dogs,2264470,Diesel The Pug Warrior,"Jan 30, 2023"
dogs,2071770,Sokorun: One Box,"Aug 5, 2022"
dogs,1198210,Dogworld,"Mar 18, 2021"
dogs,2653120,Donna: The Canine Quest,"Nov 10, 2025"
dogs,3112730,Dog Man: Mission Impawsible,"Dec 6, 2024"
dogs,701040,CometStriker DX,"Jun 8, 2018"
dogs,1973990,Never Ending Beyond,"Apr 13, 2026"
dogs,1774100,Pet idle,"Dec 9, 2021"
dogs,3209920,Bathhouse Creatures,"Jun 2, 2025"
dogs,859640,Along Together,"May 29, 2018"
dogs,2533180,MELLOWOLLEM,"Aug 23, 2023"
dogs,2290490,Helpless,"Mar 10, 2023"
dogs,4820140,TAKE CARE OF THE DOG,"Jul 9, 2026"
dogs,624890,Adventure Craft,"Jul 5, 2017"
dogs,1162430,Salad Fields,"Jul 10, 2020"
dogs,2908830,Toni Island Adventure,"Jul 24, 2025"
dogs,3294750,MUBOSAMA,"Nov 12, 2024"
dogs,1613670,Anglerfish,"Nov 10, 2022"
dogs,3588310,Coloring Cats: Sports With Friends,"Apr 28, 2025"
dogs,1840480,Project Noah,"Oct 26, 2022"
dogs,928140,Puzzles for smart: Dogs,"Sep 6, 2018"
dogs,3024840,Hidden Wings and Paws,"Nov 7, 2024"
dogs,2851420,Maple & Rufus: The Water Robbery,"Jun 6, 2024"
dogs,786510,Oracle of Forgotten Testament,"Mar 2, 2018"
dogs,2763000,Rescue: The Beagles,"Mar 14, 2024"
dogs,4210110,Strange Zoo,"Aug 21, 2026"
dogs,2420540,Peraglees - The Ooloufian Resistance,"Apr 28, 2025"
dogs,2841720,Deep Beyond,"May 15, 2024"
dogs,1103550,Princess Castle Quest,"Mar 24, 2021"
dogs,1632030,Soran,"Jun 14, 2021"
dogs,1800570,Pet Vet 3D Animal Hospital,"Apr 7, 2022"
dogs,1946330,F.I.D.O.,"Apr 23, 2022"
dogs,1523010,Puppy Pipy,"Feb 17, 2021"
dogs,4189000,Hop Hop! Donut,"May 27, 2026"
dogs,1596750,Buddy and Lucky Solitaire,"Jun 23, 2021"
dogs,313700,Burger Patrol,"Feb 15, 2022"
dogs,3156370,Eyes That Hypnotise,"Mar 14, 2025"
dogs,1424780,My Little Dog Adventure,"Nov 6, 2020"
dogs,3846780,The Virtual Buddy,"Dec 3, 2025"
dogs,1415570,Tell Me Your Story,"Apr 26, 2024"
dogs,1857650,DEEP FOG,"Apr 29, 2022"
dogs,3464230,The Meowfficer,"Mar 30, 2025"
dogs,1394680,Soul Catcher,"Oct 2, 2020"
dogs,1266900,Operation DogFight,"Oct 13, 2021"
dogs,2927380,Paw Pirates,"Jan 16, 2025"
dogs,1679320,100 hidden cats 2,"Jul 17, 2021"
dogs,1153520,6Souls,"Dec 3, 2021"
dogs,1396630,Hollow Mind: The Lost Puppy,"Dec 7, 2020"
dogs,1035530,Disobedient Sheep,"Apr 21, 2020"
dogs,2657600,Rotten Flesh - Cosmic Horror Survival Game,"Jan 22, 2024"
dogs,3222860,60 BPM,"Jan 27, 2025"
dogs,1219700,Catlandia: Crisis at Fort Pawprint,"Feb 26, 2020"
dogs,304170,Kick-Ass 2,"Aug 15, 2014"
dogs,4187610,Pet Troll,"May 4, 2026"
dogs,1940090,Murder Is Game Over,"Oct 25, 2022"
dogs,1416760,BARK,"Jul 29, 2021"
dogs,1990540,Tongue of Dog,"Jun 1, 2025"
dogs,3067050,Pug'llector,"Jul 30, 2024"
dogs,3875660,Tiny Paws,"Jan 7, 2026"
dogs,3126470,Ice World,"Nov 16, 2024"
dogs,2478290,Pepper Blast,"Dec 3, 2024"
dogs,3630870,Fart King,"Apr 16, 2025"
dogs,2904930,The PARADOGX Incident,"Mar 10, 2026"
dogs,2876920,Baimason's Thing Finder Puzzle,"Jul 12, 2024"
dogs,1570790,2D Platformer GAME (Toy Factory),"Apr 1, 2021"
dogs,3731580,Space Station: Beyond,"Jan 9, 2026"
dogs,1361240,Teenage Blob: Paperperson - The First Single,"Sep 17, 2020"
dogs,2202220,Animal Trainer Simulator: Prologue,"May 17, 2024"
dogs,1489830,Bouboum,"Dec 17, 2020"
dogs,2142170,Burg Wimmel,"Mar 5, 2023"
dogs,1216300,My Diggy Dog 2,"Aug 11, 2020"
dogs,2927290,The Adventures of Lily & Leo,"May 2, 2024"
dogs,976920,Dance of Death: Du Lac & Fey,"Apr 5, 2019"
dogs,1335360,Chef Chen,"Jan 24, 2024"
dogs,2512860,Fight! Olyn Island,"Aug 25, 2023"
dogs,2410820,Too Many Sheep,"Jul 25, 2023"
dogs,1789620,Brimstone Manor,"Feb 10, 2022"
dogs,2803140,The Final Farewell,"Apr 22, 2024"
dogs,3242890,101 Cute Playland Dogs: Find & Paint,"Nov 5, 2024"
dogs,1219020,Kili's treasure,"Jan 20, 2020"
dogs,746510,Duck Season PC,"Jun 17, 2019"
dogs,2254600,Let's Pet Pets,"Apr 1, 2024"
dogs,944430,The Last Friend,"Sep 30, 2021"
dogs,28000,Kane & Lynch 2: Dog Days,"Aug 17, 2010"
dogs,1489470,Do You See the Waving Cape,"Jun 2, 2022"
dogs,583890,Balthazar's Dream,"May 30, 2017"
dogs,1027130,NEKO-NIN exHeart 2 Love+PLUS,"Apr 26, 2019"
dogs,2937810,Animal Bomb Chess,"May 12, 2024"
dogs,3668090,Sniffin for Bones,"Dec 16, 2025"
dogs,2822780,Spring Dogs : Ultimate Multiplayer Battle Royale,"Nov 5, 2024"
dogs,1750410,Bridge of Dawn,"Sep 30, 2021"
dogs,4059650,Purrfect  Stall,"Oct 14, 2025"
dogs,3631040,Wiz-Herd,"Sep 8, 2026"
dogs,420760,MechaLeague,"May 30, 2024"
dogs,3847070,Woofy Run,"Feb 16, 2026"
dogs,932350,Intelligence: Dogs,"Sep 14, 2018"
dogs,2009340,Defend The Bits TD,"Jun 15, 2022"
dogs,1766200,Apocalich,"Oct 7, 2021"
dogs,315260,Space Hack,"Aug 5, 2014"
dogs,332580,Mimpi,"Jan 20, 2015"
dogs,1212040,Paws & Effect: My Dogs Are Human!,"Feb 28, 2020"
dogs,4120000,"Thanks, She's A Rescue","Nov 18, 2025"
dogs,2882280,I AM DOG,"Nov 19, 2024"
dogs,3088990,Pets,"Aug 1, 2024"
dogs,1385590,Spark The Battle Dog,"Nov 23, 2020"
dogs,1810410,DELUGE 2003,"Nov 30, 2021"
dogs,4885010,Daymark,"Aug 20, 2026"
dogs,1834310,100 Hidden Animalnaults - Felicat & Laika,"Dec 20, 2021"
dogs,3239370,たんぼ,"Jan 9, 2025"
dogs,3076520,Dog,"Jul 21, 2024"
dogs,3572060,Raining Cats and Dogs,"Jun 26, 2026"
dogs,4320230,The Peak of Life,"Apr 14, 2026"
dogs,4196170,The Light that Binds Us,"Jun 23, 2026"
dogs,4080500,Desktop Pomeranian Fantasy,"Dec 11, 2025"
dogs,2485060,W.O.L.F,"Jul 18, 2023"
dogs,1194750,"Neko Ghost, Jump!","Jan 11, 2022"
dogs,4241300,Scrub Dudes,"Mar 14, 2026"
dogs,2209390,Doggy Up!,"Dec 7, 2024"
dogs,1086840,Operation Sniff,"Jun 13, 2020"
dogs,1858530,Kitty Ball,"Apr 19, 2022"
dogs,1558970,Hair of the Dog,"Mar 24, 2021"
dogs,3356310,sheeeroom,"Dec 7, 2024"
dogs,1781380,Jumphobia: Homeward Bound,"Apr 6, 2022"
dogs,2063110,Elemates,"Jul 8, 2022"
dogs,1241230,Hack or Die!,"Sep 23, 2021"
dogs,2727850,Looped,"Jun 18, 2024"
dogs,1248120,Higher Critters - 1v4,"Jun 24, 2021"
dogs,662000,Startron,"Sep 21, 2025"
dogs,1835870,The Black Cat Magician,"Jan 21, 2022"
dogs,2872800,Wacky Burgers,"Apr 12, 2024"
dogs,2307080,Pasha Planet: Reborn,"Mar 3, 2023"
dogs,2104520,Roll me Home,"Oct 11, 2023"
dogs,2291880,Murder Is Game Over: Streaming Death,"Jul 18, 2023"
dogs,3458380,The Week With Grugles,"May 23, 2025"
dogs,1684710,CAT Interstellar: Recast,"Feb 4, 2022"
dogs,1962100,My Life: Pet Vet,"Dec 14, 2022"
dogs,311840,Wildlife Park,"Apr 1, 2015"
dogs,1183530,Go Fight Fantastic,"Mar 26, 2024"
dogs,2587840,Pancake Patrol,"Oct 16, 2024"
dogs,2741360,Valiant Hearts: Coming Home,"May 24, 2024"
dogs,1431240,Coloring Book for Adults,"Nov 5, 2020"
dogs,1575060,Ahri and Bear,"Apr 29, 2021"
dogs,2377230,Claws & Chaos,"Oct 22, 2024"
dogs,800690,The Unlikely Legend of Rusty Pup,"Oct 19, 2018"
dogs,578690,Dog Duty,"Sep 16, 2020"
dogs,1221830,Farmer Pug Dash,"Jan 31, 2020"
dogs,4333780,Whippet At Large,"Feb 24, 2026"
dogs,4281370,A Thousand Bees,"Apr 8, 2026"
dogs,3350190,Anxiety Puppy,"Dec 9, 2025"
dogs,2880070,SEARCH ALL - BALLS,"Mar 25, 2024"
dogs,1543790,The Last Friend: First Bite,"Sep 17, 2021"
dogs,1957880,Manglepaw,"May 10, 2022"
dogs,2440210,Lost Beacon,"Feb 1, 2024"
dogs,818960,TAYAL,"Oct 9, 2018"
dogs,2685280,Where Kiwis 几维鸟在哪里,"Jul 3, 2024"
dogs,1843860,The Redress of Mira,"Jul 7, 2022"
dogs,1142530,Dog Clicker,"Mar 14, 2022"
dogs,1256040,Hyper Treasure - The Legend of Macaron,"Apr 17, 2020"
dogs,1627310,Ralph and the Blue Ball,"Oct 11, 2022"
dogs,2217440,Pair Of Stamps,"Nov 25, 2022"
dogs,1157040,Arkan: The dog adventurer,"Oct 3, 2019"
dogs,1747190,Lighthaze World,"Sep 24, 2025"
dogs,3557690,Furry Company,"Jul 14, 2025"
dogs,3779190,The Puppy,"Jun 17, 2025"
dogs,3139480,Crazy Battle Pets,"Sep 17, 2024"
dogs,2987320,Animal Adventure,"Mar 16, 2025"
dogs,2988130,Croquettes Gang,"Jun 11, 2024"
dogs,1836850,The Secret Life of Dorian Pink,"Mar 27, 2023"
dogs,3836520,Digging Dogs,"Jul 10, 2025"
dogs,2641910,Raven Tear: Season 0,"Jan 25, 2024"
dogs,2784660,Snow Cone Serenade,"Feb 29, 2024"
dogs,2887780,Animal Shelter 2: Prologue,"Sep 13, 2024"
dogs,2164610,SEARCH ALL - MICE,"Nov 8, 2022"
dogs,1673550,Barking Puzzle,"Jul 20, 2021"
dogs,3059300,DOG,"Jul 9, 2024"
dogs,1225840,BeatBeat,"Sep 12, 2023"
dogs,1428610,Animal Rescuer: Prologue,"Oct 7, 2020"
dogs,2793270,Tchunk,"Jan 1, 2025"
dogs,2846740,SEARCH ALL - DOGS,"Mar 5, 2024"
dogs,3820960,The Population Must Grow,"Jul 4, 2025"
dogs,4067890,Tulip Season,"Jul 24, 2026"
dogs,2093970,犬神ディフェンダーズ / Soul Dog TD,"Nov 29, 2023"
dogs,1365400,My Universe - Pet Clinic Cats & Dogs,"Dec 3, 2020"
dogs,1407080,Fisti-Fluffs,"Sep 23, 2021"
dogs,2732790,Blood On The Thames,"Oct 31, 2024"
dogs,290040,Retro Game Crunch,"May 19, 2014"
dogs,1948390,Piero's Pilgrimage,"Jul 21, 2023"
dogs,3847670,Kinap,"Apr 6, 2026"
dogs,3444220,NiuMa,"Aug 13, 2025"
dogs,3816180,Fail Fail Succeed,"May 12, 2026"
dogs,2082990,The One Penny Adventure,"Aug 9, 2022"
dogs,1456220,Don't Stare,"Sep 4, 2024"
dogs,3267370,My friend Mango,"Dec 12, 2024"
dogs,3189110,Short Memories,"Oct 21, 2024"
dogs,4514640,BassBlock,"Jul 21, 2026"
dogs,3683690,Bonki Bonk,"May 27, 2025"
dogs,2766290,Animalistic Worlds,"Jan 22, 2024"
dogs,1233200,Wanko of Marriage ~Welcome to The Dog's Tail!~,"Oct 20, 2020"
dogs,767420,Wauies - The Pet Shop Game,"Jan 10, 2018"
dogs,260380,Ninja Cats vs Samurai Dogs,"Feb 21, 2014"
dogs,3210730,101 Cute Dogs: Find & Paint,"Nov 5, 2024"
dogs,586460,Greyhound Manager 2 Rebooted,"Feb 9, 2017"
dogs,2164930,Doll Explorer,"Aug 10, 2023"
dogs,1367780,Baby Coyote,"Sep 25, 2020"
dogs,3309510,Coloring Book for Adults 2 - Family Edition,"Nov 25, 2024"
dogs,651340,Shephy,"Aug 3, 2017"
dogs,2954300,SEARCH ALL - VEGGIES,"May 7, 2024"
dogs,41660,Tommy Tronic,"Oct 28, 2010"
dogs,466840,Super Space Pug,"Jun 4, 2016"
dogs,1428780,Animal Rescuer,"Dec 22, 2020"
dogs,1207480,Pupper park,"Jan 17, 2020"
dogs,2513230,Pawggle,"Apr 1, 2024"
dogs,3275890,Battle Bloodlines,"Dec 12, 2024"
dogs,1877330,NEXT DOOR - An Eternal World,"Feb 2, 2022"
dogs,752170,Save Your Nuts,"Apr 16, 2020"
dogs,3569430,Catgirl,"May 23, 2025"
dogs,1141270,Who Stole My Beard?,"Aug 2, 2021"
dogs,3159050,The Viewer's Game,"Sep 6, 2024"
dogs,2001110,Roguematch : The Extraplanar Invasion,"Jul 18, 2025"
dogs,776660,Smooth Operators 2,"Sep 22, 2022"
dogs,1579300,Birb Café,"May 12, 2022"
dogs,3945940,101 Dogs Hidden in Las Vegas,"Sep 5, 2025"
dogs,4549520,Cronus Monument,"Apr 14, 2026"
dogs,2119580,Golden Record Retriever,"Mar 22, 2024"
dogs,4011870,Shadow's Grove,"Oct 17, 2025"
dogs,1033960,Wet Dog Corp,"May 4, 2020"
dogs,1986840,POPGOES Arcade,"Jul 1, 2022"
dogs,1557060,Wonhon: Prologue,"Feb 28, 2021"
dogs,2778420,Pet Shop Simulator: Prologue,"Apr 16, 2024"
dogs,1740230,Furquest,"Jul 24, 2023"
dogs,4106520,SEARCH ALL - BONES,"Nov 1, 2025"
dogs,3525850,How Much Items - Animals,"Feb 28, 2025"
dogs,1493810,Sillyfun Valley,"Dec 31, 2020"
dogs,2356530,Landelver,"Jan 6, 2024"
dogs,2748050,Roofcats Band - Suika Style,"Feb 23, 2024"
dogs,1856020,Gav-Gav Odyssey,"Jan 25, 2022"
dogs,3738620,My Pet Flesh Monster,"Jul 1, 2025"
dogs,3854600,Virago World,"Nov 18, 2025"
dogs,2025780,Panda legend,"Sep 9, 2022"
dogs,2334780,CANINE,"May 10, 2023"
dogs,3458850,Puppycraft: Maze,"Feb 18, 2025"
dogs,2593970,Blocky Farm,"Aug 30, 2024"
dogs,2520490,Mirror Throne: Auto Battler,"Aug 12, 2025"
dogs,1148600,Fluffy Arena,"May 22, 2026"
dogs,2333060,SEARCH ALL - FRUITS,"Mar 16, 2023"
dogs,1243260,Mossen Seikkailut,"May 24, 2020"
dogs,513780,Turbo Pug DX,"Sep 26, 2016"
dogs,1779710,SEARCH ALL - ANIMALS,"Oct 19, 2021"
dogs,1773890,100 hidden dogs,"Oct 14, 2021"
dogs,3195350,Doggos in Dungeon,"May 6, 2025"
dogs,4300000,Donna Survivors,"Feb 14, 2026"
dogs,3586060,Desk Paws,"Jun 17, 2025"
dogs,970900,1001 Jigsaw. Home Sweet Home,"Dec 10, 2018"
dogs,418070,Turbo Pug,"Nov 9, 2015"
dogs,3077200,monoch room,"Aug 15, 2024"
dogs,313740,Sakura Spirit,"Jul 9, 2014"
dogs,2325190,Cat Jigsaw Puzzle Games,"Mar 6, 2023"
dogs,2616170,Nebula Flow,"May 13, 2025"
dogs,219700,Dogs of War Online,"Feb 4, 2014"
dogs,2199860,Animal Trainer Simulator,"Oct 7, 2024"
dogs,270170,Depression Quest,"Aug 11, 2014"
dogs,2960280,My Life: Zoo Vet,"Mar 5, 2025"
dogs,2637870,My Life: Farm Vet,"Mar 27, 2024"
dogs,1775080,Animal Simulator,"Mar 27, 2025"
dogs,2408920,Sons Of The Dream Forest,"May 21, 2023"
dogs,4949810,101 Dogs Hidden in Paris,"Aug 1, 2026"
dogs,4829180,101 Dogs Hidden in New York,"Jul 5, 2026"
dogs,4949820,101 Dogs Hidden in Orlando,"Aug 5, 2026"
dogs,5263590,101 Dogs Hidden in Shenzhen,"Oct 2, 2026"
dogs,4725970,101 Dogs Hidden in London,"Jun 15, 2026"
dogs,4523080,101 Dogs Hidden in Bangkok,"Apr 23, 2026"
dogs,2802410,Doggo,"Feb 15, 2024"
dogs,4725980,101 Dogs Hidden in Milan,"Jun 11, 2026"
dogs,4617700,101 Dogs Hidden in Istanbul,"May 13, 2026"
dogs,4829160,101 Dogs Hidden in Vienna,"Jul 1, 2026"
dogs,4342070,101 Dogs Hidden in Madrid,"Feb 16, 2026"
dogs,1394140,You Can Pet The Dog VR,"Aug 28, 2020"
dogs,4523070,101 Dogs Hidden in Rome,"Apr 22, 2026"
dogs,4617690,101 Dogs Hidden in New Delhi,"May 7, 2026"
dogs,1601890,Rescue Rover Collection,"May 7, 2021"
dogs,2210500,VetVR Veterinary Simulator,"Mar 6, 2023"
dogs,3499940,I commissioned some dogs 5,"Feb 24, 2025"
dogs,3835530,Fenrir Banquet,"Jul 30, 2025"
dogs,2423100,Terrierble Logic,"Jul 14, 2025"
dogs,4535320,Rotfang: The House,"Sep 11, 2026"
dogs,5151800,Cyberpunk Cats & Dogs,"Sep 24, 2026"
dogs,3035440,Cute Dogs Slide,"Jun 21, 2024"
dogs,3113140,Doggy Waiter 2,Coming soon
dogs,5093980,I Love Dog,"Oct 1, 2026"
dogs,3433820,The Indomitable Rocket Dog,To be announced
dogs,5091410,Pawper: Desktop Pet,March 2027
dogs,4409420,Doggo Delivery Department,To be announced
dogs,3910690,Rescue the Puppies,"Jun 1, 2026"
dogs,3048670,100 Dogs,"Jul 13, 2024"
dogs,4007090,Agility Game,"Oct 7, 2025"
dogs,351060,Outpost 13,"Oct 26, 2015"
dogs,1535030,Go Home,"Aug 3, 2022"
dogs,3734250,Like a dog,"Aug 27, 2026"
dogs,2210890,LUCY'S HEAVEN,"Dec 19, 2022"
dogs,4271790,耶耶耶一周,2026
dogs,1662540,DOGGONE,To be announced
dogs,5091840,101 Dogs Hidden in Antalya,"Sep 5, 2026"
dogs,2341450,SHADE The Border Collie Flycatcher,"Mar 24, 2023"
dogs,3351040,Happy Puppy,"Sep 2, 2025"
dogs,4305550,Rockwell's Zen Tiles,"Jul 22, 2026"
dogs,2930210,MY DOG!,"May 3, 2024"
dogs,2473450,Where's Fido?,"Jan 26, 2026"
dogs,5091820,101 Dogs Hidden in Thailand,"Sep 2, 2026"
dogs,1033930,Animal Doctor,"Mar 25, 2021"
dogs,3600120,Squarepinski,"Nov 30, 2025"
dogs,4096810,Golden Retriever Simple Life,"Feb 3, 2027"
dogs,1529800,SpacePOM,"Oct 15, 2021"
dogs,2978980,Contained,Coming soon
dogs,3091520,Yellow Trouble,"Mar 13, 2026"
dogs,3866700,No Sheep Left Behind,"Sep 7, 2026"
dogs,1758810,Little Island,"Nov 24, 2021"
dogs,4958210,Pet Diary,"Sep 2, 2026"
dogs,2909570,WANKO WANKO ADVENTURE,"Feb 17, 2026"
dogs,3164410,Shiba Knight,"Sep 10, 2024"
dogs,3119820,Doggy Farmer,"Sep 10, 2024"
dogs,2182990,Autumn with the Shiba Inu,"Aug 14, 2025"
dogs,1952560,Dogs K9 Uprising,"May 18, 2022"
dogs,4056660,Ruff's Bone,"Jan 15, 2026"
dogs,1569730,A Shiba Story,Coming soon
dogs,1647360,Little Dog Bob,"Aug 26, 2021"
dogs,2080450,The Empress Quest : Full Moons Saga,"Dec 11, 2024"
dogs,1527010,Beyond The Pines,To be announced
dogs,5031260,"Having fun, Mochi?",Q4 2026
dogs,2645000,Corgi in the Box,"Nov 16, 2023"
dogs,4074280,Tails in Pairs,To be announced
dogs,2700790,Shepherd Knight,"Jun 4, 2026"
dogs,5252490,Bully Bully,Coming soon
dogs,3465070,Silly Sausage Buffet,Coming soon
dogs,2365030,Sheepdogs,"Apr 5, 2023"
dogs,1958250,鬥犬 Dog Fighting,"Apr 24, 2022"
dogs,4512740,Teckel Adventure,"Apr 1, 2026"
dogs,4861370,Dog-o-Doku,"Aug 14, 2026"
dogs,1806290,佛兰德斯的狗 A Dog of Flanders,Coming soon
dogs,1707260,Hope For Winter,Coming soon
dogs,3390010,Homebound Path,To be announced
dogs,3774390,Canine Derby Manager,"May 1, 2026"
dogs,4240320,Cat Meme Wars,Coming soon
dogs,5037580,BARKO,"Sep 10, 2026"
dogs,3509130,Nickelodeon Splat Pack,"Jan 30, 2026"
dogs,1359170,Killer Dog,"Jul 16, 2020"
dogs,1448740,Jumpy Paws - World Adventures,"Aug 31, 2023"
dogs,3268600,Milo's Dream,"Dec 4, 2024"
dogs,2779980,Tobby The Dog,Coming soon
dogs,1486970,PetDrivr,"Dec 24, 2020"
dogs,2854520,Dog World,To be announced
dogs,1831650,Doggo,Coming soon
dogs,1918640,Meiro Master,"Jul 24, 2024"
dogs,3373440,Everybody Herds,Coming soon
dogs,4663000,Herding Adventures,To be announced
dogs,3893290,Stray Dog: nobody cares,Coming soon
dogs,2918470,Bubble Dogs,"May 1, 2024"
dogs,2459290,Hungry Dogs,"Jun 19, 2023"
dogs,370630,Sylia,"Apr 30, 2025"
dogs,1961930,I Love Finding MORE Pups,"Jul 14, 2022"
dogs,3779090,Pumpkin & Patch,"Oct 1, 2026"
dogs,1116800,PLAY DOG PLAY TAG,"Mar 4, 2020"
dogs,3104070,WANDRILL,Coming soon
dogs,3705840,My Desktop Friend,To be announced
dogs,2874900,Daugger,"Apr 2, 2024"
dogs,4123710,Slime Buddy Time,"May 19, 2026"
dogs,4138550,Rondo's Romp,Q1 2027
dogs,4109780,Gachanimals,Coming soon
dogs,2328380,Paw Paw Destiny,"Dec 11, 2024"
dogs,1921500,Pet Vet 3D Animal hospital Down Under,"Apr 21, 2022"
dogs,2776300,KOOB DOG,"Aug 1, 2024"
dogs,3870510,A Dog Story,"Aug 29, 2025"
dogs,1315040,My UnReal Pet,"Jul 17, 2020"
dogs,2864370,Fully Dogomatic,"Feb 17, 2025"
dogs,3373530,おしかけケモミミついんず FURRY TWINS,"Dec 18, 2024"
dogs,2583700,Lucky Dog Rise,Q4 2026
dogs,4413600,Spot the Difference: Detective Neko,"Apr 8, 2026"
dogs,2339320,Nick Jr. Party Adventure,"Oct 11, 2024"
dogs,882230,Dog's Quest,"Jul 5, 2018"
dogs,2822300,Suika Pets,"Aug 13, 2026"
dogs,3979080,Fit My Dog,"Nov 14, 2025"
dogs,2169700,Gramm,"Oct 20, 2022"
dogs,2065340,Canis Major,To be announced
dogs,2370270,Patou,To be announced
dogs,3547510,Service Dog,2026
dogs,3184440,Finares,2026
dogs,4555260,Haiju,August 2027
dogs,1474500,Flow's Island,Coming soon
dogs,4861700,Freight Dogs,Coming soon
dogs,5060940,Cosmo Corgis,"Oct 28, 2026"
dogs,4564970,I Herd Ewe,2027
dogs,2129850,Corgi Cove,"Feb 14, 2023"
dogs,2073590,Ludde,"Dec 1, 2023"
dogs,3979130,Fit My Zoo,"Oct 17, 2025"
dogs,963950,Paws in the Maze,"Mar 22, 2024"
dogs,2244050,Paint By Pixel,"Apr 11, 2023"
dogs,3634050,"STREAMER, DOG, SHOCKER",Coming soon
dogs,4727260,Puzzles: Dog,"Jul 3, 2026"
dogs,1447280,My Pets: Maze,Coming soon
dogs,4255660,When the Barn Sleeps,Coming soon
dogs,4183410,Shepherd Days,Coming soon
dogs,4059970,Mira's Journal,To be announced
dogs,4039040,Terrier Manager,"Apr 9, 2026"
dogs,3108820,Dog vs Cat Othello,"Aug 16, 2024"
dogs,4797790,Rescue Dogs vs Aliens Tower Defense,"Jul 3, 2026"
dogs,3383850,The Little Adventure,"Jan 21, 2025"
dogs,4013110,Paws VS Paws,"Sep 30, 2026"
dogs,1507890,The Demon Rush: Legends Corrupt,"Jan 28, 2021"
dogs,3645880,Hungry Lily & The Fallen Knight,"Jun 7, 2025"
dogs,5250190,Monsters Need Battles,Coming soon
dogs,398110,Reigning Cats,"Aug 28, 2015"
dogs,4140410,Wishbone,Coming soon
dogs,2405290,Cutie Crowd Control,Coming soon
dogs,3579300,What's Needed,"Apr 7, 2025"
dogs,4948090,GOHAN a little dreamer,Coming soon
dogs,4816480,Cookiesaner,Coming soon
dogs,4500460,What The Dog Remembers,Coming soon
dogs,4871110,Pets Kingdom Chess,Coming soon
dogs,3129180,Michiball,To be announced
dogs,4090240,Rhythm Doggo,To be announced
dogs,5197950,Sweet Street,Coming soon
dogs,5065630,Pawville,Coming soon
dogs,3637410,barkvr,Coming soon
dogs,4909050,Animal,To be announced
dogs,3152230,I commissioned some dogs 3,"Nov 15, 2024"
dogs,1887420,The Lost Oregon City Gold,"Apr 12, 2022"
dogs,4056630,Harry and the Haunted House,"Dec 26, 2025"
dogs,4353520,Macro Furry Online,Coming soon
dogs,3353090,Bark and Catch,"Apr 8, 2026"
dogs,1673300,Shiba Mekuri 柴めくり,"Jul 15, 2021"
dogs,2692720,OG Puzzlers: Kira Maus,"Dec 5, 2023"
dogs,3882980,Space Tail: Definitive Edition,"Aug 3, 2026"
dogs,3442760,Apocalypse ? No !,"Feb 10, 2025"
dogs,1859800,The Hierophant,"Feb 2, 2022"
dogs,3073510,Samurai Shiba,"Oct 28, 2024"
dogs,2822460,Cuca: Sharp Bite,"Nov 28, 2024"
dogs,4619670,Cyberpunk Neon Survivor,"May 15, 2026"
dogs,5081010,Midnight Pet Clinic,Coming soon
dogs,3859210,Rhythm Animal Café,"Oct 13, 2026"
dogs,905130,Doggo Dig Down,"Nov 12, 2018"
dogs,1541280,The Lost Dog,"Aug 31, 2021"
dogs,1387300,Joy the Pug,"Feb 19, 2021"
dogs,3959720,Our Little Brothers,"Feb 5, 2026"
dogs,4521950,WorkWithDog,"Apr 13, 2026"
dogs,2785230,Guud Dawg!,"Jan 23, 2025"
dogs,5041880,Liminal Space Holiday,"Aug 21, 2026"
dogs,2463720,Paint by Pixel 3,"Jul 20, 2023"
dogs,4792460,Kotamas,"Nov 10, 2026"
dogs,2589320,So Much Stuff 4: Bits & Bobs,"Oct 29, 2023"
dogs,1577570,Juno's Journey,"Jan 20, 2022"
dogs,2335670,Bark & Blade,Coming soon
dogs,2893940,Doggy Dungeons,To be announced
dogs,2862470,BUMBI,Coming soon
dogs,2725670,SHADE A Dog's Expedition,To be announced
dogs,2939340,Super Animal Soccer,Coming soon
dogs,3458330,WoofWatch,To be announced
dogs,3574550,Zombie Dog,August 2027
dogs,4341910,Pupper Rescuer,To be announced
dogs,1853120,Cannon Canines,"Aug 21, 2022"
dogs,3193580,Salty Sea Dogs,To be announced
dogs,2120640,The Barker & Mustard Files,To be announced
dogs,4628560,What The Dog Doing?,2026
dogs,3087110,Elemental Dog Defense,"Jul 23, 2024"
dogs,4013410,Escape the Riddlerock Ruins,To be announced
dogs,3629640,Snout About,To be announced
dogs,3737850,Pet Shelter Simulator: The Ultimate Animal Shop Experience,Coming soon
dogs,2794480,Man and Dog,To be announced
dogs,1563240,Veterinary Clinic Simulator,To be announced
dogs,1113080,Dog Trainer,To be announced
dogs,5136890,Kennel Chaos: Daycare Simulator,Q2 2027
dogs,1282380,Come Bye: A Sheepdog Simulator,To be announced
dogs,2868850,Wizard of Maths,November 2026
dogs,3724300,Toto's Journey,2026
dogs,2432250,Wordsearch Attack,"Jun 9, 2023"
dogs,3470800,Save Mom,"Sep 18, 2026"
dogs,3942780,The Cute the Baldy and the Fluffy,"Oct 7, 2025"
dogs,4683810,Left In The Forest,To be announced
dogs,2896990,狗胆枪手,"Jul 20, 2024"
dogs,2463710,I Love Finding Cats & Pups,"Jul 11, 2023"
dogs,3394450,Doggins,"Jan 2, 2025"
dogs,2713940,OG Memory: Kira Maus,"Dec 20, 2023"
dogs,2658010,Magic Escape - Yo.Doggies,"Nov 17, 2023"
dogs,1299340,Sausage Dog Tends To Infinity,Coming soon
dogs,3999290,Remember Me,"Oct 4, 2025"
dogs,5069740,Look Both Ways,November 2026
dogs,2617470,CatExpress,"Nov 5, 2023"
dogs,4207100,I Know a Spot,"Jul 14, 2026"
dogs,1536690,FoxPaww: a furry breakout-lite adventure,"Feb 19, 2021"
dogs,2823250,Corgi Race,"Mar 10, 2026"
dogs,3473060,Gordon and the Light Within,"Mar 5, 2025"
dogs,1924270,Shooting Covid,"Mar 17, 2022"
dogs,4032820,靴下物語ー大門ジゲンの靴下店ー,"Dec 18, 2025"
dogs,2539800,Dog Years,"Sep 28, 2023"
dogs,1933060,Lovely Moments: Dad and daughter. Jigsaw Puzzle Game,"Jul 9, 2022"
dogs,1642420,Golden Retriever,To be announced
dogs,1602090,Beware of Dog,2027
dogs,2062020,Shido's World,To be announced
dogs,1959460,Abyss,Coming soon
dogs,2450290,Considerable Grandfather,"Jun 20, 2025"
dogs,2431790,Cyber Paradise,Coming soon
dogs,2774570,Beasties' Shelter,To be announced
dogs,3089830,Doghouse 3,Coming soon
dogs,2552190,Dr. Bowow's Eco-Extraction,To be announced
dogs,1448540,My Poodle's Diary - Visual Novel,To be announced
dogs,3334560,Binding,To be announced
dogs,3941470,Bush Dog,"Jun 2, 2026"
dogs,2799620,Paws United,Coming soon
dogs,3223760,Putrid Beasts,"Oct 19, 2024"
dogs,4550700,Pup & Mole: Gold Rush,"Dec 9, 2026"
dogs,4995500,Pawcel: Bounce,Coming soon
dogs,5254220,Pawtings! Hidden Dogs,Q4 2026
dogs,5035940,Barkyard Blitz,Q4 2026
dogs,3533370,Ogrüuk,To be announced
dogs,3636130,Dimensional Gates,"Feb 3, 2026"
dogs,3562230,Ruff Day at the Office,To be announced
dogs,2597610,Mononoke No Kuni,2027
dogs,3253980,Return 回歸,Coming soon
dogs,1852360,Warpaws,Coming soon
dogs,4041500,Vagabundo,Coming soon
dogs,4262850,Stray Wars,To be announced
dogs,3768670,Walk the Dog on Paper,To be announced
dogs,3806220,Letter,To be announced
dogs,2324410,Summerhill,To be announced
dogs,1920290,Barkour,Q4 2026
dogs,1940080,Rooted,2027
dogs,4466850,Where is My Pet?,"Oct 24, 2026"
dogs,4774370,GymPup,"Nov 8, 2026"
dogs,1644330,Pugmire: Treasure of the Sea Dogs,"Jul 15, 2021"
dogs,280640,Dark Shadows - Army of Evil,"Mar 11, 2014"
dogs,1740890,I Love Finding Pups,"Oct 17, 2021"
dogs,2815570,Fur and Void,"Dec 18, 2025"
dogs,5080710,Furry Slot,"Sep 14, 2026"
dogs,2947350,Doot-Type,"May 14, 2024"
dogs,4435110,Bread Dog Vibe,"Mar 7, 2026"
dogs,2645060,Black Sheep,To be announced
dogs,3411260,Wallace & Gromit in The Grand Getaway,Coming soon
dogs,1744060,DOGS.IO,"Sep 19, 2021"
dogs,2741840,Clean Up After Your Dog,"Jan 31, 2024"
dogs,2976630,Drone Adventure,"May 27, 2024"
dogs,4324000,Crunchy Bear: Dig Dig Pals,"Jul 16, 2026"
dogs,2341780,I Love Finding Furbabies,"Mar 29, 2023"
dogs,2762250,A Zombie Tail,"Mar 8, 2024"
dogs,4417910,Adopt Me Please,To be announced
dogs,690100,TwoKinds Online,To be announced
dogs,4815060,Animal Cozy Corner Shop,"Sep 24, 2026"
dogs,1408930,Greedy Corgi,"Jan 21, 2022"
dogs,2719500,The Rising,Coming soon
dogs,3649790,Fate's Reflection:The Case of Detective Kotomu,Coming soon
dogs,3794910,100 Dogs in Brazil,"Sep 1, 2025"
dogs,4483200,Corgi Survivor,"Jul 9, 2026"
dogs,1906660,SOF - Spirits Of Freedom,"Mar 18, 2022"
dogs,4048690,Deskpet,"Feb 7, 2026"
dogs,2293080,Great Again,"Apr 27, 2023"
dogs,3007590,Dog Walking Adventures,"May 19, 2025"
dogs,1873820,Inu's Adventure,"Dec 8, 2022"
dogs,1868680,Street Cleaner 3,"Feb 28, 2025"
dogs,3875700,ScreenWolf,"Oct 13, 2025"
dogs,2050210,Platboarder,"Jul 14, 2023"
dogs,3042690,Melly the naughty dog,"Jul 1, 2024"
dogs,3054140,Cheese - The Cheese Collector,"Oct 23, 2024"
dogs,4195690,포포의 모험 (The Adventures of Popo),"Jan 5, 2026"
dogs,5061540,How Long Is This Dog?,To be announced
dogs,2093580,MindVenture,To be announced
dogs,2934340,Guru Guru,Coming soon
dogs,2928040,The Legend of Baboo,To be announced
dogs,2396250,Matinta,Coming soon
dogs,3240510,Calypso's Calamity,"Oct 10, 2024"
dogs,3003880,Obi3011,To be announced
dogs,3027590,Paw Paw Death Festival,"Dec 11, 2024"
dogs,3062700,Rebel Roar,Q1 2027
dogs,3064500,DOBA - Dogs Battle Arena,2026
dogs,2991630,Box Dog,"Jul 11, 2024"
dogs,2645800,MEDAL WINNERS,To be announced
dogs,3461600,Cybersim: Noetic City,Coming soon
dogs,2329580,The Whisperer,"Mar 8, 2023"
dogs,3053290,Brave Meow World,Coming soon
dogs,4948990,Not a Dog,June 2027
dogs,5004550,Good Boy Heaven,Coming soon
dogs,4634930,Cow Online World,"Nov 11, 2026"
dogs,5219680,Dirty Dogs,Q1 2027
dogs,5139430,EXORCIST K9,Q4 2026
dogs,3622930,Alexander: Pawsome Island,To be announced
dogs,3483950,Pawblem Careline,To be announced
dogs,3751620,Lost Gods: Adventures of K&K,Coming soon
dogs,4079310,Rockwell's Night Watch,To be announced
dogs,3973380,Arcade Games for Pets,Coming soon
dogs,3975190,Dracanea: The Ragtag Regalia,Q2 2027
dogs,4144230,That is not the ball!,"Feb 5, 2026"
dogs,3932270,My Pet Store,Coming soon
dogs,764930,Hubert,"Oct 12, 2026"
dogs,1376880,Ultimate Hunting®,To be announced
dogs,1257610,Prison Architect 2,To be announced
dogs,3615340,Pepper the Giant Purple Dog,Coming soon
dogs,3695350,Hounded,To be announced
dogs,3529750,PomoPet,Coming soon
dogs,2589340,I Love Finding Wild Friends,"Oct 27, 2023"
dogs,2824410,Anota,Coming soon
dogs,3252160,Farmyard Survivors,"Mar 17, 2025"
dogs,2007880,Lawnmower Maniac,"Jan 30, 2026"
dogs,2906780,bbosong,"Apr 12, 2024"
dogs,2500700,Free The Lazy Dogs,"Aug 3, 2023"
dogs,2489820,DEATH ANIMAL PARADE,"Aug 18, 2023"
dogs,2128600,Slime Puzzle Story,"Nov 26, 2024"
dogs,3331310,Jixo: The Season of Joy Collector's Edition,"Nov 22, 2024"
dogs,2673990,Animal Arena,"Aug 10, 2024"
dogs,1679680,Word Attack,"Oct 17, 2022"
dogs,3965600,Fidget Widget,"Mar 20, 2026"
dogs,3046150,Murder Is Game Over: The Blackinton Curse,"Feb 6, 2025"
dogs,3229460,My Puppy,"Sep 30, 2024"
dogs,5191900,The Hobo Dev,"Sep 18, 2026"
dogs,3605480,Traveler Lost,"May 11, 2025"
dogs,4726540,Runaway Dog,"Jul 30, 2026"
dogs,1627760,Jetpack Jack,"Feb 28, 2023"
dogs,1613760,postulate_puppster,To be announced
dogs,2795110,Petal Runner,To be announced
dogs,4072320,Pawful Dice,"Jun 3, 2026"
dogs,3877170,Bubble dog,Coming soon
dogs,3336370,Animal Pattern,"Feb 4, 2025"
dogs,3665610,EVOL,To be announced
dogs,4447410,Sheep & Socks,Coming soon
dogs,1425830,Halley's Dream,"Jul 14, 2022"
dogs,2138460,Ovivim pra Sua Stream,"Mar 12, 2023"
dogs,4327480,Click to Live,"Feb 7, 2026"
dogs,1345770,Adventure Farm VR,"Jul 1, 2020"
dogs,1350500,Last Memory,"Jul 24, 2020"
dogs,3834370,Chrono Stranded,"Dec 8, 2025"
dogs,2935430,Dart The Dog,To be announced
dogs,3070040,Kemotaku,"Dec 12, 2024"
dogs,3578530,Finding Ivy,"Aug 28, 2025"
dogs,4600370,Pudding the Jug,"May 28, 2026"
dogs,2368390,Doggo Garden Defense,"Apr 27, 2023"
dogs,4377710,TypeAndRise,"May 6, 2026"
dogs,940590,Double Pug Switch,"Oct 22, 2020"
dogs,5189460,Strange Absurdity: DOG STAR,"Sep 24, 2026"
dogs,2108310,Live Art: Impossible Challenge,"May 15, 2023"
dogs,3403500,SYM Shepherd,"Dec 27, 2024"
dogs,1141920,FLAT FORM FIGHTER,Coming soon
dogs,846120,Hello Pollution!,"Aug 7, 2018"
dogs,1952020,Braveboy,Coming soon
dogs,2410810,Riversiders,To be announced
dogs,2209340,Have You Herd?,2026
dogs,2261690,Kitten Kingdom,"Jan 17, 2023"
dogs,2877550,Souptown Matty,To be announced
dogs,2688270,Skiers Landing,Coming soon
dogs,3133440,Rescue,To be announced
dogs,3186280,Dukkido,To be announced
dogs,3169450,Pokopoko Party Pack,Coming soon
dogs,3001890,Cross Brawl,Coming soon
dogs,3158600,Stunt Dog Adventure,"Sep 14, 2025"
dogs,3243290,Kaci Foxx Avenging Angel,To be announced
dogs,3987700,Allyon: Battlecry,To be announced
dogs,4149230,失落喵城,Coming soon
dogs,4026290,MrDogCat,Coming soon
dogs,4218080,John The Retriever,Coming soon
dogs,3341800,Pack It Out,"Jun 6, 2025"
dogs,3584350,Dreamcraft: Lumberjack,2026
dogs,3712040,Léo,To be announced
dogs,3370540,Street Chef Simulator,Coming soon
dogs,4717490,Motapon,To be announced
dogs,4545080,Smile Run,"Dec 1, 2026"
dogs,4685480,PAWTENTIAL DISASTER,Q4 2026
dogs,4749410,Tipsy Corpse,Coming soon
dogs,4426190,AutoCritters,"Apr 20, 2026"
dogs,3894380,Fluffy Party,"Sep 1, 2025"
dogs,5298430,Detonator Squad,Coming soon
dogs,5108180,Bridge Of The Wild,Coming soon
dogs,5019700,White and Tabby,Coming soon
dogs,5042020,War Wolves,June 2027
dogs,2022060,Life After Death,"Sep 5, 2023"
dogs,1593510,Furry Finder - Dating Visual Novel,Coming soon
dogs,1389820,Animal Rescue,Coming soon
dogs,1823810,NAHKA,To be announced
dogs,2003450,Moonatics,Coming soon
dogs,1838580,Raven's Journey,To be announced
dogs,1488240,Doggo Quest,To be announced
dogs,2607420,Cat Life Simulator,Coming soon
dogs,1728620,IKUMA - The Frozen Compass,2026
dogs,2329070,POSTFROST,Coming soon
dogs,2861080,Haunted Paws,To be announced
dogs,4361870,Arctic Farmer Life Simulator,Coming soon
dogs,3119210,Growth: Automate & Collect,To be announced
dogs,4667460,汪里个狼 Wolf in Woof,Q4 2026
dogs,4904190,Land Farm,Coming soon
dogs,3084040,Detective of the Dead,2027
dogs,3018090,Zenith Heroes,Coming soon
dogs,4135860,PawlleyBall,Coming soon
dogs,3319750,Mati,"Nov 22, 2024"
dogs,3913060,Tic Cat Dog,"Aug 19, 2025"
dogs,4964880,Puzzles Evil Dogs,"Aug 19, 2026"
dogs,2527760,Search & Find - Hidden Objects,"Sep 3, 2023"
dogs,1487220,Carrot&Islands™,Coming soon
dogs,2319060,Beacon of the Bellrock,Coming soon
dogs,2635490,Wolf The Lone Hunt,"Feb 4, 2024"
dogs,4103640,Watch The Pet,"Nov 15, 2025"
dogs,1399440,Pets VR,"Feb 21, 2022"
dogs,3651130,Unhinged Pet Store Simulator,"Apr 3, 2026"
dogs,1730050,Last Minute,"Jan 13, 2022"
dogs,2223760,My Daily Pets,Coming soon
dogs,4777800,Spark-A-Doodle,Coming soon
dogs,4217180,Stubborn Shibas,"May 1, 2026"
dogs,3058620,Sammy Jukes: Twin Lakes,"Sep 19, 2024"
dogs,1984670,Detect Dan The Dog!,"May 26, 2022"
dogs,4402260,Animaly,"Feb 28, 2026"
dogs,3851370,Home for Friends: Beloved Pets Collector's Edition,"Jul 22, 2025"
dogs,4221210,Desktop Dog Park,"Jan 12, 2026"
dogs,4043220,Home for Friends: Loving Paws Collector's Edition,"Nov 25, 2025"
dogs,1947090,Natural Spirit,"Jan 30, 2023"
dogs,3487500,Animal Aboard!,To be announced
dogs,4683590,Pale Tide,To be announced
dogs,5004310,Deck Beasts,Q4 2026
dogs,3940440,Puppy Truck,Coming soon
dogs,1137680,Blender Bros,"Aug 25, 2020"
dogs,3534040,Mirror Quest Dog and Cat,"Mar 5, 2025"
dogs,4018920,"All My Heart, Banjo","Oct 16, 2025"
dogs,4858190,A Game About Shooting Ducks,"Aug 26, 2026"
dogs,1583660,Shiba Inu Rescue,"May 21, 2021"
dogs,2714340,Pop DS,"Feb 11, 2025"
dogs,5251500,KYOTIKYO,Coming soon
dogs,3355910,Help The Dog,"Dec 4, 2024"
dogs,3996530,Maggie's Farmyard Adventure,"Dec 26, 2025"
dogs,4586670,Cosyland: Island Simulator,"May 6, 2026"
dogs,2655770,Little Survivors,"Oct 1, 2024"
dogs,4412620,日本一周漢字の旅,Coming soon
dogs,812380,Flock of Dogs,"Dec 17, 2024"
dogs,2806800,Kitchen Delights,"Feb 16, 2026"
dogs,3239220,Bubbles in the Air,"Jul 23, 2025"
dogs,3853020,Sunflower Stronghold,"Dec 29, 2025"
dogs,4263890,Whisker Wars,"Jan 7, 2026"
dogs,1187270,Territory,Coming soon
dogs,1541160,Animal Game,Coming soon
dogs,1183200,Portal Dogs,"Feb 25, 2020"
dogs,1858260,Go Fetch!,"Jan 16, 2022"
dogs,1916560,Feisty Fauna,Coming soon
dogs,2912030,Keep Up,"Apr 23, 2024"
dogs,2963930,The Shepherd: Black Sheep,"Oct 25, 2024"
dogs,2889040,Sengoku Logic - Kumamoto Castle,"Dec 10, 2024"
dogs,1928840,My Dragon Party 🎉,Coming soon
dogs,1940360,ReTAKE,To be announced
dogs,1932250,FURRY TOWER DEFENSE,To be announced
dogs,2417530,Button City: Soccer Days,To be announced
dogs,2052710,Hello Again,To be announced
dogs,1709520,Age Of Albuvia,Coming soon
dogs,1750080,Paper Bum,Coming soon
dogs,1822590,Pinni and the Lost Voice,To be announced
dogs,1878010,Land of Zympaia The New Light,"Aug 24, 2022"
dogs,2475670,Starboy Adventures,To be announced
dogs,2389810,Georgie and Me,To be announced
dogs,2107300,Back to Home,Coming soon
dogs,3167320,What Comes Next,To be announced
dogs,3560920,The Sword's Awakening,To be announced
dogs,3506310,Clover,To be announced
dogs,1965070,Tactic Legends,Coming soon
dogs,4113780,Bob To The Top,"Nov 10, 2025"
dogs,4041340,Happy Owner Happy Life,Coming soon
dogs,4153760,BOLD: Networked Newt Action,December 2026
dogs,4769990,Sky Paws Awakening,To be announced
dogs,4380180,Banjo The Investigator In Search Of The Mystery,October 2026
dogs,4311460,Luvu: Your Desktop Pet,Coming soon
dogs,3195020,Inventris TD,Coming soon
dogs,5088770,Arctic Shop Simulator,2027
dogs,4714850,Sheepscape,"Nov 5, 2026"
dogs,4481160,Card Retrieve,To be announced
dogs,4636160,Rowan Needs Shinies!,"Dec 7, 2026"
dogs,5085900,Pupmancer,Q1 2027
dogs,4601370,Yashi - Sand Driver,Q1 2027
dogs,5025110,Australian Hunter,2026
dogs,5019800,System Arrival,"Nov 10, 2026"
dogs,2749920,The Transylvania Adventure of Simon Quest,Coming soon
dogs,4213930,Salty Dogs,Coming soon
dogs,5115240,STILLTRACE,"Sep 15, 2026"
dogs,3459480,The Week With Grugles 2,"May 30, 2025"
dogs,3704130,My Favorite Coworker,"Sep 24, 2025"
dogs,2434300,Barkelona,"Jun 6, 2023"
dogs,5052970,Droppy Dog,"Sep 3, 2026"
dogs,3660440,Chiba,"May 30, 2025"
dogs,3701830,Barks and Bytes,Q4 2026
dogs,5115150,emBARK,Coming soon
dogs,1579010,狗蛋神冒险-搞笑的声控冒险,"Apr 23, 2021"
dogs,3427700,Farmyard Pals Jigsaw Puzzles,"Jan 23, 2025"
dogs,4762640,ZOMBIE Disaster Drill,"Sep 2, 2026"
dogs,4485450,The Witch Shoot,"Jun 23, 2026"
dogs,1320500,Lauras Tierklinik,"Aug 6, 2020"
dogs,2759750,Animal Race Run VR,"Jul 16, 2024"
dogs,3320000,TailScape: The corgi’s Advendture,To be announced
dogs,1386300,Animal Trainer,To be announced
dogs,2331580,Dave the Bird,Coming soon
dogs,2474010,JARPUG,Coming soon
dogs,4379230,Super Good Boy Adventure,To be announced
dogs,4183510,Patchwork Path,Coming soon
dogs,629970,Beast Pets,"Feb 20, 2019"
dogs,3064770,Snoot Runner,Coming soon
dogs,5336140,W DoBark,"Oct 13, 2026"
dogs,4594940,Woof and Wool,Coming soon
dogs,4869320,PuzzleVerse,"Jul 22, 2026"
dogs,3450180,Sheep Dog,"Feb 8, 2025"
dogs,1683310,Heartbeat: Regret,"Aug 23, 2021"
dogs,2610020,Naughty Paws,Coming soon
dogs,3495480,Derby,To be announced
dogs,3987980,天空之塔,To be announced
dogs,4550860,Rising Wan,To be announced
dogs,1043060,Rupert and Riley Shipwrecked,"May 10, 2019"
dogs,4018520,Waffles' Cranked Stories,2027
dogs,3353430,Rhapsody in Scarlet,To be announced
dogs,5070620,SnapDogs,Coming soon
dogs,4768730,Petganza,"Jun 12, 2026"
dogs,1437370,The Ultimate Game,"Oct 8, 2021"
dogs,2402690,Pet Sanctuary,Coming soon
dogs,4981910,TomoBuddy,"Aug 26, 2026"
dogs,2721020,Adorable Dog: Gnomeageddon,"Oct 9, 2025"
dogs,2771590,Chick'n Mushroom Soup,"Mar 4, 2026"
dogs,972520,The Misadventure Of Melon,"Aug 20, 2019"
dogs,3921790,Pets party,"May 7, 2026"
dogs,1685520,Hyper Treasure - Macaronic Labyrinth,"Oct 29, 2021"
dogs,4160540,Leaf Blower Something,"Dec 17, 2025"
dogs,3171780,VR Dog Sprint,"Oct 23, 2024"
dogs,2535010,Hollybound,"Aug 25, 2023"
dogs,3049900,Desktop Wanwano-,"Jul 16, 2024"
dogs,3377890,The Corgi Knight,"Dec 20, 2024"
dogs,4363780,Dog's Walts,"Feb 28, 2026"
dogs,3598190,Hamspater,"Apr 9, 2025"
dogs,2683170,SpaceFront,Coming soon
dogs,1654620,Adventures of Human Being,"Jul 28, 2021"
dogs,1736530,ShadoWave - Revenger,To be announced
dogs,1898910,Edge of Collapse,Coming soon
dogs,2002740,King Arthur's Petaldust Saga,Coming soon
dogs,3395310,Gunpoint Gambit,"Sep 29, 2025"
dogs,3477320,Redcrest: 1993,To be announced
dogs,2918160,Chaotic Good Boy,Coming soon
dogs,3436490,Stella Can't Hear,"Feb 7, 2025"
dogs,3686510,Fox Flare Night,To be announced
dogs,3616730,HomeStray,Coming soon
dogs,3319450,Armada Pet Wars,Q2 2027
dogs,3131700,Captain Corgi: Planetary Problem Solver,Coming soon
dogs,3857790,Kami Quest: Enter the Imagynasium,To be announced
dogs,2990920,"Stop, Pawssport Check",To be announced
dogs,3163070,Blade Bounce,Coming soon
dogs,2798960,Todomiro,Coming soon
dogs,4081910,Fetch!,Coming soon
dogs,4281830,ESPecial Jobs,To be announced
dogs,4141410,Venture Pals,"Dec 4, 2026"
dogs,4488250,The Watching Woods: The Friend,Coming soon
dogs,4168440,Petrichor RPG,Coming soon
dogs,4527300,Pet Cross,Coming soon
dogs,4703860,Cold Paws,To be announced
dogs,4581790,CYBERPHOTO,Coming soon
dogs,4845130,FruitSnoot,2027
dogs,885530,SKD,"Nov 26, 2023"
dogs,5110640,Royal Bomb Squad POP!,Coming soon
dogs,5082010,StarScalers,To be announced
dogs,4012520,Nocternum,To be announced
dogs,4074100,Chester at the Park,To be announced
dogs,3697380,Little Retreat,To be announced
dogs,3886080,Woolberry Ranch,To be announced
dogs,4637650,Animal UFO,"Jun 5, 2026"
dogs,5080060,Africa Survival,2026
dogs,4260850,Till & Toast,Q4 2026
dogs,4287650,Boing Boing Animals,2026
dogs,939530,The Free Shepherd,2027
dogs,4996240,Bone to Pick: Forensic Case Files,Q4 2026
dogs,3407450,The Northern Path,Coming soon
dogs,4958710,Dogeminer 2: Back 2 The Moon™,Coming soon
dogs,371950,The Adventures of Rob-1E,To be announced
dogs,4428570,Shiba Boop!,"Apr 6, 2026"
dogs,3691380,Xolo & the Forgotten Gods,To be announced
dogs,5155810,PupRacers,"Oct 21, 2026"
dogs,2431920,Heir of the Dog,"Oct 29, 2026"
dogs,4136600,The Falconer,"Nov 19, 2025"
dogs,5025320,Gyeonwoo's Love,"Aug 29, 2026"
dogs,4593000,The TEAM game:Corgi&me,"May 12, 2026"
dogs,3656980,Corgi Conquest,"Jun 18, 2025"
dogs,1958950,Doggo Estates,"Feb 29, 2024"
dogs,1768100,Heatris,"Nov 25, 2021"
dogs,3622660,Paw to Talk,Coming soon
dogs,4118060,Lillie and the Chips,"Mar 20, 2026"
dogs,1418420,THIEF DOG,Coming soon
dogs,2314580,Jigsaw Puzzle Fever,"May 3, 2023"
dogs,4989590,Doggo on Strike,"Aug 23, 2026"
dogs,1640360,Fantasy Friends: Under The Sea,"Sep 28, 2021"
dogs,3579320,Arthur's Pet Chase,"Aug 24, 2025"
dogs,2884510,Lily in DreamWorld,Coming soon
dogs,4447680,Onsen Critter Drop,To be announced
dogs,4347160,Pixel Pal: Desktop Pet,Coming soon
dogs,3064040,Bluey's Happy Snaps,"Oct 15, 2026"
dogs,4607780,KESU-JI,"Aug 26, 2026"
dogs,3611940,-Ham Cafe- Ohamu Shokudo Ki,"Apr 25, 2025"
dogs,2633100,The Grand Adventures of Leo,"Nov 11, 2023"
dogs,4692190,Idle Bomb Animals - Desktop Mining,"Sep 28, 2026"
dogs,5119350,Pixel Hold'em: Poker Coach,"Sep 23, 2026"
dogs,2291870,Walkies,To be announced
dogs,3371070,You Sure You Wanna Drink This?,2026
dogs,3775700,Poodle Kick,Coming soon
dogs,3293700,Maya Steps Out,"Apr 15, 2025"
dogs,3892850,The Bright Future Village,Coming soon
dogs,3868740,Vet Van Organizer,Coming soon
dogs,2782820,Sneak Out,"Feb 15, 2024"
dogs,5158490,SAAM Tactics,November 2026
dogs,4717790,Corgi Battle Cars,Coming soon
dogs,4757580,厕所大作战,"Jul 17, 2026"
dogs,5247790,DenimDoug_909,"Oct 23, 2026"
dogs,3976520,Meme Wars,To be announced
dogs,4270860,Furmageddon,To be announced
dogs,5325220,DeskHugs: Desktop Friends,Q4 2026
dogs,3428870,Disconnect 2,"Jul 18, 2026"
dogs,3374360,Dream Kitten,"Dec 19, 2024"
dogs,1306210,Boston AInamics,"May 18, 2020"
dogs,2347180,Cat & Gold,"Nov 10, 2023"
dogs,2008280,Sinister,To be announced
dogs,4644660,Deskpet Engine,"May 18, 2026"
dogs,4682490,三生忆梦(Dream Of Three Lives),"May 19, 2026"
dogs,970200,Campido,"Nov 18, 2018"
dogs,2193510,Way Of Animals,Coming soon
dogs,2069190,Prisma Light,To be announced
dogs,1715190,The Fall of Balance,Coming soon
dogs,1342540,Orb and the Stars,"Jun 30, 2021"
dogs,2282360,Chicken Coop,To be announced
dogs,2630970,The Show is Over It,"Oct 31, 2023"
dogs,3419960,Dog Gone Cats: Tail of 300 Days (Pawlike Edition),"May 31, 2025"
dogs,3429190,Pawsta - A Cozy Claymation Cooking Game,Coming soon
dogs,2390420,Being The Game,Coming soon
dogs,3244030,PRIZE ANIMALS,"Oct 14, 2024"
dogs,3275850,Blade Rising,To be announced
dogs,4265390,Pepper Rush,"May 3, 2026"
dogs,4202400,FastCato,"Feb 13, 2026"
dogs,3170720,Hidden Pets,Coming soon
dogs,3070190,Biolune,To be announced
dogs,2944420,Protovolkers,2030
dogs,4279950,Critterra,Coming soon
dogs,4050190,Speed Tactic Ninja,"Dec 1, 2025"
dogs,3266120,Plush Party,2026
dogs,4782240,Dog Man: Bark in Action,Q4 2026
dogs,2544330,Start Running,"Jul 8, 2024"
dogs,5032810,Cozy Home Designer,"Aug 19, 2026"
dogs,3555370,Atura,"Nov 21, 2025"
dogs,2503640,Kazu Aether Origins,To be announced
dogs,3240590,Wild Whiskers Cafe,Coming soon
dogs,3233810,Tae Kwon Dog,"Nov 1, 2024"
dogs,3897940,Datquinso Desktop Pets,"Aug 11, 2025"
dogs,3929530,Bring Me Home,2026
dogs,4054250,Hunting Pro Simulator,"Sep 14, 2026"
dogs,2103630,77 Oleander Avenue,"Dec 19, 2022"
dogs,4223530,Endless Furry Slayer,"Jan 6, 2026"
dogs,1980820,Before Sunset: 台山,"Oct 26, 2023"
dogs,1830050,September 28 Pizza,"Dec 20, 2021"
dogs,3422330,Cat Dog Go Adventure,"Feb 23, 2025"
dogs,3853690,My Desktop Puppy: 我的桌面小狗,Coming soon
dogs,4529240,Lumenal: A Photo Break,Q1 2027
dogs,4549220,TigerGame,"Apr 20, 2026"
dogs,4428210,Psps Dream Mart,Coming soon
dogs,2368490,Montaro 2,To be announced
dogs,3374560,Catch the Skunk,"Dec 19, 2024"
dogs,2162870,FrogJump,"Jan 28, 2023"
dogs,1610360,UKIYO,To be announced
dogs,2580310,SPACE DOGO,"Oct 7, 2023"
dogs,4904110,Cute & Dead,Q4 2026
dogs,3598790,Bear vs. Wolf Jigsaw Puzzle,"Apr 6, 2025"
dogs,4574510,PROJECT REPRIEVE,Coming soon
dogs,5303570,Fading Day,Coming soon
dogs,3971670,On Your Notebook,"Mar 7, 2026"
dogs,1636570,Wild Souls,"May 9, 2022"
dogs,2464540,Paws (CPC/Spectrum),"Jun 27, 2023"
dogs,1656210,The Adventures of Herbie & Katt LeChatt,"Jul 17, 2021"
dogs,3312300,Maskared,"Nov 18, 2024"
dogs,1643170,Kill Them With Cuteness,"Aug 27, 2021"
dogs,1520440,Himig,Coming soon
dogs,1305780,Battle Barn: Tactics,Coming soon
dogs,1514400,The Derby At Stillwater Creek,Coming soon
dogs,1542530,Shootin' Gallery VR,Coming soon
dogs,2624730,Fluffwatch,Coming soon
dogs,2632680,Delta Park,To be announced
dogs,3387650,Beé! Frenzy Sheep,Coming soon
dogs,3513440,Combo Critters: Battle Checkers,To be announced
dogs,3325350,Catfall,To be announced
dogs,2698880,Cellar Creek,Coming soon
dogs,3294320,Terry,To be announced
dogs,4287520,Terrier,Coming soon
dogs,4201130,Spam Runner 2,Coming soon
dogs,4821510,Dog Park,"Jul 31, 2026"
dogs,4829530,DOI: Defense Shooter,"Jul 7, 2026"
dogs,3058000,The Adventures of Penny & Lou,"Jul 17, 2024"
dogs,4848440,Town Master,"Jul 29, 2026"
dogs,5147410,Wandering Far,November 2026
dogs,3665130,Beyond Faded Voices,2026
dogs,4436580,All You Can FISH!,"Oct 8, 2026"
dogs,4743360,Llamero: Incremental Herd,2027
dogs,4113670,Crankles,To be announced
dogs,4995330,DOGS of the DARK,"Aug 16, 2026"
dogs,4408990,Major Mutt,"Oct 2, 2026"
dogs,4504880,Sirius the Stargazer : Furry Idle,Q4 2026
dogs,314570,The Sun at Night,"Aug 1, 2014"
dogs,3678880,Swarm Sweeper,"Jun 30, 2025"
dogs,2226350,Cat + Dog,"Dec 16, 2022"
dogs,4420410,Tavern Timer,"May 14, 2026"
dogs,1273350,A Night In Kyosaka,Coming soon
dogs,3516640,Desktop Pasture,"Jul 17, 2025"
dogs,3362190,料理乱斗,"Jul 23, 2025"
dogs,4590840,Mine Wizard,To be announced
dogs,3035400,Wolf Hero: Animals vs Robots,"Aug 3, 2024"
dogs,1355420,Pixboy,"Aug 7, 2020"
dogs,5229850,I Hate Cuteness,Coming soon
dogs,4776830,Rainbow Bridge,To be announced
dogs,2720340,Cole Dingo's Vtuber Blackjack,"Mar 28, 2024"
dogs,1350610,Catventure,Coming soon
dogs,1937050,Chased Around The World,"Jul 29, 2022"
dogs,2957900,Fur-Fighters Frenzy,To be announced
dogs,4713090,ai.ai,Q1 2027
dogs,4920700,Callejero,Coming soon
dogs,5255910,Fewer Mornings,Coming soon
dogs,4312770,Cozy Frenchie Adventure,Coming soon
dogs,4209930,挂机后花园.放置牧场AFK back garden.idlepasture,Q4 2026
dogs,3301300,Wild Terrain,2027
dogs,5353370,Animal Farm,Coming soon
dogs,3952110,Laurel's Day,"Sep 18, 2025"
dogs,1505670,Crafty,"May 23, 2021"
dogs,5095720,SlimeKitten,"Sep 4, 2026"
dogs,4461910,Night Light,"Mar 30, 2026"
dogs,5014840,Pixie - Desktop Pet That Mirrors You,"Sep 11, 2026"
dogs,2463160,Farmer Simulator,"Jul 15, 2023"
dogs,2762970,Palhalla,Coming soon
dogs,2923030,1000 ANIMALS ON AN ISLAND,Coming soon
dogs,2292840,My Lovely Pets Collector's Edition,"Feb 20, 2023"
dogs,2827640,Mimi's Pet Rescue,Coming soon
dogs,4682910,Hide or Seek: Container Island,2026
dogs,3532340,Bobo in Hell,"Mar 20, 2026"
dogs,3665770,三日追凶,Coming soon
dogs,1613300,A Star Of Chrome,Coming soon
dogs,3381970,Super Pump,"Jan 14, 2025"
dogs,3606390,Box Stocks,"Sep 19, 2025"
dogs,2353900,Jigsaw Puzzle - Baby Animals,"Mar 28, 2023"
dogs,2466970,Ricky's Furry Duck Hunt,"Jul 13, 2023"
dogs,2672740,Archie's Ribs,To be announced
extraction,553850,HELLDIVERS™ 2,"Feb 8, 2024"
extraction,3932890,Escape from Tarkov,"Nov 15, 2025"
extraction,2887580,Active Matter,"Sep 15, 2026"
extraction,1808500,ARC Raiders,"Oct 30, 2025"
extraction,3124540,Far Far West,"Apr 28, 2026"
extraction,2073620,Arena Breakout: Infinite,"Sep 15, 2025"
extraction,2507950,Delta Force,"Dec 4, 2024"
extraction,594650,Hunt: Showdown 1896,"Aug 27, 2019"
extraction,2479810,Gray Zone Warfare,"Apr 30, 2024"
extraction,3065800,Marathon,"Mar 5, 2026"
extraction,2059170,Quasimorph,"Jul 31, 2026"
extraction,1818450,STALZONE,"Dec 9, 2022"
extraction,2569760,The Mound: Omen of Cthulhu,"Jul 15, 2026"
extraction,3156770,Witchfire,"Sep 23, 2024"
extraction,3282300,Mistfall Hunter,"Jul 29, 2026"
extraction,2016590,Dark and Darker,"Jun 7, 2024"
extraction,2124120,SULFUR,"Oct 28, 2024"
extraction,1963610,Road to Vostok,"Apr 7, 2026"
extraction,1782120,ZERO Sievert,"Oct 23, 2024"
extraction,3167020,Escape From Duckov,"Oct 16, 2025"
extraction,2116120,Incursion Red River,"Apr 10, 2024"
extraction,2609610,CONVRGENCE,"Sep 17, 2026"
extraction,1431300,SAND: Raiders of Sophie,"Jun 22, 2026"
extraction,3985950,R.I.P. - Reincarnation Insurance Program,"Sep 15, 2026"
extraction,2828860,The Forever Winter,"Sep 24, 2024"
extraction,4197990,Cargo Hunters,"Mar 9, 2026"
extraction,2282790,RIFTSTORM,"Aug 11, 2026"
extraction,2464530,VOIN,"Dec 10, 2024"
extraction,1957780,Ghosts of Tabor,"Mar 20, 2023"
extraction,4562940,HOPE 01,"Sep 15, 2026"
extraction,4049910,Nuclear Epoch,"Jun 25, 2026"
extraction,3247750,Mycopunk,"Jul 10, 2025"
extraction,1454370,STARSEEKER: Astroneer Expeditions,"Jun 11, 2026"
extraction,3613050,Gravebound,"Sep 22, 2026"
extraction,1953230,Whisper Mountain Outbreak,"Aug 11, 2025"
extraction,857980,Void Bastards,"May 28, 2019"
extraction,2971610,HOLE,"Nov 28, 2024"
extraction,3659280,Off The Grid,"Jul 17, 2025"
extraction,2859970,Omen,"Aug 11, 2026"
extraction,2719160,Contractors Showdown : ExfilZone,"Apr 25, 2024"
extraction,3628390,33 Days till Extraction,"Sep 17, 2026"
extraction,3872000,Deadline Escape,"Mar 16, 2026"
extraction,2379390,Tom Clancy’s Rainbow Six® Extraction,"Jun 15, 2023"
extraction,820520,Deceive Inc.,"Mar 21, 2023"
extraction,1843730,Last Group Out,"Feb 17, 2022"
extraction,2406370,Darkblade Ascent,"Oct 23, 2025"
extraction,4289340,UNHUMAN,"Aug 10, 2026"
extraction,3684500,Warlords Battleground: Extraction,"Mar 8, 2026"
extraction,2956440,Atomic Exile,"Jun 16, 2025"
extraction,1797880,Lost Light,"Sep 1, 2022"
extraction,3140620,C.A.S.T. (CHERNOZEM ANOMALY STRIKE TEAM),"Jul 14, 2025"
extraction,2980170,Vortica,"May 25, 2026"
extraction,2765790,Dreadweave,"Jul 24, 2026"
extraction,3494520,Lost Rift,"Sep 25, 2025"
extraction,3504780,Wildgate,"Jul 22, 2025"
extraction,2795540,The Midnight Walkers,"Jan 28, 2026"
extraction,3247720,Cosmos point,"Apr 21, 2026"
extraction,2818260,Vigor,"Sep 18, 2024"
extraction,1789480,Marauders,"Oct 3, 2022"
extraction,4359350,NeverCOM,"Apr 28, 2026"
extraction,4836070,Ghosts of Tabor : LEGACY,"Aug 1, 2026"
extraction,1456940,Level Zero: Extraction,"Jan 29, 2025"
extraction,3839250,Soulforge Lost Path,"Jul 12, 2026"
extraction,2641490,Blood Running,"Feb 21, 2025"
extraction,3264820,No Escape from Madness,"Apr 3, 2025"
extraction,3486770,Red Light,"Jun 13, 2025"
extraction,1600870,King Bullseye: Headshot Training,"May 5, 2021"
extraction,2715910,Astro Hunters VR,"Aug 8, 2024"
extraction,3566940,Galactic Pawns,"Oct 3, 2025"
extraction,2622280,Shell Runner,"Apr 11, 2025"
extraction,1552620,Expedition Agartha,"Sep 21, 2023"
extraction,2375730,Mercenaries of the Kingdom: First Blood,"May 24, 2024"
extraction,964440,Hell is Others,"Oct 20, 2022"
extraction,1786950,Klaus Veen's Treason,"Jan 31, 2023"
extraction,4409050,Escape from Junglekov,"Jul 25, 2026"
extraction,2257590,Alien Agent X,"Sep 27, 2024"
extraction,2831900,Crab Attack,"Jul 11, 2025"
extraction,2352710,Shoot & Neon,"Jun 4, 2025"
extraction,3553650,Dream Slayers,"Nov 14, 2025"
extraction,4175080,SHRAPNEL,"Mar 12, 2026"
extraction,1245480,SYNDUALITY Echo of Ada,"Jan 23, 2025"
extraction,2482850,POLARIS™,"Jan 29, 2025"
extraction,2735220,PolyZ,"Oct 5, 2024"
extraction,2344320,Eldegarde,"Jan 21, 2026"
extraction,1873120,No Love Lost,"Mar 12, 2024"
extraction,4574760,Overdrive Reloaded,"Sep 22, 2026"
extraction,2787610,Skyward Extraction,"May 30, 2025"
extraction,2719290,Night Raider,"Jan 26, 2024"
extraction,3605140,Exit Ways,"Sep 7, 2026"
extraction,1818470,Desolation Seed,"Jul 6, 2026"
extraction,3234100,Dead Engine,"Jun 3, 2026"
extraction,2937730,CRAST,"May 15, 2025"
extraction,3705550,Internal Incident,"May 25, 2026"
extraction,3468790,Rebel Tank Solo-Raid,"Mar 7, 2025"
extraction,3315230,Rocket Squad: Infinity,"May 30, 2025"
extraction,4402990,Modificator,To be announced
extraction,4792260,Blood of Rations,"Mar 11, 2027"
extraction,4760650,Embargo,Coming soon
extraction,4767380,隐秘之潮,2026
extraction,4869480,Plague Keepers,To be announced
extraction,5220100,Escape from Tower,To be announced
extraction,5331780,The Friendship Protocol,To be announced
extraction,5073410,Crypt Runner,Coming soon
extraction,4584800,Extreme Survival Club!,To be announced
extraction,4916030,TYBALT,To be announced
extraction,4867740,BEASTOPIA: RAIDERS,"Dec 7, 2026"
extraction,4077740,PUBG: Black Budget,To be announced
extraction,4091540,Protocol Zero,Coming soon
extraction,4397260,Seizure,To be announced
extraction,3700300,StarFear,To be announced
extraction,5051760,OMFG: The Fate of Mortals,To be announced
extraction,3321290,Cold Sweat,Coming soon
extraction,4262460,ROB RUN,2026
extraction,4683590,Pale Tide,To be announced
extraction,3948160,Waste The Fallen,Coming soon
extraction,3284080,Liber Magus,Q4 2027
extraction,4864280,Hollow Orbit,"Jul 14, 2026"
extraction,2628710,Escape the Void,To be announced
extraction,2864810,Last Extract,To be announced
extraction,4681960,Last Squad Alive,Coming soon
extraction,4869560,Terminal Falls,To be announced
extraction,5123020,RESIDUE,Coming soon
extraction,5201690,Liberators Inc.,Coming soon
extraction,5064830,One More Volley,Coming soon
extraction,4879300,Xenomire,Coming soon
extraction,5150610,Escape The Abyss,Coming soon
extraction,4022620,Extraction Manifest,Coming soon
extraction,4041280,For Humanity,"Nov 28, 2025"
extraction,3579010,JAIL DICE: Roll to Break,"Aug 26, 2025"
extraction,2538220,Joint Recall,Coming soon
extraction,5305680,HOMEWARD:Ark,Coming soon
extraction,2766640,Adamant of Honor,To be announced
extraction,4446720,Dead Days Left: Jupiter Station,Coming soon
extraction,4330500,Zone Idle,Coming soon
extraction,3209530,Last Helion,Coming soon
extraction,4403450,Rontgard,Coming soon
extraction,4818990,"Mom, I'll Be Home Late",To be announced
extraction,4589850,Giga Lich,Coming soon
extraction,2828370,Survival Code: Rebirth,To be announced
extraction,3309070,Zombie Must Dead!,April 2027
extraction,2721360,Dark Laws,2026
extraction,4852030,Project Remnant,Q1 2027
extraction,3209950,MARINES VS GOD,2027
extraction,4701660,DRIFTERS: Blackout Crew,To be announced
extraction,2898770,Die Trying,To be announced
extraction,4580770,Greed or Grave,To be announced
extraction,3931080,Addition Subtraction Multiplication Division Magician,"Dec 12, 2025"
extraction,4109600,Requisition VR: Hunt & Extract,"Nov 12, 2025"
extraction,2514890,Reverb,To be announced
extraction,2631080,Extraktion 1943,Coming soon
extraction,2637020,Gate of Torment,To be announced
extraction,3333840,The Dream,"Mar 17, 2025"
extraction,3532640,Waste Force,To be announced
extraction,3418040,Heistland,To be announced
extraction,4329460,30 Mikes ’Til Extraction,To be announced
extraction,4373070,Synapses Invasion,To be announced
extraction,3835840,VULTURE,To be announced
extraction,5190870,Rebuild The Shelter,Coming soon
extraction,1761340,Madnessarum,Coming soon
extraction,5068910,GRIMLINE,Coming soon
extraction,5172460,Plunge for Your Life,March 2027
extraction,4304740,Escape from Ashville,Q4 2026
extraction,4434910,HollowCity:EscapeFromSeoul,Coming soon
extraction,4456100,Extraction '76,Q1 2027
extraction,4576130,Attractor K7,2027
extraction,4964690,Sceadu Eard,2027
extraction,5006540,Dead Extraction,Q4 2026
extraction,3299050,No Such Place,"Oct 13, 2026"
extraction,3268890,Ozersk Protocol,Coming soon
extraction,4046870,DAMex : DArk Matter Exodus,"Jul 1, 2026"
extraction,4673070,LUCREA: LABAN,Coming soon
extraction,3086590,"Gods, Death & Reapers",Q1 2027
extraction,2209620,SCAN,Coming soon
extraction,1376390,Apocrypha,Coming soon
extraction,3144060,World of the dead,Coming soon
extraction,3235150,Exile Protocol,To be announced
extraction,3597720,Lootworld,Coming soon
extraction,4144140,Lone Signal,To be announced
extraction,4771120,Survivors: Beyond the Shore,To be announced
extraction,4457210,Coldwatch,Coming soon
extraction,4795010,P.R.I.M.A.L. Keepers,To be announced
extraction,3563060,Rockhounds,To be announced
extraction,4724340,Zone Stalkers,Coming soon
extraction,4848890,State Breakers,"Mar 2, 2027"
extraction,4589920,Into the Dust,2027
extraction,4615330,ROBOSCAV,2027
extraction,5009740,METEORITE,Coming soon
extraction,2705130,Exoborne,To be announced
extraction,5019800,System Arrival,"Nov 10, 2026"
extraction,4531290,The Refuge,Q1 2027
extraction,4541920,GRIDLANDS,2027
extraction,1872800,EVE Vanguard,Q3 2027
extraction,2582960,NAKWON: LAST PARADISE,To be announced
extraction,2828620,XGUN,Q4 2026
extraction,3986110,Escape from Ruin: Greymart Simulator,2026
extraction,3070430,Nova Era:Atom ﻿,Coming soon
extraction,3978820,Rules of Engagement: The Grey State,To be announced
extraction,2557470,Drift Scavenger,To be announced
extraction,1763370,Scrapdivers,Coming soon
extraction,3709130,Largitas: Fragments of War,Coming soon
extraction,3782370,Plunderwake,To be announced
extraction,3980790,Red Tide,Q1 2027
extraction,718550,Usurpator,To be announced
extraction,2321890,Swordeye,2026
extraction,2261560,We The People,Coming soon
extraction,3255820,Angel Roulette,Coming soon
extraction,4747280,Sunset Survival: Miami,2027
extraction,2490960,Ghost hunter,"Oct 12, 2026"
extraction,2636460,Dungeons Deep,2026
extraction,2071630,ExpressLane,Coming soon
extraction,3010060,DEATH PLUNDER-亡命掠夺者,To be announced
extraction,2768300,SCP,Coming soon
extraction,1313230,Beautiful Light,December 2026
extraction,3299010,External,2026
extraction,4393700,Elderfeast,2027
extraction,4937720,Oath Eternal,2027
extraction,3797770,Zero Pixel Dawn,"Jul 31, 2026"
extraction,4634760,Eternal Flame,Coming soon
extraction,1793990,Inferno Arena,Coming soon
extraction,2215790,Gräuel,Coming soon
extraction,2746680,DARKWATCH,Coming soon
extraction,3431190,Galactic Realms: Quest for the Forgotten,To be announced
extraction,3468200,Eden: Discovery,Coming soon
extraction,2835980,FIRE,To be announced
extraction,3268910,Dear Brother: Beware of the Witch,To be announced
extraction,4550130,Respect The Horde,To be announced
extraction,4535740,BattleFrame,Coming soon
extraction,4833940,Wasteland Highway,To be announced
extraction,5125180,The Old Front,To be announced
extraction,3410410,ApocaShift,2027
extraction,3894540,Vicarius,"Oct 12, 2026"
extraction,5140990,PuPuPoPu Company,2027
extraction,2437390,Enginefall,2027
extraction,1830110,THE SIGNAL: Stranded on Sirenis,2027
extraction,2988030,Into the Fire,2026
extraction,3126410,Expedition: Into Darkness,Q4 2026
extraction,3438920,VOID DIVER: Escape from the Abyss,January 2027
extraction,3744040,Kaidan,To be announced
extraction,4172090,The Hundredth Floor: Extraction,Q4 2026
extraction,4210060,ZERO Sievert 2,To be announced
extraction,5208530,SCP: Contain and Extract,"Nov 13, 2026"
extraction,306910,Vaultbreakers,To be announced
extraction,3459610,Untold Winter,Coming soon
extraction,5175840,The Extractors,Coming soon
extraction,3563000,Gig Crawler,Coming soon
extraction,1690100,Cosminers,2026
extraction,2713380,Shadows of Chroma Tower,Q1 2027
extraction,2788560,Nemesis Zero  |  Open-World Multiplayer,Coming soon
extraction,4239080,Veil of the Soulstones,To be announced
extraction,3890350,The Maze Wars,"Aug 20, 2025"
extraction,3104370,VIVA NOBOTS,To be announced
extraction,3390390,Undying West,Coming soon
extraction,4406440,Iron & Incense,To be announced
extraction,5331230,Terramiasma,2027
extraction,3579630,Terrible Life Expectancy,2027
extraction,3648350,Dream Walker,2026
extraction,3564490,Hell Express,To be announced
extraction,2726580,PUBG: DED.NET,To be announced
extraction,3690320,The Last Earth Fighter,"Jun 3, 2025"
extraction,4334290,SURVIVOR 01,Coming soon
extraction,4806240,Nightmare Company,To be announced
extraction,3739150,Asymm,Coming soon
extraction,2265170,Cataclysm Era,Coming soon
extraction,2303200,DarkSwarm,To be announced
extraction,5283800,Deadly Stock,Coming soon
extraction,4875750,Escape from Doomstown,To be announced
extraction,4521280,Fogline protocol,"Apr 8, 2026"
extraction,4260630,Super Pilot Yolk Bot,"Jun 3, 2026"
extraction,2590010,Echo Chambers,Coming soon
extraction,4427720,Pigs On Wings,Q2 2027
extraction,4873040,RECIPROCITY: The Liminal Void,Coming soon
extraction,3847450,Project S.U.N.D.I.A.L,Coming soon
extraction,4303060,Glitchery,Coming soon
extraction,4414560,CORDURA,To be announced
extraction,5289260,GRID OPS,Q4 2026
extraction,2765070,Iron Dawn,Q4 2026
extraction,5048000,Walk in PENUMBRA,December 2026
extraction,2623630,Slightly Off World,Coming soon
extraction,2807880,The Month After,Coming soon
extraction,4816850,Neon Sector,"Jun 24, 2026"
extraction,3443060,ROGUE MAFIA,Coming soon
extraction,4024220,Steel Hail,"Nov 13, 2025"
extraction,3162190,Automated & Self Sustained,Coming soon
extraction,2847620,Golden Hand,"Aug 10, 2026"
extraction,5018780,Artifact Extract,October 2026
extraction,4256630,Null Reach,To be announced
extraction,5197750,CyberSprawl: Survivors,Coming soon
extraction,3162140,Void Stealer Bodycam Horror,"Sep 26, 2024"
extraction,2844820,Codename Attila,"Mar 6, 2024"
extraction,3599340,Warbot Engineer,"May 15, 2025"
coop_funny,2483190,Forza Horizon 6,"May 18, 2026"
coop_funny,1285190,Borderlands 4,"Sep 11, 2025"
coop_funny,440,Team Fortress 2,"Oct 10, 2007"
coop_funny,4656000,BOMBANANA!,"Sep 2, 2026"
coop_funny,3241660,R.E.P.O.,"Feb 26, 2025"
coop_funny,1172620,Sea of Thieves: 2026 Edition,"Jun 3, 2020"
coop_funny,4704690,MECCHA CHAMELEON,"Jun 9, 2026"
coop_funny,4108000,Machine Party,"Jul 30, 2026"
coop_funny,2001120,Split Fiction,"Mar 6, 2025"
coop_funny,3949040,RV There Yet?,"Oct 21, 2025"
coop_funny,286160,Tabletop Simulator,"Jun 5, 2015"
coop_funny,960090,Bloons TD 6,"Dec 17, 2018"
coop_funny,2688950,Planet Coaster 2,"Nov 6, 2024"
coop_funny,2968420,PowerWash Simulator 2,"Oct 23, 2025"
coop_funny,962130,Grounded,"Sep 27, 2022"
coop_funny,4000,Garry's Mod,"Nov 29, 2006"
coop_funny,218620,PAYDAY 2,"Aug 13, 2013"
coop_funny,1966720,Lethal Company,"Oct 23, 2023"
coop_funny,1260320,Party Animals,"Sep 20, 2023"
coop_funny,945360,Among Us,"Nov 16, 2018"
coop_funny,1599600,PlateUp!,"Aug 4, 2022"
coop_funny,728880,Overcooked! 2,"Aug 7, 2018"
coop_funny,4069520,Super Battle Golf,"Feb 19, 2026"
coop_funny,3834090,YAPYAP,"Feb 3, 2026"
coop_funny,49520,Borderlands 2,"Sep 17, 2012"
coop_funny,880940,Pummel Party,"Sep 20, 2018"
coop_funny,1665460,eFootball™,"Sep 29, 2021"
coop_funny,1290000,PowerWash Simulator,"Jul 14, 2022"
coop_funny,2567870,Chained Together,"Jun 19, 2024"
coop_funny,2475460,SOS OPS!,"Nov 30, 2023"
coop_funny,3354750,skate.,"Sep 16, 2025"
coop_funny,322330,Don't Starve Together,"Apr 21, 2016"
coop_funny,5053820,Mimic Party,"Aug 27, 2026"
coop_funny,387990,Scrap Mechanic,"Jul 24, 2026"
coop_funny,204360,Castle Crashers®,"Sep 26, 2012"
coop_funny,431240,Golf With Your Friends,"May 19, 2020"
coop_funny,2881650,Content Warning,"Apr 1, 2024"
coop_funny,4412320,Dumb Ways to Build,"Sep 10, 2026"
coop_funny,3364070,The Jackbox Party Pack 11,"Oct 22, 2025"
coop_funny,2956680,LORT,"Jan 21, 2026"
coop_funny,3643170,Roadside Research,"Feb 12, 2026"
coop_funny,3097560,Liar's Bar,"Oct 2, 2024"
coop_funny,1211020,Wobbly Life,"Sep 18, 2025"
coop_funny,1922560,Plants vs. Zombies™ Garden Warfare 2: Deluxe Edition,"May 16, 2022"
coop_funny,4502710,Stonewards,"Aug 11, 2026"
coop_funny,2737070,Crime Simulator,"Jun 17, 2025"
coop_funny,1243830,Overcooked! All You Can Eat,"Mar 23, 2021"
coop_funny,386940,Ultimate Chicken Horse,"Mar 4, 2016"
coop_funny,4244510,Pratfall,"Apr 20, 2026"
coop_funny,850190,Goat Simulator 3,"Feb 15, 2024"
coop_funny,2157830,John Carpenter's Toxic Commando,"Mar 12, 2026"
coop_funny,3453910,Happy's Humble Burger Cult,"Jul 16, 2026"
coop_funny,4948000,Moo Who?,"Aug 21, 2026"
coop_funny,920210,LEGO® Star Wars™: The Skywalker Saga,"Apr 5, 2022"
coop_funny,4132330,Pizza House Simulator🍕,"Aug 19, 2026"
coop_funny,470220,UNO,"Jan 3, 2017"
coop_funny,3618030,Flock Around,"Apr 24, 2026"
coop_funny,509980,BIGFOOT,"Jan 31, 2017"
coop_funny,2827200,MIMESIS,"Oct 27, 2025"
coop_funny,1969370,LEGO® Party!,"Sep 30, 2025"
coop_funny,641990,The Escapists 2,"Aug 21, 2017"
coop_funny,4796830,WE ARE SO DEAD,"Aug 17, 2026"
coop_funny,427730,Who's Your Daddy?!,"May 13, 2016"
coop_funny,313690,LEGO® Batman™ 3: Beyond Gotham,"Nov 11, 2014"
coop_funny,2640950,Scott Pilgrim EX,"Mar 2, 2026"
coop_funny,2794590,Scam Line,"Jan 10, 2026"
coop_funny,261640,Borderlands: The Pre-Sequel,"Oct 13, 2014"
coop_funny,65800,Dungeon Defenders,"Oct 18, 2011"
coop_funny,238460,BattleBlock Theater®,"May 15, 2014"
coop_funny,249130,LEGO® Marvel™ Super Heroes,"Oct 22, 2013"
coop_funny,2445690,Lost Castle 2,"Jun 10, 2026"
coop_funny,3247750,Mycopunk,"Jul 10, 2025"
coop_funny,32440,LEGO® Star Wars™ - The Complete Saga,"Nov 12, 2009"
coop_funny,3059070,The Headliners,"Jan 30, 2025"
coop_funny,2644470,PICO PARK 2,"Sep 12, 2024"
coop_funny,4317790,Last Pirates: Die Together,"Aug 18, 2026"
coop_funny,3412160,The House Always Wins,"May 21, 2026"
coop_funny,394510,HELLDIVERS™ Dive Harder Edition,"Dec 7, 2015"
coop_funny,405310,LEGO® MARVEL's Avengers,"Jan 26, 2016"
coop_funny,5085740,Needle In A Haystack,"Sep 29, 2026"
coop_funny,2208570,Dark Hours,"Oct 23, 2025"
coop_funny,418530,Spelunky 2,"Sep 29, 2020"
coop_funny,4934370,TV Archive: Tidy Up Together,"Aug 14, 2026"
coop_funny,2916430,Fast Food Simulator,"Dec 10, 2024"
coop_funny,674940,Stick Fight: The Game,"Sep 28, 2017"
coop_funny,4883580,The One Fish,"Aug 12, 2026"
coop_funny,2909110,Nuclear Nightmare,"Oct 20, 2024"
coop_funny,3400930,Guilty as Sock!,"May 29, 2025"
coop_funny,4596010,Bar After Bar,"Aug 24, 2026"
coop_funny,3467040,Bookshop Simulator,"Jul 20, 2026"
coop_funny,3265230,Cursed Companions,"Jul 9, 2026"
coop_funny,571740,Golf It!,"Aug 18, 2023"
coop_funny,1286580,Ship of Fools,"Nov 22, 2022"
coop_funny,55230,Saints Row: The Third,"Nov 14, 2011"
coop_funny,1686940,Bopl Battle,"Nov 16, 2023"
coop_funny,1509960,PICO PARK,"May 7, 2021"
coop_funny,1643310,Dungeons 4,"Nov 9, 2023"
coop_funny,2627570,Goofy Gorillas,"Dec 1, 2023"
coop_funny,597170,Clone Drone in the Danger Zone,"Jul 27, 2021"
coop_funny,2933080,Crime Boss: Rockay City,"Jun 18, 2024"
coop_funny,4285690,Airport Security Sucks!,"Jun 5, 2026"
coop_funny,1007040,EARTH DEFENSE FORCE 5,"Jul 11, 2019"
coop_funny,1568590,Goose Goose Duck,"Oct 3, 2021"
coop_funny,4005220,Deep Blue Sushi,"Aug 20, 2026"
coop_funny,5019920,Tasty Chef,"Sep 23, 2026"
coop_funny,3583210,Crashout Crew,"May 28, 2026"
coop_funny,3683770,Boba Cafe Simulator,"Jul 24, 2026"
coop_funny,555160,Pavlov,"Dec 4, 2024"
coop_funny,1607680,Bread & Fred,"May 23, 2023"
coop_funny,673750,Super Bunny Man,"May 16, 2023"
coop_funny,4917440,MOGGED: Looksmaxx or Die,"Oct 1, 2026"
coop_funny,2273980,Orcs Must Die! Deathtrap,"Jan 28, 2025"
coop_funny,4252290,Meowgic,"Jul 20, 2026"
coop_funny,1522820,Orcs Must Die! 3,"Jul 23, 2021"
coop_funny,4322960,Trail & Error,"Jun 16, 2026"
coop_funny,4279630,Friendly Steps,"Sep 3, 2026"
coop_funny,3572800,Duo Quest,"Sep 16, 2026"
coop_funny,531510,Just Shapes & Beats,"May 31, 2018"
coop_funny,843380,Super Animal Royale,"Aug 26, 2021"
coop_funny,969990,SpongeBob SquarePants: Battle for Bikini Bottom - Rehydrated,"Jun 23, 2020"
coop_funny,2824880,SHRIMP GAME: OVERKRILL,"Aug 27, 2026"
coop_funny,1445790,Make Way,"Dec 4, 2023"
coop_funny,2870920,Restaurats,"Nov 7, 2025"
coop_funny,206420,Saints Row IV: Re-Elected,"Aug 19, 2013"
coop_funny,265550,Dead Rising 3 Apocalypse Edition,"Sep 5, 2014"
coop_funny,410320,EARTH DEFENSE FORCE 4.1 The Shadow of New Despair,"Jul 18, 2016"
coop_funny,2235200,Neon Abyss 2,"Jul 17, 2025"
coop_funny,4551040,Animal Company,"May 21, 2026"
coop_funny,4187140,Don't Panic! It is Just Turbulence,"May 11, 2026"
coop_funny,1677740,Stumble Guys,"Oct 7, 2021"
coop_funny,3121110,Zort,"Dec 7, 2024"
coop_funny,2999030,Exploding Kittens® 2,"Aug 12, 2024"
coop_funny,45740,Dead Rising® 2,"Sep 27, 2010"
coop_funny,512900,Streets of Rogue,"Jul 12, 2019"
coop_funny,5061170,Hide and Moo!,"Aug 25, 2026"
coop_funny,326460,ShellShock Live,"May 22, 2020"
coop_funny,1016920,Unrailed!,"Sep 23, 2020"
coop_funny,3557530,Bug Cleaners,"Sep 28, 2026"
coop_funny,3544130,Soul Chained,"Sep 7, 2026"
coop_funny,4112070,An Eggstremely Hard Game,"Jul 24, 2026"
coop_funny,437920,Tricky Towers,"Aug 2, 2016"
coop_funny,2920570,Dale & Dawson Stationery Supplies,"Aug 30, 2024"
coop_funny,1329500,SpiderHeck,"Sep 22, 2022"
coop_funny,3168600,Among Us 3D,"May 6, 2025"
coop_funny,4286040,Unicycle Together,"Aug 5, 2026"
coop_funny,3263320,Carry The Glass,"Oct 23, 2024"
coop_funny,306020,Bloons TD 5,"Nov 19, 2014"
coop_funny,4397060,Sitting Ducks,"Jun 4, 2026"
coop_funny,4014040,Maze Creep!!,"May 13, 2026"
coop_funny,4429930,Water You Doing?,"Aug 26, 2026"
coop_funny,1451480,The Greatest Penguin Heist of All Time,"Jun 3, 2026"
coop_funny,9480,Saints Row 2,"Jan 7, 2009"
coop_funny,2455360,Cooking Simulator 2: Better Together,"Mar 31, 2026"
coop_funny,1221480,Big Hops Together,"Jan 12, 2026"
coop_funny,3989960,Frog Sqwad 🐸,"Jun 11, 2026"
coop_funny,2708450,Oh Deer,"Jun 27, 2024"
coop_funny,1262240,Plants vs. Zombies: Battle for Neighborville™,"Jun 4, 2020"
coop_funny,32510,LEGO® Star Wars™ III - The Clone Wars™,"Mar 22, 2011"
coop_funny,3864450,Goblin Company,"Jun 12, 2026"
coop_funny,4373870,Unpossess 2: Exorcism Simulator,"Oct 2, 2026"
coop_funny,2802740,Heave Ho 2,"Jul 16, 2026"
coop_funny,729040,Borderlands Game of the Year Enhanced,"Oct 26, 2009"
coop_funny,1071870,Biped,"Mar 26, 2020"
coop_funny,743450,Monster Prom,"Apr 27, 2018"
coop_funny,3558400,Backseat Drivers,"Oct 9, 2025"
coop_funny,4074010,"Dig, Dig, Die","Aug 6, 2026"
coop_funny,4190710,Shady job,"Sep 10, 2026"
coop_funny,45770,Dead Rising 2: Off the Record,"Oct 11, 2011"
coop_funny,3071240,Voodoo Fishin',"Mar 31, 2026"
coop_funny,3470550,"We, Junk Artists","Aug 6, 2026"
coop_funny,3588490,Bogos Binted?,"Jan 28, 2026"
coop_funny,1140270,Monster Prom 2: Monster Camp,"Oct 23, 2020"
coop_funny,559650,Witch It,"Oct 22, 2020"
coop_funny,2790700,SWAPMEAT,"Jun 17, 2026"
coop_funny,4332910,Twisted Party,"Aug 25, 2026"
coop_funny,335240,Transformice,"Jan 30, 2015"
coop_funny,291860,Pit People®,"Mar 2, 2018"
coop_funny,444090,Paladins®,"May 8, 2018"
coop_funny,2560240,Biped 2,"Nov 5, 2025"
coop_funny,3798230,Idol Party 2 - Love Vibe,"Oct 22, 2025"
coop_funny,1483870,Draw & Guess,"Mar 12, 2021"
coop_funny,2749770,Galaxy Burger,"Aug 23, 2024"
coop_funny,238370,Magicka 2,"May 26, 2015"
coop_funny,4268470,Rosalie,"Mar 21, 2026"
coop_funny,4925300,Unnamed Pogo Game,"Sep 1, 2026"
coop_funny,2357000,KILL IT WITH FIRE! 2,"Nov 25, 2025"
coop_funny,2963880,Murky Divers,"Dec 12, 2024"
coop_funny,1939390,Dino Party,"Aug 14, 2026"
coop_funny,217200,Worms Armageddon,"Mar 19, 2013"
coop_funny,859570,Secret Neighbor: Hello Neighbor Multiplayer,"Oct 24, 2019"
coop_funny,1397390,The Break-In,"May 29, 2025"
coop_funny,2317640,JUMP KING QUEST,"May 25, 2026"
coop_funny,553310,Lethal League Blaze,"Oct 24, 2018"
coop_funny,42910,Magicka,"Jan 25, 2011"
coop_funny,4011300,Super Shout Showdown,"Aug 6, 2026"
coop_funny,4383880,Huntin' Buddies,"Jul 24, 2026"
coop_funny,953880,First Class Trouble,"Nov 1, 2021"
coop_funny,3919140,Sous Raccoon,"Oct 1, 2026"
coop_funny,1745680,Odd Remedy,"Nov 6, 2024"
coop_funny,3825780,WonderKing,"Jan 12, 2026"
coop_funny,1570330,West Hunt,"Mar 23, 2023"
coop_funny,323470,DRAGON BALL XENOVERSE,"Feb 26, 2015"
coop_funny,1276760,DRAGON BALL: THE BREAKERS,"Oct 13, 2022"
coop_funny,323850,Move or Die,"Jan 21, 2016"
coop_funny,3034650,BloomKeeper,"Sep 16, 2026"
coop_funny,41070,Serious Sam 3: BFE,"Nov 22, 2011"
coop_funny,4082750,Log Riders,"Feb 12, 2026"
coop_funny,1206610,Rubber Bandits,"Dec 2, 2021"
coop_funny,3003460,Bang Bang Barrage,"Aug 7, 2025"
coop_funny,2744880,Climber Animals: Together,"Mar 22, 2024"
coop_funny,3376250,Nine-Ball Roulette,"Dec 4, 2025"
coop_funny,493900,Dungeons 3,"Oct 13, 2017"
coop_funny,3111080,Secret Agent Wizard Boy and the International Crime Syndicate,"Mar 6, 2025"
coop_funny,2543180,POPUCOM,"Jun 1, 2025"
coop_funny,1473960,Wreck Runners,"Jul 16, 2026"
coop_funny,3238580,A World of Keflings,"Jul 29, 2025"
coop_funny,774791,Surgeon Simulator 2,"Sep 2, 2021"
coop_funny,4450570,This Is Golf,"Aug 18, 2026"
coop_funny,22600,Worms Reloaded,"Aug 26, 2010"
coop_funny,543460,Dead Rising 4,"Mar 14, 2017"
coop_funny,312670,Strange Brigade,"Aug 27, 2018"
coop_funny,3967470,We Gotta Go,"Apr 14, 2026"
coop_funny,3743090,Deadly Delivery,"Dec 4, 2025"
coop_funny,1227650,Bang-On Balls: Chronicles,"Oct 5, 2023"
coop_funny,3761880,Night Shippers,"Apr 6, 2026"
coop_funny,434570,Blood and Bacon,"Feb 1, 2016"
coop_funny,3345950,Capote,"Aug 20, 2026"
coop_funny,201790,Orcs Must Die! 2,"Jul 30, 2012"
coop_funny,2226280,BAPBAP,"Aug 19, 2025"
coop_funny,3097510,Bounty Brawl: Most Wanted,"May 28, 2026"
coop_funny,2576150,LET IT DIE: INFERNO,"Dec 3, 2025"
coop_funny,3874450,Sunset Summit,"Sep 9, 2026"
coop_funny,4986890,Old Market Restored,"Sep 16, 2026"
coop_funny,301910,Saints Row: Gat out of Hell,"Jan 20, 2015"
coop_funny,4243690,Chained Wheels,"Mar 27, 2026"
coop_funny,2300230,Feather Party,"Jan 19, 2026"
coop_funny,2918500,Cozy Island,"Sep 21, 2025"
coop_funny,2336220,Feed the Cups,"Feb 20, 2024"
coop_funny,1436990,Feign,"Nov 22, 2025"
coop_funny,604240,Shotgun Farmers,"Mar 8, 2019"
coop_funny,619540,Darkwater,"Mar 26, 2026"
coop_funny,1062830,Embr,"Sep 23, 2021"
coop_funny,3951810,Cheater's Table,"Jun 2, 2026"
coop_funny,1158940,Blazing Sails,"Nov 13, 2023"
coop_funny,2192900,Knock'Em Out,"Apr 17, 2025"
coop_funny,3213600,Store Wars: Multiplayer Shop Simulator,"Nov 10, 2025"
coop_funny,2923350,Ultimate Sheep Raccoon,"Dec 9, 2025"
coop_funny,41000,Serious Sam HD: The First Encounter,"Nov 24, 2009"
coop_funny,1843310,Funko Fusion,"Sep 13, 2024"
coop_funny,3669740,The You Quiz,"Dec 5, 2025"
coop_funny,210770,Sanctum 2,"May 15, 2013"
coop_funny,855860,Superfighters Deluxe,"Nov 30, 2018"
coop_funny,204340,Serious Sam II,"Jan 31, 2012"
coop_funny,979070,Just Die Already,"May 20, 2021"
coop_funny,3670180,Baby Kings,"Aug 13, 2026"
coop_funny,564310,Serious Sam Fusion 2017 (beta),"Nov 24, 2009"
coop_funny,2721340,Last Flag,"Apr 14, 2026"
coop_funny,2823080,Sketchy's Contract,"Jul 15, 2026"
coop_funny,2140510,Town of Salem 2,"Aug 25, 2023"
coop_funny,572220,MageQuit,"Oct 10, 2019"
coop_funny,2997840,Animalkind,"Mar 30, 2026"
coop_funny,4164310,这是谐音梗,"Apr 26, 2026"
coop_funny,3087930,Pebble Knights,"Apr 13, 2026"
coop_funny,4247840,GHOSTED,"Sep 25, 2026"
coop_funny,20,Team Fortress Classic,"Apr 1, 1999"
coop_funny,640590,The LEGO® NINJAGO® Movie Video Game,"Sep 22, 2017"
coop_funny,1951780,Jumping Jazz Cats,"May 20, 2025"
coop_funny,4864560,SCRIBBLE HUNT,"Jul 22, 2026"
coop_funny,2592220,CUFFBUST,"Oct 15, 2025"
coop_funny,1163550,Captain Tsubasa: Rise of New Champions,"Sep 28, 2020"
coop_funny,3258560,I'm No Demonlord,"Aug 5, 2026"
coop_funny,850320,PHOGS!,"Dec 3, 2020"
coop_funny,1866320,Baladins,"May 15, 2024"
coop_funny,3922920,PONE,"Oct 22, 2025"
coop_funny,3795760,Burger Bots Inc.,"Jun 17, 2026"
coop_funny,301970,Screencheat,"Oct 21, 2014"
coop_funny,1124160,VR Giants,"Jun 14, 2023"
coop_funny,3955660,Dangerous Mountain Together,"Apr 3, 2026"
coop_funny,471550,Nine Parchments,"Dec 5, 2017"
coop_funny,2657560,Sponge Break,"Jul 30, 2026"
coop_funny,4311440,Carry The Count,"Oct 1, 2026"
coop_funny,2977810,Dollhouse of Dead,"Nov 6, 2025"
coop_funny,2475010,Pizza Bandit,"Aug 25, 2025"
coop_funny,4523340,C.U.B.E,"Aug 21, 2026"
coop_funny,1977530,One-armed cook,"Aug 30, 2022"
coop_funny,1080010,Witchtastic,"Oct 26, 2021"
coop_funny,3065360,Chop Chop Together,"Sep 8, 2026"
coop_funny,1101190,Dungeon Defenders: Awakened,"May 28, 2020"
coop_funny,1282760,Mad Streets,"Mar 14, 2022"
coop_funny,2887450,Panic Delivery,"May 13, 2026"
coop_funny,665360,Comedy Night,"Aug 24, 2017"
coop_funny,3725630,WISE GUYS,"Feb 9, 2026"
coop_funny,2117430,Purrrifiers: Cleaning Chaos,"Aug 24, 2026"
coop_funny,3697560,Pizza Deathlivery,"Oct 23, 2025"
coop_funny,2428810,LEGO® Horizon Adventures™,"Nov 14, 2024"
coop_funny,1240590,Sir Whoopass™: Immortal Death,"Aug 18, 2022"
coop_funny,525510,"Guns, Gore and Cannoli 2","Mar 2, 2018"
coop_funny,4080010,Dravo's Twisted Show,"Sep 18, 2026"
coop_funny,3295360,Stuck Together,"Nov 17, 2025"
coop_funny,4137450,Mimicry!,"Jul 30, 2026"
coop_funny,1054430,Fling to the Finish,"Jan 18, 2024"
coop_funny,3498650,Cut That Wire,"Oct 22, 2025"
coop_funny,4537100,diffiCULT,"Jul 14, 2026"
coop_funny,579840,Bloody Trapland 2: Curiosity,"Feb 1, 2019"
coop_funny,3543890,Boat Together,"Nov 15, 2025"
coop_funny,3691910,Free For Fall,"Nov 7, 2025"
coop_funny,1496970,Masters of Mayhem,"Sep 1, 2026"
coop_funny,4133210,Dung Ho!,"Mar 12, 2026"
coop_funny,4037180,Go Ape Ship!,"Feb 18, 2026"
coop_funny,1269300,This Means Warp,"May 4, 2023"
coop_funny,2351560,Apocalypse Party,"Nov 30, 2023"
coop_funny,3982830,Bottle Cracks,"Aug 10, 2026"
coop_funny,516110,ToeJam & Earl: Back in the Groove!,"Feb 28, 2019"
coop_funny,2590150,Faaast Penguin,"Sep 19, 2024"
coop_funny,3659090,Jelly Bubble,"Aug 4, 2026"
coop_funny,503350,White Noise 2,"Apr 7, 2017"
coop_funny,2587450,Tank Team,"Apr 11, 2024"
coop_funny,2928280,Crime Simulator: Playgrounds,"May 10, 2024"
coop_funny,3372420,LIBRITOPIA: Librarian Simulator,"Jan 30, 2025"
coop_funny,213330,LEGO® Batman™ 2: DC Super Heroes,"Jun 22, 2012"
coop_funny,2536260,Mayhemers,"Feb 10, 2025"
coop_funny,1088150,Scribble It!,"Oct 20, 2020"
coop_funny,4181370,Quack Quack Up,"Jun 23, 2026"
coop_funny,3670740,Burgle Supply Company,"May 12, 2026"
coop_funny,792710,Levelhead,"Apr 30, 2020"
coop_funny,1755350,BBQ Simulator: The Squad,"May 25, 2022"
coop_funny,3399950,Your Mother,"Feb 28, 2025"
coop_funny,3575300,Climb The Backrooms,"Jul 11, 2025"
coop_funny,1853200,TYRONE vs COPS,"Feb 12, 2022"
coop_funny,257750,Bloody Trapland,"Nov 18, 2013"
coop_funny,661940,Regular Human Basketball,"Aug 1, 2018"
coop_funny,4195910,Hamster Ballers,"Aug 10, 2026"
coop_funny,4019090,HAM: The Game,"Mar 3, 2026"
coop_funny,2263920,Multiplayer Platform Golf,"Feb 29, 2024"
coop_funny,3525360,Two the Top,"Jun 20, 2025"
coop_funny,1214670,Mr. Sun's Hatbox,"Apr 20, 2023"
coop_funny,2119590,Deducto 2,"Jun 16, 2023"
coop_funny,1412850,Spacelines from the Far Out,"Jun 9, 2022"
coop_funny,2328310,CUSTOM MECH WARS,"Dec 14, 2023"
coop_funny,2780470,Bunker Invaders,"Nov 5, 2024"
coop_funny,1151050,Golf Gang,"May 19, 2022"
coop_funny,4017450,Villainy,"Dec 15, 2025"
coop_funny,4154510,How Asian Parents went to School,"Aug 25, 2026"
coop_funny,1213750,Fight Crab,"Jul 29, 2020"
coop_funny,3724820,DATA BREACH,"Sep 4, 2026"
coop_funny,2643290,Oblin Party,"Mar 11, 2025"
coop_funny,3444220,NiuMa,"Aug 13, 2025"
coop_funny,1369720,Innchanted,"Mar 28, 2023"
coop_funny,296470,Mount Your Friends,"Jul 29, 2014"
coop_funny,1594040,Wreckreation,"Oct 28, 2025"
coop_funny,359840,Shift Happens,"Feb 22, 2017"
coop_funny,4585830,Barbecue,"Jun 18, 2026"
coop_funny,4203270,Moon Crashers,"Jul 27, 2026"
coop_funny,1021770,Wanba Warriors,"Mar 25, 2020"
coop_funny,3140720,Ritual Party,"Feb 17, 2026"
coop_funny,2602430,Goblin's Die,"Apr 30, 2026"
coop_funny,2122880,All Hands on Deck,"Nov 11, 2025"
coop_funny,1192170,Snack Invaders,"Aug 25, 2026"
coop_funny,4017930,I Have an Item,"Feb 20, 2026"
coop_funny,2234140,Eat the Rich: Greed Games,"Aug 28, 2026"
coop_funny,3777300,School Crisis,"Jun 29, 2026"
coop_funny,115120,Iron Brigade,"Aug 13, 2012"
coop_funny,2526880,Defender Bros,"Oct 2, 2024"
coop_funny,3367500,Fish Stick Protocol,"Nov 5, 2025"
coop_funny,1053680,Granny Simulator,"Apr 17, 2019"
coop_funny,2138780,CashGrab,"Sep 19, 2022"
coop_funny,482920,Hero Zero - Multiplayer RPG,"Jul 5, 2016"
coop_funny,3036800,PRITTO PRISONER,"Dec 24, 2025"
coop_funny,3150970,Party Madness,"Sep 24, 2025"
coop_funny,3650100,Graphic Tower Defense,"Jul 25, 2025"
coop_funny,408900,Unfortunate Spacemen,"Jun 12, 2020"
coop_funny,4043720,WITHOUT A HITCH,"May 5, 2026"
coop_funny,761910,Worbital,"Jan 31, 2019"
coop_funny,2819410,Space Chaos,"Apr 22, 2026"
coop_funny,2920270,Super Sus,"Jul 30, 2024"
coop_funny,1731460,LEGO® Brawls,"Sep 2, 2022"
coop_funny,1104450,Bombergrounds: Reborn,"Oct 6, 2022"
coop_funny,1393570,Superbugs: Awaken,"Mar 23, 2022"
coop_funny,3398870,Dooms Hair Salon,"Mar 24, 2025"
coop_funny,441010,Mount Your Friends 3D: A Hard Man is Good to Climb,"Feb 23, 2018"
coop_funny,397900,Business Tour - Board Game with Online Multiplayer,"Jul 27, 2017"
coop_funny,2761240,Presidents Tower Defense,"Oct 18, 2024"
coop_funny,2430790,Phonk Cats,"May 26, 2023"
coop_funny,2947650,Choppy Cuts,"Feb 4, 2026"
coop_funny,3702930,Bum: Revenge,"Jul 30, 2025"
coop_funny,2357950,Q2 HUMANITY,"Dec 17, 2024"
coop_funny,1790360,Heist Kitty: Multiplayer Cat Simulator Game,"Jun 13, 2023"
coop_funny,4314570,STAB!,"May 1, 2026"
coop_funny,466980,Can't Drive This,"Mar 18, 2021"
coop_funny,2383760,Monopoly Madness,"Jun 22, 2023"
coop_funny,389570,Mitos.is: The Game,"Jul 29, 2015"
coop_funny,2891940,Who's Next?,"Feb 6, 2026"
coop_funny,3025290,UNDERWARD,"Feb 4, 2025"
coop_funny,70600,Worms Ultimate Mayhem,"Sep 28, 2011"
coop_funny,3391350,WHITE CHOCOLATE,"Jan 3, 2025"
coop_funny,1712840,Tiny Tina's Assault on Dragon Keep: A Wonderlands One-shot Adventure,"Nov 9, 2021"
coop_funny,416600,Full Metal Furies,"Jan 17, 2018"
coop_funny,2422870,Bronzebeard's Tavern,"Nov 30, 2023"
coop_funny,2610050,Little Chefs: CO-OP,"Dec 6, 2023"
coop_funny,4024600,Pyramidion,"Nov 27, 2025"
coop_funny,4244880,Crazy Hotel Together,"Mar 22, 2026"
coop_funny,1618320,Doodle Champs,"May 21, 2025"
coop_funny,1812560,SUPER CRAZY RHYTHM CASTLE,"Nov 13, 2023"
coop_funny,4651490,Loot Gobblin' Together,"Aug 21, 2026"
coop_funny,95400,ibb & obb,"May 26, 2014"
coop_funny,3586420,Iron Core: Mech Survivor,"Aug 8, 2025"
coop_funny,1488430,Fueled Up,"Oct 13, 2022"
coop_funny,3866920,NAMAKORIUM (ナマコリウム),"May 18, 2026"
coop_funny,1771180,No Fair Play,"Jul 28, 2023"
coop_funny,3681820,MoonMiners,"Jul 17, 2025"
coop_funny,3308210,Store Wars: Prologue - Multiplayer Shop Simulator,"Nov 19, 2024"
coop_funny,2796010,Party Club,"Mar 17, 2025"
coop_funny,2955840,Kitchen Wars,"Aug 4, 2025"
coop_funny,3534100,Staged,"Sep 2, 2026"
coop_funny,3030360,Puppet Team,"May 6, 2025"
coop_funny,1064070,OddBallers,"Aug 15, 2024"
coop_funny,3589010,B.A.N.K.,"Aug 21, 2025"
coop_funny,760810,Retimed,"Dec 5, 2019"
coop_funny,1374680,Hazard Levels,"Apr 30, 2026"
coop_funny,2224610,Project Planet - Earth vs Humanity,"Sep 25, 2023"
coop_funny,1310510,Handy Harry's Haunted House Services,"Jul 31, 2020"
coop_funny,215510,Rocketbirds: Hardboiled Chicken,"Oct 15, 2012"
coop_funny,3195470,BARD'S FAULT,"Aug 25, 2026"
coop_funny,2216360,Disaster Band,"Dec 20, 2022"
coop_funny,4397780,Roll Together,"Jul 15, 2026"
coop_funny,3014580,Follow Us,"Jun 5, 2026"
coop_funny,1451880,Color Breakers,"Jul 9, 2021"
coop_funny,2890060,Midnight Mayhem,"Dec 3, 2025"
coop_funny,1243200,STUFFED,"Jun 16, 2024"
coop_funny,1453490,Deducto,"Feb 10, 2022"
coop_funny,3872110,Hotdog: The Videogame,"Oct 23, 2025"
coop_funny,3623330,Parking Together!,"Sep 17, 2025"
coop_funny,3021850,Monster Meals,"Jan 17, 2025"
coop_funny,1023550,Rogue Star Rescue,"Feb 4, 2021"
coop_funny,403120,THE GAME OF LIFE,"Nov 3, 2015"
coop_funny,21130,LEGO® Harry Potter: Years 1-4,"Jun 25, 2010"
coop_funny,2572560,Messy Up,"Jun 13, 2024"
coop_funny,787920,Running Fable,"Nov 4, 2022"
coop_funny,2808570,KunKun dream Startles the Soul,"Jun 24, 2024"
coop_funny,3873330,Redhowl,"Sep 30, 2026"
coop_funny,809870,Ninjin: Clash of Carrots,"Sep 4, 2018"
coop_funny,360940,The Mean Greens - Plastic Warfare,"Dec 8, 2015"
coop_funny,3484210,WALKER,"Mar 9, 2026"
coop_funny,3825740,2 Bows 1 Arrow,"May 28, 2026"
coop_funny,3599510,oiia,"Jun 9, 2025"
coop_funny,3948910,Sloop,"Jun 23, 2026"
coop_funny,1526490,Fear Surrounds,"Oct 19, 2021"
coop_funny,2061620,Mechanic Heroes,"Dec 15, 2023"
coop_funny,3237570,delivery pals,"Jul 29, 2025"
coop_funny,3448750,Frog Jump,"Jun 26, 2025"
coop_funny,4444250,Jesus Take The Wheel,"Mar 24, 2026"
coop_funny,3467660,BrawlMart,"Apr 1, 2026"
coop_funny,3064370,Dark Hours: Prologue,"Jul 18, 2024"
coop_funny,2198400,Yes Comrade,"Dec 16, 2025"
coop_funny,3732570,Keep the Balance,"Sep 16, 2025"
coop_funny,1132030,Trash Sailors: Co-Op Trash Raft Simulator,"Dec 16, 2021"
coop_funny,1065020,Micro Mages,"May 1, 2019"
coop_funny,1929360,Tumbleweed Destiny,"Mar 31, 2022"
coop_funny,1218280,Bad Guys at School,"Jun 15, 2020"
coop_funny,1340180,Sherwood Extreme,"Apr 29, 2024"
coop_funny,3626560,Robbing Time,"Nov 13, 2025"
coop_funny,2654710,Salmon Man,"Jan 22, 2026"
coop_funny,1469540,Maximus 2: Street Gladiators,"Apr 11, 2023"
coop_funny,4040680,forever-happy-town,"Mar 13, 2026"
coop_funny,3933150,FixForce,"Jul 17, 2026"
coop_funny,2657140,Animal Falling,"Aug 27, 2026"
coop_funny,3673320,Ticking Together,"Dec 3, 2025"
coop_funny,2369760,17.waves TD,"May 29, 2026"
coop_funny,1030000,Neko Neko Rampage,"Oct 21, 2025"
coop_funny,3208260,Buddies in a Ball,"Jan 20, 2026"
coop_funny,3642850,North Hunt,"Jul 13, 2026"
coop_funny,2776660,GOKA Street,"Dec 12, 2025"
coop_funny,1136020,Cannibal Cuisine,"May 20, 2020"
coop_funny,837350,King of the Hat,"Aug 24, 2023"
coop_funny,3957560,S.E.M.I. – Side Effects May Include...,"Jan 23, 2026"
coop_funny,3822530,Camp Wombo,"Jul 13, 2026"
coop_funny,2548650,Run or Die,"Aug 22, 2023"
coop_funny,900790,Bunny Minesweeper,"Aug 10, 2018"
coop_funny,3062930,Unplagued,"Oct 10, 2024"
coop_funny,2932990,The Zombie Slayers,"Oct 31, 2025"
coop_funny,2815690,Uncle Z,"Jun 7, 2024"
coop_funny,3043690,Billgard,"May 4, 2026"
coop_funny,3513030,Forks and Daggers,"Jan 21, 2026"
coop_funny,261180,Lethal League,"Aug 27, 2014"
coop_funny,3883760,Stretcher Together,"Aug 7, 2025"
coop_funny,735550,Crazy Soccer: Football Stars,"Jun 28, 2018"
coop_funny,1063030,Monaco 2,"Apr 10, 2025"
coop_funny,4117320,Drive Together,"May 15, 2026"
coop_funny,3831080,Oeuf,"Mar 10, 2026"
coop_funny,2343920,Trackline Express,"Apr 18, 2024"
coop_funny,2964550,VR Realms,"Sep 25, 2026"
coop_funny,2688400,"You Draw, I Guess","Jan 26, 2025"
coop_funny,1948490,Xion Leak,"Apr 28, 2025"
coop_funny,4218680,Bird Game 3,"May 25, 2026"
coop_funny,3585400,Steal The Pig,"Jul 24, 2025"
coop_funny,3392420,GeckoShop,"Jun 6, 2026"
coop_funny,1215950,Getaway Storm,"Feb 7, 2020"
coop_funny,39000,Moonbase Alpha,"Jul 6, 2010"
coop_funny,1911390,Knightfall: A Daring Journey,"Apr 1, 2022"
coop_funny,1384380,KUUKIYOMI 2: Consider It More! - New Era,"Sep 29, 2020"
coop_funny,437550,Melon Simulator™,"Jun 30, 2025"
coop_funny,3665520,Catto Pew Pew!,"Jul 20, 2026"
coop_funny,4518730,People are Tools,"Apr 30, 2026"
coop_funny,1600950,PROPHUNT,"Jul 5, 2021"
coop_funny,3654580,Toy Escape,"Nov 4, 2025"
coop_funny,1662080,Goonya Monster,"Dec 4, 2022"
coop_funny,3621700,Try To Drive,"Sep 11, 2025"
coop_funny,3528930,SPACESHEEP,"Nov 11, 2025"
coop_funny,3231990,Soccer in a Box,"Nov 5, 2024"
coop_funny,3768140,SeekOut,"Jun 8, 2026"
coop_funny,2752710,WHAT THE PAK?!,"Dec 6, 2024"
coop_funny,204300,Awesomenauts,"Aug 1, 2012"
coop_funny,2965380,Relaxing Simulator,"May 24, 2024"
coop_funny,3618560,DEATHMARK,"Apr 27, 2026"
coop_funny,1342900,Basketing,"Jun 9, 2022"
coop_funny,3315490,Sorted,"Feb 13, 2026"
coop_funny,2189040,Mean Beans,"Jul 24, 2023"
coop_funny,1220170,Eville,"Oct 11, 2022"
coop_funny,3227240,MineGeon: Renegades,"Jul 30, 2026"
coop_funny,814300,Pigeons Attack,"Feb 21, 2019"
coop_funny,1186660,Bare Butt Boxing,"Aug 1, 2024"
coop_funny,1444320,Cat Saves Halloween,"Oct 13, 2022"
coop_funny,2701080,Intoxicated Driver,"Sep 12, 2024"
coop_funny,3047760,The Candy Adventure,"Aug 28, 2024"
coop_funny,512160,Volleying,"May 15, 2018"
coop_funny,3969700,RIBBITS,"Oct 7, 2025"
coop_funny,3204770,Don't Fall,"May 21, 2026"
coop_funny,1924350,Bargue,"Jun 17, 2022"
coop_funny,2355860,Eggstraction,"May 10, 2024"
coop_funny,1502190,From Space,"Nov 3, 2022"
coop_funny,1548400,Roll a Ball With Your Friends,"Jul 30, 2021"
coop_funny,1866120,Heartwood Heroes,"Mar 27, 2023"
coop_funny,1555980,Mother Machine,"Mar 26, 2025"
coop_funny,1434320,Fast & Furious: Spy Racers Rise of SH1FT3R,"Nov 5, 2021"
coop_funny,314410,Rampage Knights,"Sep 4, 2015"
coop_funny,3816820,Backrooms Union,"Oct 30, 2025"
coop_funny,3144110,Journey Up,"Mar 5, 2025"
coop_funny,870870,MeecheenMe,"Dec 8, 2021"
coop_funny,426930,Moonshot,"Dec 21, 2015"
coop_funny,1012530,Soccering,"Aug 6, 2020"
coop_funny,3453610,Hoover Heroes,"Nov 20, 2025"
coop_funny,2739900,They Can Fart,"Jun 18, 2024"
coop_funny,3053850,Forecursed,"Feb 14, 2025"
coop_funny,1707790,Dorfs: Hammers for Hire,"Jun 21, 2022"
coop_funny,5095460,Supermarket Empire Together,"Sep 3, 2026"
coop_funny,2876640,Color Breakers 2,"Oct 9, 2025"
coop_funny,2122000,Tricky Tracks,"Jul 28, 2023"
coop_funny,1428470,Stowaway,"Nov 6, 2020"
coop_funny,1395930,Break The Chain,"Jun 15, 2026"
coop_funny,1304090,Cannibal Crossing,"May 26, 2022"
coop_funny,1048100,Peekaboo,"Aug 7, 2019"
coop_funny,1583290,Which Wizard?,"Oct 22, 2024"
coop_funny,3230270,Mad Void,"Nov 11, 2024"
coop_funny,1663640,The Last Oricru - Final Cut,"Oct 13, 2022"
coop_funny,3576880,Dreadline: Net Quota,"Dec 16, 2025"
coop_funny,2276810,JunkTok: Paranormal Investigators Challenge,"Aug 31, 2026"
coop_funny,1146940,I will eat you,"Dec 6, 2019"
coop_funny,3222130,Who Do Voodoo,"May 14, 2026"
coop_funny,941890,Mini Matches,"Mar 21, 2022"
coop_funny,486510,TOKYO WARFARE,"Jul 29, 2016"
coop_funny,1790340,KUUKIYOMI: Consider It! ONLINE,"Jun 19, 2022"
coop_funny,3249560,Undercover Fools,"Mar 5, 2025"
coop_funny,1499220,Kungfu Cowboy,"Jul 30, 2021"
coop_funny,1182280,Foodtruck Arena,"Jul 2, 2021"
coop_funny,2764690,Chefs Together,"Apr 15, 2024"
coop_funny,1729640,COROCONNECT,"Sep 29, 2024"
coop_funny,2180890,Bunny Game,"Mar 11, 2024"
coop_funny,1697170,4 Rush Together,"Jan 6, 2025"
coop_funny,3467390,DON'T GET GOT,"Jan 24, 2025"
coop_funny,1963360,Yerr Out,"Apr 13, 2024"
coop_funny,985940,Beat Me!,"Aug 19, 2020"
coop_funny,1526180,Hide and Seek,"Nov 12, 2021"
coop_funny,2005790,Gleeb Glob,"Jul 18, 2023"
coop_funny,1061880,Conan Chop Chop,"Mar 1, 2022"
coop_funny,2738480,NOVA CORE CHAOS,"Mar 4, 2024"
coop_funny,4078150,Nekotype Keyboard Cat Simulator,"Dec 11, 2025"
coop_funny,3295890,PARKOUR CIVILIZATION,"Nov 14, 2024"
coop_funny,673560,IOSoccer,"Jun 12, 2026"
coop_funny,1077510,Breaking Box,"Aug 10, 2023"
coop_funny,2842150,Pair A Dice,"Jul 31, 2025"
coop_funny,4597330,SHRIMP GAME: KRILL CONFIRMED,"May 6, 2026"
coop_funny,2757660,Dooblets,"May 20, 2024"
coop_funny,2491700,Puropu Defense Squad,"Dec 9, 2024"
coop_funny,1834980,Ritual Night,"Nov 4, 2024"
coop_funny,2265920,Castle of Blackwater,"Mar 25, 2025"
coop_funny,265630,Fistful of Frags,"May 9, 2014"
coop_funny,1996500,The Purge Dilemma,"Jun 26, 2023"
coop_funny,2660510,OCTOPinbs,"May 11, 2026"
coop_funny,3194510,Shop Simulator: Pet Shop,"Oct 25, 2024"
coop_funny,2996520,Dummy Guyz,"Jun 11, 2024"
coop_funny,2776860,Let's Patiti!,"Mar 31, 2025"
coop_funny,1424860,Bish Bash Bots,"Oct 19, 2023"
coop_funny,582330,Warriors: Rise to Glory,"Jan 20, 2022"
coop_funny,2643810,Betrayal Beach,"May 6, 2024"
coop_funny,1919140,Antioch: Scarlet Bay,"Nov 25, 2022"
coop_funny,1514880,Zigglox,"May 18, 2023"
coop_funny,2297240,Cartoon Rage,"Jul 14, 2023"
coop_funny,3902930,Pogo Panic,"Jul 6, 2026"
coop_funny,1949970,J-Jump Arena,"Oct 23, 2025"
coop_funny,2411210,Mop of the Dead,"Oct 19, 2023"
coop_funny,2631140,Weed Shop 4: Highland,"Apr 20, 2026"
coop_funny,1236160,The Last Archwing,"Mar 27, 2020"
coop_funny,400080,Out of Space,"Feb 26, 2020"
coop_funny,622770,Hacktag,"Feb 14, 2018"
coop_funny,3027820,Nexus Rumble: The Ultimate Showdown,"Jul 22, 2024"
coop_funny,1859270,Perfect Partner,"Jun 29, 2023"
coop_funny,3376480,Delivery & Beyond,"Jan 27, 2026"
coop_funny,976900,Lumberhill,"Jun 13, 2021"
coop_funny,4537780,Climber Toys: Together,"Apr 24, 2026"
coop_funny,1506620,Horror Squad,"Feb 26, 2021"
coop_funny,1565210,Buildest,"Nov 15, 2023"
coop_funny,3634220,DON`T PEEK,"Apr 25, 2026"
coop_funny,3882430,Laid-Back Camp: Camping Cook-off!,"Mar 19, 2026"
coop_funny,3473580,Super World War,"Aug 25, 2025"
coop_funny,1927650,Animals Collision,"May 2, 2022"
coop_funny,1283960,东方幻灵录 ~ Touhou Hakanai Cards,"May 20, 2020"
coop_funny,2698040,Mall Heist,"May 8, 2025"
coop_funny,2343650,Waven,"Aug 16, 2023"
coop_funny,948960,Morphies Law: Remorphed,"Jul 30, 2019"
coop_funny,1013220,River City Saga: Three Kingdoms,"Jul 20, 2022"
coop_funny,752170,Save Your Nuts,"Apr 16, 2020"
coop_funny,2814360,TransmuTowers,"Mar 11, 2026"
coop_funny,1248120,Higher Critters - 1v4,"Jun 24, 2021"
coop_funny,4440410,GLOCKTOPUS,"Mar 27, 2026"
coop_funny,1002000,SPITLINGS,"Aug 4, 2020"
coop_funny,2898650,Fish Hero,"Aug 2, 2024"
coop_funny,2139890,Dream Fight Will,"May 4, 2023"
coop_funny,2615770,Shenaniganza,"Dec 16, 2024"
coop_funny,1374350,Tiny Troopers: Global Ops,"Mar 9, 2023"
coop_funny,1883530,SnackHunter,"Jul 8, 2022"
coop_funny,651380,BANG! BANG! Totally Accurate Redneck Simulator,"May 4, 2020"
coop_funny,2228710,Where is Billy?,"Oct 25, 2024"
coop_funny,4044170,Deskworm,"Jan 15, 2026"
coop_funny,2500750,Only Climb: Better Together,"Jul 25, 2023"
coop_funny,3304040,Desktop Warriors,"Feb 20, 2026"
coop_funny,1000500,The Undisputables : Online Multiplayer Shooter,"Dec 5, 2021"
coop_funny,1080410,Bake 'n Switch,"Aug 21, 2020"
coop_funny,3321400,SANTA,"Dec 18, 2024"
coop_funny,1637140,Fishards,"Nov 3, 2021"
coop_funny,3643790,Gigils: Chomp Together,"Jul 24, 2026"
coop_funny,1375650,Chasers Dash & Bash,"Jul 30, 2025"
coop_funny,2448830,Time Handlers,"Jan 11, 2024"
coop_funny,1588400,Spacelines from the Far Out: Flight School,"Feb 7, 2022"
coop_funny,1163690,Wizards,"Jan 15, 2021"
coop_funny,3665430,Kaporanga,"Apr 14, 2026"
coop_funny,4302610,Come Out Guys,"Jul 28, 2026"
coop_funny,2247670,Hide and Seek,"Mar 29, 2024"
coop_funny,3461300,I'm Truely a Good Guy!,"Apr 1, 2025"
coop_funny,263740,FootLOL: Epic Soccer League,"Apr 16, 2014"
coop_funny,2868740,Pet Crossing,"May 4, 2024"
coop_funny,1866470,Guns N Stuff 2,"Jul 12, 2022"
coop_funny,2204560,Mineral Madness,"Nov 10, 2025"
coop_funny,466910,Worm.is: The Game,"May 4, 2016"
coop_funny,3669080,Playomoji,"Jul 30, 2025"
coop_funny,1441430,Wordeous,"Aug 22, 2022"
coop_funny,3239840,Merge Together : Multiplayer Suika Game,"Nov 8, 2024"
coop_funny,1802330,INVITATION To FEAR,"Nov 24, 2021"
coop_funny,587860,Tales of Escape,"Mar 15, 2017"
coop_funny,3171380,Shenaniguns,"Jan 19, 2026"
coop_funny,3511130,hololive GoroGoro Mountain,"Jul 23, 2025"
coop_funny,2592340,Keep the Heroes Out,"Dec 9, 2025"
coop_funny,388430,TankZone Battle,"Sep 21, 2015"
coop_funny,2307870,OutRage: Fight Fest,"Jul 16, 2024"
coop_funny,1473270,Are You Smarter Than The Crowd?,"Apr 7, 2022"
coop_funny,3291090,Planet Hoarders,"Dec 17, 2025"
coop_funny,698870,Metaverse Keeper / 元能失控,"Apr 10, 2019"
coop_funny,4014830,ToyBoxers!,"Apr 24, 2026"
coop_funny,805270,Playcraft,"Jan 17, 2023"
coop_funny,4238470,Don’t Turn Off the Light,"Mar 27, 2026"
coop_funny,357670,Home Improvisation: Furniture Sandbox,"Jul 28, 2016"
coop_funny,3036380,Turtle Champs,"Jul 4, 2024"
coop_funny,2811100,The Mosquito Gang,"May 20, 2025"
coop_funny,1565660,S.P.A.T.,"Aug 27, 2021"
coop_funny,2651090,Super Stream-Bara,"Sep 15, 2025"
coop_funny,836850,Tiny Tanks,"Apr 11, 2019"
coop_funny,1973970,雀皇麻雀,"Nov 10, 2022"
coop_funny,2192970,All On Board!,"Feb 27, 2025"
coop_funny,611350,Evil Tag,"Apr 7, 2017"
coop_funny,3668910,ddz Online,"Nov 27, 2025"
coop_funny,1779080,Project Bridge,"Dec 18, 2023"
coop_funny,3446850,Skufs VS Quadrobers,"Jan 30, 2025"
coop_funny,3358560,Hardware Store Simulator,"Apr 18, 2025"
coop_funny,2131350,My Coworker is an Idiot,"Dec 8, 2022"
coop_funny,1989990,Touhou Crisis,"May 26, 2022"
coop_funny,1937820,Tavernacle!,"Sep 11, 2023"
coop_funny,2966570,Impostor Online,"Apr 19, 2025"
coop_funny,2613480,LAN Party,"Jun 19, 2025"
coop_funny,2062910,Just Sign!,"Aug 26, 2022"
coop_funny,2998970,Summon: Joint escape,"Oct 3, 2024"
coop_funny,1552210,Scary Buddies,"Jul 8, 2022"
coop_funny,2982360,Bandit Trap,"Apr 30, 2026"
coop_funny,4753590,TEAM PANIC,"Jun 19, 2026"
coop_funny,425150,Assassins vs Pirates,"May 10, 2016"
coop_funny,1937540,Potato Arena,"Jan 6, 2025"
coop_funny,2536600,Dusty Derby,"Oct 20, 2024"
coop_funny,1275770,"The Narrator is a DICK : Longer, Harder, and Uncut","Apr 20, 2020"
coop_funny,1694160,Singulive,"Aug 17, 2021"
coop_funny,2721690,Cod Quest!,"Nov 10, 2024"
coop_funny,436180,Spacelords,"Sep 22, 2017"
coop_funny,3468170,Pizza Panic!,"Feb 25, 2026"
coop_funny,5068360,Chained Parkour Together,"Aug 27, 2026"
coop_funny,799830,am i the baddie?,"Oct 5, 2021"
coop_funny,1217570,Lessons with Chii-chan,"Mar 12, 2020"
coop_funny,2881520,River City Saga: Three Kingdoms Next,"Nov 6, 2024"
coop_funny,3064990,Cart To The End,"Jul 19, 2024"
coop_funny,1212110,Knockback: The Awakening,"Apr 30, 2020"
coop_funny,304950,Castaway Paradise - live among the animals,"May 19, 2015"
coop_funny,1364340,OPERATION SERPENS,"Jul 22, 2020"
coop_funny,1039380,Bunny Parking,"Mar 23, 2019"
coop_funny,2898810,Nitronauts,"Apr 4, 2025"
coop_funny,1482840,Come with Me,"May 14, 2021"
coop_funny,1894460,Zombie Within,"Aug 29, 2024"
coop_funny,2710420,BEAMS,"Mar 8, 2024"
coop_funny,2424480,No Heroes Here 2,"Jul 1, 2025"
coop_funny,1374200,Lockdown VR: Kidnapped,"Aug 20, 2020"
coop_funny,1268100,War Islands: A Co-op Adventure,"Jun 29, 2020"
coop_funny,1278350,Jelly Brawl,"Oct 27, 2020"
coop_funny,1271110,Healing Spree,"Oct 20, 2021"
coop_funny,1267070,Monorail Stories,"Sep 30, 2022"
coop_funny,4254250,Notebook Battlegrounds,"Mar 16, 2026"
coop_funny,3644200,2 Cooks 1 Mess,"Apr 15, 2026"
coop_funny,4922530,MapGod,"Aug 5, 2026"
coop_funny,2344820,Puzzle Wizards,"Apr 27, 2023"
coop_funny,2269500,Leap of Legends,"Jun 22, 2026"
coop_funny,3262520,Victory of Seeker,"Jan 5, 2025"
coop_funny,999860,Enemy On Board,"May 8, 2020"
coop_funny,1475400,"Run Prop, Run! - Puropu Pursuit","Jun 23, 2021"
coop_funny,1617480,Fight Party,"May 15, 2021"
coop_funny,2468720,Hellwatch,"Oct 24, 2024"
coop_funny,2777220,Human Fall Flat VR,"Oct 31, 2024"
coop_funny,1010860,Hide and Seek,"Feb 1, 2019"
coop_funny,3645100,Grenouilles 3D,"Apr 30, 2026"
coop_funny,2410490,Sneak Out,"Jun 6, 2024"
coop_funny,1142130,They Can't Stop All Of Us,"Nov 1, 2019"
coop_funny,420930,CHKN,"Apr 1, 2016"
coop_funny,1457990,Yuligans: Christmas is Coming!,"Nov 24, 2020"
coop_funny,2349040,Dinky Guardians,"Oct 2, 2023"
coop_funny,3061030,Balloon Friends,"Mar 5, 2025"
coop_funny,3753790,Hunters In The Dark,"Jun 19, 2026"
coop_funny,1343040,Blocky Ball,"Mar 26, 2021"
coop_funny,1445370,Imposters: Countdown,"Feb 1, 2023"
coop_funny,2317820,Feudal Friends,"Jul 17, 2023"
coop_funny,2520580,Up N' Down,"Dec 19, 2023"
coop_funny,3342410,Dr Voss’ Escape Room,"Jul 14, 2025"
coop_funny,4158720,Helluva Heist,"Apr 22, 2026"
coop_funny,1916970,Tree Simulator 2023,"Apr 1, 2022"
coop_funny,4464550,HOP-CO-OP,"Jun 23, 2026"
coop_funny,3148010,Barbecue with friends,"May 22, 2025"
coop_funny,3434550,Pogo With Friends,"May 1, 2026"
coop_funny,865980,BOSSGARD,"May 21, 2020"
coop_funny,1497590,Saints and Sinners,"Apr 16, 2021"
coop_funny,1781140,Sing Together: VR Karaoke,"Apr 6, 2022"
coop_funny,2766480,Cargo Duty,"Feb 3, 2024"
coop_funny,3128530,萍城异闻录(PingCity),"Jan 8, 2026"
coop_funny,3366010,Kitchen Wars: Appetiser,"Feb 6, 2025"
coop_funny,4149620,Low Poly Mouse Game,"Dec 9, 2025"
coop_funny,867980,Raiders Of The Lost Island,"Sep 2, 2020"
coop_funny,3298460,Pushing it! Together - Sisyphus Co-op,"Apr 9, 2025"
coop_funny,1228910,Ragdoll Party Online,"Aug 3, 2021"
coop_funny,41014,Serious Sam HD: The Second Encounter,"Apr 28, 2010"
coop_funny,4380690,逐末之地：60s Exploring the Endless Land：60s,"Jun 29, 2026"
coop_funny,2575060,Lively Chair Simulator,"Oct 20, 2023"
coop_funny,1597400,LOST EGG 2: Be together,"Apr 29, 2021"
coop_funny,2435980,Space Odyssey,"Jul 20, 2024"
coop_funny,2865580,Let's Minesweeper,"Jul 24, 2024"
coop_funny,1835930,燃爆英雄(Bomb Hero),"Feb 22, 2022"
coop_funny,2216090,ZaBaTa!,"Mar 27, 2023"
coop_funny,2882310,Roomballs,"Aug 20, 2026"
coop_funny,3306050,Potion Problems,"May 13, 2025"
coop_funny,866770,Spaceteam VR,"May 21, 2020"
coop_funny,3936900,Stacked!,"Feb 25, 2026"
coop_funny,2363590,H.I.A: Horror Investigation Agency,"Feb 28, 2024"
coop_funny,1794490,SPY RUMBLE,"Jun 28, 2023"
coop_funny,1408080,Minigame Madness,"Nov 13, 2023"
coop_funny,1621200,Hot Pot VR,"May 28, 2021"
coop_funny,506500,Party Panic,"Aug 7, 2017"
coop_funny,3023190,Deduce Together,"Nov 30, 2024"
coop_funny,1663410,Happenlance,"Oct 22, 2021"
coop_funny,1234550,Quest Rooms,"Mar 11, 2020"
coop_funny,3394740,"Draw, Draw, Pass!","Mar 2, 2026"
coop_funny,3390160,The Pub Life Simulator,"Aug 1, 2025"
coop_funny,4408510,FEEDERS,"Mar 30, 2026"
coop_funny,1632670,Cave Guessers,"Oct 7, 2022"
coop_funny,308080,Wing Breakers,"Mar 11, 2022"
coop_funny,662830,Bombix,"Mar 2, 2018"
coop_funny,2097850,Jewel Run,"Oct 20, 2023"
coop_funny,2093330,Party Bunch,"Aug 11, 2022"
coop_funny,4162110,VOSPETKA Simulator,"May 22, 2026"
coop_funny,1718300,Fallen Relics,"Jul 21, 2025"
coop_funny,794350,No Captain Allowed!,"May 2, 2022"
coop_funny,1896180,The RPS Game Show,"Apr 25, 2025"
coop_funny,2696930,FROM THE GROUND,"Sep 15, 2025"
coop_funny,1867580,Final Space - The Rescue,"Feb 2, 2022"
coop_funny,4768040,Dinerz: Prologue,"Jul 17, 2026"
coop_funny,1198860,Snowballs,"Nov 9, 2020"
coop_funny,3292290,FatSheep Crisis II,"Nov 21, 2024"
coop_funny,2241910,Sweets Pusher Friends,"Feb 9, 2023"
coop_funny,2009310,Goi: Spooky Run,"Mar 13, 2023"
coop_funny,2219660,Edemn,"Jun 14, 2023"
coop_funny,2276780,Truth Seekers,"Jan 11, 2026"
coop_funny,591740,Sniper Fury,"Jun 13, 2017"
coop_funny,3113730,Mini Bash,"Feb 27, 2025"
coop_funny,2766880,Meowingtons Simulator,"May 6, 2025"
coop_funny,2613870,BattleCore Arena,"Feb 4, 2025"
coop_funny,1153930,Easy Shooter,"Jul 19, 2020"
coop_funny,1671330,Suspect Enemy,"Jan 15, 2022"
coop_funny,1583910,Tic Tac Together,"May 11, 2021"
coop_funny,3716360,Upstairs,"Nov 6, 2025"
coop_funny,272230,Sub Rosa,"Mar 25, 2021"
coop_funny,1347130,Kinetic Edge,"Feb 5, 2021"
coop_funny,663690,Rival Rampage,"Nov 7, 2017"
coop_funny,317360,Double Action: Boogaloo,"Oct 23, 2014"
coop_funny,2479670,街机休闲捕鱼-Classic Arcade Fishing,"Feb 13, 2024"
coop_funny,3723430,Cafe Crew Simulator: Prologue,"May 8, 2026"
coop_funny,4504890,Dusties,"Apr 27, 2026"
coop_funny,2009470,Party Pie: Free Pie,"Aug 26, 2022"
coop_funny,991780,Notes of Soul,"Jan 17, 2019"
coop_funny,663830,George VS Bonny PP Wars,"Jul 27, 2018"
coop_funny,433350,BlackShot: Mercenary Warfare FPS,"May 31, 2016"
coop_funny,1097770,Aeolis Tournament,"Jul 16, 2020"
coop_funny,1352440,Brick Building,"Jul 28, 2020"
coop_funny,1481700,Private Property,"Jul 20, 2023"
coop_funny,3819250,Trigger Land,"Sep 11, 2025"
coop_funny,233980,UnEpic,"Jul 25, 2014"
coop_funny,2301630,Goblins,"Mar 17, 2023"
coop_funny,3017610,Hyper Tag,"Jan 1, 2025"
coop_funny,3091660,THROUGH,"Oct 30, 2024"
coop_funny,3663980,Pogo Stick: Ultimate Challenge,"May 2, 2025"
coop_funny,1808060,Obama Maze,"Aug 1, 2022"
coop_funny,1462640,Alien world Millionaire,"Nov 30, 2020"
coop_funny,4565910,Hamster Pet: Desktop Companion,"Jun 22, 2026"
coop_funny,624410,Prank Bros / 欢乐兄弟,"Jul 31, 2018"
coop_funny,3038590,BigFool,"Jul 8, 2024"
coop_funny,1315240,Blackstorm,"Jun 1, 2021"
coop_funny,819280,ZAMB! Endless Extermination,"Jan 16, 2019"
coop_funny,1178200,Somewhere inside,"Nov 8, 2019"
coop_funny,1193460,Bunny Sudoku,"Nov 29, 2019"
coop_funny,1840330,Dummy Falls,"Aug 17, 2023"
coop_funny,1357220,PogoChamp,"Apr 12, 2021"
coop_funny,1992890,欢乐金蟾捕鱼,"Jul 19, 2022"
coop_funny,3950890,Mole or Not,"Oct 2, 2025"
coop_funny,2960540,PeakPals,"Aug 16, 2024"
coop_funny,2290500,Flee the Backrooms,"Jul 10, 2024"
coop_funny,1453250,Cinema Simulator,"Nov 18, 2020"
coop_funny,1042750,Night shot,"Oct 16, 2019"
coop_funny,2275820,Kitchen Chaos - Learn Game Development,"Jan 30, 2023"
coop_funny,380840,Teeworlds,"Aug 24, 2015"
coop_funny,1623650,Don't Cut Your Hand 2,"Aug 5, 2021"
coop_funny,3082170,Skeleton Hell,"Jul 25, 2024"
coop_funny,791410,Desktop Cube-Man,"Mar 9, 2024"
coop_funny,2244550,Don't Steal My Christmas!,"Dec 21, 2022"
coop_funny,4895330,Snack Factory Together - Prologue,"Sep 30, 2026"
coop_funny,371510,Gunnheim,"Oct 16, 2015"
coop_funny,302830,BLOCKADE 3D,"Dec 19, 2014"
coop_funny,3620720,Buckle Up!,"Mar 30, 2026"
coop_funny,3842740,You Suck At Football,"Aug 4, 2025"
coop_funny,220260,Farming Simulator 2013: Titanium Edition,"Oct 9, 2013"
coop_funny,4179860,Geckos & Deckos,"Jun 26, 2026"
coop_funny,2719940,The Bonerooms,"Oct 30, 2024"
coop_funny,3561580,Hauntrick,"Apr 11, 2025"
coop_funny,3826210,The Pub Life Simulator: Prologue,"Jul 15, 2025"
coop_funny,2589910,Timberman: The Big Adventure,"Nov 24, 2023"
coop_funny,1435960,Potato Party: Hash It Out,"Nov 25, 2021"
coop_funny,1932590,bearcycle,"Mar 3, 2023"
coop_funny,426190,Miner Meltdown,"Aug 2, 2017"
coop_funny,2336430,PoligonVR,"Dec 19, 2025"
coop_funny,434730,Half Dead,"Aug 1, 2016"
coop_funny,236510,Takedown: Red Sabre,"Feb 10, 2014"
coop_funny,1543100,Farmers Co-op: Out of This World,"Sep 1, 2021"
coop_funny,1454600,Doctor Bunny,"Nov 24, 2020"
coop_funny,3313350,Popo & Rob,"Jan 14, 2025"
coop_funny,1776650,FRAGROOM: Defenders,"Feb 3, 2022"
coop_funny,1823340,*NEW* SCUFFED BHOP SIMULATION 2026 GOTY EDITION,"Mar 25, 2022"
coop_funny,386880,Rake,"Jul 13, 2015"
coop_funny,305260,Battle Islands,"Aug 6, 2014"
coop_funny,3099370,Relic,"Sep 13, 2024"
coop_funny,1653980,Goblin Town,"Feb 15, 2022"
coop_funny,3422060,Investour,"May 22, 2025"
coop_funny,1116960,UNDEFEATED,"Aug 2, 2019"
coop_funny,706990,BLOCKPOST LEGACY,"Apr 25, 2019"
coop_funny,2631520,Royale King,"Jun 9, 2024"
coop_funny,2059760,Elden Gunfire 2,"Jul 19, 2022"
coop_funny,250420,8BitMMO,"Jan 26, 2015"
coop_funny,2813720,Meow Playground,"Apr 29, 2024"
coop_funny,3146590,Proportions,"Oct 9, 2024"
coop_funny,3771740,IQ Under Construction,"Jun 19, 2025"
coop_funny,2280320,Amigo: Kebab Simulator,"Apr 3, 2023"
coop_funny,326960,Killing Floor - Toy Master,"Oct 16, 2014"
coop_funny,3675400,捣蛋蛙（Croak Squad）,"Jan 9, 2026"
coop_funny,4791980,SCREAM NOTE,"Jul 28, 2026"
coop_funny,3270270,Haunted Halloween,"Oct 30, 2024"
coop_funny,1424540,The Boo Croo,"Sep 4, 2026"
coop_funny,3971290,The Money Pit,"Aug 11, 2026"
coop_funny,1509230,Prop Hunt,"Mar 26, 2021"
coop_funny,1492850,Mulligans Golf Game,"Aug 11, 2026"
coop_funny,4178200,V.A.U.L.T. PROTOCOL,"Aug 21, 2026"
coop_funny,1736120,Gambit!,"Apr 6, 2023"
coop_funny,1938750,Out of Stock!,"Oct 31, 2025"
coop_funny,5083150,Dub Rumble,"Sep 17, 2026"
coop_funny,3179450,URAANKHIANS Dygyn - The Beginning,"Oct 24, 2024"
coop_funny,4743970,Cat Crisis,"Aug 5, 2026"
coop_funny,2866360,BACKROOMS NO RETURN: Prologue,"Aug 9, 2024"
coop_funny,3636520,Harvest Scream,"Sep 16, 2026"
coop_funny,4410890,Oh Ship!,"Sep 25, 2026"
coop_funny,1291970,Mythic Dungeons,"Apr 22, 2022"
coop_funny,1879240,Tennis Life,"Mar 7, 2025"
coop_funny,616220,Hide vs. Seek,"Aug 7, 2017"
coop_funny,4000360,Red Chair,"Nov 22, 2025"
coop_funny,3508060,shutterbuds,"May 2, 2025"
coop_funny,1111650,Never BreakUp,"Jul 15, 2022"
coop_funny,4640590,Fool's Pub,"Jun 18, 2026"
coop_funny,1476830,Guillotine,"May 4, 2022"
coop_funny,4427230,Prison Gambit,"Aug 7, 2026"
coop_funny,2796250,Beware the Depths,"Aug 26, 2026"
coop_funny,3438550,Fobia Fights,"Aug 6, 2026"
coop_funny,5029890,KKUL-TTEOK!,"Oct 1, 2026"
coop_funny,4581640,Airship Climber,"May 28, 2026"
coop_funny,4534960,Dear Passengers,2026
coop_funny,4738010,Fish & Ships,To be announced
coop_funny,4258290,We Are So Cooked,Q1 2027
coop_funny,3924610,MIND BIOTICS,"Apr 28, 2026"
coop_funny,3960910,Parcel Pals,"Jul 31, 2026"
coop_funny,4418470,CHEATED,"Aug 9, 2026"
coop_funny,4189640,Feed The Maw,"May 6, 2026"
coop_funny,3605510,No Prospects,Q2 2027
coop_funny,4268060,Piano Trauma - Stress Deluxe,"Jul 7, 2026"
coop_funny,4381890,Sky Pirates,Coming soon
coop_funny,4292440,The Minesweeper,"Jun 26, 2026"
coop_funny,5013480,NextBot PANIC!,Q1 2027
coop_funny,4996960,Handle with Care!,"Oct 13, 2026"
coop_funny,2923190,Scrap Daddies,"Jan 20, 2026"
coop_funny,4883040,Out of Office!,Q3 2027
coop_funny,4783130,One Star Hotel,Coming soon
coop_funny,5045560,Shuffle and Seek,"Sep 23, 2026"
coop_funny,4443380,REGENERATE,Coming soon
coop_funny,5208540,How to Hunt,To be announced
coop_funny,4781630,Cult Runners,To be announced
coop_funny,3657080,Skinwalker,Coming soon
coop_funny,4045440,Traitor's Kitchen,"Mar 29, 2026"
coop_funny,4393200,Poop Deck,2027
coop_funny,4651500,Alchemania,Coming soon
coop_funny,4635820,YO UP!,2026
coop_funny,5071050,Rigged,Coming soon
coop_funny,3645820,The Storyteller,"Jul 30, 2025"
coop_funny,4914930,Debate!,Coming soon
coop_funny,4142180,DEAD BEFORE WORK: THE COMMUTE,"Aug 7, 2026"
coop_funny,4124400,PIVOT!,Coming soon
coop_funny,3639240,We Are Busy Digging A Hole,"Jun 17, 2025"
coop_funny,4087710,Burrows,To be announced
coop_funny,3717140,Dumpster Divers,To be announced
coop_funny,3019940,Please Stay Seated,Coming soon
coop_funny,5129300,Alien Exterminators,2027
coop_funny,5270220,Sound Bounded,October 2026
coop_funny,5175780,It's the Insides That Count,Coming soon
coop_funny,4292220,Poopnauts,Q2 2027
coop_funny,1521550,Dungeons & Dummies,"Jul 30, 2026"
coop_funny,4204130,Tavern of Trials,To be announced
coop_funny,5118350,BalloonsBang,Coming soon
coop_funny,4989380,Hospital Hustle,Coming soon
coop_funny,5130710,What The Frog！Who Kicked The Can？,"Sep 20, 2026"
coop_funny,4419110,DAM IT,To be announced
coop_funny,5055130,We Are Cooking,"Oct 12, 2026"
coop_funny,4886830,Dimensional Breach,Q4 2026
coop_funny,4380980,N.I.V.O,"Aug 12, 2026"
coop_funny,1033230,Sheep Collision,"Mar 25, 2019"
coop_funny,5208860,Dub House,Coming soon
coop_funny,4251560,OUTSIDE,To be announced
coop_funny,4456180,Overdue,"Oct 12, 2026"
coop_funny,4840470,Crypt Club,To be announced
coop_funny,3066870,Black Site,Coming soon
coop_funny,5125800,Pose This!,Coming soon
coop_funny,3636190,Nightmare Rotation,Coming soon
coop_funny,4856120,"Be Gray, Do Crime",Coming soon
coop_funny,4333440,SNOTROCKET™,"Apr 28, 2026"
coop_funny,1685620,It's Mealtime!,Coming soon
coop_funny,4175090,Quacky Jacky,Coming soon
coop_funny,4321400,Gold Up,"Aug 12, 2026"
coop_funny,5085090,Astrojunk,To be announced
coop_funny,2161230,Grapple Gunners,"Jun 30, 2026"
coop_funny,2438120,RunOut - Hothead Paws,"Aug 28, 2026"
coop_funny,3620130,Pizza Oof!,"Jul 9, 2026"
coop_funny,3703080,Ribb-Eats,To be announced
coop_funny,4987170,Shole Soccer,Q4 2026
coop_funny,4980420,It's All Ogre,December 2026
coop_funny,4162620,Theme Park Simulator,To be announced
coop_funny,3611780,Chaos Movers,Coming soon
coop_funny,5160740,NOT MY FAULT,Q1 2027
coop_funny,4588510,Mayday Vacay,Coming soon
coop_funny,4534190,Dave's House,"Nov 2, 2026"
coop_funny,2907180,Malignity of Goblins,To be announced
coop_funny,4626000,Left Fore Dead: Zombie Battle Golf,"Jun 25, 2026"
coop_funny,4116630,Hold My Winch!,2026
coop_funny,4536480,All Rats on Deck,Q4 2026
coop_funny,4316440,Gurney Grannies,To be announced
coop_funny,4584890,2 Players 1 Character,Coming soon
coop_funny,2521370,Escape Roomble,Coming soon
coop_funny,4857340,Florida Man Court,"Jul 28, 2026"
coop_funny,4360140,Sneaky Clean,"Aug 11, 2026"
coop_funny,1064260,SpaceEscapeVR,"Dec 21, 2021"
coop_funny,4288270,Crooked Cooks,Q1 2027
coop_funny,4154790,Chained Crossing,Coming soon
coop_funny,5118740,Puke and Seek,"Oct 2, 2026"
coop_funny,4789610,Unheenged,2026
coop_funny,3952820,Desserted,2026
coop_funny,4789340,MoveMe,Coming soon
coop_funny,4307440,Grab & Run | Alpaca Party,"Feb 25, 2026"
coop_funny,4900290,Jigsaw Panic,Q1 2027
coop_funny,5041040,Sketchy Business,Coming soon
coop_funny,5199210,Too Hot To Hold,"Nov 3, 2026"
coop_funny,4704000,Shark Mart,Coming soon
coop_funny,4071650,Stream Train,"Oct 16, 2026"
coop_funny,4566330,Sussy Cat,"May 10, 2026"
coop_funny,4083670,Wobble Rumble,"Sep 23, 2026"
coop_funny,4580330,Spy Carnival,Coming soon
coop_funny,3672190,Drop Dead Party,December 2026
coop_funny,4896820,We'll Be Fine,Coming soon
coop_funny,2647980,Happy Bird Day,"Feb 13, 2024"
coop_funny,4300260,4Below,2026
coop_funny,4826260,Kaput,To be announced
coop_funny,5108820,Handle With Care,Coming soon
coop_funny,3724810,No Bots Here,Coming soon
coop_funny,4178630,Christmas Heist,December 2026
coop_funny,4955330,Morder,Coming soon
coop_funny,4339680,Totally Safe Moon Project,To be announced
coop_funny,4637990,Baaad Trip,Coming soon
coop_funny,3981630,Fire Entrance,To be announced
coop_funny,4380020,"It’s magic, bro!",To be announced
coop_funny,4533880,How to Knot Drive,Coming soon
coop_funny,3453430,Rush Your Band,"Dec 23, 2026"
coop_funny,4400900,Cursed Cargo,"Jul 7, 2026"
coop_funny,4290570,Horse & Horse,"Jun 23, 2026"
coop_funny,3409010,Brutal Cube,Coming soon
coop_funny,4458000,Pull It Together,To be announced
coop_funny,5158750,BUNGLERS!,Coming soon
coop_funny,4969160,BUFFET,Coming soon
coop_funny,4346080,Dr.Ragnam Show,Coming soon
coop_funny,5039230,Shared Custody,Coming soon
coop_funny,3095980,Retreat,Coming soon
coop_funny,4509370,Stink Buddies,2027
coop_funny,4731340,"No, Chef!",Coming soon
coop_funny,5183520,Wish Impossible,Coming soon
coop_funny,4776500,Carry On Together,"Nov 16, 2026"
coop_funny,4767500,1 MONKEY LEFT,Coming soon
coop_funny,2179180,Hex Party,2026
coop_funny,3764040,Plush Time,Q4 2026
coop_funny,4277020,SHEEPSTERS,Coming soon
coop_funny,5088820,Get Us Out,Coming soon
coop_funny,4613790,Spooky Ride,"Oct 29, 2026"
coop_funny,3314580,Trash Day,"Oct 13, 2026"
coop_funny,2972760,Ultimate Jello Party,Coming soon
coop_funny,3631410,AUTO DERBY CASINO,"May 25, 2026"
coop_funny,2383180,Radiant: Guardians of Light,"Jun 30, 2025"
coop_funny,5142510,Foxalot: Steal Together,October 2026
coop_funny,4096830,S.O.N.A.R. - Submarine Operators Not Actually Ready,"Oct 29, 2026"
coop_funny,1026890,YOBA2D,Coming soon
coop_funny,2198890,Nicely Dicely,Coming soon
coop_funny,3590570,Bar of Betrayal,To be announced
coop_funny,4308870,Chaos Budz,Coming soon
coop_funny,2267230,Chicken Scratch,Coming soon
coop_funny,2461110,Anidu: Animal Doll’s Adventure,"Mar 28, 2024"
coop_funny,2642870,StepByStep,"Mar 13, 2024"
coop_funny,4381330,Disharmony,"Jun 12, 2026"
coop_funny,4765270,Idiots 4 Order,2026
coop_funny,4413430,SHAPE & SHADE,2026
coop_funny,3302740,Supernatural Squad,Coming soon
coop_funny,4474920,Nightmare Blunt Rotation,Coming soon
coop_funny,4950410,Pit Purge,"Oct 27, 2026"
coop_funny,2987600,What Goes Up,To be announced
coop_funny,4348760,Totally Secure Airport,Coming soon
coop_funny,4044080,Workers Comp,Coming soon
coop_funny,4235060,Foolz,To be announced
coop_funny,4751660,Screamcorp,To be announced
coop_funny,4345060,BUDGE,To be announced
coop_funny,5013160,Hubble Bubble,"Oct 23, 2026"
coop_funny,4740270,stardozing,Coming soon
coop_funny,4674820,Disaster Crew,Q4 2026
coop_funny,4398500,Broke Wizards,"Oct 29, 2026"
coop_funny,4162130,SUBOPTIMAL,To be announced
coop_funny,4146800,MAZIN,To be announced
coop_funny,5215900,Get On Board!,Coming soon
coop_funny,5205090,Will It Launch?,Coming soon
coop_funny,5152700,Paint Gang,Q4 2026
coop_funny,5004420,Door Runners,"Sep 9, 2026"
coop_funny,3250220,Nuts About Nuts,"Mar 10, 2025"
coop_funny,3165990,StageTime,To be announced
coop_funny,5055150,Don't Get Attracted,February 2027
coop_funny,5241380,You Go First!,October 2026
coop_funny,4589250,Space Jammed,To be announced
coop_funny,5095520,VIP Scandal Patrol,To be announced
coop_funny,2958550,Deeper,Q1 2027
coop_funny,5226450,CLOG & ORDER,Coming soon
coop_funny,5226780,Rage Room Together,Coming soon
coop_funny,3530640,Pecking Order,To be announced
coop_funny,2212400,Gemion Function,"Aug 18, 2025"
coop_funny,4158480,Pizza Agent,2027
coop_funny,4001850,SIQIL,"Sep 14, 2026"
coop_funny,5251070,Want a Bomb?,"Oct 23, 2026"
coop_funny,4033820,Spot The Word,"Oct 17, 2025"
coop_funny,5090530,War Mart,2027
coop_funny,5175310,Worst Class Ever,Q4 2026
coop_funny,4977560,Aliens Hide,Coming soon
coop_funny,3251700,Battle Gang,Coming soon
coop_funny,4674810,Broke Street,Q4 2026
coop_funny,4834640,Stickplosion,"Jul 14, 2026"
coop_funny,3963300,REPOSSESSION: Mafia Debt,To be announced
coop_funny,5020590,Blackout Murder,"Sep 14, 2026"
coop_funny,4072030,Straying Rules,2026
coop_funny,4459600,PICK A BOO,To be announced
coop_funny,4381410,Medic Please!,"May 29, 2026"
coop_funny,2662310,Crewed,To be announced
coop_funny,5229620,Escape the Playground,"Oct 6, 2026"
coop_funny,2387270,Frenemies,Coming soon
coop_funny,3909600,Rot Together,Q4 2027
coop_funny,1862300,Catch The Train,Q2 2027
coop_funny,5176090,Worst Lifeguards,2027
coop_funny,3458880,Hammam Simulator,2026
coop_funny,1822080,萌宠方块派对 Yippy cube,Coming soon
coop_funny,5221820,Harvestin Season,Q1 2027
coop_funny,1517090,Elevator To Hell,Coming soon
coop_funny,5118500,Safari-TV,To be announced
coop_funny,4835560,Banana Airways,Q1 2027
coop_funny,2957900,Fur-Fighters Frenzy,To be announced
coop_funny,4537830,SOCIETY,To be announced
coop_funny,5036010,NEGONEGO HIDE & RUN,2026
coop_funny,5235780,Voodoo You Chasing?,2026
coop_funny,4582550,Kabsa Spilled?,Q1 2027
coop_funny,4438080,Call It a Day,2027
coop_funny,2870790,Dumpster Gang,December 2026
coop_funny,3293190,Tagtopia,To be announced
coop_funny,5313470,Figure Me Out,October 2026
coop_funny,3362340,Survive Society,"May 7, 2025"
coop_funny,3317570,Hell Drill,To be announced
coop_funny,4291400,Capsule,Coming soon
coop_funny,5298910,My Friend is Blind,Coming soon
coop_funny,5203960,Monstaurant,2026
coop_funny,3953860,"BURGER, NO PLEASE!",Coming soon
coop_funny,3812470,Alchemist Madness,Coming soon
coop_funny,4158030,Call of Donuts,November 2026
coop_funny,4745210,HOMEWRECKERS,To be announced
coop_funny,2830930,Goon Company,To be announced
coop_funny,3545200,Space Dingus,To be announced
coop_funny,2962260,Recursive Riftfall,"Jun 1, 2026"
coop_funny,5082790,Lunch Duty,Q4 2026
coop_funny,4703930,Grilluminati,Q4 2026
coop_funny,3688240,Pipes.exe,Coming soon
coop_funny,4178620,Trainrot,Coming soon
coop_funny,2097840,Co OPERATION: MultiTurn,"Nov 4, 2025"
coop_funny,2820450,WuKong Up,"Aug 19, 2025"
coop_funny,4887270,When Pigs Fly,Coming soon
coop_funny,3338350,Wheelchair Together,"Mar 17, 2027"
coop_funny,4991530,Ultimate Dengon Game : A 3D Telephone Game,"Sep 5, 2026"
coop_funny,3780530,American Cooking Simulator: Multiplayer,"Oct 12, 2026"
coop_funny,4480370,Let's Cook It!,"Aug 14, 2026"
coop_funny,3015690,Super Cursor,"Jun 20, 2025"
coop_funny,5014790,YunDos 6p,To be announced
coop_funny,5016320,Heist of Fools,Q1 2027
coop_funny,5247180,We're Live!,Coming soon
coop_funny,5160660,Bunker and Friends,Coming soon
coop_funny,5123380,PITCHFORK,Coming soon
coop_funny,4993490,Grampage: Life at 67,2027
coop_funny,4174160,Project: Doors,To be announced
coop_funny,4618110,Who's Got the Legs,March 2027
coop_funny,2120710,みんなで人間メダルゲーム,To be announced
coop_funny,3382670,Polterparty,"Nov 2, 2025"
coop_funny,4088870,RoboSquare: Recharged,Q1 2027
coop_funny,3382280,HuntNPrey,"Dec 19, 2024"
coop_funny,5148080,"Heads Up, Chefs!",October 2026
coop_funny,3706640,The Fantastic Adventures of Mr. Don and Friends,"Oct 20, 2025"
coop_funny,5103070,Gassed Up!,"Sep 23, 2026"
coop_funny,2214320,BONE BORN,Coming soon
coop_funny,4281650,Long Way Gnome,Coming soon
coop_funny,3952540,Birdseed,"Oct 8, 2026"
coop_funny,3678070,Connected,Coming soon
coop_funny,2276500,Portal Guardians,"May 7, 2026"
coop_funny,2222090,REKT Party,To be announced
coop_funny,3473920,Deep Panic,Coming soon
coop_funny,3063970,Galax GO,To be announced
coop_funny,4278290,Magic Cards Duel,2026
coop_funny,4456960,Astro Yoinkers,Coming soon
coop_funny,4410360,HOLD MY WHEEL,"Nov 3, 2026"
coop_funny,4427620,Tilelings!,2026
coop_funny,4669810,Mad Friday,Coming soon
coop_funny,4850230,Actually Rocket Science,To be announced
coop_funny,4854090,why would you draw that???,To be announced
coop_funny,4767630,Plague Crew,To be announced
coop_funny,5143910,FryDay,Coming soon
coop_funny,5219680,Dirty Dogs,Q1 2027
coop_funny,3500460,Above Land: Rhapsody,2026
coop_funny,4635290,Grave Mistakes,November 2026
coop_funny,4876110,"Oops, No Floor!","Dec 31, 2026"
coop_funny,4241190,Dead Stock,Coming soon
coop_funny,4270010,Tunnelers,To be announced
coop_funny,4635560,FEED IT,Coming soon
coop_funny,5321080,Compost Apocalypse Survivors,December 2026
coop_funny,4877100,The Gastarbeiters,October 2026
coop_funny,5191730,Cowboys vs Orcs,To be announced
coop_funny,4675590,BOBA,Coming soon
coop_funny,3617830,Scary Cargo,Coming soon
coop_funny,4115520,Really Illegal Golf,Q1 2027
coop_funny,4835760,Backrooms: Splatter,2027
coop_funny,5198020,CATering: Roadtrip Rivals,Q2 2027
coop_funny,3962520,Handgun Football,"Mar 31, 2026"
coop_funny,4548160,Don't Chicken Out,"Jul 9, 2026"
coop_funny,5151240,LET'S GO! PANJANDRUM,Coming soon
coop_funny,4182190,Too Deep To Quit,2026
coop_funny,4908460,Flame and Blame,2027
coop_funny,4349610,YOU LOSE YOU SCREAM,To be announced
coop_funny,2791600,Becut - An Impostor Game,2026
coop_funny,2726030,Grapplers and Space Stuff,To be announced
coop_funny,4130890,SIRENS,To be announced
coop_funny,4132210,Zombie Hamsters,"Nov 6, 2026"
coop_funny,4416470,GOOD NEIGHBORS,To be announced
coop_funny,4374530,Keep It Up!,Q4 2026
coop_funny,4754860,Bad Grip Club,To be announced
coop_funny,4373150,Nerds Revenge,"Jul 7, 2026"
coop_funny,4233500,Possums,Q1 2027
coop_funny,4386680,Anywhere,To be announced
coop_funny,4465610,Mountain Goatastrophe,Coming soon
coop_funny,5094510,Deliwhere?,Coming soon
coop_funny,4566710,Catapulteers,2026
coop_funny,4432580,Space Out Together,Coming soon
coop_funny,4704920,Prison Pocket Patrol,Coming soon
coop_funny,5290030,Spellvoc,Q2 2027
coop_funny,1954260,RhyVerse,Coming soon
coop_funny,4686110,Agents 404,To be announced
coop_funny,4509690,Hold My Wand,Coming soon
coop_funny,3331550,Chain Jumpers,To be announced
coop_funny,4181840,Mount Misfits,Coming soon
coop_funny,4502890,CheatCheat,Coming soon
coop_funny,2922630,Chicken Chicken,"Mar 5, 2026"
coop_funny,5155490,Aer Isles,January 2027
coop_funny,5167460,WHO CHANGED IT?,"Nov 2, 2026"
coop_funny,4964860,Eggscape,Coming soon
coop_funny,5223650,UNDERKOVER,2026
coop_funny,5099290,Dub Night Live,"Oct 12, 2026"
coop_funny,3876030,Monkey Jump,"Nov 9, 2025"
coop_funny,4588260,BRUMLEY,Coming soon
coop_funny,5136410,Pressure Express,Q4 2027
coop_funny,5287300,Quiz Bang!,Coming soon
coop_funny,4879470,A Needle In a Haystack,2026
coop_funny,5151850,Boss Toss,Coming soon
coop_funny,4856900,Get It Out,To be announced
coop_funny,4858900,MAMIO : Don't Fall !,"Oct 2, 2026"
coop_funny,3981970,Platform Anomaly,Coming soon
coop_funny,3986580,FLING UP TOGETHER,To be announced
coop_funny,4992950,Ship Happens: Pirates Wanted,"Mar 31, 2027"
coop_funny,3819370,Pull the Beer,To be announced
coop_funny,1583090,GIRL.EXE,"May 14, 2026"
coop_funny,1501910,Fox Stories,Coming soon
coop_funny,2006560,Lockdown VR: Circus of the Dead,"Jun 9, 2022"
coop_funny,2876090,We Were Monkeys,"Jun 4, 2024"
coop_funny,3276100,Cosmic Crew,Coming soon
coop_funny,3278260,Lucipurr,Coming soon
coop_funny,3896420,Fluffy Chef,Coming soon
coop_funny,4203890,Pirate Panic!,To be announced
coop_funny,2775170,Just Plumbers in Hallowville,Coming soon
coop_funny,4922570,AWFULTOWER,Coming soon
coop_funny,4504440,Star Raker,"Nov 6, 2026"
coop_funny,4025150,Debuff Party,Coming soon
coop_funny,4757680,Senip,Coming soon
coop_funny,4690030,Weaper,September 2027
coop_funny,5225090,BLINDSIGHT,Coming soon
coop_funny,3475680,Shared RC,"Oct 30, 2026"
coop_funny,4119020,Doomed Crew,"Nov 11, 2026"
coop_funny,3726940,Pickle Panic,2027
coop_funny,3044610,Avalon Crew,Coming soon
coop_funny,4055050,Abracablabla,Coming soon
coop_funny,4805600,Scavenge Protocol,"Aug 1, 2026"
coop_funny,3434430,Goblin's Gamble 24,"Feb 16, 2025"
coop_funny,5155060,Mise en War,January 2027
coop_funny,5205270,Knight's Party,"Nov 4, 2026"
coop_funny,726680,Better Together,Coming soon
coop_funny,4840650,THAT BOMB GAME,"Nov 11, 2026"
coop_funny,2121550,ToyBox Security,Coming soon
coop_funny,2274190,Party Shift,To be announced
coop_funny,3659130,Star Loot,Coming soon
coop_funny,4234020,Stick Brawl,Coming soon
coop_funny,3183990,Avoidy Virus,"Mar 12, 2025"
coop_funny,1935810,Diamond Hunt,"Sep 24, 2026"
coop_funny,5222780,The Two Otters,2028
coop_funny,4964620,The Yard: Escape from Prison,November 2026
coop_funny,2428110,Who Invited You?,Coming soon
coop_funny,3131260,Whimpact!,Q4 2026
coop_funny,3113940,Voodoom,To be announced
coop_funny,5020910,Spellk,"Oct 27, 2026"
coop_funny,5323220,Puddle Makers,Coming soon
coop_funny,5275930,Grave Company,April 2027
coop_funny,2891790,Traitors,To be announced
coop_funny,3278120,Girls Kitchen Dinner,"Mar 31, 2025"
coop_funny,3252550,Escaping Diddler,"Nov 4, 2024"
coop_funny,2470330,BabyRace,Coming soon
coop_funny,2315100,The Great Smog,"Oct 31, 2025"
coop_funny,4944310,Nice To Meat You,"Sep 24, 2026"
coop_funny,5092810,Carriers Together,"Sep 4, 2026"
coop_funny,3861140,Agent Versus,"Nov 20, 2025"
coop_funny,4577460,SNITCHED,To be announced
coop_funny,3202430,Tiny Devils,"Nov 25, 2025"
coop_funny,4733960,Heim,To be announced
coop_funny,4400040,Cosmic Heist,Coming soon
coop_funny,3594680,Battle Food Mania,"Jun 24, 2026"
coop_funny,3690910,Grave Bros,"Jul 11, 2025"
coop_funny,4373420,All Haul the King,Coming soon
coop_funny,5127370,Who's Cheating?,October 2026
coop_funny,4063950,Linkies,"Apr 6, 2026"
coop_funny,3219160,Taverna,"May 26, 2025"
coop_funny,1576980,Answer Me,Coming soon
coop_funny,3808750,PULL Panic : New PartyGame,Coming soon
coop_funny,4218760,Quad Squad,Coming soon
coop_funny,2128230,Slap Squad,To be announced
coop_funny,4193590,Salvation Denied,To be announced
coop_funny,4815320,Gold Miner: Party Rush,"Nov 16, 2026"
coop_funny,1713310,League of Felt Tanks: Together,"Sep 15, 2024"
coop_funny,4212370,Warentines,Coming soon
coop_funny,4678570,Chick'Hen Show,2027
coop_funny,4930280,Super Football Arena,Coming soon
coop_funny,5008960,Honest Work,November 2026
coop_funny,5144990,Roll Brighter,Q4 2026
coop_funny,4972920,Celestial City,Coming soon
coop_funny,4433420,OpTek,2026
coop_funny,4489570,One Man's Trash: Pawn Shop After Dark,"Sep 10, 2026"
coop_funny,4367940,PC Building Nightmare,"Feb 13, 2026"
coop_funny,3862890,REAP: We Reap What Crawls,"Mar 13, 2026"
coop_funny,4741230,CoAnnCo,"Sep 8, 2026"
coop_funny,4456670,Thieving Together,2026
coop_funny,3106690,Eclipse Below,"Jul 30, 2025"
coop_funny,1933010,Spellers,"Feb 2, 2026"
coop_funny,1558110,Challenge Party,Coming soon
coop_funny,4124640,Boss in Diapers,Coming soon
coop_funny,3798950,Buff Climbers,2026
coop_funny,3803410,团战小怪兽,Coming soon
coop_funny,4171740,TRAP,To be announced
coop_funny,4269700,Minutes to Meltdown,Q2 2027
coop_funny,4230410,Not In My House,To be announced
coop_funny,3564110,DX Legends,To be announced
coop_funny,4580160,Caravan Bazar,Q1 2027
coop_funny,4698980,CatchUp Showdown,Coming soon
coop_funny,4984780,Who Stole It !,Coming soon
coop_funny,3116440,Ligmanauts,Coming soon
coop_funny,4840700,The Boo Club,Coming soon
coop_funny,4595980,Ship or Burn! Coop express,Coming soon
coop_funny,4423180,AREA 51,To be announced
coop_funny,4425550,Monkey Bizniz,"Oct 12, 2026"
coop_funny,4430020,Hamsteria,Q1 2027
coop_funny,4280880,SHORE,Q4 2026
coop_funny,5050510,Attention Shoppers,Coming soon
coop_funny,4809290,Who's the Cheater?,December 2026
coop_funny,1652000,Peekazoo,Coming soon
coop_funny,2951480,Medieval Thieves Academy,Coming soon
coop_funny,3921540,Dungeon Rumble,Coming soon
coop_funny,4099020,Don't Say That,Coming soon
coop_funny,4062900,PINZ,Q2 2027
coop_funny,5107510,Chainball,Q1 2027
coop_funny,4887300,Squarelings,Coming soon
coop_funny,1374640,Hive Mind,"Oct 27, 2020"
coop_funny,5100500,Broom Doom,To be announced
coop_funny,4905400,1000km,To be announced
coop_funny,4222860,Void Fighters,"Feb 4, 2026"
coop_funny,1578970,JUST A GUY :  Online Multiplayer Ragdoll Game,2026
coop_funny,4999760,ColorFest,Coming soon
coop_funny,3720040,Hide Zone,Coming soon
coop_funny,4624510,RoofTown,Coming soon
coop_funny,3383720,Slumber Party,"Nov 16, 2025"
coop_funny,3166140,Fallen Lean,"Sep 9, 2024"
coop_funny,3828740,"Chicken Jump, Puppy Jump",Q4 2026
coop_funny,3834270,Pint Sized,2026
coop_funny,5061870,Last Man Running,January 2027
coop_funny,1352670,Kid Meat,Coming soon
coop_funny,910550,MONO CHAMELEON,"Nov 5, 2026"
coop_funny,4252280,Quack Hunters,Coming soon
coop_funny,3503350,Stick N' Sheep,2026
coop_funny,3426310,Jailbreak,2026
coop_funny,3603380,Death Kitchen,"Aug 14, 2026"
coop_funny,5347730,DEEPER,October 2026
coop_funny,5169390,UNDERFED,November 2026
coop_funny,1400710,Gowf: A Golf Adventure,Q4 2026
coop_funny,3237460,Core Containment,To be announced
coop_funny,4170390,Goal Gang,To be announced
coop_funny,4148510,Area58,To be announced
coop_funny,3431590,Easy Drive Together,Coming soon
coop_funny,4988160,Brain/Split,To be announced
coop_funny,4806910,Claims & Caverns,Coming soon
coop_funny,4896950,Rapid Raccoons,"Dec 1, 2026"
coop_funny,5154830,FEEDSTOCK,October 2026
coop_funny,1535900,Hunt N Cloak,"May 14, 2021"
coop_funny,5300920,Sausage Adventure,Coming soon
coop_funny,3879330,Mindaro,To be announced
coop_funny,2418600,Los Pingheros,"Feb 7, 2025"
coop_funny,1492650,Crooks Like Us,"Apr 6, 2022"
coop_funny,4964030,Go West Together,"Aug 14, 2026"
coop_funny,3944530,Knockless,"Nov 14, 2025"
coop_funny,2353160,捕鱼娱乐城-真人千炮3D捕鱼,"May 16, 2023"
coop_funny,5031350,Fizzburg,Coming soon
coop_funny,574520,EnterVR,"Feb 13, 2017"
coop_funny,5245690,"BRO, DON'T DROP IT!",Coming soon
coop_funny,1612220,Project to Escape,Coming soon
coop_funny,3328170,Guesslings,Q1 2027
coop_funny,4361980,Veneer Vølt,To be announced
coop_funny,2375090,Busy Bee,"May 18, 2023"
coop_funny,4137270,RV,Coming soon
coop_funny,4597790,PIGGO,October 2026
coop_funny,2324780,Arcade Asylum,To be announced
coop_funny,3875230,Ball2 Battle,"Jul 16, 2026"
coop_funny,5136030,The  Drawratos,Coming soon
coop_funny,5259730,Dub Party,October 2026
coop_funny,4378510,Caterpillar Slime,To be announced
coop_funny,2235730,Meow Master: Battle for Catnip,Coming soon
coop_funny,3858810,SEMO,Coming soon
coop_funny,4758560,BAUSFIGHT,2027
coop_funny,4799050,Slop Slop,Coming soon
coop_funny,5334160,Terminal 9,Coming soon
coop_funny,4411140,The Area 51 Job,Coming soon
coop_funny,3818280,Carry the Patient Together,Coming soon
coop_funny,4306070,Catch Meow If You Can,"Oct 29, 2026"
coop_funny,4408560,Split Happens,"Nov 27, 2026"
coop_funny,4296640,Office Chaos,To be announced
coop_funny,2850960,They Speak To Us,To be announced
coop_funny,2773660,Noodle Dog's TwizGame,To be announced
coop_funny,1689940,Knighty,To be announced
coop_funny,2274270,BvB: Burglars vs Brats,To be announced
coop_funny,2354870,Hell Hell - ヘルヘル -,Coming soon
coop_funny,3030820,Goo Go,"Jan 7, 2026"
coop_funny,3181960,Hobnobbers,Coming soon
coop_funny,2946190,Desperate Travelers,"Jan 16, 2025"
coop_funny,2947710,DuckTape Inc.,Q4 2026
coop_funny,3686410,Papi's Playhouse,Coming soon
coop_funny,4132510,C.H.I.M.P.,2026
coop_funny,3886700,"Starlight, Inc",To be announced
coop_funny,3576920,Loco: Rails & Tails,2027
coop_funny,4362490,99 NIGHTS IN THE APOCALYPSE,Q4 2026
coop_funny,4260550,Run Giraffe Run,"Oct 8, 2026"
coop_funny,4508450,Death Dealer,"Nov 4, 2026"
coop_funny,4618550,Goblin museum,Coming soon
coop_funny,4687570,DIG! DIG! DIG!,2026
coop_funny,4653900,Roadtrip!,Coming soon
coop_funny,5140020,Junkyard Astronauts,"Oct 27, 2026"
coop_funny,5111420,Starving Crow,October 2026
coop_funny,1569780,Betray Me Not,To be announced
coop_funny,5122120,Sussy NPC,Coming soon
coop_funny,3266790,Bit by Bit,Q1 2027
coop_funny,4437650,Stinker Golf,January 2027
coop_funny,4437750,Worst Airline Ever,2026
coop_funny,4267780,Acting Out,To be announced
coop_funny,4272370,Coal Duty,October 2026
coop_funny,4297360,Burg Tag,"Oct 19, 2026"
coop_funny,4625350,Pipe it: Sketchy Plumber Simulator,Coming soon
coop_funny,4928450,Grand Theft Timeline,Q4 2026
coop_funny,4995400,Broken Pixel,"Aug 19, 2026"
coop_funny,3961850,Void Raid,Q4 2026
coop_funny,5148480,Filthy Liars,Coming soon
coop_funny,1829960,Zephyrus Prelude,"Dec 20, 2022"
coop_funny,1170900,Killbot General,2027
coop_funny,4638090,Pomiki's Heist,To be announced
coop_funny,4684050,Pada Pada Extraction Team,To be announced
coop_funny,2822660,Escape Alliance,2027
coop_funny,2823240,Gwarf,Coming soon
coop_funny,3143740,Slime Time,Coming soon
coop_funny,3985880,INTERVOID,Q4 2026
coop_funny,4062840,Pigmarines,Coming soon
coop_funny,3563570,The Biggest Fool: DURAK,Coming soon
coop_funny,4708120,Split Circuit Arena,Coming soon
coop_funny,4550070,Two Left Hands,To be announced
coop_funny,1779090,FeetCry : ZombieLand,To be announced
coop_funny,4879850,Animal Chameleon,"Jul 17, 2026"
coop_funny,2285250,JO JO WO,Coming soon
coop_funny,3511810,Bot & Tic,"Jun 19, 2025"
coop_funny,3675340,Killing Things With Your Friends,2027
coop_funny,3999200,Bonegrinder,To be announced
coop_funny,4178080,Fragile Frontier,Coming soon
coop_funny,4050910,FLOOR 100,Coming soon
coop_funny,3511660,No Time to Build,"Apr 1, 2025"
coop_funny,4523780,MINE ESCAPE,Coming soon
coop_funny,5088660,Dungeon Miner,November 2026
coop_funny,4981810,Escape the Flood!,November 2026
coop_funny,4783450,Drive of the Dead,Coming soon
coop_funny,3307340,Cast Outs,To be announced
coop_funny,3604490,Dining Deck,2028
coop_funny,2247510,Snowbrawll,"Jun 20, 2025"
coop_funny,4462780,Before Times,"Apr 30, 2026"
coop_funny,3923070,Asteroid Boom Cosmic Courier,2026
coop_funny,1520590,Slap It Together!,"Dec 12, 2024"
coop_funny,906870,FurryFury: Smash & Roll,"Apr 14, 2022"
coop_funny,3291500,Burger Riot,Coming soon
coop_funny,4539760,They're In The Walls,Coming soon
coop_funny,2232120,Answenarium,Coming soon
coop_funny,4465740,Happy Hungry Human,Coming soon
coop_funny,3766740,Church Crew,"Jul 15, 2025"
coop_funny,2319330,Vemari Worlds,"Feb 12, 2024"
coop_funny,3971030,Poser Panic,Coming soon
coop_funny,5050950,Spelly Zombie,"Oct 28, 2026"
coop_funny,5085180,Blind Gavel,"Nov 3, 2026"
coop_funny,3568070,Prohibition Panic!,Q4 2026
coop_funny,5247240,MEGA TAG PANIC,October 2026
coop_funny,2518600,Snake Jump,"Aug 3, 2023"
coop_funny,3275780,Bet Your Friends,To be announced
coop_funny,5071940,King Assassination,"Sep 8, 2026"
coop_funny,1556920,"1, 2 BLAME!","May 14, 2021"
coop_funny,4092180,Cooking Cave,Coming soon
coop_funny,4193870,The Orbit,"Mar 18, 2026"
coop_funny,5075310,Bilge Rats,Coming soon
coop_funny,4568490,TurtleSkate,To be announced
coop_funny,4134420,BOTCLOPS,Coming soon
coop_funny,4221670,SLOP,Coming soon
coop_funny,3769800,Elevator,2026
coop_funny,3809310,Fly High Runners,"Aug 3, 2026"
coop_funny,5187000,CookSpiracy,"Sep 25, 2026"
coop_funny,3636380,美味缤果 - Yummy Bingo,Coming soon
coop_funny,4321350,Loginnnnnn,2026
coop_funny,5352690,Bust Out,November 2026
coop_funny,4487350,Royal Institute of Magic,2027
coop_funny,4326820,Rolling Stock,"Oct 27, 2026"
coop_funny,4891550,Fat Chance,"Oct 29, 2026"
coop_funny,4921660,EVERYONE'S TIER LIST!,November 2026
coop_funny,2124300,Shopping Spree: Extreme!!!,"Aug 22, 2023"
coop_funny,1508010,Suspicious,Coming soon
coop_funny,2467380,Galactico,To be announced
coop_funny,3458140,NimerWorld: Shadows of a Promise,Q1 2027
coop_funny,3472960,Untold Depths,Coming soon
coop_funny,1705510,Hide and Seek Heist: Police vs Thieves,Coming soon
coop_funny,1988900,Cooking Crew,Coming soon
coop_funny,5000170,BORE,"Nov 24, 2026"
coop_funny,3757550,Pablo's Journey,To be announced
coop_funny,3688770,NeuroCorp,To be announced
coop_funny,3650190,Hot Potato: Tag Out,To be announced
coop_funny,4404010,Shipping,Coming soon
coop_funny,3454860,Clerks and Quirks,To be announced
coop_funny,2228720,Hack 'n' Stack,"Oct 9, 2026"
coop_funny,4089520,Bronzebeard's Tavern 2,To be announced
coop_funny,3850670,HAUNTED: Escape the Dollhouse,To be announced
coop_funny,4123800,The Road,To be announced
coop_funny,4159680,Barfender: CO-OP Bar Simulator,"Oct 12, 2026"
coop_funny,4186890,Kitman,Q1 2027
coop_funny,4285870,Pigs and Wolf,Coming soon
coop_funny,2755250,Super Truco Online,Coming soon
coop_funny,4914220,Trials Of The Forsaken,Coming soon
coop_funny,1298960,Peril,Coming soon
coop_funny,3199540,TurboSquad,Coming soon
coop_funny,3562400,Dead Haul,To be announced
coop_funny,3669180,Shift 0,Coming soon
coop_funny,4076980,ONE GIANT HOLE,Coming soon
coop_funny,4078600,PiPu Party,To be announced
coop_funny,4033110,Mingus,To be announced
coop_funny,3956540,Radio Decay,Coming soon
coop_funny,4608930,Friendship vs The World,2026
coop_funny,4982680,The Doi,"Oct 28, 2026"
coop_funny,4193660,Goblin Getaway,To be announced
coop_funny,4096780,The Missing Tail,To be announced
coop_funny,4088720,Pogo Together,Coming soon
coop_funny,4715160,Finals Week ✍🏻,Coming soon
coop_funny,3833730,General Practice,To be announced
coop_funny,4157300,Farmigos,Coming soon
coop_funny,2738960,Soaked,2027
coop_funny,4633850,Xtractorz,To be announced
coop_funny,3038690,Turkey Bois,Coming soon
coop_funny,3897280,Totopia,Coming soon
coop_funny,2209930,Murder in Omar's Burger,Coming soon
coop_funny,4309950,SESSION // ZERO,Coming soon
coop_funny,4990840,FAKE ME,Q4 2026
coop_funny,4327180,RAPIDS,Q1 2027
coop_funny,2918700,One more time,"Aug 18, 2026"
coop_funny,2131240,Battlestation,"Oct 17, 2022"
coop_funny,5097310,We Ruin Football,Coming soon
coop_funny,2601840,Paper Play VR,2026
coop_funny,2009360,Cream War,Coming soon
coop_funny,3996710,Operation: Peons,Coming soon
coop_funny,3636680,Erascape : Escape Duo,To be announced
coop_funny,4009080,Crypt Ascent,Coming soon
coop_funny,4778600,Wobble Bros,Coming soon
coop_funny,3620690,Maze Escape: The Last Resort,To be announced
coop_funny,3698900,Steal Out,Coming soon
coop_funny,4221270,Cauldron Chaos,Coming soon
coop_funny,1025560,Flea Madness,"Nov 12, 2026"
coop_funny,5031430,I Buried Steve,"Jan 20, 2027"
coop_funny,4630920,OMG: Oh My Gravity,Q1 2027
coop_funny,4498480,Hold My Thing,Coming soon
coop_funny,4213320,Wheel Make It,"Oct 12, 2026"
coop_funny,4179710,No God! Please No!,"Mar 2, 2026"
coop_funny,3404170,Together We Play: Help Me Help You,"Jan 31, 2025"
coop_funny,2369640,Vanova's Stories,"May 12, 2025"
coop_funny,4527390,RobBred - Funny Chat,"Jun 11, 2026"
coop_funny,5086830,BACK TOGETHER,"Oct 29, 2026"
coop_funny,1676180,Pablo Let's Go Bar,Coming soon
coop_funny,1618160,WICKED,Coming soon
coop_funny,2903510,Alien Rush,Coming soon
coop_funny,4353060,BOOMER,Coming soon
coop_funny,4119970,Legless,2027
coop_funny,3786990,Happy Door,Q3 2027
coop_funny,4414560,CORDURA,To be announced
coop_funny,2793280,Who made this art? Human or AI,"Feb 22, 2024"
coop_funny,4682910,Hide or Seek: Container Island,2026
coop_funny,5179750,Steal Everything,Coming soon
coop_funny,5338340,Tied Up,Coming soon
coop_funny,1348810,Down the River,"Apr 15, 2021"
coop_funny,4068980,Beach Life Simulator,Coming soon
coop_funny,5061970,any donors?,Coming soon
coop_funny,1449840,Escape Together,Coming soon
coop_funny,4838680,Who Am I Next? : Animals,"Aug 3, 2026"
coop_funny,5113690,Blendead,Q4 2026
coop_funny,4155350,Two Minds One Car,"Oct 9, 2026"
coop_funny,5073210,BoneHeads,2026
coop_funny,5059340,Hush Piñata,"Nov 2, 2026"
coop_funny,4740600,Ouch! Cargo!,"Jul 11, 2026"
coop_funny,3425120,Drop 4,"Apr 18, 2025"
coop_funny,1217990,Bots & Belts,Coming soon
coop_funny,1280850,Swing Striker,Coming soon
coop_funny,2648720,Gobby Gang,To be announced
coop_funny,3074390,Built By Force,"Jan 1, 2027"
coop_funny,4699560,Anomaly Sector,To be announced
coop_funny,4532680,Heavy Mental: A Co-op Action Roguelite,Coming soon
coop_funny,4353840,Hooky,Coming soon
coop_funny,4912300,Let Us Cook,Coming soon
coop_funny,3591370,Trash Party,Coming soon
coop_funny,5295630,中华料理大王,"Oct 14, 2026"
coop_funny,4824220,Meltdown Crew,December 2026
coop_funny,2898770,Die Trying,To be announced
coop_funny,3474070,Magnavis,To be announced
coop_funny,4954910,Scam With Your Friends,October 2026
coop_funny,2511160,Clean-up Squad,To be announced
coop_funny,4936630,Zombie Tag,"Aug 13, 2026"
coop_funny,4900460,Poly Peacocks,"Sep 14, 2026"
coop_funny,2071400,Bum Bum Monsterz,"Nov 26, 2024"
coop_funny,2933760,Spellomancer,To be announced
coop_funny,2630690,Battle of BackYard,Coming soon
coop_funny,3151140,Shelf Heroes,To be announced
coop_funny,3077140,Nightmare Kitchen,To be announced
coop_funny,1431910,Puppets Party: Friendship Destroyer,Coming soon
coop_funny,3443650,Spooky Night,"Nov 2, 2025"
coop_funny,3265420,Nine Lives Hospital,2027
coop_funny,3281600,Eyes on Yuki!,Coming soon
coop_funny,3855180,Dust Busters,Coming soon
coop_funny,3912430,Killer Island,"Mar 13, 2026"
coop_funny,4101750,PHOBOS,"Oct 14, 2026"
coop_funny,4920110,Pouring Pints,2026
coop_funny,3314270,Planetary Delivery Boys,2026
coop_funny,3253730,Pop Party,To be announced
coop_funny,4109540,Anti-Virus Squad,To be announced
coop_funny,4726300,BloodJack,2026
coop_funny,4118470,Cycho,Coming soon
coop_funny,4923560,Uyar Party,Coming soon
coop_funny,2562390,Benny's Backrooms,"Oct 27, 2026"
coop_funny,2626830,SOS OPS! 2,Coming soon
coop_funny,2852700,BUS: Bro u Survived,2026
coop_funny,3404880,Someone's Inside Me,To be announced
coop_funny,3569420,Chained Beasts,"Oct 15, 2026"
coop_funny,3754350,WE ARE SO COOKED,Coming soon
coop_funny,4257450,Where Are We Floating?,Coming soon
coop_funny,1024000,Choppy Waves,To be announced
coop_funny,5155470,BONE STAKES,To be announced
coop_funny,5047450,One of You,Coming soon
coop_funny,4075860,Oops Unit,To be announced
coop_funny,4170340,Down There Yet?,Coming soon
coop_funny,4170540,Picasho,Q1 2027
coop_funny,4249340,Stealgulls,Coming soon
coop_funny,3774230,Kitchen Sabotage,Coming soon
coop_funny,5169080,Found it!: Lost & Found Co.,Q1 2027
coop_funny,4997850,Vital Decisions,Q1 2027
coop_funny,2737670,Ringo Party,To be announced
coop_funny,5152440,I Have A Shit Problem,Coming soon
coop_funny,4916200,Totally Safe Railway Co. 🚂,Q4 2026
coop_funny,3541160,Jitter Games,To be announced
coop_funny,4513180,Don't Drop The Ball,Coming soon
coop_funny,5074850,SplatStick,"Sep 2, 2026"
coop_funny,3788110,DungeonBox,Q4 2026
coop_funny,4165990,Cavemates,To be announced
coop_funny,2696590,Case Guardians,Coming soon
coop_funny,2405730,NMO - No More Operators,"Mar 19, 2025"
coop_funny,1836920,Hunt-or-Haunt,"Jan 29, 2022"
coop_funny,2290950,Super Ultimate Party Game,Coming soon
coop_funny,2886060,The Backrooms Company,Coming soon
coop_funny,4200060,Tyrants Rafting,To be announced
coop_funny,4594090,Mage Farm,Coming soon
coop_funny,3316060,Trapped Together,Coming soon
coop_funny,790430,Modlands,Coming soon
coop_funny,3801800,My Chef Hates Me,Coming soon
coop_funny,4247680,FirstPlate,October 2026
coop_funny,4154610,Beach Friends,Coming soon
coop_funny,5113360,Bookish Buddies: Bookstore Simulator,Coming soon
coop_funny,5027610,FastFoo,To be announced
coop_funny,4277590,Soul Hunter,Coming soon
coop_funny,4347410,Sweep Bump,"Mar 26, 2026"
coop_funny,3253440,EGG RAIDERS,"Oct 30, 2024"
coop_funny,5160840,SpaceBuddies,"Sep 16, 2026"
coop_funny,4891820,Gull's Gang,Coming soon
coop_funny,1708510,Bankers & Bonkers,Coming soon
coop_funny,672890,Sparkball,Coming soon
coop_funny,4287720,Tiny Farm Big Money Together,"Sep 23, 2026"
coop_funny,3861030,Blind Trust: The City,"Sep 2, 2025"
coop_funny,1176060,Wigged Out,"Feb 22, 2024"
coop_funny,4801630,Us Against Wood,To be announced
coop_funny,1824090,Goose vs Zombies,"Mar 4, 2026"
coop_funny,2620630,MONKEE GAME,To be announced
coop_funny,3348150,Disaster Party!,Coming soon
coop_funny,3435640,Monster Mending,Coming soon
coop_funny,3093880,Cauldron's Rift,"Apr 25, 2025"
coop_funny,3299140,Hogs Rampage,Coming soon
coop_funny,4347770,Fiets-Together,December 2026
coop_funny,4272470,Golf RP,Coming soon
coop_funny,3688110,Kaiju Cleaner Simulator,To be announced
coop_funny,4440650,KAGE,Q1 2027
coop_funny,4721000,Backrooms: Blackhole,"Jun 5, 2026"
coop_funny,2234920,Holiday Haywire,"Nov 14, 2025"
coop_funny,5111470,Dubbed,Coming soon
coop_funny,3435180,Looters Inc.,2026
coop_funny,4948850,OOGA BOOGA: First Vegas,Coming soon
coop_funny,5276600,Haunted Movers,Coming soon
coop_funny,5187320,DuckRoulette,Coming soon
coop_funny,4258070,GooNECT√2,"May 20, 2026"
coop_funny,4108740,Animagi,To be announced
coop_funny,4633810,Pitstop Panic,2026
coop_funny,1211250,Berserk Soccer,"Aug 19, 2022"
coop_funny,5111530,"NO CLEAN, NO EXIT",Q4 2026
coop_funny,4892520,Gummy Tummy,Q1 2027
coop_funny,5070060,Robokitties: MEGASTRUCTURE,2026
coop_funny,5193310,CO-OP Needle Hunt: A Needle in a Haystack Challenge,Coming soon
coop_funny,4180510,Space Snatcher,Q4 2026
coop_funny,3679170,That's Exactly What a Wolf Would Say!,Coming soon
coop_funny,3423700,Plan B4: Proceed with the Plan A,Coming soon
coop_funny,4452910,Beer Barons,2027
coop_funny,4578640,Ro Sham Brawl,Q4 2026
coop_funny,4204600,Portal Together,"Jan 15, 2026"
coop_funny,3453760,Arcanum Nights,"Feb 20, 2026"
coop_funny,1764220,Pin Them,To be announced
coop_funny,2784920,Infinity Knights: Xross,2026
coop_funny,3395290,SUMO TATAMI,Q4 2026
coop_funny,2890930,Luminleaf Chronicles,May 2027
coop_funny,3458900,Problem Solved,To be announced
coop_funny,2930840,Forest Simulator 2025,Coming soon
coop_funny,2934340,Guru Guru,Coming soon
coop_funny,3834380,RagnaCook,Coming soon
coop_funny,3592800,GalactiBus,Coming soon
coop_funny,4261020,Airborne Dungeons,To be announced
coop_funny,1334310,Uproar,Coming soon
coop_funny,1194710,Playground Heroes,Coming soon
coop_funny,5025950,Giblings,"Oct 15, 2026"
coop_funny,4908970,Dandy Rat Cricket Club,2027
coop_funny,4448560,Room for Trouble,Coming soon
coop_funny,3930480,Dungeon Tourists,To be announced
coop_funny,2294250,Speed Golf Royale,Q2 2027
coop_funny,2853290,Free Stars: Children of Infinity,2026
coop_funny,2871520,Deep Dish Dungeon,"Oct 13, 2026"
coop_funny,2215050,Backrooms Chained Together,Coming soon
coop_funny,1589700,Trash,To be announced
coop_funny,5167420,Mimic Busters,"Oct 15, 2026"
coop_funny,3644020,Cleaner Company,2026
coop_funny,3296060,Escape Academy 2: Back 2 School,November 2026
coop_funny,4898080,Manala: Equinox War,"Nov 5, 2026"
coop_funny,1681110,Drunken Nuke'em,"Jul 28, 2022"
coop_funny,1736830,The Chewllers,Coming soon
coop_funny,3188530,Golfie Up!,Coming soon
coop_funny,4099970,Frankenstein's Monster,2027
coop_funny,4278250,Amusement Maze,Coming soon
coop_funny,4553750,Puppel Show,To be announced
coop_funny,4653910,Bone Stuff,Coming soon
coop_funny,3859060,SCP: Scavenger Project,2026
coop_funny,3193920,Fatal Train,"Oct 15, 2026"
coop_funny,3994840,The Whisker Watch,Coming soon
coop_funny,1930210,Manly Mines,To be announced
coop_funny,3847190,GoodGod,"Oct 8, 2025"
coop_funny,4835050,Troublelings,Coming soon
coop_funny,4265310,YURA,Coming soon
coop_funny,5036280,Tandem Together,2026
coop_funny,5086460,PeeVPee,"Nov 3, 2026"
coop_funny,4313180,Pyro Spice,Coming soon
coop_funny,5194600,Face Picka,"Nov 10, 2026"
coop_funny,4867490,Guillotine,Coming soon
coop_funny,5149300,Chair Chase,"Nov 2, 2026"
coop_funny,2889760,Uncursed,2026
coop_funny,4272440,Pump Crew,To be announced
coop_funny,5133510,Fire Up Together,Coming soon
coop_funny,4465980,The Declutterers : No Dumpster Left Empty,Coming soon
coop_funny,4215940,UnfAIr War: Survivors,"Jun 22, 2026"
coop_funny,4562170,Oar We There Yet?,Coming soon
coop_funny,2938660,Gabe's Mod,Coming soon
coop_funny,3467590,Tiny Tots,"Jul 15, 2025"
coop_funny,3682950,B.O.O. Squad,Coming soon
coop_funny,5106700,Keep Swimming,Coming soon
coop_funny,4924340,BallSlop,Coming soon
coop_funny,5154200,Tabletop TD,November 2026
coop_funny,885160,BOTSU,To be announced
coop_funny,3880860,Croak Tales: Deep Dungeons,Coming soon
coop_funny,3488690,Vision Quench,Coming soon
coop_funny,4877970,Exploding Delivery Service,Coming soon
coop_funny,4166640,Axolotl Party!,Coming soon
coop_funny,5106100,Rage and Fury,2027
coop_funny,5087880,"I'm a Cowboy, Baby!",Q4 2026
coop_funny,3893390,DarkFactory,2026
coop_funny,4248140,Echophobia,February 2027
coop_funny,3951480,Instances Workers,Coming soon
coop_funny,4380740,Butcher Shop Simulator,Q4 2026
coop_funny,3018340,Elementers,"Jul 16, 2026"
coop_funny,4044500,Your Move,"Nov 21, 2025"
coop_funny,1368180,Wildekin,To be announced
coop_funny,4359980,Out West,Coming soon
coop_funny,3621090,Boom Boom Hamster Doom,To be announced
coop_funny,4733430,Plucked,"Nov 5, 2026"
coop_funny,5113760,Echo Mates,Coming soon
coop_funny,4229790,I Unplugged the Kids,To be announced
coop_funny,4908090,Mingle,2027
coop_funny,3825270,BOX GAME: SHOWDOWN,Coming soon
coop_funny,4204430,Maum,2026
coop_funny,802160,Mimic Man,"Dec 19, 2025"
coop_funny,4138400,SUS!,Q1 2027
coop_funny,2722220,VERY IMPORTANT NEEDS,2026
coop_funny,4528910,Plunder Rush,Coming soon
coop_funny,4982380,STUFFED: Two Foot Hero,Coming soon
coop_funny,5067320,Submarine Together,To be announced
coop_funny,4706060,Peer Pressure,Coming soon
coop_funny,4962870,DEN DEN BLOCK,October 2026
coop_funny,589370,Fur Fun,"May 5, 2017"
coop_funny,2324740,Rolling Blunder,Coming soon
coop_funny,2873490,BETRAYED,"May 1, 2026"
coop_funny,2859880,Toilet Party,Coming soon
coop_funny,4449800,TaskFall,Q4 2026
coop_funny,1162390,Floody,"Mar 2, 2021"
coop_funny,4479040,Wood Goes BRRR,Coming soon
coop_funny,3647240,Fullsenders,Coming soon
coop_funny,1651990,Scrap Pack,Coming soon
coop_funny,3705340,Claviator,"Dec 2, 2025"
coop_funny,5168560,Uga Buga!,Coming soon
coop_funny,4307290,Hobble-Wobble,To be announced
coop_funny,4537000,Tab + Notch,"Apr 30, 2026"
coop_funny,4748180,Tiny Time Travelers,Coming soon
coop_funny,3085900,Reclamation Crew,To be announced
coop_funny,3612300,Fool's Trigger,Coming soon
coop_funny,4425050,Splizards,Coming soon
coop_funny,4280840,Roller Coaster Park Simulator,"Apr 2, 2027"
coop_funny,4821880,Roco Kingdom,Coming soon
coop_funny,3826670,Flipping is Hard,"Oct 16, 2026"
coop_funny,5008510,Hide & Seek,"Aug 14, 2026"
coop_funny,3937290,Phase Party,"Aug 17, 2026"
coop_funny,1657910,Quiz Carnage,Coming soon
coop_funny,1682670,Hungaz: Epic Minigames,To be announced
coop_funny,1890350,Greed Hunters,2027
coop_funny,2590750,Cosmorons,2027
coop_funny,3465050,Bloop,"Jun 8, 2025"
coop_funny,3924400,Eel Game,Coming soon
coop_funny,4919380,Grand Theft Idiots,"Nov 2, 2026"
coop_funny,3960160,Mad Cleaners,"Oct 30, 2025"
coop_funny,4669590,Panic Hospital,2027
coop_funny,4312190,CRACK,"Oct 26, 2026"
coop_funny,5215210,MINES*,"Nov 16, 2026"
coop_funny,4300350,The Joy of Sculpting,2026
coop_funny,3774860,BOMMY,To be announced
coop_funny,4094330,Emergency Rush,Coming soon
coop_funny,4771290,"Hands Up, G!",Coming soon
coop_funny,2055480,Project ST,To be announced
coop_funny,4502440,.synth_protocol,To be announced
coop_funny,4970670,YAOYA THE GAME,To be announced
coop_funny,2681660,Bwudaling: Da Fight for da Bwudahood,"Dec 15, 2023"
coop_funny,3347960,BackRooms X,To be announced
coop_funny,3761450,Money WASTE,Coming soon
coop_funny,4397680,Spell Sniffers,To be announced
coop_funny,3595390,Rixa,To be announced
coop_funny,3406940,PaintMan Go！,To be announced
coop_funny,4755250,ROMUL,"Oct 27, 2026"
coop_funny,5076020,Towgether,Coming soon
coop_funny,3969810,Galactic Pit Stop Simulator,Coming soon
coop_funny,3809820,Expendabots,2026
coop_funny,4953560,Serve Up!,To be announced
coop_funny,1170660,Greed,Coming soon
coop_funny,2778840,Dustmen,Coming soon
coop_funny,2223860,Shardana,"Dec 31, 2026"
coop_funny,1567190,Shores of Plunder,"Dec 5, 2023"
coop_funny,1037170,Maximum Thunderness,2026
coop_funny,4536600,Thieves and Tasers,To be announced
coop_funny,4917040,Hungry Hungry Human,December 2026
coop_funny,3022470,Rotten Sails,2026
coop_funny,4157020,MEAT,Coming soon
coop_funny,5180400,DONT BE FOOL,Coming soon
coop_funny,4927030,Last Buzz,"Nov 10, 2026"
coop_funny,3448000,Planted!,"Oct 29, 2026"
coop_funny,5270510,Manikin Mimic,Coming soon
coop_funny,4878610,Snugfang,"Jul 28, 2026"
coop_funny,3882140,Man Vs,"Aug 14, 2026"
coop_funny,3325000,RabbitParty,"Feb 1, 2025"
coop_funny,4210550,Pigmen's Challenge,"Jul 27, 2026"
coop_funny,3515130,Only Up: CHAINED,Coming soon
coop_funny,4963130,Friend Slop,"Aug 26, 2026"
coop_funny,3072570,Abomin-Agency!,To be announced
coop_funny,2670810,Candy Bandits,"Apr 3, 2026"
coop_funny,4753790,Chaos Club,Coming soon
coop_funny,4896010,Who Heckled?,March 2027
coop_funny,4825460,Juicy Fugitives,Coming soon
coop_funny,4953670,WAZATO: Sabotage or Mistake?,Coming soon
coop_funny,5236020,"Beam Me Up, Bro!",To be announced
coop_funny,5064350,Schedule: Rehab Business,Q4 2026
coop_funny,4597780,Stick Happens,To be announced
coop_funny,4568300,Ibiza Madness: Zombie vs Demons,"Jun 30, 2026"
coop_funny,2563050,Time to Escape,"Oct 30, 2024"
coop_funny,1283260,Coof Attack,"Dec 1, 2020"
coop_funny,4545480,SYNDYX,Coming soon
coop_funny,4786810,P.O.P: Price of Penance,Coming soon
coop_funny,5087740,Yakiniku!!!,Coming soon
coop_funny,5312510,Shift32,Coming soon
coop_funny,4614080,Cartel Pilots Wanted,To be announced
coop_funny,2724710,SEKA II,Coming soon
coop_funny,4411310,Climb to the Moon,Coming soon
coop_funny,1663330,Street Boy,Coming soon
coop_funny,4482940,Tandemonium,Coming soon
coop_funny,2748650,Bananarchy,To be announced
coop_funny,5259850,Holy Shroom!,"Oct 23, 2026"
coop_funny,4219790,Bird Game: What The Flock,"Dec 17, 2025"
coop_funny,4226570,Lambslide,Coming soon
coop_funny,2238760,Our Casual Battlefield,"Jan 12, 2023"
coop_funny,3974210,Body Buddies,Coming soon
coop_funny,5057070,Sound of Space,2027
coop_funny,4218620,Double Dealers,"Oct 13, 2026"
coop_funny,4405820,Broken Soccer,December 2026
coop_funny,4966560,SUPER GAHAKU,"Nov 4, 2026"
coop_funny,4093880,Angry Cleaner VR,"Oct 28, 2026"
coop_funny,3179870,Kleks Academy,To be announced
coop_funny,2773720,Mythical Party,Coming soon
coop_funny,3755250,Life Overhaul,Coming soon
coop_funny,3801810,Bandit,Coming soon
coop_funny,4537390,Ploomies,Coming soon
coop_funny,4635170,NO MORE COWS,Coming soon
coop_funny,3844730,Pair Panic: Rematch,Coming soon
coop_funny,5007890,CHAINSPIRE,"Oct 9, 2026"
coop_funny,5189800,Hiss and Seek: Voxel Snake Hunt,Coming soon
coop_funny,4569940,We're Going Down,To be announced
coop_funny,3346460,Pottering,Coming soon
coop_funny,1016900,GUN AND BUCKLER,Coming soon
coop_funny,3204850,Chef Brawl,Coming soon
coop_funny,4143890,Manhattan Breakdown,Coming soon
coop_funny,4204240,Liar's Lift,2026
coop_funny,5279120,Ourself,"Oct 29, 2026"
coop_funny,1552650,Rowdy Rascals,To be announced
coop_funny,3597670,Capy Stream: Rise to Fame,Coming soon
coop_funny,4020800,A Trivia Roguelike,2027
coop_funny,3746680,Impossible Survival,To be announced
coop_funny,4529640,A2K: Jet Strikers,2027
coop_funny,4956450,Lanelord,Q4 2026
coop_funny,2263500,Look Locked,Coming soon
coop_funny,5040970,Magic Shop Chaos,Q4 2026
coop_funny,4968530,Twister City,"Sep 3, 2026"
coop_funny,2293430,Pumpkin Hack,Coming soon
coop_funny,3990100,Tometied,Coming soon
coop_funny,4728100,Racc & Roll,Q4 2026
coop_funny,2420800,Sol Mates,To be announced
coop_funny,1098090,Bunny Reversi,"Jun 21, 2019"
coop_funny,3830220,GOBSMACKED!,Coming soon
coop_funny,1622180,Frame Game,"Jul 14, 2021"
coop_funny,5232060,GO DUB YOURSELF!,"Oct 15, 2026"
coop_funny,1958950,Doggo Estates,"Feb 29, 2024"
coop_funny,1944050,Farm Under Fire,"Apr 8, 2023"
coop_funny,3389380,MiniMo: Crazy Chase,To be announced
coop_funny,2687040,9Cat Saga,Q4 2027
coop_funny,4597950,Tower Tanks,Q2 2027
coop_funny,3147200,Bloody Cleanup,Coming soon
coop_funny,4043640,Roops Ransom,"Nov 30, 2025"
coop_funny,3174510,Who Killed,"Nov 29, 2024"
coop_funny,4585280,Grillhouse Protocol,Coming soon
coop_funny,4302360,Wing It,Coming soon
coop_funny,4941330,Nibble Quest,"Jul 28, 2026"
coop_funny,3984800,The Hollows,To be announced
coop_funny,5283380,Western Saloon Together,Coming soon
coop_funny,1677720,BREADSKATE,Coming soon
coop_funny,1717330,Rubber Brawl,To be announced
coop_funny,3170110,Beach Slap,Coming soon
coop_funny,2896530,MegaMegaEggs,"Jul 19, 2024"
coop_funny,1808150,Eggstinct!,Coming soon
coop_funny,2759920,智斗模拟器 Wits Battle Simulator,To be announced
coop_funny,2341210,STACK,Coming soon
coop_funny,3534270,Hunt Up!,To be announced
coop_funny,3864290,Monkey Wave,"Jul 21, 2026"
coop_funny,3851160,Principal Panic,"Oct 31, 2028"
coop_funny,4114540,🥔 Not So Hot Potato: 2025 Final Boss 🥔,"Dec 7, 2025"
coop_funny,4838690,Chill Cat,"Oct 5, 2026"
coop_funny,5244650,RIPPLES,Q4 2026
coop_funny,4779100,Trouble on Campus,Coming soon
coop_funny,2608940,Crazy Castle,To be announced
coop_funny,617310,Mamma Mia,2026
coop_funny,3714560,Fool's Cup,Coming soon
coop_funny,3593400,Run Chicken Run,To be announced
coop_funny,5026050,Schit Hunter,To be announced
coop_funny,4139160,Roll 'em Out,Coming soon
coop_funny,2540540,Escape Hades's jails VR,"Oct 31, 2024"
coop_funny,2713960,Te-Amic,Coming soon
coop_funny,4382680,River Drift,January 2027
coop_funny,4848890,State Breakers,"Mar 2, 2027"
coop_funny,4932510,Mùa Hình (Trading-cards Season),Coming soon
coop_funny,3393200,SillyAhhPVP,Coming soon
coop_funny,2952930,Pantless,Coming soon
coop_funny,4580290,Shell Hell,To be announced
coop_funny,1157760,Children of the Eclipse,Coming soon
coop_funny,5234330,Sort On The Ball,"Nov 9, 2026"
coop_funny,578100,Meowter Space,To be announced
coop_funny,657170,Shoot 'm Up,"Apr 2, 2021"
coop_funny,4910230,Counterweight,2026
coop_funny,4653220,Scenemates,Coming soon
coop_funny,4943620,Kamenkik and Friends,"Sep 12, 2026"
coop_funny,4121420,Battle Kittens,"Nov 17, 2025"
coop_funny,2102420,Spooked Hide & Seek,Coming soon
coop_funny,3175180,Trolling Bowling,Coming soon
coop_funny,4124110,Hotdog Delivery Hotdog,Coming soon
coop_funny,5113890,2in1,Coming soon
coop_funny,3975350,Stack & Sus,2026
coop_funny,4135100,MeGa BoNKeRS ToGeTHeR,To be announced
coop_funny,4431080,Horse Guys,Coming soon
coop_funny,1992530,Party Words,"Dec 6, 2022"
coop_funny,1936800,Object Wars,Coming soon
coop_funny,4965500,Job Simulator: Human Relations,Coming soon
coop_funny,2597200,Across the Wonderlands,To be announced
coop_funny,3582690,Night Crew,Coming soon
coop_funny,5230400,ZOO PANIC,Coming soon
coop_funny,5056400,Pro Birder,To be announced
coop_funny,3995650,Milk Run,"Oct 31, 2025"
coop_funny,1756760,Metaverse-World Of Cube,Coming soon
coop_funny,3983200,FiresOut!,To be announced
coop_funny,5137310,Tidy Up with Friends: At the Supermarket,"Oct 15, 2026"
coop_funny,4944320,Twin Drive,Coming soon
coop_funny,2527940,Little Cheese Works,Q4 2026
coop_funny,2455260,RoundRunners Playground,"Sep 8, 2023"
coop_funny,3019350,Cube Arena,To be announced
coop_funny,3715890,Friends And Fangs,Coming soon
coop_funny,2998860,The Broken Republic,Coming soon
coop_funny,3987970,Banish 9 to 5,Coming soon
coop_funny,4343870,HeadBallz,Coming soon
coop_funny,4705050,Fizzle Fighters,To be announced
coop_funny,1483340,极限挑战：登录星球,"Dec 21, 2020"
coop_funny,4932130,Backrooms With Friends!,2026
coop_funny,5132290,小吃派对 Snack Party,Coming soon
coop_funny,3900170,S.K.R.U.B. Squad,2026
coop_funny,4928080,Seikyu Let’s Go!,Q4 2026
coop_funny,4655570,"SHUT UP, IT'S HERE!",Coming soon
coop_funny,3473200,LIMINAL HELL,To be announced
coop_funny,2173810,Listen Me,"Dec 11, 2022"
coop_funny,828730,Dumb As Wizards,"Jul 24, 2020"
coop_funny,5046290,Zingers,"Aug 31, 2026"
coop_funny,3381980,Beatworks Inc.,Coming soon
coop_funny,3092430,SameBrain,To be announced
coop_funny,2824020,hora,"Aug 26, 2025"
coop_funny,1166760,Jinga Online,"Feb 16, 2020"
coop_funny,5069090,No Away From Keyboard,"Sep 15, 2026"
coop_funny,2959340,Undercover Animals,Coming soon
coop_funny,4896770,Bada Boom,Coming soon
coop_funny,3777830,Shoot Your Pal,Coming soon
coop_funny,3619490,Trickshotterz,"Nov 6, 2026"
coop_funny,4132070,Drive You Crazy Golf,November 2026
coop_funny,3302230,Buried Whispers,To be announced
coop_funny,4304880,Superalignment,To be announced
coop_funny,2357510,ROMPICHE-8,To be announced
coop_funny,679390,Topdown Showdown,"Aug 30, 2017"
coop_funny,2375710,Hunt Hide Run,"Mar 2, 2024"
coop_funny,5007100,CHICKEN MINE,2027
coop_funny,3175590,HAUNT,"Oct 15, 2026"
coop_funny,4352400,MageQuit Dungeons,To be announced
coop_funny,2666060,Get Order!,Coming soon
coop_funny,4849240,Duel: The Game Show,"Oct 27, 2026"
coop_funny,4789870,Muv-Luv Girls Garden,Coming soon
coop_funny,5023800,Pixel Chroma,Q4 2026
coop_funny,3650330,Ice Cream Shop Simulator,2026
coop_funny,4218660,Cute Away: Paws Caretaker Simulator,2026
coop_funny,3020100,Quentin Playtime,"Oct 1, 2026"
coop_funny,4078520,Don't Piss,"Nov 21, 2025"
coop_funny,3734800,Puzzle Company,To be announced
coop_funny,3652570,Assassins Arena,"Jun 18, 2025"
coop_funny,4683420,Toypunk,To be announced
coop_funny,4638650,Van Tich Legends,Coming soon
coop_funny,5083370,Whisker Tinkers,March 2027
coop_funny,2643540,Age Twisters,To be announced
coop_funny,2383940,Tiny Realms,To be announced
coop_funny,2627580,Freestyle Studio,Coming soon
coop_funny,2602220,Firebowl,Coming soon
coop_funny,3615420,Advent Arena,To be announced
coop_funny,4507020,Oopstacle Course,To be announced
coop_funny,1471730,"Kick it, Bunny!","Feb 17, 2021"
coop_funny,5012290,Tiny Lords,2026
coop_funny,4566500,OnlyAliens,Coming soon
coop_funny,2181480,I Fought the Lawn,"Nov 15, 2022"
coop_funny,3599680,Party Champ,To be announced
coop_funny,4638900,Greedy Getaways,2026
coop_funny,4835830,Taillights,To be announced
coop_funny,3709090,MADFALL,Coming soon
coop_funny,3934340,Hopzi,To be announced
coop_funny,5021060,Only Straight Bros,"Oct 2, 2026"
coop_funny,4301580,Greedy,"Nov 5, 2026"
coop_funny,3916690,Get In Da Boat,Coming soon
coop_funny,4910410,PRIMO CAMO,To be announced
coop_funny,3950840,Grannies on Wheels,2027
coop_funny,5037940,Linked Wheels,Q4 2026
coop_funny,4870640,Steal Banana,Coming soon
coop_funny,4983210,Repaint,Coming soon
coop_funny,3688200,Knight life tavern,Q4 2026
coop_funny,4727690,S.I.F: The Missing Rescue,Coming soon
coop_funny,5127670,We Are Balls,Coming soon
coop_funny,2642310,Tag League,"Aug 16, 2025"
coop_funny,1283180,ROBALL,"Feb 3, 2021"
coop_funny,4048580,Crowd,Coming soon
coop_funny,4454760,OPEN UP SIR!,To be announced
coop_funny,4660050,Stop slacking,"Jun 7, 2026"
coop_funny,3974270,Jester Party,"Dec 18, 2025"
coop_funny,4249610,Sleep Outbreak,Coming soon
coop_funny,1626280,Explory Story,2026
coop_funny,3150210,War Pigeons,Coming soon
coop_funny,3990510,Hop & Seek,2026
coop_funny,4747920,Undervalued,2026
coop_funny,2835950,Multi Game Party,Coming soon
coop_funny,3584250,Off the Shelf!,2026
coop_funny,4421700,UwUzon,"Apr 8, 2026"
coop_funny,1598650,Beans or Bones,Coming soon
coop_funny,4069530,Thieves Party,Coming soon
coop_funny,4991800,Just Another Animal,"Aug 18, 2026"
coop_funny,4782430,Don't Die on the Clock,Coming soon
coop_funny,4907980,Call the Ambulance,2027
coop_funny,3467310,BBQ Master,"Aug 9, 2025"
coop_funny,2650080,Idiots' Fantasy,"Jun 28, 2024"
coop_funny,1961960,Haunt Monster,"Jan 10, 2024"
coop_funny,4590870,Barrow Bros,Coming soon
coop_funny,4003030,Mojo Party,Coming soon
coop_funny,4436400,VOICEBOX,To be announced
coop_funny,3219680,Try To Catch Me!,To be announced
coop_funny,3648960,Ko-Ops,Coming soon
coop_funny,4768970,Rollin' Robbers,Coming soon
coop_funny,921890,Retro Rockets,"Aug 2, 2019"
coop_funny,4806240,Nightmare Company,To be announced
coop_funny,3093030,Fauneroes,Coming soon
coop_funny,4153880,Back Pain Delivery,Coming soon
coop_funny,5108500,My Summer Project Together,Coming soon
coop_funny,4694670,But Why Together,"May 20, 2026"
coop_funny,3848360,Snakez Arena,Q4 2026
coop_funny,4814120,ANANTA,"Jan 15, 2027"
coop_funny,4730160,Wobble Ops!,"Sep 7, 2026"
coop_funny,2580380,Danger Trail,To be announced
coop_funny,3737940,Rat Race Combat: Zombie Tribute,"Jul 1, 2025"
coop_funny,4606150,Rumble League,Coming soon
coop_funny,4526990,Happy My Friends,Coming soon
coop_funny,4024440,Haunted Heist,"Oct 12, 2026"
coop_funny,3856250,Bankfeest,Coming soon
coop_funny,4775820,Clock-out Denied,Q4 2026
coop_funny,3672290,StuckOn: Hamsterball,Coming soon
coop_funny,1416060,Mechamates,To be announced
coop_funny,4991730,Skill Hiding,Coming soon
coop_funny,3370840,Five Heads,2026
coop_funny,3286780,Park Manager Simulator,To be announced
coop_funny,4344920,Coffee Critters,Coming soon
coop_funny,5278920,Arena Shooter,Q1 2027
coop_funny,4527250,Don't Push Your Luck,"Apr 29, 2026"
coop_funny,1850930,Camp Wars,"Mar 26, 2022"
coop_funny,3677590,Breaking Deck,To be announced
coop_funny,3762800,Whatta Frogs?,Coming soon
coop_funny,5336080,Gacha Chaos Tidy Up Together,"Oct 26, 2026"
coop_funny,4096850,Bazar Simulator Online,"Nov 16, 2025"
coop_funny,4551220,COLORFALL,"Oct 9, 2026"
coop_funny,3260310,Strange Block 36,Coming soon
coop_funny,5220450,Chefarzt,"Oct 5, 2026"
coop_funny,4742200,City Party Tycoon,2027
coop_funny,3368390,Nyric,Coming soon
coop_funny,5003210,Creewe!,Coming soon
coop_funny,4093570,TERMITE,To be announced
coop_funny,4510980,Kart Soccer Party,"Apr 6, 2026"
coop_funny,4259910,GravityOptional,Coming soon
coop_funny,4660170,Witch Shop Simulator,Q4 2026
coop_funny,4659460,SALMON,December 2026
coop_funny,2679340,Grapple Tanks,"Jan 8, 2024"
coop_funny,4202040,Drunken Cowboys,Q4 2026
coop_funny,5077350,Mortal Football,Coming soon
coop_funny,4812940,Draw&Guess,"Jul 19, 2026"
coop_funny,4878890,Factory Shift,Coming soon
coop_funny,4493050,Kankao in Action,2027
coop_funny,5001430,Hide and Fuse,"Aug 26, 2026"
coop_funny,4185770,cenker's mod,"Nov 10, 2026"
coop_funny,5108850,No Honest Work,Coming soon
coop_funny,5211630,Zooccer,Coming soon
coop_funny,5306870,Psst!,Coming soon
coop_funny,3607900,Dream Team,Coming soon
coop_funny,3363400,Escape With Friends,"Mar 11, 2027"
coop_funny,4323260,Ship Happens,November 2026
coop_funny,5131110,Tea Runners: Turkish Teahouse Simulator,Q4 2026
coop_funny,4293250,Prop Royale,To be announced
coop_funny,4418430,STRAFEST,"Jul 1, 2026"
coop_funny,4104240,BuildArena,"Apr 21, 2026"
coop_funny,4242830,Werehouse,"Mar 27, 2026"
coop_funny,3083740,ROCKS,"Oct 15, 2025"
coop_funny,4461870,Reason and Rhyme,"Oct 15, 2026"
coop_funny,3175020,AstroBrawl,Coming soon
coop_funny,5211870,Catch The Fish,Coming soon
coop_funny,4396030,OKEYABILITY,2027
coop_funny,5041700,Layoff Revenge!,To be announced
coop_funny,5333160,Theater Kids,Coming soon
coop_funny,4260800,坦克大作战,"Feb 3, 2026"
coop_funny,1758260,ToBas Zombies,"Dec 28, 2021"
coop_funny,2958950,Elemental Showdown,"Mar 10, 2025"
coop_funny,4574160,Workplace Compensation,To be announced
coop_funny,4419310,Cursed Carts,Q4 2026
coop_funny,3839840,Bubble Investor,Coming soon
coop_funny,2112550,Ice Nosfe,"Dec 21, 2022"
coop_funny,4303570,Hook Nook,Q4 2026
coop_funny,4063220,Eggbert,Coming soon
coop_funny,4188260,Cozy~Fishing Kitten,Q4 2026
coop_funny,3965290,Keep Crafting,2027
coop_funny,4877420,Rec Room: A New Semester,"Nov 24, 2026"
coop_funny,1762230,Bunnies Vs Zombies,Coming soon
coop_funny,3432220,Hell Gangs,To be announced
coop_funny,5120680,Dead & Delicious,Q4 2026
coop_funny,5134560,DON'T SWITCH,Coming soon
coop_funny,3083230,Vaulting Over It,"Nov 22, 2025"
coop_funny,3010130,Monster Mayhem,To be announced
coop_funny,5162560,Joy Loader Crew,Coming soon
coop_funny,4254310,Lopers,"Apr 10, 2026"
coop_funny,4652930,Knuckle Creek,Coming soon
coop_funny,3906270,Apocalypse Meow,Coming soon
coop_funny,4000850,Meow Box City,"Aug 28, 2026"
coop_funny,1240040,SokoBunny,"May 22, 2020"
coop_funny,1786740,Bartenders,Coming soon
coop_funny,4296160,Jump Or Drown,"Sep 30, 2026"
coop_funny,1792000,Battle Bees Royale,Coming soon
coop_funny,2996460,链接塔防 Link Tower,To be announced
coop_funny,4863140,Sushi Restaurant Simulator,2027
coop_funny,4088460,لعبة بروبقاندا - لعبة جماعية اونلاين,To be announced
coop_funny,2101750,Thousands Rooms Under The Reality,To be announced
coop_funny,5255870,Working Dead,Q4 2026
coop_funny,5144160,THEORY WORKS: YOUR FRIENDS DON’T,To be announced
coop_funny,3024700,Sweet Order: Candy Shop Tidy Up!,Coming soon
coop_funny,3703740,FallingBattle,"Oct 31, 2025"
coop_funny,4519230,Penguin Pirates,Q4 2026
coop_funny,4316540,The Anomaly Department,"Jul 14, 2026"
coop_funny,3450340,Henshin MyBro!,"Apr 3, 2025"
coop_funny,3850790,Blind Bluff,Coming soon
coop_funny,3947220,Deckaroo,"Nov 3, 2025"
coop_funny,5168130,Hit or Die,"Dec 10, 2026"
coop_funny,5091610,Tolerance,Coming soon
coop_funny,4982580,3 Estrellas,Q4 2026
coop_funny,4509530,Dead Margin,"Sep 18, 2026"
coop_funny,2514580,斗鱼战争,"Aug 21, 2023"
coop_funny,3540060,Carrier Cuties - Pets In Mechs!,To be announced
coop_funny,4166510,GigaTurtles,To be announced
coop_funny,1388550,Human Fall Flat 2,To be announced
coop_funny,3856400,MowIt : Grass Cutting Simulator,"Oct 21, 2026"
coop_funny,4953620,Crazy Road Shop Wars,Coming soon
coop_funny,5163700,Technically Heroes,Coming soon
coop_funny,1831230,TowerFall with Friends,Coming soon
coop_funny,5035950,Zap Rat,Coming soon
coop_funny,4995290,MOBBED,Q4 2026
coop_funny,2852140,Dumb Ways to Party,2026
coop_funny,3864990,Rain's Golf,"Dec 5, 2025"
coop_funny,4580560,Ossan Hamster,"Apr 30, 2026"
coop_funny,4286760,Eekscape: Everyone Panic!,Coming soon
coop_funny,4436020,X-Ray Pet Hospital,Coming soon
coop_funny,4374200,Snack Factory Together,2026
coop_funny,4743880,Turtles on Crocodiles,2026
coop_funny,4241460,Fatherhood,To be announced
coop_funny,5019410,Friendslop,Coming soon
coop_funny,3584710,Touch the Sky,"May 3, 2025"
coop_funny,3863650,Hot Breach,Coming soon
coop_funny,5018350,ur round,Coming soon
coop_funny,3624390,Mordeny,"Jul 11, 2025"
coop_funny,4413440,PANICOOK,To be announced
coop_funny,1217170,Treasure Hunting Club,To be announced
coop_funny,5069950,Pedal Pedal Pedal,2026
coop_funny,4229760,Save Mr. Peachee,To be announced
coop_funny,2439960,Degenheim,Coming soon
coop_funny,4476600,PARADICE,Coming soon
coop_funny,5171730,Crappy Corp,Coming soon
coop_funny,3926970,Magnet Bros,Coming soon
coop_funny,4265300,Cash the Corpse,Coming soon
coop_funny,1498630,Click on their Heads,"Dec 29, 2020"
coop_funny,5199150,9 Box,Coming soon
coop_funny,1645150,Crazy Ludo,"Nov 10, 2021"
coop_funny,4259100,Insert Coin: Arcade Party,"Feb 13, 2026"
coop_funny,3539220,Trash Trek Simulator,To be announced
coop_funny,3057490,Chef Van,Coming soon
coop_funny,4554640,"Self-Checkout: Scan, Weight, Steal",Coming soon
coop_funny,4364220,"This is not Chess, It's War!",Coming soon
coop_funny,3779960,C.L.U.C.K.,Coming soon
coop_funny,3717250,AcroChallenge,"Jun 19, 2025"
coop_funny,3141530,Goo-ed Together,Coming soon
coop_funny,4797900,Chodd,Coming soon
coop_funny,4606080,No Panic,Coming soon
coop_funny,5280000,CARTACLYSM,Q4 2026
coop_funny,5090120,NICO DRAW,December 2026
coop_funny,3601810,Clear the Snow,Coming soon
coop_funny,5190440,Are You an Honest Merchant?,November 2026
coop_funny,4588440,Snow Brawl Arena,Coming soon
coop_funny,4503040,The Fancy Pants Adventures Online,2027
coop_funny,4572890,Two Types Pollos,"Jun 19, 2026"
coop_funny,4788240,Night Shift Hospital,Coming soon
coop_funny,4413290,The Poker Saint,Coming soon
coop_funny,4989610,Doughn't Panic!,2027
coop_funny,4958280,Stack the Pack!,Coming soon
coop_funny,3408870,RLChess,"Feb 25, 2025"
coop_funny,3935200,North Pole Workshop,Q4 2026
coop_funny,3548510,DIG,"Oct 26, 2026"
coop_funny,2921370,Pickle Party,To be announced
coop_funny,3865250,Piggy Only Up,Coming soon
coop_funny,4559210,ACT LIKE TOYS! (A.L.T.),Q4 2026
coop_funny,2986340,Flood,"Sep 8, 2025"
coop_funny,2081610,The King's Tournament,Coming soon
coop_funny,5201390,Have you lodged a ticket?!,Coming soon
coop_funny,2215800,Cold Killers,Coming soon
coop_funny,5314170,KIBASEN,October 2026
coop_funny,3448510,Hop On It,Coming soon
coop_funny,2914110,Carrot Commotion,Coming soon
coop_funny,4806270,What The Cluck,October 2026
coop_funny,3250670,Fake It,"Sep 20, 2025"
coop_funny,4266860,Cheddar and Feta,"Feb 5, 2026"
coop_funny,2567910,HostageHub,To be announced
coop_funny,4294330,Simple World Beta,2026
coop_funny,4294040,419,Coming soon
coop_funny,4999280,OneBody: Together,Coming soon
coop_funny,3631900,Tic Tac,Coming soon
coop_funny,5080290,Cardrooms,Q4 2026
coop_funny,2997450,Only Up: SKIBIDI,"Jun 23, 2024"
coop_funny,5058470,PALM CITY,2026
coop_funny,5030630,Carry Bros: Find It Together,Coming soon
coop_funny,4863560,Patch and Pray,To be announced
coop_funny,5178560,Boiling Point,Coming soon
coop_funny,4158230,Beach Knights,"Aug 12, 2026"
coop_funny,4670520,PAYRATES,To be announced
coop_funny,4204050,Fluff Attack,To be announced
coop_funny,4890170,Tank Mates,"Nov 6, 2026"
coop_funny,3506730,TowerAndMagic,Coming soon
coop_funny,4313260,Piece of Ship,"Feb 19, 2026"
coop_funny,1884510,Veins,Coming soon
coop_funny,4812100,Gorilla Warfare,2027
coop_funny,4652920,Squirterzz,"Aug 17, 2026"
coop_funny,2438460,Evil Robots,"Nov 9, 2023"
coop_funny,4279520,Flame & Forge,To be announced
coop_funny,4612760,GET RAMMED,Coming soon
coop_funny,4838520,Stick Together,Coming soon
coop_funny,4903560,Nothing Goes Right: Bad Business,Coming soon
coop_funny,5160780,Fly Chicken Fly,"Nov 3, 2026"
coop_funny,4882500,Clay Clinic,Coming soon
coop_funny,3546650,MakeShift Mayhem,Coming soon
coop_funny,3836380,Trust Me,To be announced
coop_funny,4581580,Anime Girls: Climb Together,"Apr 22, 2026"
coop_funny,3830400,The Calling,2026
coop_funny,3756600,Dungeon Cleaners,Coming soon
coop_funny,3684080,D.E.L.I.V.E.R.E.R.S.,To be announced
coop_funny,5342300,Amateur Football Together,Q4 2026
coop_funny,4290160,Don’t Let Them Drive,"Feb 2, 2026"
coop_funny,1930190,What The Coffin,To be announced
coop_funny,4077590,Project Cresta,To be announced
coop_funny,5084740,Hendichen,March 2027
coop_funny,2520840,Cluck Up!,Q2 2027
coop_funny,4623720,HAUL,2026
coop_funny,2200990,Trigger Fever,"Jun 23, 2023"
coop_funny,4268530,Bingo!,Coming soon
coop_funny,4838870,Trash Bandits,Coming soon
coop_funny,4677650,Buggin' Out!,Coming soon
coop_funny,5263850,Don't Lose the Wheels!,Q1 2027
coop_funny,4112370,Hijinks High,Coming soon
coop_funny,5231840,Hideout Rush,Coming soon
coop_funny,3382860,Monkeround,Coming soon
coop_funny,5142950,AT THE READY,"Oct 29, 2026"
coop_funny,2499400,Dragon Ranch,Coming soon
coop_funny,3323030,Gunnies,Coming soon
coop_funny,5037200,just volleyball,Q4 2026
coop_funny,5080860,What RU Doing Green!,"Sep 8, 2026"
coop_funny,5228680,SCREW IT!,Q4 2026
coop_funny,1587410,Greedy Miners,Coming soon
coop_funny,1731370,POW POW: Dye it up!,Coming soon
coop_funny,4600750,Don't Lose Your Head,2027
coop_funny,5015840,Moto Courier Simulator,Q4 2026
coop_funny,5307350,VOICE METEOR (Battle with Original Magic Born from Your Voice),November 2026
coop_funny,4563590,Pig King,To be announced
coop_funny,4416020,"Food Factory Coop: Build, Cook, Craft",Coming soon
coop_funny,4831130,Cloud Atlas,Coming soon
coop_funny,1676360,Immersion Sector,Coming soon
coop_funny,2848460,Mesh Replica,"Feb 3, 2025"
coop_funny,2026450,Stunt Derby,Coming soon
coop_funny,2146730,Parlor,"Nov 15, 2022"
coop_funny,4124000,Stupid Spaceships,Coming soon
coop_funny,1788130,Abomifighters: World League,Coming soon
coop_funny,3617310,Proptop Demo,"Apr 27, 2025"
coop_funny,2275840,DeliverwarTH,"Feb 4, 2023"
coop_funny,1422450,Deadlock,To be announced
coop_funny,5023500,Squidlash,Coming soon
coop_funny,3684460,Pill It Up!,To be announced
coop_funny,5112450,PACKING SHIFT,Coming soon
coop_funny,1233740,ToroFun,Coming soon
coop_funny,2940700,Bagel,"May 14, 2024"
coop_funny,3390200,Silent Fleet,"May 1, 2025"
coop_funny,3568830,Duck Off!,"Mar 26, 2025"
coop_funny,3472280,Let It Riff,Coming soon
coop_funny,3226360,Kangaroo Court,Coming soon
coop_funny,4181860,Bird Them Up,To be announced
coop_funny,4657910,Chicken Escape,To be announced
coop_funny,3012760,Air&Hook,To be announced
coop_funny,2949940,Panic In Store !,2026
coop_funny,3594990,Pirate's Gambit,Coming soon
coop_funny,3038500,Cooking Simulator 2: Prologue,Coming soon
coop_funny,3153140,Mush Dash,"Aug 26, 2025"
coop_funny,3582170,Cart Capers,"Jul 4, 2025"
coop_funny,4663870,Bake Masters,Coming soon
coop_funny,1496110,Run!!!,"Mar 31, 2021"
coop_funny,3750310,Who Fart ?,Coming soon
coop_funny,4531620,Save The Ninja!,To be announced
coop_funny,1601910,Animal Express,Coming soon
coop_funny,2688030,Serve The Cups,Coming soon
coop_funny,2916290,Pneumatic Panic,To be announced
coop_funny,2306120,Lockdown VR: Forgotten Temple,"Mar 16, 2023"
coop_funny,4078820,Sky Rush,2026
coop_funny,5250580,VACATION,Coming soon
coop_funny,5107550,Chase Buddies,December 2026
coop_funny,3369720,Nuria's Redemption,2026
coop_funny,3300820,Life of Whale,"Dec 19, 2024"
coop_funny,2283120,ソウエンノイセキ,"Feb 3, 2023"
coop_funny,3104610,MEGARACER QUANTUMRUSH,"Aug 20, 2025"
coop_funny,5111880,美食大冒险,Coming soon
coop_funny,2082860,Hue Hills,"Aug 1, 2022"
coop_funny,3353000,Potatogeddon,"Sep 25, 2025"
coop_funny,5175810,Trickcal: MochiMochiCheekFighterZ,To be announced
coop_funny,5088790,Who Pressed It?!,Q4 2026
coop_funny,3640950,Meowfia Solitaire,Coming soon
coop_funny,4213930,Salty Dogs,Coming soon
coop_funny,2198690,PartySparkers,Coming soon
coop_funny,1891240,Otter Chaos,Coming soon
coop_funny,4325070,Spray Days,2027
coop_funny,3354160,Toxic Toads,To be announced
coop_funny,3237000,OopsFixers Company,"Jun 13, 2025"
coop_funny,2508550,Secret Forest,Coming soon
coop_funny,3758420,Astro Out,To be announced
coop_funny,3021640,Void Scavengers,Coming soon
coop_funny,2866880,OranguTangle,Coming soon
coop_funny,4639820,Farmastrophy With Friends,2027
coop_funny,387820,Build a Game Universe,Coming soon
coop_funny,1994140,MYZZ | My ZZ Games,Coming soon
coop_funny,2967940,Duck Creator 2,Coming soon
coop_funny,2824800,Gods of the Arena Dungeon,To be announced
coop_funny,3123980,SILENT EXPRESS,Coming soon
coop_funny,3153030,Tombsweeper,Coming soon
coop_funny,2318440,Girls Tennis League,"Mar 13, 2023"
coop_funny,2086450,eggboy,"Sep 27, 2024"
coop_comedy,553850,HELLDIVERS™ 2,"Feb 8, 2024"
coop_comedy,381210,Dead by Daylight,"Jun 14, 2016"
coop_comedy,440,Team Fortress 2,"Oct 10, 2007"
coop_comedy,3892270,Gamble With Your Friends,"May 1, 2026"
coop_comedy,4656000,BOMBANANA!,"Sep 2, 2026"
coop_comedy,3124540,Far Far West,"Apr 28, 2026"
coop_comedy,3722330,Shift At Midnight,"Jul 22, 2026"
coop_comedy,3527290,PEAK,"Jun 16, 2025"
coop_comedy,3241660,R.E.P.O.,"Feb 26, 2025"
coop_comedy,4704690,MECCHA CHAMELEON,"Jun 9, 2026"
coop_comedy,4000,Garry's Mod,"Nov 29, 2006"
coop_comedy,4450620,GRAIN ROT,"Aug 7, 2026"
coop_comedy,3640200,Dawson Oaks Trailer Park,"Sep 17, 2026"
coop_comedy,397540,Borderlands 3,"Mar 13, 2020"
coop_comedy,3834090,YAPYAP,"Feb 3, 2026"
coop_comedy,4069520,Super Battle Golf,"Feb 19, 2026"
coop_comedy,49520,Borderlands 2,"Sep 17, 2012"
coop_comedy,1665460,eFootball™,"Sep 29, 2021"
coop_comedy,728880,Overcooked! 2,"Aug 7, 2018"
coop_comedy,880940,Pummel Party,"Sep 20, 2018"
coop_comedy,2881650,Content Warning,"Apr 1, 2024"
coop_comedy,5053820,Mimic Party,"Aug 27, 2026"
coop_comedy,4412320,Dumb Ways to Build,"Sep 10, 2026"
coop_comedy,204360,Castle Crashers®,"Sep 26, 2012"
coop_comedy,3364070,The Jackbox Party Pack 11,"Oct 22, 2025"
coop_comedy,3643170,Roadside Research,"Feb 12, 2026"
coop_comedy,4244510,Pratfall,"Apr 20, 2026"
coop_comedy,850190,Goat Simulator 3,"Feb 15, 2024"
coop_comedy,3453910,Happy's Humble Burger Cult,"Jul 16, 2026"
coop_comedy,4948000,Moo Who?,"Aug 21, 2026"
coop_comedy,1286680,Tiny Tina's Wonderlands,"Jun 23, 2022"
coop_comedy,4132330,Pizza House Simulator🍕,"Aug 19, 2026"
coop_comedy,2827200,MIMESIS,"Oct 27, 2025"
coop_comedy,4796830,WE ARE SO DEAD,"Aug 17, 2026"
coop_comedy,427730,Who's Your Daddy?!,"May 13, 2016"
coop_comedy,313690,LEGO® Batman™ 3: Beyond Gotham,"Nov 11, 2014"
coop_comedy,261640,Borderlands: The Pre-Sequel,"Oct 13, 2014"
coop_comedy,1969370,LEGO® Party!,"Sep 30, 2025"
coop_comedy,238460,BattleBlock Theater®,"May 15, 2014"
coop_comedy,249130,LEGO® Marvel™ Super Heroes,"Oct 22, 2013"
coop_comedy,32440,LEGO® Star Wars™ - The Complete Saga,"Nov 12, 2009"
coop_comedy,1089090,ONE PIECE: PIRATE WARRIORS 4,"Sep 14, 2023"
coop_comedy,394510,HELLDIVERS™ Dive Harder Edition,"Dec 7, 2015"
coop_comedy,3412160,The House Always Wins,"May 21, 2026"
coop_comedy,405310,LEGO® MARVEL's Avengers,"Jan 26, 2016"
coop_comedy,4317790,Last Pirates: Die Together,"Aug 18, 2026"
coop_comedy,5085740,Needle In A Haystack,"Sep 29, 2026"
coop_comedy,2787320,Revenge of the Savage Planet,"May 8, 2025"
coop_comedy,4883580,The One Fish,"Aug 12, 2026"
coop_comedy,55230,Saints Row: The Third,"Nov 14, 2011"
coop_comedy,3265230,Cursed Companions,"Jul 9, 2026"
coop_comedy,4285690,Airport Security Sucks!,"Jun 5, 2026"
coop_comedy,597170,Clone Drone in the Danger Zone,"Jul 27, 2021"
coop_comedy,4917440,MOGGED: Looksmaxx or Die,"Oct 1, 2026"
coop_comedy,1607680,Bread & Fred,"May 23, 2023"
coop_comedy,673750,Super Bunny Man,"May 16, 2023"
coop_comedy,4279630,Friendly Steps,"Sep 3, 2026"
coop_comedy,206420,Saints Row IV: Re-Elected,"Aug 19, 2013"
coop_comedy,1686940,Bopl Battle,"Nov 16, 2023"
coop_comedy,969990,SpongeBob SquarePants: Battle for Bikini Bottom - Rehydrated,"Jun 23, 2020"
coop_comedy,2870920,Restaurats,"Nov 7, 2025"
coop_comedy,265550,Dead Rising 3 Apocalypse Edition,"Sep 5, 2014"
coop_comedy,4322960,Trail & Error,"Jun 16, 2026"
coop_comedy,1522820,Orcs Must Die! 3,"Jul 23, 2021"
coop_comedy,2920570,Dale & Dawson Stationery Supplies,"Aug 30, 2024"
coop_comedy,45740,Dead Rising® 2,"Sep 27, 2010"
coop_comedy,410320,EARTH DEFENSE FORCE 4.1 The Shadow of New Despair,"Jul 18, 2016"
coop_comedy,5061170,Hide and Moo!,"Aug 25, 2026"
coop_comedy,1242980,KeyWe,"Aug 31, 2021"
coop_comedy,3544130,Soul Chained,"Sep 7, 2026"
coop_comedy,9480,Saints Row 2,"Jan 7, 2009"
coop_comedy,1451480,The Greatest Penguin Heist of All Time,"Jun 3, 2026"
coop_comedy,4074010,"Dig, Dig, Die","Aug 6, 2026"
coop_comedy,1329500,SpiderHeck,"Sep 22, 2022"
coop_comedy,4397060,Sitting Ducks,"Jun 4, 2026"
coop_comedy,4286040,Unicycle Together,"Aug 5, 2026"
coop_comedy,32510,LEGO® Star Wars™ III - The Clone Wars™,"Mar 22, 2011"
coop_comedy,4090360,Forest Escape: Last Train,"Jul 10, 2026"
coop_comedy,2455360,Cooking Simulator 2: Better Together,"Mar 31, 2026"
coop_comedy,2708450,Oh Deer,"Jun 27, 2024"
coop_comedy,3989960,Frog Sqwad 🐸,"Jun 11, 2026"
coop_comedy,3864450,Goblin Company,"Jun 12, 2026"
coop_comedy,743450,Monster Prom,"Apr 27, 2018"
coop_comedy,4513060,Yandere Virus,"Sep 20, 2026"
coop_comedy,729040,Borderlands Game of the Year Enhanced,"Oct 26, 2009"
coop_comedy,45770,Dead Rising 2: Off the Record,"Oct 11, 2011"
coop_comedy,17480,Command & Conquer™ Red Alert™ 3,"Jan 8, 2009"
coop_comedy,1140270,Monster Prom 2: Monster Camp,"Oct 23, 2020"
coop_comedy,2802740,Heave Ho 2,"Jul 16, 2026"
coop_comedy,4429930,Water You Doing?,"Aug 26, 2026"
coop_comedy,42910,Magicka,"Jan 25, 2011"
coop_comedy,238370,Magicka 2,"May 26, 2015"
coop_comedy,2790700,SWAPMEAT,"Jun 17, 2026"
coop_comedy,41070,Serious Sam 3: BFE,"Nov 22, 2011"
coop_comedy,1483870,Draw & Guess,"Mar 12, 2021"
coop_comedy,291860,Pit People®,"Mar 2, 2018"
coop_comedy,2357000,KILL IT WITH FIRE! 2,"Nov 25, 2025"
coop_comedy,2318480,Last Train Outta' Wormtown,"Jan 17, 2025"
coop_comedy,4925300,Unnamed Pogo Game,"Sep 1, 2026"
coop_comedy,2749770,Galaxy Burger,"Aug 23, 2024"
coop_comedy,217200,Worms Armageddon,"Mar 19, 2013"
coop_comedy,2949320,Ratatan,"Sep 18, 2025"
coop_comedy,4011300,Super Shout Showdown,"Aug 6, 2026"
coop_comedy,4383880,Huntin' Buddies,"Jul 24, 2026"
coop_comedy,1939390,Dino Party,"Aug 14, 2026"
coop_comedy,493900,Dungeons 3,"Oct 13, 2017"
coop_comedy,3034650,BloomKeeper,"Sep 16, 2026"
coop_comedy,1473960,Wreck Runners,"Jul 16, 2026"
coop_comedy,3111080,Secret Agent Wizard Boy and the International Crime Syndicate,"Mar 6, 2025"
coop_comedy,543460,Dead Rising 4,"Mar 14, 2017"
coop_comedy,1206610,Rubber Bandits,"Dec 2, 2021"
coop_comedy,2964280,Penguin Helper,"Sep 3, 2024"
coop_comedy,774791,Surgeon Simulator 2,"Sep 2, 2021"
coop_comedy,3743090,Deadly Delivery,"Dec 4, 2025"
coop_comedy,335240,Transformice,"Jan 30, 2015"
coop_comedy,3967470,We Gotta Go,"Apr 14, 2026"
coop_comedy,3761880,Night Shippers,"Apr 6, 2026"
coop_comedy,201790,Orcs Must Die! 2,"Jul 30, 2012"
coop_comedy,4247840,GHOSTED,"Sep 25, 2026"
coop_comedy,3558400,Backseat Drivers,"Oct 9, 2025"
coop_comedy,1227650,Bang-On Balls: Chronicles,"Oct 5, 2023"
coop_comedy,3345950,Capote,"Aug 20, 2026"
coop_comedy,301910,Saints Row: Gat out of Hell,"Jan 20, 2015"
coop_comedy,41000,Serious Sam HD: The First Encounter,"Nov 24, 2009"
coop_comedy,312670,Strange Brigade,"Aug 27, 2018"
coop_comedy,859570,Secret Neighbor: Hello Neighbor Multiplayer,"Oct 24, 2019"
coop_comedy,22600,Worms Reloaded,"Aug 26, 2010"
coop_comedy,3564340,Hold Your King,"Jun 10, 2026"
coop_comedy,204340,Serious Sam II,"Jan 31, 2012"
coop_comedy,1682050,PropHunter,"Aug 6, 2021"
coop_comedy,4061800,A Game About Penguins,"Aug 10, 2026"
coop_comedy,564310,Serious Sam Fusion 2017 (beta),"Nov 24, 2009"
coop_comedy,2300230,Feather Party,"Jan 19, 2026"
coop_comedy,4179280,Moonshiner Simulator,"May 20, 2026"
coop_comedy,3795760,Burger Bots Inc.,"Jun 17, 2026"
coop_comedy,979070,Just Die Already,"May 20, 2021"
coop_comedy,640590,The LEGO® NINJAGO® Movie Video Game,"Sep 22, 2017"
coop_comedy,3674980,Explosive Odds,"Sep 24, 2025"
coop_comedy,3669740,The You Quiz,"Dec 5, 2025"
coop_comedy,4311440,Carry The Count,"Oct 1, 2026"
coop_comedy,301970,Screencheat,"Oct 21, 2014"
coop_comedy,2977810,Dollhouse of Dead,"Nov 6, 2025"
coop_comedy,2823080,Sketchy's Contract,"Jul 15, 2026"
coop_comedy,4164310,这是谐音梗,"Apr 26, 2026"
coop_comedy,2103950,Kritter: Defend Together,"Mar 10, 2026"
coop_comedy,665360,Comedy Night,"Aug 24, 2017"
coop_comedy,2887450,Panic Delivery,"May 13, 2026"
coop_comedy,4523340,C.U.B.E,"Aug 21, 2026"
coop_comedy,1843310,Funko Fusion,"Sep 13, 2024"
coop_comedy,2428810,LEGO® Horizon Adventures™,"Nov 14, 2024"
coop_comedy,2543510,GUNTOUCHABLES,"Aug 7, 2025"
coop_comedy,1332430,Chip ‘n Clawz vs. The Brainioids,"Aug 26, 2025"
coop_comedy,4154510,How Asian Parents went to School,"Aug 25, 2026"
coop_comedy,1048660,Knight Squad 2,"Apr 14, 2021"
coop_comedy,1080010,Witchtastic,"Oct 26, 2021"
coop_comedy,2117430,Purrrifiers: Cleaning Chaos,"Aug 24, 2026"
coop_comedy,850320,PHOGS!,"Dec 3, 2020"
coop_comedy,632350,Cyberdimension Neptunia: 4 Goddesses Online,"Feb 27, 2018"
coop_comedy,525510,"Guns, Gore and Cannoli 2","Mar 2, 2018"
coop_comedy,1269300,This Means Warp,"May 4, 2023"
coop_comedy,1214670,Mr. Sun's Hatbox,"Apr 20, 2023"
coop_comedy,4162290,OK Boomer,"Jun 25, 2026"
coop_comedy,1240590,Sir Whoopass™: Immortal Death,"Aug 18, 2022"
coop_comedy,3670740,Burgle Supply Company,"May 12, 2026"
coop_comedy,1853200,TYRONE vs COPS,"Feb 12, 2022"
coop_comedy,2920510,Werewolf Party,"Jul 11, 2025"
coop_comedy,3982830,Bottle Cracks,"Aug 10, 2026"
coop_comedy,4133210,Dung Ho!,"Mar 12, 2026"
coop_comedy,1088150,Scribble It!,"Oct 20, 2020"
coop_comedy,3933150,FixForce,"Jul 17, 2026"
coop_comedy,1729140,Hired 2 Die,"Jan 31, 2025"
coop_comedy,2536260,Mayhemers,"Feb 10, 2025"
coop_comedy,4373040,But Why?,"Feb 19, 2026"
coop_comedy,296470,Mount Your Friends,"Jul 29, 2014"
coop_comedy,250400,How to Survive,"Aug 29, 2014"
coop_comedy,3777300,School Crisis,"Jun 29, 2026"
coop_comedy,4080010,Dravo's Twisted Show,"Sep 18, 2026"
coop_comedy,1766100,The Last Hero of Nostalgaia,"Oct 19, 2022"
coop_comedy,1412850,Spacelines from the Far Out,"Jun 9, 2022"
coop_comedy,661940,Regular Human Basketball,"Aug 1, 2018"
coop_comedy,3399950,Your Mother,"Feb 28, 2025"
coop_comedy,1213750,Fight Crab,"Jul 29, 2020"
coop_comedy,408900,Unfortunate Spacemen,"Jun 12, 2020"
coop_comedy,3724820,DATA BREACH,"Sep 4, 2026"
coop_comedy,2234140,Eat the Rich: Greed Games,"Aug 28, 2026"
coop_comedy,4181370,Quack Quack Up,"Jun 23, 2026"
coop_comedy,3398870,Dooms Hair Salon,"Mar 24, 2025"
coop_comedy,3065360,Chop Chop Together,"Sep 8, 2026"
coop_comedy,1021770,Wanba Warriors,"Mar 25, 2020"
coop_comedy,3139570,Co-op Kaiju Horror Cooking,"Jul 29, 2025"
coop_comedy,1755350,BBQ Simulator: The Squad,"May 25, 2022"
coop_comedy,1104450,Bombergrounds: Reborn,"Oct 6, 2022"
coop_comedy,3484210,WALKER,"Mar 9, 2026"
coop_comedy,3367500,Fish Stick Protocol,"Nov 5, 2025"
coop_comedy,4660920,DREGS,"Jul 17, 2026"
coop_comedy,1712840,Tiny Tina's Assault on Dragon Keep: A Wonderlands One-shot Adventure,"Nov 9, 2021"
coop_comedy,2422870,Bronzebeard's Tavern,"Nov 30, 2023"
coop_comedy,1053680,Granny Simulator,"Apr 17, 2019"
coop_comedy,4024600,Pyramidion,"Nov 27, 2025"
coop_comedy,1618320,Doodle Champs,"May 21, 2025"
coop_comedy,2355860,Eggstraction,"May 10, 2024"
coop_comedy,3036800,PRITTO PRISONER,"Dec 24, 2025"
coop_comedy,2976890,災難公關+,"Feb 14, 2026"
coop_comedy,1698520,Simple Fish Adventure,"Aug 6, 2021"
coop_comedy,760810,Retimed,"Dec 5, 2019"
coop_comedy,2891940,Who's Next?,"Feb 6, 2026"
coop_comedy,3585310,KUNKUN Defender 2,"May 16, 2025"
coop_comedy,272510,NARUTO SHIPPUDEN: Ultimate Ninja STORM Revolution,"Sep 15, 2014"
coop_comedy,4585830,Barbecue,"Jun 18, 2026"
coop_comedy,2216360,Disaster Band,"Dec 20, 2022"
coop_comedy,21130,LEGO® Harry Potter: Years 1-4,"Jun 25, 2010"
coop_comedy,70600,Worms Ultimate Mayhem,"Sep 28, 2011"
coop_comedy,1812560,SUPER CRAZY RHYTHM CASTLE,"Nov 13, 2023"
coop_comedy,466980,Can't Drive This,"Mar 18, 2021"
coop_comedy,441010,Mount Your Friends 3D: A Hard Man is Good to Climb,"Feb 23, 2018"
coop_comedy,250180,METAL SLUG 3,"Feb 14, 2014"
coop_comedy,213330,LEGO® Batman™ 2: DC Super Heroes,"Jun 22, 2012"
coop_comedy,2610050,Little Chefs: CO-OP,"Dec 6, 2023"
coop_comedy,4459080,MAGE: Mega Awesome Gregarious Encounters,"Jun 23, 2026"
coop_comedy,1147130,Countryballs: Modern Ballfare,"Nov 12, 2023"
coop_comedy,3657240,Good Luck,"Apr 8, 2026"
coop_comedy,3237570,delivery pals,"Jul 29, 2025"
coop_comedy,2890060,Midnight Mayhem,"Dec 3, 2025"
coop_comedy,389570,Mitos.is: The Game,"Jul 29, 2015"
coop_comedy,1243200,STUFFED,"Jun 16, 2024"
coop_comedy,3822530,Camp Wombo,"Jul 13, 2026"
coop_comedy,3599510,oiia,"Jun 9, 2025"
coop_comedy,3736520,SAHUR: Escape Together,"May 28, 2025"
coop_comedy,1555980,Mother Machine,"Mar 26, 2025"
coop_comedy,1064070,OddBallers,"Aug 15, 2024"
coop_comedy,3626560,Robbing Time,"Nov 13, 2025"
coop_comedy,4203270,Moon Crashers,"Jul 27, 2026"
coop_comedy,1384380,KUUKIYOMI 2: Consider It More! - New Era,"Sep 29, 2020"
coop_comedy,215510,Rocketbirds: Hardboiled Chicken,"Oct 15, 2012"
coop_comedy,1804170,Mimicry,"Aug 25, 2022"
coop_comedy,2654710,Salmon Man,"Jan 22, 2026"
coop_comedy,3732570,Keep the Balance,"Sep 16, 2025"
coop_comedy,4314570,STAB!,"May 1, 2026"
coop_comedy,1444320,Cat Saves Halloween,"Oct 13, 2022"
coop_comedy,115120,Iron Brigade,"Aug 13, 2012"
coop_comedy,3969700,RIBBITS,"Oct 7, 2025"
coop_comedy,4584940,Frog Climb,"Jun 22, 2026"
coop_comedy,1030000,Neko Neko Rampage,"Oct 21, 2025"
coop_comedy,244810,Foul Play,"Sep 18, 2013"
coop_comedy,2767950,Capuchin,"Dec 16, 2024"
coop_comedy,1741160,Catch Me!,"Jan 24, 2023"
coop_comedy,1305420,Agrou,"Jul 25, 2020"
coop_comedy,4052500,Let's Save Mice,"Jan 5, 2026"
coop_comedy,3513030,Forks and Daggers,"Jan 21, 2026"
coop_comedy,3957560,S.E.M.I. – Side Effects May Include...,"Jan 23, 2026"
coop_comedy,2925490,Into the M.A.W.,"Jun 23, 2025"
coop_comedy,3453610,Hoover Heroes,"Nov 20, 2025"
coop_comedy,3315490,Sorted,"Feb 13, 2026"
coop_comedy,4149620,Low Poly Mouse Game,"Dec 9, 2025"
coop_comedy,3208260,Buddies in a Ball,"Jan 20, 2026"
coop_comedy,3665520,Catto Pew Pew!,"Jul 20, 2026"
coop_comedy,1132030,Trash Sailors: Co-Op Trash Raft Simulator,"Dec 16, 2021"
coop_comedy,4218680,Bird Game 3,"May 25, 2026"
coop_comedy,434570,Blood and Bacon,"Feb 1, 2016"
coop_comedy,900790,Bunny Minesweeper,"Aug 10, 2018"
coop_comedy,3576880,Dreadline: Net Quota,"Dec 16, 2025"
coop_comedy,2025680,Soccer But Different,"Jul 22, 2022"
coop_comedy,1013220,River City Saga: Three Kingdoms,"Jul 20, 2022"
coop_comedy,4269100,What'Sub,"May 14, 2026"
coop_comedy,516110,ToeJam & Earl: Back in the Groove!,"Feb 28, 2019"
coop_comedy,1186660,Bare Butt Boxing,"Aug 1, 2024"
coop_comedy,2607150,Corrupted Universe Cries Quietly,"Oct 12, 2023"
coop_comedy,2764690,Chefs Together,"Apr 15, 2024"
coop_comedy,1473270,Are You Smarter Than The Crowd?,"Apr 7, 2022"
coop_comedy,3473580,Super World War,"Aug 25, 2025"
coop_comedy,2117420,Prime Horror II,"Nov 4, 2022"
coop_comedy,651380,BANG! BANG! Totally Accurate Redneck Simulator,"May 4, 2020"
coop_comedy,41014,Serious Sam HD: The Second Encounter,"Apr 28, 2010"
coop_comedy,3621700,Try To Drive,"Sep 11, 2025"
coop_comedy,1195420,Filthy Animals | Heist Simulator,"Apr 4, 2023"
coop_comedy,2876640,Color Breakers 2,"Oct 9, 2025"
coop_comedy,4440410,GLOCKTOPUS,"Mar 27, 2026"
coop_comedy,3447690,iDigging,"May 7, 2025"
coop_comedy,3376480,Delivery & Beyond,"Jan 27, 2026"
coop_comedy,3144110,Journey Up,"Mar 5, 2025"
coop_comedy,4444250,Jesus Take The Wheel,"Mar 24, 2026"
coop_comedy,3842980,Tower of Ba*bel,"Aug 19, 2025"
coop_comedy,673560,IOSoccer,"Jun 12, 2026"
coop_comedy,4854180,Dig for TCG Cards With Your Friends,"Jul 10, 2026"
coop_comedy,985940,Beat Me!,"Aug 19, 2020"
coop_comedy,4705620,WHERE the F$CK is my BITCOIN ⁉️,"Jun 13, 2026"
coop_comedy,582330,Warriors: Rise to Glory,"Jan 20, 2022"
coop_comedy,263740,FootLOL: Epic Soccer League,"Apr 16, 2014"
coop_comedy,265630,Fistful of Frags,"May 9, 2014"
coop_comedy,1790340,KUUKIYOMI: Consider It! ONLINE,"Jun 19, 2022"
coop_comedy,1053510,Super Technos World: River City & Technos Arcade Classics,"Apr 23, 2025"
coop_comedy,2965380,Relaxing Simulator,"May 24, 2024"
coop_comedy,3883760,Stretcher Together,"Aug 7, 2025"
coop_comedy,2698040,Mall Heist,"May 8, 2025"
coop_comedy,2491700,Puropu Defense Squad,"Dec 9, 2024"
coop_comedy,2881520,River City Saga: Three Kingdoms Next,"Nov 6, 2024"
coop_comedy,3956170,ステータス確認探偵,"Oct 20, 2025"
coop_comedy,4010150,Get Clucked,"Nov 10, 2025"
coop_comedy,2898650,Fish Hero,"Aug 2, 2024"
coop_comedy,4320570,SKID: Tori's Frozen Racing,"Apr 18, 2026"
coop_comedy,2978220,OneKind,"Sep 12, 2024"
coop_comedy,3249560,Undercover Fools,"Mar 5, 2025"
coop_comedy,4014830,ToyBoxers!,"Apr 24, 2026"
coop_comedy,2265920,Castle of Blackwater,"Mar 25, 2025"
coop_comedy,3498650,Cut That Wire,"Oct 22, 2025"
coop_comedy,698870,Metaverse Keeper / 元能失控,"Apr 10, 2019"
coop_comedy,1883530,SnackHunter,"Jul 8, 2022"
coop_comedy,2204560,Mineral Madness,"Nov 10, 2025"
coop_comedy,3349600,Romania Prop Hunt,"Dec 4, 2024"
coop_comedy,2008410,Garfield Lasagna Party,"Nov 10, 2022"
coop_comedy,3653590,N.O.X.,"Nov 6, 2025"
coop_comedy,4396680,Outplay,"May 24, 2026"
coop_comedy,948960,Morphies Law: Remorphed,"Jul 30, 2019"
coop_comedy,2660510,OCTOPinbs,"May 11, 2026"
coop_comedy,2721690,Cod Quest!,"Nov 10, 2024"
coop_comedy,1697620,Police Sentri 2,"Aug 24, 2021"
coop_comedy,1217570,Lessons with Chii-chan,"Mar 12, 2020"
coop_comedy,1441430,Wordeous,"Aug 22, 2022"
coop_comedy,2766880,Meowingtons Simulator,"May 6, 2025"
coop_comedy,304950,Castaway Paradise - live among the animals,"May 19, 2015"
coop_comedy,2831320,babe-lathe,"Dec 9, 2024"
coop_comedy,4753590,TEAM PANIC,"Jun 19, 2026"
coop_comedy,4651490,Loot Gobblin' Together,"Aug 21, 2026"
coop_comedy,3215820,Dreadway,"Jan 23, 2026"
coop_comedy,2615770,Shenaniganza,"Dec 16, 2024"
coop_comedy,3252400,Clueless Crew,"Dec 13, 2024"
coop_comedy,2340860,Way of the Bullet,"Nov 21, 2024"
coop_comedy,4127370,Captcha The Flag,"Apr 26, 2026"
coop_comedy,2131350,My Coworker is an Idiot,"Dec 8, 2022"
coop_comedy,3396090,Shop Life Simulator,"Apr 7, 2025"
coop_comedy,233980,UnEpic,"Jul 25, 2014"
coop_comedy,3030360,Puppet Team,"May 6, 2025"
coop_comedy,1548400,Roll a Ball With Your Friends,"Jul 30, 2021"
coop_comedy,39000,Moonbase Alpha,"Jul 6, 2010"
coop_comedy,1275770,"The Narrator is a DICK : Longer, Harder, and Uncut","Apr 20, 2020"
coop_comedy,2777220,Human Fall Flat VR,"Oct 31, 2024"
coop_comedy,3262520,Victory of Seeker,"Jan 5, 2025"
coop_comedy,1475400,"Run Prop, Run! - Puropu Pursuit","Jun 23, 2021"
coop_comedy,3645100,Grenouilles 3D,"Apr 30, 2026"
coop_comedy,1212110,Knockback: The Awakening,"Apr 30, 2020"
coop_comedy,2410490,Sneak Out,"Jun 6, 2024"
coop_comedy,2500750,Only Climb: Better Together,"Jul 25, 2023"
coop_comedy,1039380,Bunny Parking,"Mar 23, 2019"
coop_comedy,1268530,Outside The Grid,"Jun 18, 2020"
coop_comedy,1916970,Tree Simulator 2023,"Apr 1, 2022"
coop_comedy,3859880,CRAWLER,"Aug 22, 2026"
coop_comedy,2575060,Lively Chair Simulator,"Oct 20, 2023"
coop_comedy,2830090,Sixth Force,"Jun 23, 2026"
coop_comedy,2249700,Bonfire And Tail,"Sep 9, 2023"
coop_comedy,582690,Toon Shooters 2: The Freelancers,"Dec 13, 2020"
coop_comedy,2216090,ZaBaTa!,"Mar 27, 2023"
coop_comedy,3644200,2 Cooks 1 Mess,"Apr 15, 2026"
coop_comedy,3396890,The Search For Fran 3,"Dec 25, 2024"
coop_comedy,2249590,All You Need is Help,"Sep 26, 2024"
coop_comedy,2122000,Tricky Tracks,"Jul 28, 2023"
coop_comedy,3844150,RippleIsland Kyle and Cal’s Restaurant,"Nov 26, 2025"
coop_comedy,1352540,Sentience,"Mar 25, 2021"
coop_comedy,1142130,They Can't Stop All Of Us,"Nov 1, 2019"
coop_comedy,2613480,LAN Party,"Jun 19, 2025"
coop_comedy,3511130,hololive GoroGoro Mountain,"Jul 23, 2025"
coop_comedy,2982360,Bandit Trap,"Apr 30, 2026"
coop_comedy,3298460,Pushing it! Together - Sisyphus Co-op,"Apr 9, 2025"
coop_comedy,2710420,BEAMS,"Mar 8, 2024"
coop_comedy,1937820,Tavernacle!,"Sep 11, 2023"
coop_comedy,2317820,Feudal Friends,"Jul 17, 2023"
coop_comedy,1271110,Healing Spree,"Oct 20, 2021"
coop_comedy,1482840,Come with Me,"May 14, 2021"
coop_comedy,865980,BOSSGARD,"May 21, 2020"
coop_comedy,2349040,Dinky Guardians,"Oct 2, 2023"
coop_comedy,2439700,Multitales Online,"Aug 25, 2024"
coop_comedy,1403400,Sky Squadron,"Mar 28, 2024"
coop_comedy,2752710,WHAT THE PAK?!,"Dec 6, 2024"
coop_comedy,3015640,Last Heist,"Aug 2, 2025"
coop_comedy,2363590,H.I.A: Horror Investigation Agency,"Feb 28, 2024"
coop_comedy,1402000,Trapped Guys,"Oct 26, 2020"
coop_comedy,1896180,The RPS Game Show,"Apr 25, 2025"
coop_comedy,3306050,Potion Problems,"May 13, 2025"
coop_comedy,1278350,Jelly Brawl,"Oct 27, 2020"
coop_comedy,1617480,Fight Party,"May 15, 2021"
coop_comedy,2009310,Goi: Spooky Run,"Mar 13, 2023"
coop_comedy,3800900,Simple Zombie Survival,"Jul 6, 2025"
coop_comedy,1228910,Ragdoll Party Online,"Aug 3, 2021"
coop_comedy,2424480,No Heroes Here 2,"Jul 1, 2025"
coop_comedy,1408080,Minigame Madness,"Nov 13, 2023"
coop_comedy,4254250,Notebook Battlegrounds,"Mar 16, 2026"
coop_comedy,2093330,Party Bunch,"Aug 11, 2022"
coop_comedy,4162110,VOSPETKA Simulator,"May 22, 2026"
coop_comedy,2996520,Dummy Guyz,"Jun 11, 2024"
coop_comedy,1465860,*NEW* SCUFFED EPIC BHOP SIMULATOR 2023 (POG CHAMP),"Nov 27, 2020"
coop_comedy,2097850,Jewel Run,"Oct 20, 2023"
coop_comedy,3917620,MAID MOVING BOXES,"Dec 5, 2025"
coop_comedy,3617840,A Game About Penguins: First Catch,"Jul 22, 2026"
coop_comedy,1347130,Kinetic Edge,"Feb 5, 2021"
coop_comedy,2696930,FROM THE GROUND,"Sep 15, 2025"
coop_comedy,3716360,Upstairs,"Nov 6, 2025"
coop_comedy,2558110,Skibidi Toilet Skibidi Boom,"Jan 31, 2024"
coop_comedy,3819250,Trigger Land,"Sep 11, 2025"
coop_comedy,1225110,Flirt,"Feb 13, 2020"
coop_comedy,3936900,Stacked!,"Feb 25, 2026"
coop_comedy,2275820,Kitchen Chaos - Learn Game Development,"Jan 30, 2023"
coop_comedy,2240390,Celebrity Kombat,"Jun 22, 2023"
coop_comedy,663830,George VS Bonny PP Wars,"Jul 27, 2018"
coop_comedy,3038590,BigFool,"Jul 8, 2024"
coop_comedy,47700,Command & Conquer™ 4 Tiberian Twilight,"Mar 7, 2024"
coop_comedy,1979520,Lizard Quest!,"Jun 26, 2024"
coop_comedy,3082170,Skeleton Hell,"Jul 25, 2024"
coop_comedy,1357220,PogoChamp,"Apr 12, 2021"
coop_comedy,1218280,Bad Guys at School,"Jun 15, 2020"
coop_comedy,591740,Sniper Fury,"Jun 13, 2017"
coop_comedy,3138570,Unicycle Pizza Time!,"Aug 30, 2024"
coop_comedy,2059760,Elden Gunfire 2,"Jul 19, 2022"
coop_comedy,317360,Double Action: Boogaloo,"Oct 23, 2014"
coop_comedy,624410,Prank Bros / 欢乐兄弟,"Jul 31, 2018"
coop_comedy,2524980,Under Pressure,"Oct 26, 2023"
coop_comedy,2244550,Don't Steal My Christmas!,"Dec 21, 2022"
coop_comedy,1193460,Bunny Sudoku,"Nov 29, 2019"
coop_comedy,1623650,Don't Cut Your Hand 2,"Aug 5, 2021"
coop_comedy,3561580,Hauntrick,"Apr 11, 2025"
coop_comedy,1133500,Overthrown,"Mar 18, 2026"
coop_comedy,1540840,Sausage Fiesta,"Mar 31, 2021"
coop_comedy,1394270,SCP: Escape Together,"Jan 6, 2021"
coop_comedy,1543100,Farmers Co-op: Out of This World,"Sep 1, 2021"
coop_comedy,414740,RAID: World War II,"Sep 26, 2017"
coop_comedy,1454600,Doctor Bunny,"Nov 24, 2020"
coop_comedy,1653980,Goblin Town,"Feb 15, 2022"
coop_comedy,1952780,Spider Slingers,"Aug 12, 2022"
coop_comedy,2280320,Amigo: Kebab Simulator,"Apr 3, 2023"
coop_comedy,1435960,Potato Party: Hash It Out,"Nov 25, 2021"
coop_comedy,3771740,IQ Under Construction,"Jun 19, 2025"
coop_comedy,2719940,The Bonerooms,"Oct 30, 2024"
coop_comedy,3675400,捣蛋蛙（Croak Squad）,"Jan 9, 2026"
coop_comedy,4791980,SCREAM NOTE,"Jul 28, 2026"
coop_comedy,5083150,Dub Rumble,"Sep 17, 2026"
coop_comedy,1938750,Out of Stock!,"Oct 31, 2025"
coop_comedy,1509230,Prop Hunt,"Mar 26, 2021"
coop_comedy,3315230,Rocket Squad: Infinity,"May 30, 2025"
coop_comedy,2500080,Webventure,"Sep 15, 2023"
coop_comedy,2733710,Tralalero Tralala : Survive the night,"Jul 1, 2025"
coop_comedy,2796250,Beware the Depths,"Aug 26, 2026"
coop_comedy,4743970,Cat Crisis,"Aug 5, 2026"
coop_comedy,4178200,V.A.U.L.T. PROTOCOL,"Aug 21, 2026"
coop_comedy,4907980,Call the Ambulance,2027
coop_comedy,3634090,The First Foreigner,"May 18, 2025"
coop_comedy,3508060,shutterbuds,"May 2, 2025"
coop_comedy,4883040,Out of Office!,Q3 2027
coop_comedy,4935340,Ghost'Inn,2026
coop_comedy,3347910,Rat Game,"Oct 30, 2026"
coop_comedy,4767500,1 MONKEY LEFT,Coming soon
coop_comedy,4698160,Cats Don't Carry Car Parts,"Nov 5, 2026"
coop_comedy,4534960,Dear Passengers,2026
coop_comedy,4597390,Last Button,Coming soon
coop_comedy,4393200,Poop Deck,2027
coop_comedy,4502890,CheatCheat,Coming soon
coop_comedy,4539760,They're In The Walls,Coming soon
coop_comedy,5215900,Get On Board!,Coming soon
coop_comedy,5108820,Handle With Care,Coming soon
coop_comedy,5061970,any donors?,Coming soon
coop_comedy,5175780,It's the Insides That Count,Coming soon
coop_comedy,5277550,Hush Off,Coming soon
coop_comedy,4419110,DAM IT,To be announced
coop_comedy,3995930,Carpark Hero,Coming soon
coop_comedy,4326820,Rolling Stock,"Oct 27, 2026"
coop_comedy,5142510,Foxalot: Steal Together,October 2026
coop_comedy,5124310,Bartend With Your Friends,"Nov 16, 2026"
coop_comedy,4908460,Flame and Blame,2027
coop_comedy,4085890,Santa's Cookies,November 2026
coop_comedy,5300920,Sausage Adventure,Coming soon
coop_comedy,4380020,"It’s magic, bro!",To be announced
coop_comedy,5205090,Will It Launch?,Coming soon
coop_comedy,3355410,DADCORE,To be announced
coop_comedy,5028420,Murder Your Friends,Coming soon
coop_comedy,4400040,Cosmic Heist,Coming soon
coop_comedy,4384170,Don't Dessert Me!,"Apr 7, 2026"
coop_comedy,4914930,Debate!,Coming soon
coop_comedy,4176920,What The Cafe?,Coming soon
coop_comedy,4418470,CHEATED,"Aug 9, 2026"
coop_comedy,4174160,Project: Doors,To be announced
coop_comedy,5158750,BUNGLERS!,Coming soon
coop_comedy,3830220,GOBSMACKED!,Coming soon
coop_comedy,4658160,Reach The Banana,2026
coop_comedy,4381410,Medic Please!,"May 29, 2026"
coop_comedy,4268060,Piano Trauma - Stress Deluxe,"Jul 7, 2026"
coop_comedy,4989380,Hospital Hustle,Coming soon
coop_comedy,4142180,DEAD BEFORE WORK: THE COMMUTE,"Aug 7, 2026"
coop_comedy,4124400,PIVOT!,Coming soon
coop_comedy,5085090,Astrojunk,To be announced
coop_comedy,4258290,We Are So Cooked,Q1 2027
coop_comedy,4006860,F-Rank Hunter Survivor,To be announced
coop_comedy,4404410,Chicks vs Ducks,Coming soon
coop_comedy,4566710,Catapulteers,2026
coop_comedy,4237670,Submind,To be announced
coop_comedy,4589250,Space Jammed,To be announced
coop_comedy,5276600,Haunted Movers,Coming soon
coop_comedy,5208860,Dub House,Coming soon
coop_comedy,3019940,Please Stay Seated,Coming soon
coop_comedy,3828950,"SYNC - One Mecha, Two Pilots",Coming soon
coop_comedy,4996960,Handle with Care!,"Oct 13, 2026"
coop_comedy,3620130,Pizza Oof!,"Jul 9, 2026"
coop_comedy,2987600,What Goes Up,To be announced
coop_comedy,5086460,PeeVPee,"Nov 3, 2026"
coop_comedy,4306070,Catch Meow If You Can,"Oct 29, 2026"
coop_comedy,4614080,Cartel Pilots Wanted,To be announced
coop_comedy,4221670,SLOP,Coming soon
coop_comedy,3769800,Elevator,2026
coop_comedy,2238760,Our Casual Battlefield,"Jan 12, 2023"
coop_comedy,5183520,Wish Impossible,Coming soon
coop_comedy,5160660,Bunker and Friends,Coming soon
coop_comedy,4776500,Carry On Together,"Nov 16, 2026"
coop_comedy,5111530,"NO CLEAN, NO EXIT",Q4 2026
coop_comedy,4879850,Animal Chameleon,"Jul 17, 2026"
coop_comedy,3822330,Jumbling Raccoons,Coming soon
coop_comedy,3511810,Bot & Tic,"Jun 19, 2025"
coop_comedy,3656580,Aisle Be Quick,Coming soon
coop_comedy,2428110,Who Invited You?,Coming soon
coop_comedy,3603380,Death Kitchen,"Aug 14, 2026"
coop_comedy,4333440,SNOTROCKET™,"Apr 28, 2026"
coop_comedy,4835560,Banana Airways,Q1 2027
coop_comedy,4474920,Nightmare Blunt Rotation,Coming soon
coop_comedy,4389390,Green Gas,2026
coop_comedy,4799050,Slop Slop,Coming soon
coop_comedy,5179750,Steal Everything,Coming soon
coop_comedy,5041040,Sketchy Business,Coming soon
coop_comedy,2120710,みんなで人間メダルゲーム,To be announced
coop_comedy,3594680,Battle Food Mania,"Jun 24, 2026"
coop_comedy,4301580,Greedy,"Nov 5, 2026"
coop_comedy,4614900,Loot Hoggers,To be announced
coop_comedy,5128190,Conehead : Earth Zero,"Feb 22, 2027"
coop_comedy,5129300,Alien Exterminators,2027
coop_comedy,4789610,Unheenged,2026
coop_comedy,5031350,Fizzburg,Coming soon
coop_comedy,5221100,Deadbeats,To be announced
coop_comedy,4001850,SIQIL,"Sep 14, 2026"
coop_comedy,5215210,MINES*,"Nov 16, 2026"
coop_comedy,5164920,Creepy Meal,Q4 2026
coop_comedy,5013160,Hubble Bubble,"Oct 23, 2026"
coop_comedy,5118500,Safari-TV,To be announced
coop_comedy,4674820,Disaster Crew,Q4 2026
coop_comedy,4613790,Spooky Ride,"Oct 29, 2026"
coop_comedy,5248300,Thugs in Fantasy,Q4 2026
coop_comedy,4745210,HOMEWRECKERS,To be announced
coop_comedy,4474590,HUSH,2026
coop_comedy,4292740,Tome Improvement,2026
coop_comedy,4181840,Mount Misfits,Coming soon
coop_comedy,5109630,Orbit Anomaly,Q1 2027
coop_comedy,3165990,StageTime,To be announced
coop_comedy,4480370,Let's Cook It!,"Aug 14, 2026"
coop_comedy,4295690,Zombies & Battery,2026
coop_comedy,4826260,Kaput,To be announced
coop_comedy,4484900,Crazy Test,Coming soon
coop_comedy,4308870,Chaos Budz,Coming soon
coop_comedy,4353060,BOOMER,Coming soon
coop_comedy,4139160,Roll 'em Out,Coming soon
coop_comedy,2722220,VERY IMPORTANT NEEDS,2026
coop_comedy,5275930,Grave Company,April 2027
coop_comedy,4877100,The Gastarbeiters,October 2026
coop_comedy,4277020,SHEEPSTERS,Coming soon
coop_comedy,4997850,Vital Decisions,Q1 2027
coop_comedy,2261310,Tower Inc.,"Mar 19, 2026"
coop_comedy,4857340,Florida Man Court,"Jul 28, 2026"
coop_comedy,5118740,Puke and Seek,"Oct 2, 2026"
coop_comedy,4174270,The Bold Club,"Mar 31, 2026"
coop_comedy,2960220,Prop Haunt,"Feb 12, 2026"
coop_comedy,5175450,MIDNIGHT MARKET,Coming soon
coop_comedy,4251560,OUTSIDE,To be announced
coop_comedy,4386220,COS-MOS,Coming soon
coop_comedy,5199210,Too Hot To Hold,"Nov 3, 2026"
coop_comedy,3724810,No Bots Here,Coming soon
coop_comedy,2438120,RunOut - Hothead Paws,"Aug 28, 2026"
coop_comedy,4360140,Sneaky Clean,"Aug 11, 2026"
coop_comedy,4580330,Spy Carnival,Coming soon
coop_comedy,1558110,Challenge Party,Coming soon
coop_comedy,4944000,Once Upon a Crime,To be announced
coop_comedy,4731340,"No, Chef!",Coming soon
coop_comedy,3786990,Happy Door,Q3 2027
coop_comedy,4523780,MINE ESCAPE,Coming soon
coop_comedy,4757680,Senip,Coming soon
coop_comedy,4716690,F.A.G.E.N.,Coming soon
coop_comedy,3530640,Pecking Order,To be announced
coop_comedy,4228630,QUIET,Q1 2027
coop_comedy,4055050,Abracablabla,Coming soon
coop_comedy,4420660,ZONE L.O.S.T.,"Oct 30, 2026"
coop_comedy,3439540,Pigkaboo,Coming soon
coop_comedy,5222780,The Two Otters,2028
coop_comedy,3868030,Toastergeist,Coming soon
coop_comedy,4348060,Drive With Friends,"Oct 26, 2026"
coop_comedy,3976690,Project Techtonic,Coming soon
coop_comedy,5247180,We're Live!,Coming soon
coop_comedy,5090530,War Mart,2027
coop_comedy,4741790,Spectrends,Coming soon
coop_comedy,4170390,Goal Gang,To be announced
coop_comedy,4270010,Tunnelers,To be announced
coop_comedy,4316440,Gurney Grannies,To be announced
coop_comedy,4751660,Screamcorp,To be announced
coop_comedy,5176090,Worst Lifeguards,2027
coop_comedy,4241190,Dead Stock,Coming soon
coop_comedy,4568490,TurtleSkate,To be announced
coop_comedy,5088820,Get Us Out,Coming soon
coop_comedy,3623280,Vampirates,"Jul 4, 2025"
coop_comedy,4966590,Huff & Puff,"Aug 14, 2026"
coop_comedy,1576980,Answer Me,Coming soon
coop_comedy,4597410,Midnight Hotel,2027
coop_comedy,4137270,RV,Coming soon
coop_comedy,5059340,Hush Piñata,"Nov 2, 2026"
coop_comedy,3788110,DungeonBox,Q4 2026
coop_comedy,4618110,Who's Got the Legs,March 2027
coop_comedy,4888380,Gnomes In Space,2027
coop_comedy,4096830,S.O.N.A.R. - Submarine Operators Not Actually Ready,"Oct 29, 2026"
coop_comedy,1685620,It's Mealtime!,Coming soon
coop_comedy,3302230,Buried Whispers,To be announced
coop_comedy,4412090,Astral Inc.,To be announced
coop_comedy,4545480,SYNDYX,Coming soon
coop_comedy,4930280,Super Football Arena,Coming soon
coop_comedy,4141760,NERO,Q4 2026
coop_comedy,5039230,Shared Custody,Coming soon
coop_comedy,4071650,Stream Train,"Oct 16, 2026"
coop_comedy,4566970,The Grounds Escape,"Apr 13, 2026"
coop_comedy,4708440,Prestige Electric Company,To be announced
coop_comedy,4182190,Too Deep To Quit,2026
coop_comedy,4992950,Ship Happens: Pirates Wanted,"Mar 31, 2027"
coop_comedy,2773660,Noodle Dog's TwizGame,To be announced
coop_comedy,4511350,GOBLINS! GOBLINS! GOBLINS!,To be announced
coop_comedy,3630950,Bearskull 2,2027
coop_comedy,3705780,O.S.A.,To be announced
coop_comedy,4230410,Not In My House,To be announced
coop_comedy,5013480,NextBot PANIC!,Q1 2027
coop_comedy,4073090,Shout League,"May 15, 2026"
coop_comedy,4765270,Idiots 4 Order,2026
coop_comedy,5037410,Share the Load,Coming soon
coop_comedy,3352950,Paradox,Coming soon
coop_comedy,4203890,Pirate Panic!,To be announced
coop_comedy,3896420,Fluffy Chef,Coming soon
coop_comedy,4669810,Mad Friday,Coming soon
coop_comedy,4456960,Astro Yoinkers,Coming soon
coop_comedy,5235780,Voodoo You Chasing?,2026
coop_comedy,4062900,PINZ,Q2 2027
coop_comedy,4180510,Space Snatcher,Q4 2026
coop_comedy,4635290,Grave Mistakes,November 2026
coop_comedy,4141230,Space Delivery,Coming soon
coop_comedy,3438550,Fobia Fights,"Aug 6, 2026"
coop_comedy,4738010,Fish & Ships,To be announced
coop_comedy,5223650,UNDERKOVER,2026
coop_comedy,3426310,Jailbreak,2026
coop_comedy,5099290,Dub Night Live,"Oct 12, 2026"
coop_comedy,3876030,Monkey Jump,"Nov 9, 2025"
coop_comedy,1368180,Wildekin,To be announced
coop_comedy,3944530,Knockless,"Nov 14, 2025"
coop_comedy,5117630,Gamble Hunters,January 2027
coop_comedy,2809540,Vinlanders,Coming soon
coop_comedy,3237460,Core Containment,To be announced
coop_comedy,3921710,HUSH Prototype,Coming soon
coop_comedy,4075860,Oops Unit,To be announced
coop_comedy,4092180,Cooking Cave,Coming soon
coop_comedy,4299750,Meet Mary,Q4 2026
coop_comedy,4240920,HANDSUP,Coming soon
coop_comedy,3314580,Trash Day,"Oct 13, 2026"
coop_comedy,5095520,VIP Scandal Patrol,To be announced
coop_comedy,3118860,Meat Lovers,"Sep 2, 2026"
coop_comedy,3861140,Agent Versus,"Nov 20, 2025"
coop_comedy,4488780,Heave-Ho: Uphill,"May 1, 2026"
coop_comedy,3265420,Nine Lives Hospital,2027
coop_comedy,4830360,Over Package!,2027
coop_comedy,4373150,Nerds Revenge,"Jul 7, 2026"
coop_comedy,4373420,All Haul the King,Coming soon
coop_comedy,3157010,Fantasy Waifu Collector,"Aug 31, 2026"
coop_comedy,4424100,Together We Move,"Apr 20, 2026"
coop_comedy,1836920,Hunt-or-Haunt,"Jan 29, 2022"
coop_comedy,2947710,DuckTape Inc.,Q4 2026
coop_comedy,4618550,Goblin museum,Coming soon
coop_comedy,5111420,Starving Crow,October 2026
coop_comedy,5175310,Worst Class Ever,Q4 2026
coop_comedy,5066980,Deep Trouble,Coming soon
coop_comedy,3669180,Shift 0,Coming soon
coop_comedy,4269150,Campwood,Coming soon
coop_comedy,4595980,Ship or Burn! Coop express,Coming soon
coop_comedy,4840700,The Boo Club,Coming soon
coop_comedy,4640600,In Us,2026
coop_comedy,3266790,Bit by Bit,Q1 2027
coop_comedy,4267780,Acting Out,To be announced
coop_comedy,4374530,Keep It Up!,Q4 2026
coop_comedy,5219000,Mountain Rescue: Caucasus,To be announced
coop_comedy,4162130,SUBOPTIMAL,To be announced
coop_comedy,1283260,Coof Attack,"Dec 1, 2020"
coop_comedy,3808750,PULL Panic : New PartyGame,Coming soon
coop_comedy,3953860,"BURGER, NO PLEASE!",Coming soon
coop_comedy,4900290,Jigsaw Panic,Q1 2027
coop_comedy,5094510,Deliwhere?,Coming soon
coop_comedy,4411140,The Area 51 Job,Coming soon
coop_comedy,4950410,Pit Purge,"Oct 27, 2026"
coop_comedy,4408560,Split Happens,"Nov 27, 2026"
coop_comedy,4459600,PICK A BOO,To be announced
coop_comedy,4537830,SOCIETY,To be announced
coop_comedy,4850370,lemonade stand,To be announced
coop_comedy,3475680,Shared RC,"Oct 30, 2026"
coop_comedy,3726940,Pickle Panic,2027
coop_comedy,3291500,Burger Riot,Coming soon
coop_comedy,1578970,JUST A GUY :  Online Multiplayer Ragdoll Game,2026
coop_comedy,3636680,Erascape : Escape Duo,To be announced
coop_comedy,4686110,Agents 404,To be announced
coop_comedy,3340770,Deadly Swag,To be announced
coop_comedy,5131730,Trap Testers,"Nov 6, 2026"
coop_comedy,3278120,Girls Kitchen Dinner,"Mar 31, 2025"
coop_comedy,3252550,Escaping Diddler,"Nov 4, 2024"
coop_comedy,4499980,Mission Cheddar Moon,Coming soon
coop_comedy,4840470,Crypt Club,To be announced
coop_comedy,5226410,Golden Trivia Show,Q4 2026
coop_comedy,1888440,Frite Medium,"Apr 5, 2022"
coop_comedy,4834640,Stickplosion,"Jul 14, 2026"
coop_comedy,4088870,RoboSquare: Recharged,Q1 2027
coop_comedy,5082790,Lunch Duty,Q4 2026
coop_comedy,2179180,Hex Party,2026
coop_comedy,3431590,Easy Drive Together,Coming soon
coop_comedy,4896950,Rapid Raccoons,"Dec 1, 2026"
coop_comedy,2972760,Ultimate Jello Party,Coming soon
coop_comedy,4921660,EVERYONE'S TIER LIST!,November 2026
coop_comedy,4021670,Group Chaos Bottaring,"Jun 23, 2026"
coop_comedy,5020590,Blackout Murder,"Sep 14, 2026"
coop_comedy,4233470,Neighbor Master,2026
coop_comedy,2128230,Slap Squad,To be announced
coop_comedy,3828740,"Chicken Jump, Puppy Jump",Q4 2026
coop_comedy,5167460,WHO CHANGED IT?,"Nov 2, 2026"
coop_comedy,5061870,Last Man Running,January 2027
coop_comedy,4193590,Salvation Denied,To be announced
coop_comedy,5241380,You Go First!,October 2026
coop_comedy,4993490,Grampage: Life at 67,2027
coop_comedy,4130890,SIRENS,To be announced
coop_comedy,4132510,C.H.I.M.P.,2026
coop_comedy,4411310,Climb to the Moon,Coming soon
coop_comedy,3886700,"Starlight, Inc",To be announced
coop_comedy,4653900,Roadtrip!,Coming soon
coop_comedy,4977560,Aliens Hide,Coming soon
coop_comedy,4425550,Monkey Bizniz,"Oct 12, 2026"
coop_comedy,4437750,Worst Airline Ever,2026
coop_comedy,4272370,Coal Duty,October 2026
coop_comedy,1932380,Sucronomicon,To be announced
coop_comedy,5259850,Holy Shroom!,"Oct 23, 2026"
coop_comedy,5082000,Why V Got AKs?,"Nov 4, 2026"
coop_comedy,4901810,HakoAtama,Coming soon
coop_comedy,5167420,Mimic Busters,"Oct 15, 2026"
coop_comedy,5259730,Dub Party,October 2026
coop_comedy,4581640,Airship Climber,"May 28, 2026"
coop_comedy,3624390,Mordeny,"Jul 11, 2025"
coop_comedy,5194600,Face Picka,"Nov 10, 2026"
coop_comedy,3202430,Tiny Devils,"Nov 25, 2025"
coop_comedy,4204130,Tavern of Trials,To be announced
coop_comedy,4856900,Get It Out,To be announced
coop_comedy,2775170,Just Plumbers in Hallowville,Coming soon
coop_comedy,4099020,Don't Say That,Coming soon
coop_comedy,4050910,FLOOR 100,Coming soon
coop_comedy,4850230,Actually Rocket Science,To be announced
coop_comedy,5100500,Broom Doom,To be announced
coop_comedy,4905400,1000km,To be announced
coop_comedy,2884010,Figure KnockOut,2027
coop_comedy,4786810,P.O.P: Price of Penance,Coming soon
coop_comedy,4465610,Mountain Goatastrophe,Coming soon
coop_comedy,5298910,My Friend is Blind,Coming soon
coop_comedy,4954920,HolyMoly,November 2026
coop_comedy,4704000,Shark Mart,Coming soon
coop_comedy,2124300,Shopping Spree: Extreme!!!,"Aug 22, 2023"
coop_comedy,3382280,HuntNPrey,"Dec 19, 2024"
coop_comedy,3809310,Fly High Runners,"Aug 3, 2026"
coop_comedy,2418600,Los Pingheros,"Feb 7, 2025"
coop_comedy,4626000,Left Fore Dead: Zombie Battle Golf,"Jun 25, 2026"
coop_comedy,3820880,Rush Roulette,"Nov 20, 2025"
coop_comedy,4980420,It's All Ogre,December 2026
coop_comedy,4651500,Alchemania,Coming soon
coop_comedy,5152700,Paint Gang,Q4 2026
coop_comedy,2247510,Snowbrawll,"Jun 20, 2025"
coop_comedy,5090990,MAFIA HOTEL,"Nov 27, 2026"
coop_comedy,1681110,Drunken Nuke'em,"Jul 28, 2022"
coop_comedy,3757550,Pablo's Journey,To be announced
coop_comedy,4550070,Two Left Hands,To be announced
coop_comedy,4766180,Scallywhackers!,To be announced
coop_comedy,4285870,Pigs and Wolf,Coming soon
coop_comedy,4123800,The Road,To be announced
coop_comedy,4435800,Lickspittles,Coming soon
coop_comedy,5050950,Spelly Zombie,"Oct 28, 2026"
coop_comedy,5155060,Mise en War,January 2027
coop_comedy,802160,Mimic Man,"Dec 19, 2025"
coop_comedy,5187000,CookSpiracy,"Sep 25, 2026"
coop_comedy,5111470,Dubbed,Coming soon
coop_comedy,4427230,Prison Gambit,"Aug 7, 2026"
coop_comedy,4577460,SNITCHED,To be announced
coop_comedy,4527390,RobBred - Funny Chat,"Jun 11, 2026"
coop_comedy,2235730,Meow Master: Battle for Catnip,Coming soon
coop_comedy,4685480,PAWTENTIAL DISASTER,Q4 2026
coop_comedy,5221820,Harvestin Season,Q1 2027
coop_comedy,5201690,Liberators Inc.,Coming soon
coop_comedy,4115520,Really Illegal Golf,Q1 2027
coop_comedy,5154830,FEEDSTOCK,October 2026
coop_comedy,3639490,ChanceLot TD: Merge Wars,"May 27, 2025"
coop_comedy,4186980,Pump to Escape,"Feb 27, 2026"
coop_comedy,4381890,Sky Pirates,Coming soon
coop_comedy,2696590,Case Guardians,Coming soon
coop_comedy,2274270,BvB: Burglars vs Brats,To be announced
coop_comedy,2724710,SEKA II,Coming soon
coop_comedy,4508450,Death Dealer,"Nov 4, 2026"
coop_comedy,4991530,Ultimate Dengon Game : A 3D Telephone Game,"Sep 5, 2026"
coop_comedy,4033110,Mingus,To be announced
coop_comedy,4234020,Stick Brawl,Coming soon
coop_comedy,4132210,Zombie Hamsters,"Nov 6, 2026"
coop_comedy,5122120,Sussy NPC,Coming soon
coop_comedy,4280880,SHORE,Q4 2026
coop_comedy,4416470,GOOD NEIGHBORS,To be announced
coop_comedy,4715160,Finals Week ✍🏻,Coming soon
coop_comedy,4809290,Who's the Cheater?,December 2026
coop_comedy,4754860,Bad Grip Club,To be announced
coop_comedy,2087540,Escape from Playtime,"Oct 21, 2026"
coop_comedy,3348150,Disaster Party!,Coming soon
coop_comedy,3568070,Prohibition Panic!,Q4 2026
coop_comedy,4218620,Double Dealers,"Oct 13, 2026"
coop_comedy,2737670,Ringo Party,To be announced
coop_comedy,4321400,Gold Up,"Aug 12, 2026"
coop_comedy,3362340,Survive Society,"May 7, 2025"
coop_comedy,4452910,Beer Barons,2027
coop_comedy,4684050,Pada Pada Extraction Team,To be announced
coop_comedy,4597780,Stick Happens,To be announced
coop_comedy,906870,FurryFury: Smash & Roll,"Apr 14, 2022"
coop_comedy,4964030,Go West Together,"Aug 14, 2026"
coop_comedy,2234920,Holiday Haywire,"Nov 14, 2025"
coop_comedy,4493050,Kankao in Action,2027
coop_comedy,4229790,I Unplugged the Kids,To be announced
coop_comedy,3630930,Art Together,"Jul 15, 2025"
coop_comedy,5014790,YunDos 6p,To be announced
coop_comedy,5055150,Don't Get Attracted,February 2027
coop_comedy,5287300,Quiz Bang!,Coming soon
coop_comedy,5123380,PITCHFORK,Coming soon
coop_comedy,4741230,CoAnnCo,"Sep 8, 2026"
coop_comedy,1676180,Pablo Let's Go Bar,Coming soon
coop_comedy,3063970,Galax GO,To be announced
coop_comedy,3278260,Lucipurr,Coming soon
coop_comedy,4119970,Legless,2027
coop_comedy,4328150,Shmoblins,To be announced
coop_comedy,4854090,why would you draw that???,To be announced
coop_comedy,2743290,Lazy River,To be announced
coop_comedy,4438080,Call It a Day,2027
coop_comedy,1764220,Pin Them,To be announced
coop_comedy,3840000,Bitter Critters,To be announced
coop_comedy,3996710,Operation: Peons,Coming soon
coop_comedy,4009080,Crypt Ascent,Coming soon
coop_comedy,1431910,Puppets Party: Friendship Destroyer,Coming soon
coop_comedy,4448560,Room for Trouble,Coming soon
coop_comedy,4180520,Chambered,Coming soon
coop_comedy,3574840,My Pet Hooligan,Coming soon
coop_comedy,2626830,SOS OPS! 2,Coming soon
coop_comedy,5031430,I Buried Steve,"Jan 20, 2027"
coop_comedy,3375990,PC Cafe Simulator,"Oct 27, 2026"
coop_comedy,4498480,Hold My Thing,Coming soon
coop_comedy,4562170,Oar We There Yet?,Coming soon
coop_comedy,5064350,Schedule: Rehab Business,Q4 2026
coop_comedy,3406940,PaintMan Go！,To be announced
coop_comedy,3188530,Golfie Up!,Coming soon
coop_comedy,4099970,Frankenstein's Monster,2027
coop_comedy,4532680,Heavy Mental: A Co-op Action Roguelite,Coming soon
coop_comedy,4755250,ROMUL,"Oct 27, 2026"
coop_comedy,5021550,BONK Voyage,To be announced
coop_comedy,5186770,Passenger Zero,Coming soon
coop_comedy,5003210,Creewe!,Coming soon
coop_comedy,3985880,INTERVOID,Q4 2026
coop_comedy,4653910,Bone Stuff,Coming soon
coop_comedy,2228720,Hack 'n' Stack,"Oct 9, 2026"
coop_comedy,1617120,Good Heavens!,"Oct 14, 2026"
coop_comedy,4159680,Barfender: CO-OP Bar Simulator,"Oct 12, 2026"
coop_comedy,4954910,Scam With Your Friends,October 2026
coop_comedy,4290570,Horse & Horse,"Jun 23, 2026"
coop_comedy,5036280,Tandem Together,2026
coop_comedy,3818280,Carry the Patient Together,Coming soon
coop_comedy,3951480,Instances Workers,Coming soon
coop_comedy,4116630,Hold My Winch!,2026
coop_comedy,4580810,Can I Take Your Order,"Aug 28, 2026"
coop_comedy,5094120,FPS Game,Coming soon
coop_comedy,4963360,THE REF - Football Referee Simulator,"Aug 6, 2026"
coop_comedy,4204430,Maum,2026
coop_comedy,4518270,Mad Ever After,Q1 2027
coop_comedy,4302360,Wing It,Coming soon
coop_comedy,4068980,Beach Life Simulator,Coming soon
coop_comedy,2121550,ToyBox Security,Coming soon
coop_comedy,3046620,Roomination,To be announced
coop_comedy,3621090,Boom Boom Hamster Doom,To be announced
coop_comedy,3316060,Trapped Together,Coming soon
coop_comedy,3181960,Hobnobbers,Coming soon
coop_comedy,1663330,Street Boy,Coming soon
coop_comedy,2790250,One More World,To be announced
coop_comedy,2791600,Becut - An Impostor Game,2026
coop_comedy,1064300,Definitely A Unicorn,Coming soon
coop_comedy,4078600,PiPu Party,To be announced
coop_comedy,3983200,FiresOut!,To be announced
coop_comedy,4154610,Beach Friends,Coming soon
coop_comedy,2748650,Bananarchy,To be announced
coop_comedy,3833730,General Practice,To be announced
coop_comedy,4928450,Grand Theft Timeline,Q4 2026
coop_comedy,4000180,Psycho Path,"Dec 23, 2025"
coop_comedy,4706060,Peer Pressure,Coming soon
coop_comedy,3094540,Cavescape,To be announced
coop_comedy,3764040,Plush Time,Q4 2026
coop_comedy,5169080,Found it!: Lost & Found Co.,Q1 2027
coop_comedy,5262520,Around The World With Friends,Coming soon
coop_comedy,4513180,Don't Drop The Ball,Coming soon
coop_comedy,4063950,Linkies,"Apr 6, 2026"
coop_comedy,1676060,Beta Escape,"Sep 16, 2021"
coop_comedy,2071400,Bum Bum Monsterz,"Nov 26, 2024"
coop_comedy,2682260,Barber Party,To be announced
coop_comedy,4101750,PHOBOS,"Oct 14, 2026"
coop_comedy,3996870,S.M.P.C.U. - Special Monster Pest Control Unit,To be announced
coop_comedy,3971030,Poser Panic,Coming soon
coop_comedy,3801810,Bandit,Coming soon
coop_comedy,2215050,Backrooms Chained Together,Coming soon
coop_comedy,3296060,Escape Academy 2: Back 2 School,November 2026
coop_comedy,4420980,Drunkslop: Pub crawl COOP,Coming soon
coop_comedy,3644020,Cleaner Company,2026
coop_comedy,1171800,Vrtigo,"Jan 30, 2020"
coop_comedy,4919380,Grand Theft Idiots,"Nov 2, 2026"
coop_comedy,5106700,Keep Swimming,Coming soon
coop_comedy,5247240,MEGA TAG PANIC,October 2026
coop_comedy,5113690,Blendead,Q4 2026
coop_comedy,5212700,My Friend is a Moron,Q1 2027
coop_comedy,3880860,Croak Tales: Deep Dungeons,Coming soon
coop_comedy,4312190,CRACK,"Oct 26, 2026"
coop_comedy,4347410,Sweep Bump,"Mar 26, 2026"
coop_comedy,2256840,Holy Ocean,Coming soon
coop_comedy,2648720,Gobby Gang,To be announced
coop_comedy,910550,MONO CHAMELEON,"Nov 5, 2026"
coop_comedy,2822660,Escape Alliance,2027
coop_comedy,4218760,Quad Squad,Coming soon
coop_comedy,4964860,Eggscape,Coming soon
coop_comedy,3517560,Undead Presidents,Coming soon
coop_comedy,3591370,Trash Party,Coming soon
coop_comedy,3650190,Hot Potato: Tag Out,To be announced
coop_comedy,4404010,Shipping,Coming soon
coop_comedy,4252280,Quack Hunters,Coming soon
coop_comedy,5215670,Grill Chefs - Restaurant Simulator,Coming soon
coop_comedy,2198890,Nicely Dicely,Coming soon
coop_comedy,2951480,Medieval Thieves Academy,Coming soon
coop_comedy,4922570,AWFULTOWER,Coming soon
coop_comedy,5193310,CO-OP Needle Hunt: A Needle in a Haystack Challenge,Coming soon
coop_comedy,3511660,No Time to Build,"Apr 1, 2025"
coop_comedy,2757510,Bion Clash,To be announced
coop_comedy,4138400,SUS!,Q1 2027
coop_comedy,5180400,DONT BE FOOL,Coming soon
coop_comedy,4629610,Chroma Climb: Reclaim Your Color,"Jun 5, 2026"
coop_comedy,4130400,Weed Empire,To be announced
coop_comedy,5148080,"Heads Up, Chefs!",October 2026
coop_comedy,3642720,Sons of Odin,To be announced
coop_comedy,3611780,Chaos Movers,Coming soon
coop_comedy,4781630,Cult Runners,To be announced
coop_comedy,4588510,Mayday Vacay,Coming soon
coop_comedy,4183130,DOPAMINE,Coming soon
coop_comedy,4233980,A WILD HEIST,Coming soon
coop_comedy,4219790,Bird Game: What The Flock,"Dec 17, 2025"
coop_comedy,4509690,Hold My Wand,Coming soon
coop_comedy,4458000,Pull It Together,To be announced
coop_comedy,4789340,MoveMe,Coming soon
coop_comedy,4250780,Prison of Doubles,2027
coop_comedy,2137540,Light In Blood,Coming soon
coop_comedy,4260550,Run Giraffe Run,"Oct 8, 2026"
coop_comedy,3659130,Star Loot,Coming soon
coop_comedy,4076980,ONE GIANT HOLE,Coming soon
coop_comedy,4124640,Boss in Diapers,Coming soon
coop_comedy,4171740,TRAP,To be announced
coop_comedy,3801800,My Chef Hates Me,Coming soon
coop_comedy,4372340,Sticky Sticky: Surplus Protocol,To be announced
coop_comedy,2461140,Animalism,"Nov 4, 2024"
coop_comedy,5057070,Sound of Space,2027
coop_comedy,2590750,Cosmorons,2027
coop_comedy,3851160,Principal Panic,"Oct 31, 2028"
coop_comedy,4336090,Bad Tides,October 2026
coop_comedy,3734800,Puzzle Company,To be announced
coop_comedy,617310,Mamma Mia,2026
coop_comedy,3451820,Plates of Peril,Coming soon
coop_comedy,4878420,GloomDelve,November 2026
coop_comedy,4221270,Cauldron Chaos,Coming soon
coop_comedy,3981970,Platform Anomaly,Coming soon
coop_comedy,2294250,Speed Golf Royale,Q2 2027
coop_comedy,4156630,Take Root,To be announced
coop_comedy,3545560,Ironclad,To be announced
coop_comedy,5012290,Tiny Lords,2026
coop_comedy,4896770,Bada Boom,Coming soon
coop_comedy,1567190,Shores of Plunder,"Dec 5, 2023"
coop_comedy,5187320,DuckRoulette,Coming soon
coop_comedy,4927030,Last Buzz,"Nov 10, 2026"
coop_comedy,4782530,Barrel Fighter,To be announced
coop_comedy,1405090,Star Maidens Chronicle: Definitive Edition,"Oct 29, 2020"
coop_comedy,4187860,Sunday Scaries,Coming soon
coop_comedy,4843960,BORE to the CORE,Q4 2026
coop_comedy,4314290,Almost Home,Coming soon
coop_comedy,4249340,Stealgulls,Coming soon
coop_comedy,4878610,Snugfang,"Jul 28, 2026"
coop_comedy,1872550,Destroy All Humans! – Clone Carnage,"Jun 1, 2022"
coop_comedy,4154790,Chained Crossing,Coming soon
coop_comedy,4637990,Baaad Trip,Coming soon
coop_comedy,5045560,Shuffle and Seek,"Sep 23, 2026"
coop_comedy,4100320,Parkour Simulator,Coming soon
coop_comedy,4405820,Broken Soccer,December 2026
coop_comedy,1705510,Hide and Seek Heist: Police vs Thieves,Coming soon
coop_comedy,1756230,"Light, Dark or Hrak?",Coming soon
coop_comedy,5106580,LootPanic,Coming soon
coop_comedy,3081510,Gang of Frogs,2027
coop_comedy,3994840,The Whisker Watch,Coming soon
coop_comedy,4186890,Kitman,Q1 2027
coop_comedy,4551680,Bounced: Not Tonight,Coming soon
coop_comedy,3652570,Assassins Arena,"Jun 18, 2025"
coop_comedy,4896010,Who Heckled?,March 2027
coop_comedy,4045440,Traitor's Kitchen,"Mar 29, 2026"
coop_comedy,4596480,Don't Drop the BOOTY!,"Apr 22, 2026"
coop_comedy,4653220,Scenemates,Coming soon
coop_comedy,4569510,Branch by Branch,Coming soon
coop_comedy,2876090,We Were Monkeys,"Jun 4, 2024"
coop_comedy,2719810,Summit Smash,Q4 2026
coop_comedy,5226450,CLOG & ORDER,Coming soon
coop_comedy,4398290,Sort of Magic,Coming soon
coop_comedy,1708510,Bankers & Bonkers,Coming soon
coop_comedy,4569940,We're Going Down,To be announced
coop_comedy,2938660,Gabe's Mod,Coming soon
coop_comedy,3682950,B.O.O. Squad,Coming soon
coop_comedy,4953620,Crazy Road Shop Wars,Coming soon
coop_comedy,4142590,Democracy Manifest,Coming soon
coop_comedy,3044240,Sigil Of Chaos,Coming soon
coop_comedy,4917040,Hungry Hungry Human,December 2026
coop_comedy,4956450,Lanelord,Q4 2026
coop_comedy,3448000,Planted!,"Oct 29, 2026"
coop_comedy,4534190,Dave's House,"Nov 2, 2026"
coop_comedy,5103070,Gassed Up!,"Sep 23, 2026"
coop_comedy,4296640,Office Chaos,To be announced
coop_comedy,4740600,Ouch! Cargo!,"Jul 11, 2026"
coop_comedy,2934340,Guru Guru,Coming soon
coop_comedy,3912430,Killer Island,"Mar 13, 2026"
coop_comedy,3875230,Ball2 Battle,"Jul 16, 2026"
coop_comedy,4616210,Scarecrow Simulator,December 2026
coop_comedy,4748180,Tiny Time Travelers,Coming soon
coop_comedy,5127670,We Are Balls,Coming soon
coop_comedy,5189800,Hiss and Seek: Voxel Snake Hunt,Coming soon
coop_comedy,4630920,OMG: Oh My Gravity,Q1 2027
coop_comedy,2526030,Pakapow Party,Coming soon
coop_comedy,2527940,Little Cheese Works,Q4 2026
coop_comedy,3715890,Friends And Fangs,Coming soon
coop_comedy,5173970,Mr. Panas,Q1 2027
coop_comedy,3576920,Loco: Rails & Tails,2027
coop_comedy,5140020,Junkyard Astronauts,"Oct 27, 2026"
coop_comedy,4437650,Stinker Golf,January 2027
coop_comedy,4277590,Soul Hunter,Coming soon
coop_comedy,4093880,Angry Cleaner VR,"Oct 28, 2026"
coop_comedy,5046290,Zingers,"Aug 31, 2026"
coop_comedy,5097310,We Ruin Football,Coming soon
coop_comedy,5198020,CATering: Roadtrip Rivals,Q2 2027
coop_comedy,3995650,Milk Run,"Oct 31, 2025"
coop_comedy,3018340,Elementers,"Jul 16, 2026"
coop_comedy,4891820,Gull's Gang,Coming soon
coop_comedy,4509370,Stink Buddies,2027
coop_comedy,4432580,Space Out Together,Coming soon
coop_comedy,4672820,Omnidice,To be announced
coop_comedy,4348760,Totally Secure Airport,Coming soon
coop_comedy,1098090,Bunny Reversi,"Jun 21, 2019"
coop_comedy,5074850,SplatStick,"Sep 2, 2026"
coop_comedy,3645730,Noclip: Entity,2026
coop_comedy,3517190,MVX: London,Coming soon
coop_comedy,4489170,Idle Fishing at Crater Lake,Coming soon
coop_comedy,1498630,Click on their Heads,"Dec 29, 2020"
coop_comedy,5205270,Knight's Party,"Nov 4, 2026"
coop_comedy,4849240,Duel: The Game Show,"Oct 27, 2026"
coop_comedy,2627580,Freestyle Studio,Coming soon
coop_comedy,3615420,Advent Arena,To be announced
coop_comedy,3175180,Trolling Bowling,Coming soon
coop_comedy,3467590,Tiny Tots,"Jul 15, 2025"
coop_comedy,5269890,Biden Blast,"Oct 23, 2026"
coop_comedy,3674940,Do Crimes!,2026
coop_comedy,4669590,Panic Hospital,2027
coop_comedy,5279120,Ourself,"Oct 29, 2026"
coop_comedy,1677720,BREADSKATE,Coming soon
coop_comedy,4683420,Toypunk,To be announced
coop_comedy,2608940,Crazy Castle,To be announced
coop_comedy,4928080,Seikyu Let’s Go!,Q4 2026
coop_comedy,3774860,BOMMY,To be announced
coop_comedy,5191730,Cowboys vs Orcs,To be announced
coop_comedy,4088460,لعبة بروبقاندا - لعبة جماعية اونلاين,To be announced
coop_comedy,2293430,Pumpkin Hack,Coming soon
coop_comedy,4043610,Survival Menu Live,2026
coop_comedy,4788240,Night Shift Hospital,Coming soon
coop_comedy,5313470,Figure Me Out,October 2026
coop_comedy,2483470,Cracked,Coming soon
coop_comedy,5232060,GO DUB YOURSELF!,"Oct 15, 2026"
coop_comedy,4454760,OPEN UP SIR!,To be announced
coop_comedy,4597790,PIGGO,October 2026
coop_comedy,4175090,Quacky Jacky,Coming soon
coop_comedy,3864690,Focus Group,Coming soon
coop_comedy,4088480,ChimpUP!,Coming soon
coop_comedy,1631440,Dwarven - Mining Dungeons,Coming soon
coop_comedy,5226780,Rage Room Together,Coming soon
coop_comedy,2870790,Dumpster Gang,December 2026
coop_comedy,828730,Dumb As Wizards,"Jul 24, 2020"
coop_comedy,3844730,Pair Panic: Rematch,Coming soon
coop_comedy,5173620,Shift Happens: Together,Coming soon
coop_comedy,4341570,Hold My Cargo,Coming soon
coop_comedy,4562880,Yodelee Golf,Coming soon
coop_comedy,3192980,Shuffle Quest,Coming soon
coop_comedy,3677590,Breaking Deck,To be announced
coop_comedy,3975350,Stack & Sus,2026
coop_comedy,4158230,Beach Knights,"Aug 12, 2026"
coop_comedy,1992530,Party Words,"Dec 6, 2022"
coop_comedy,4991800,Just Another Animal,"Aug 18, 2026"
coop_comedy,3072570,Abomin-Agency!,To be announced
coop_comedy,4583130,Park It!,"Jun 3, 2026"
coop_comedy,4638090,Pomiki's Heist,To be announced
coop_comedy,4635820,YO UP!,2026
coop_comedy,4655570,"SHUT UP, IT'S HERE!",Coming soon
coop_comedy,5021060,Only Straight Bros,"Oct 2, 2026"
coop_comedy,4717240,Airport Security Guard Deluxe,"Sep 16, 2026"
coop_comedy,4078520,Don't Piss,"Nov 21, 2025"
coop_comedy,4590870,Barrow Bros,Coming soon
coop_comedy,2455260,RoundRunners Playground,"Sep 8, 2023"
coop_comedy,2896530,MegaMegaEggs,"Jul 19, 2024"
coop_comedy,1808150,Eggstinct!,Coming soon
coop_comedy,3170110,Beach Slap,Coming soon
coop_comedy,4157560,WishBreaker,Q4 2027
coop_comedy,4114540,🥔 Not So Hot Potato: 2025 Final Boss 🥔,"Dec 7, 2025"
coop_comedy,4347660,Bros of Bench,"Nov 5, 2026"
coop_comedy,1206850,Owata's Action ONLINE,Coming soon
coop_comedy,2290950,Super Ultimate Party Game,Coming soon
coop_comedy,2431940,Time Knight VS. Zombies,"Jun 26, 2023"
coop_comedy,3251700,Battle Gang,Coming soon
coop_comedy,1989540,DumbSquad,To be announced
coop_comedy,4124000,Stupid Spaceships,Coming soon
coop_comedy,3722050,Moderator Simulator 2,Coming soon
coop_comedy,4456670,Thieving Together,2026
coop_comedy,4200000,Hadalis,Coming soon
coop_comedy,3729030,Sweet Chaos,"Dec 2, 2025"
coop_comedy,4566500,OnlyAliens,Coming soon
coop_comedy,1493860,Mayhem Space Cinema,Coming soon
coop_comedy,1416060,Mechamates,To be announced
coop_comedy,4889770,Boompaw,Coming soon
coop_comedy,4527250,Don't Push Your Luck,"Apr 29, 2026"
coop_comedy,3762800,Whatta Frogs?,Coming soon
coop_comedy,5211870,Catch The Fish,Coming soon
coop_comedy,4430560,Survivor Joe Lost Island,Coming soon
coop_comedy,1651990,Scrap Pack,Coming soon
coop_comedy,3882140,Man Vs,"Aug 14, 2026"
coop_comedy,4132280,PHUY,2026
coop_comedy,5160740,NOT MY FAULT,Q1 2027
coop_comedy,4487350,Royal Institute of Magic,2027
coop_comedy,2662310,Crewed,To be announced
coop_comedy,5163700,Technically Heroes,Coming soon
coop_comedy,3834270,Pint Sized,2026
coop_comedy,3836500,Schedule AI,To be announced
coop_comedy,4824220,Meltdown Crew,December 2026
coop_comedy,4043640,Roops Ransom,"Nov 30, 2025"
coop_comedy,4211920,Risky Renovations,Coming soon
coop_comedy,5220450,Chefarzt,"Oct 5, 2026"
coop_comedy,4814120,ANANTA,"Jan 15, 2027"
coop_comedy,5087210,HEARKEN,"Oct 4, 2026"
coop_comedy,4704880,Chained Bikes,"May 30, 2026"
coop_comedy,4606150,Rumble League,Coming soon
coop_comedy,5156850,Loong And Fox,To be announced
coop_comedy,2469160,QuizFizz,"Jun 29, 2023"
coop_comedy,2511160,Clean-up Squad,To be announced
coop_comedy,4758560,BAUSFIGHT,2027
coop_comedy,4704920,Prison Pocket Patrol,Coming soon
coop_comedy,4039200,Exterminauts,Coming soon
coop_comedy,4044500,Your Move,"Nov 21, 2025"
coop_comedy,1166760,Jinga Online,"Feb 16, 2020"
coop_comedy,4316540,The Anomaly Department,"Jul 14, 2026"
coop_comedy,921890,Retro Rockets,"Aug 2, 2019"
coop_comedy,5244650,RIPPLES,Q4 2026
coop_comedy,5211630,Zooccer,Coming soon
coop_comedy,247950,Sacred 3,"Aug 5, 2014"
coop_comedy,3083740,ROCKS,"Oct 15, 2025"
coop_comedy,1822080,萌宠方块派对 Yippy cube,Coming soon
coop_comedy,4268430,Midnight Kebab,"May 15, 2026"
coop_comedy,3281600,Eyes on Yuki!,Coming soon
coop_comedy,4908970,Dandy Rat Cricket Club,2027
coop_comedy,2324740,Rolling Blunder,Coming soon
coop_comedy,4419310,Cursed Carts,Q4 2026
coop_comedy,3593400,Run Chicken Run,To be announced
coop_comedy,4158000,SqueakOut,Coming soon
coop_comedy,3619490,Trickshotterz,"Nov 6, 2026"
coop_comedy,3777830,Shoot Your Pal,Coming soon
coop_comedy,4730160,Wobble Ops!,"Sep 7, 2026"
coop_comedy,4900460,Poly Peacocks,"Sep 14, 2026"
coop_comedy,4096850,Bazar Simulator Online,"Nov 16, 2025"
coop_comedy,3916690,Get In Da Boat,Coming soon
coop_comedy,4409390,Pogo Froggo,2026
coop_comedy,4882500,Clay Clinic,Coming soon
coop_comedy,2178430,STRIKER of SKY,"Feb 20, 2023"
coop_comedy,3432220,Hell Gangs,To be announced
coop_comedy,5041700,Layoff Revenge!,To be announced
coop_comedy,4870640,Steal Banana,Coming soon
coop_comedy,4336630,Pirate Chips,To be announced
coop_comedy,4783450,Drive of the Dead,Coming soon
coop_comedy,3856250,Bankfeest,Coming soon
coop_comedy,5116420,Dirty Derby,December 2026
coop_comedy,4242830,Werehouse,"Mar 27, 2026"
coop_comedy,2834510,Poop with Friends,Q4 2026
coop_comedy,4944470,So Close,"Oct 1, 2026"
coop_comedy,5115730,Didgeridoo Man - The Legend of the Hill,"Nov 11, 2026"
coop_comedy,3961850,Void Raid,Q4 2026
coop_comedy,5168130,Hit or Die,"Dec 10, 2026"
coop_comedy,4270660,very normal rail game,"Apr 21, 2026"
coop_comedy,4136150,Caster Crew,Q4 2026
coop_comedy,4910410,PRIMO CAMO,To be announced
coop_comedy,3584710,Touch the Sky,"May 3, 2025"
coop_comedy,4965500,Job Simulator: Human Relations,Coming soon
coop_comedy,5035950,Zap Rat,Coming soon
coop_comedy,3539220,Trash Trek Simulator,To be announced
coop_comedy,4554640,"Self-Checkout: Scan, Weight, Steal",Coming soon
coop_comedy,3733310,Corpse Burger,2026
coop_comedy,3727580,Recall News,Coming soon
coop_comedy,5283850,Trick or Eat,"Oct 12, 2026"
coop_comedy,5178560,Boiling Point,Coming soon
coop_comedy,4966560,SUPER GAHAKU,"Nov 4, 2026"
coop_comedy,5001430,Hide and Fuse,"Aug 26, 2026"
coop_comedy,5130710,What The Frog！Who Kicked The Can？,"Sep 20, 2026"
coop_comedy,1240040,SokoBunny,"May 22, 2020"
coop_comedy,5229620,Escape the Playground,"Oct 6, 2026"
coop_comedy,5023800,Pixel Chroma,Q4 2026
coop_comedy,4572890,Two Types Pollos,"Jun 19, 2026"
coop_comedy,4241460,Fatherhood,To be announced
coop_comedy,4444880,Ascend,Coming soon
coop_comedy,5019410,Friendslop,Coming soon
coop_comedy,5018350,ur round,Coming soon
coop_comedy,3736680,ClusterCluck,"Feb 13, 2026"
coop_comedy,4699950,Crowned Games,2027
coop_comedy,4662190,Stress Buddy,Coming soon
coop_comedy,5131510,Bolted,Coming soon
coop_comedy,4003030,Mojo Party,Coming soon
coop_comedy,1217170,Treasure Hunting Club,To be announced
coop_comedy,3584250,Off the Shelf!,2026
coop_comedy,4063220,Eggbert,Coming soon
coop_comedy,3950840,Grannies on Wheels,2027
coop_comedy,4541970,Smithonion Natural History Museum,Coming soon
coop_comedy,4339680,Totally Safe Moon Project,To be announced
coop_comedy,5262620,Your Life is Not Covered,Coming soon
coop_comedy,3599680,Party Champ,To be announced
coop_comedy,4364220,"This is not Chess, It's War!",Coming soon
coop_comedy,5007100,CHICKEN MINE,2027
coop_comedy,3447940,Metal Slugger Ops,"Mar 3, 2025"
coop_comedy,2358120,Criminals Within,Coming soon
coop_comedy,4425050,Splizards,Coming soon
coop_comedy,4999760,ColorFest,Coming soon
coop_comedy,5230400,ZOO PANIC,Coming soon
coop_comedy,4560320,Metal Detect: Hidden Treasure,Coming soon
coop_comedy,4606080,No Panic,Coming soon
coop_comedy,3703740,FallingBattle,"Oct 31, 2025"
coop_comedy,4022310,Wheelie Bad,2026
coop_comedy,4652930,Knuckle Creek,Coming soon
coop_comedy,2684740,Traitor,Coming soon
coop_comedy,4286760,Eekscape: Everyone Panic!,Coming soon
coop_comedy,4857320,Catch Me,Coming soon
coop_comedy,3115420,My Summer Cottage,To be announced
coop_comedy,1471730,"Kick it, Bunny!","Feb 17, 2021"
coop_comedy,3714560,Fool's Cup,Coming soon
coop_comedy,5026050,Schit Hunter,To be announced
coop_comedy,4747920,Undervalued,2026
coop_comedy,3334050,What the Hell I Draw,Coming soon
coop_comedy,4767090,Emergency Buddies,To be announced
coop_comedy,4580560,Ossan Hamster,"Apr 30, 2026"
coop_comedy,3812470,Alchemist Madness,Coming soon
coop_comedy,5290030,Spellvoc,Q2 2027
coop_comedy,4185770,cenker's mod,"Nov 10, 2026"
coop_comedy,4966030,100+ Bored Games,February 2027
coop_comedy,1527540,The Amazing Mail Game,Coming soon
coop_comedy,4421700,UwUzon,"Apr 8, 2026"
coop_comedy,4526990,Happy My Friends,Coming soon
coop_comedy,1598650,Beans or Bones,Coming soon
coop_comedy,5077350,Mortal Football,Coming soon
coop_comedy,4623720,HAUL,2026
coop_comedy,4313260,Piece of Ship,"Feb 19, 2026"
coop_comedy,4260800,坦克大作战,"Feb 3, 2026"
coop_comedy,5144160,THEORY WORKS: YOUR FRIENDS DON’T,To be announced
coop_comedy,4637430,Everything Mart,Coming soon
coop_comedy,3885540,Lila's Atelier,"Mar 9, 2026"
coop_comedy,2215800,Cold Killers,Coming soon
coop_comedy,3141530,Goo-ed Together,Coming soon
coop_comedy,3540060,Carrier Cuties - Pets In Mechs!,To be announced
coop_comedy,5201390,Have you lodged a ticket?!,Coming soon
coop_comedy,2838810,Hoverbear,To be announced
coop_comedy,2826160,Danmaku Fighters,"Apr 17, 2026"
coop_comedy,4137630,Piggy Food Run,"Dec 10, 2025"
coop_comedy,4339410,Operation: Manor,Coming soon
coop_comedy,5011760,CHUM Fishing,Q4 2026
coop_comedy,4652450,Stock Guru?,"Jun 11, 2026"
coop_comedy,2952930,Pantless,Coming soon
coop_comedy,5333160,Theater Kids,Coming soon
coop_comedy,4995290,MOBBED,Q4 2026
coop_comedy,4999280,OneBody: Together,Coming soon
coop_comedy,2102420,Spooked Hide & Seek,Coming soon
coop_comedy,4235730,BEDROOM BRAWL,Coming soon
coop_comedy,4967850,Chimpanik,Coming soon
coop_comedy,3849100,Sven Rescues a Princess,Coming soon
coop_comedy,4670520,PAYRATES,To be announced
coop_comedy,4832630,Royale Smith,"Nov 2, 2026"
coop_comedy,3779300,CARNiVORY,Coming soon
coop_comedy,3250670,Fake It,"Sep 20, 2025"
coop_comedy,4207330,Yayos,"Jan 20, 2026"
coop_comedy,5084740,Hendichen,March 2027
coop_comedy,3083230,Vaulting Over It,"Nov 22, 2025"
coop_comedy,4989610,Doughn't Panic!,2027
coop_comedy,4945810,Odysseus' 13th Ship,Coming soon
coop_comedy,5091610,Tolerance,Coming soon
coop_comedy,5058470,PALM CITY,2026
coop_comedy,3448510,Hop On It,Coming soon
coop_comedy,4153880,Back Pain Delivery,Coming soon
coop_comedy,4265300,Cash the Corpse,Coming soon
coop_comedy,2852140,Dumb Ways to Party,2026
coop_comedy,2914110,Carrot Commotion,Coming soon
coop_comedy,5170180,Tribal Mischief,2027
coop_comedy,1930190,What The Coffin,To be announced
coop_comedy,2921370,Pickle Party,To be announced
coop_comedy,4917940,Panic Pub,"Nov 13, 2026"
coop_comedy,5112450,PACKING SHIFT,Coming soon
coop_comedy,4574160,Workplace Compensation,To be announced
coop_comedy,5041030,Cubiciousflage,"Sep 11, 2026"
coop_comedy,4990840,FAKE ME,Q4 2026
coop_comedy,2997450,Only Up: SKIBIDI,"Jun 23, 2024"
coop_comedy,36900,Angle of Attack,"Aug 17, 2009"
coop_comedy,2567910,HostageHub,To be announced
coop_comedy,5040850,Stay in Your Lane,Q4 2026
coop_comedy,4899580,Saving Yellow Ox,Q1 2027
coop_comedy,1270660,Dead Party,To be announced
coop_comedy,4112370,Hijinks High,Coming soon
coop_comedy,4890170,Tank Mates,"Nov 6, 2026"
coop_comedy,4879470,A Needle In a Haystack,2026
coop_comedy,5171730,Crappy Corp,Coming soon
coop_comedy,5035880,QuizForge,December 2026
coop_comedy,5090120,NICO DRAW,December 2026
coop_comedy,4641100,Final Shelter,"Sep 5, 2026"
coop_comedy,2146730,Parlor,"Nov 15, 2022"
coop_comedy,5080860,What RU Doing Green!,"Sep 8, 2026"
coop_comedy,1731370,POW POW: Dye it up!,Coming soon
coop_comedy,5015840,Moto Courier Simulator,Q4 2026
coop_comedy,5007240,"Panda, Please!",To be announced
coop_comedy,4563590,Pig King,To be announced
coop_comedy,1630940,HUMBLE ZOMBIE,"May 27, 2021"
coop_comedy,4416020,"Food Factory Coop: Build, Cook, Craft",Coming soon
coop_comedy,2958950,Elemental Showdown,"Mar 10, 2025"
coop_comedy,1758260,ToBas Zombies,"Dec 28, 2021"
coop_comedy,2652930,CTRL+ALT+REPEAT,"Nov 17, 2023"
coop_comedy,2275840,DeliverwarTH,"Feb 4, 2023"
coop_comedy,2631810,Sea Raiders : Stream Chat Games,To be announced
coop_comedy,4581580,Anime Girls: Climb Together,"Apr 22, 2026"
coop_comedy,3987970,Banish 9 to 5,Coming soon
coop_comedy,1504580,Maze Party,"Jan 19, 2021"
coop_comedy,5087540,Watch My Step!,November 2026
coop_comedy,5023500,Squidlash,Coming soon
coop_comedy,4812100,Gorilla Warfare,2027
coop_comedy,4039320,KICK BUDS,To be announced
coop_comedy,3300820,Life of Whale,"Dec 19, 2024"
coop_comedy,3762740,Honey Grab,To be announced
coop_comedy,3604600,Liminality,Coming soon
coop_comedy,3582170,Cart Capers,"Jul 4, 2025"
coop_comedy,4775820,Clock-out Denied,Q4 2026
coop_comedy,4612760,GET RAMMED,Coming soon
coop_comedy,4903560,Nothing Goes Right: Bad Business,Coming soon
coop_comedy,5160780,Fly Chicken Fly,"Nov 3, 2026"
coop_comedy,1496110,Run!!!,"Mar 31, 2021"
coop_comedy,5228680,SCREW IT!,Q4 2026
coop_comedy,3750310,Who Fart ?,Coming soon
coop_comedy,3369720,Nuria's Redemption,2026
coop_comedy,4559210,ACT LIKE TOYS! (A.L.T.),Q4 2026
coop_comedy,5175810,Trickcal: MochiMochiCheekFighterZ,To be announced
coop_comedy,3323030,Gunnies,Coming soon
coop_comedy,4555840,Swamp Game,Coming soon
coop_comedy,5109150,Please Stop Breeding the Ducks,To be announced
coop_comedy,3226360,Kangaroo Court,Coming soon
coop_comedy,1788130,Abomifighters: World League,Coming soon
coop_comedy,5088790,Who Pressed It?!,Q4 2026
coop_comedy,4806270,What The Cluck,October 2026
coop_comedy,4531620,Save The Ninja!,To be announced
coop_comedy,3012430,Grasp of Dread,Coming soon
coop_comedy,3617310,Proptop Demo,"Apr 27, 2025"
coop_comedy,1891240,Otter Chaos,Coming soon
coop_comedy,2900890,Wizards Vs Soldiers And Robots,"Apr 9, 2024"
coop_comedy,4333290,Party Pong,Coming soon
coop_comedy,4639820,Farmastrophy With Friends,2027
coop_comedy,2198690,PartySparkers,Coming soon
coop_comedy,3153030,Tombsweeper,Coming soon
coop_comedy,4078820,Sky Rush,2026
coop_comedy,3104610,MEGARACER QUANTUMRUSH,"Aug 20, 2025"
coop_comedy,2967940,Duck Creator 2,Coming soon
coop_comedy,3818300,The Switch Protocol,To be announced
coop_comedy,3237000,OopsFixers Company,"Jun 13, 2025"
coop_comedy,4427810,DRAWCERY,2026
coop_comedy,3354160,Toxic Toads,To be announced
coop_physics,4001890,How to Fish,"Aug 20, 2026"
coop_physics,3892270,Gamble With Your Friends,"May 1, 2026"
coop_physics,3527290,PEAK,"Jun 16, 2025"
coop_physics,2300320,Farming Simulator 25,"Nov 12, 2024"
coop_physics,3241660,R.E.P.O.,"Feb 26, 2025"
coop_physics,4108000,Machine Party,"Jul 30, 2026"
coop_physics,3949040,RV There Yet?,"Oct 21, 2025"
coop_physics,286160,Tabletop Simulator,"Jun 5, 2015"
coop_physics,3712080,Funnel Runners,"Jul 16, 2026"
coop_physics,4380490,Cat Mail Co.,"Jul 9, 2026"
coop_physics,1167630,Teardown,"Apr 21, 2022"
coop_physics,1273400,Construction Simulator,"Sep 20, 2022"
coop_physics,4000,Garry's Mod,"Nov 29, 2006"
coop_physics,4450620,GRAIN ROT,"Aug 7, 2026"
coop_physics,1260320,Party Animals,"Sep 20, 2023"
coop_physics,585420,Trailmakers,"Sep 18, 2019"
coop_physics,4069520,Super Battle Golf,"Feb 19, 2026"
coop_physics,3834090,YAPYAP,"Feb 3, 2026"
coop_physics,2475460,SOS OPS!,"Nov 30, 2023"
coop_physics,2567870,Chained Together,"Jun 19, 2024"
coop_physics,3354750,skate.,"Sep 16, 2025"
coop_physics,387990,Scrap Mechanic,"Jul 24, 2026"
coop_physics,2104890,RoadCraft,"May 20, 2025"
coop_physics,2881650,Content Warning,"Apr 1, 2024"
coop_physics,4412320,Dumb Ways to Build,"Sep 10, 2026"
coop_physics,431240,Golf With Your Friends,"May 19, 2020"
coop_physics,1211020,Wobbly Life,"Sep 18, 2025"
coop_physics,4981570,Wand & Order: Tidy up the magic shop!,"Sep 23, 2026"
coop_physics,850190,Goat Simulator 3,"Feb 15, 2024"
coop_physics,4244510,Pratfall,"Apr 20, 2026"
coop_physics,3453910,Happy's Humble Burger Cult,"Jul 16, 2026"
coop_physics,1669480,Firefighting Simulator: Ignite,"Sep 9, 2025"
coop_physics,3438850,Sledding Game,"Apr 30, 2026"
coop_physics,4796830,WE ARE SO DEAD,"Aug 17, 2026"
coop_physics,2070270,Cloudheim,"Dec 4, 2025"
coop_physics,4512570,A Game About Chopping Trees,"Jul 15, 2026"
coop_physics,2019620,GERONIMO,"Jul 10, 2026"
coop_physics,4435340,Anymaker,"Sep 18, 2026"
coop_physics,4317790,Last Pirates: Die Together,"Aug 18, 2026"
coop_physics,2862860,Ukrainian Fight Drone Simulator (UFDS) - FPV drone simulator,"Dec 10, 2025"
coop_physics,5085740,Needle In A Haystack,"Sep 29, 2026"
coop_physics,3412160,The House Always Wins,"May 21, 2026"
coop_physics,4883580,The One Fish,"Aug 12, 2026"
coop_physics,2748340,Goblin Cleanup,"Sep 18, 2025"
coop_physics,1538550,LEGO® Voyagers,"Sep 15, 2025"
coop_physics,4596010,Bar After Bar,"Aug 24, 2026"
coop_physics,674940,Stick Fight: The Game,"Sep 28, 2017"
coop_physics,299970,Project Motor Racing,"Nov 25, 2025"
coop_physics,4022090,Monk Took Book,"Sep 3, 2026"
coop_physics,1686940,Bopl Battle,"Nov 16, 2023"
coop_physics,2273980,Orcs Must Die! Deathtrap,"Jan 28, 2025"
coop_physics,673750,Super Bunny Man,"May 16, 2023"
coop_physics,4252290,Meowgic,"Jul 20, 2026"
coop_physics,4322960,Trail & Error,"Jun 16, 2026"
coop_physics,2627570,Goofy Gorillas,"Dec 1, 2023"
coop_physics,4279630,Friendly Steps,"Sep 3, 2026"
coop_physics,1422130,SimRail - The Railway Simulator,"Dec 13, 2024"
coop_physics,3583210,Crashout Crew,"May 28, 2026"
coop_physics,1522820,Orcs Must Die! 3,"Jul 23, 2021"
coop_physics,1445790,Make Way,"Dec 4, 2023"
coop_physics,1578390,My Garage,"Jun 2, 2026"
coop_physics,4551040,Animal Company,"May 21, 2026"
coop_physics,675010,MudRunner,"Oct 30, 2017"
coop_physics,2477340,Expeditions: A MudRunner Game,"Mar 5, 2024"
coop_physics,285920,TerraTech,"Aug 10, 2018"
coop_physics,3544130,Soul Chained,"Sep 7, 2026"
coop_physics,437920,Tricky Towers,"Aug 2, 2016"
coop_physics,1329500,SpiderHeck,"Sep 22, 2022"
coop_physics,326460,ShellShock Live,"May 22, 2020"
coop_physics,3125250,STORROR Parkour Pro,"Mar 31, 2025"
coop_physics,1641700,Moving Out 2,"Aug 15, 2023"
coop_physics,4112070,An Eggstremely Hard Game,"Jul 24, 2026"
coop_physics,4397060,Sitting Ducks,"Jun 4, 2026"
coop_physics,4429930,Water You Doing?,"Aug 26, 2026"
coop_physics,3263320,Carry The Glass,"Oct 23, 2024"
coop_physics,1874170,Shredders,"Mar 16, 2022"
coop_physics,4090360,Forest Escape: Last Train,"Jul 10, 2026"
coop_physics,2455360,Cooking Simulator 2: Better Together,"Mar 31, 2026"
coop_physics,4074010,"Dig, Dig, Die","Aug 6, 2026"
coop_physics,3989960,Frog Sqwad 🐸,"Jun 11, 2026"
coop_physics,1451480,The Greatest Penguin Heist of All Time,"Jun 3, 2026"
coop_physics,2802740,Heave Ho 2,"Jul 16, 2026"
coop_physics,1436700,Trine 5: A Clockwork Conspiracy,"Aug 31, 2023"
coop_physics,2878420,Old Market Simulator,"Oct 3, 2024"
coop_physics,3744430,Together: Moon Escape,"Apr 21, 2026"
coop_physics,1071870,Biped,"Mar 26, 2020"
coop_physics,3558400,Backseat Drivers,"Oct 9, 2025"
coop_physics,4423110,Don’t Pull Me!,"Jul 31, 2026"
coop_physics,4190710,Shady job,"Sep 10, 2026"
coop_physics,1494420,Silica,"May 3, 2023"
coop_physics,3365170,Firehawk: FPV Drone Shooter,"Aug 22, 2025"
coop_physics,4513060,Yandere Virus,"Sep 20, 2026"
coop_physics,3864450,Goblin Company,"Jun 12, 2026"
coop_physics,2199420,Brickadia,"Jul 11, 2025"
coop_physics,4925300,Unnamed Pogo Game,"Sep 1, 2026"
coop_physics,4332910,Twisted Party,"Aug 25, 2026"
coop_physics,4268470,Rosalie,"Mar 21, 2026"
coop_physics,690640,Trine 4: The Nightmare Prince,"Oct 8, 2019"
coop_physics,2560240,Biped 2,"Nov 5, 2025"
coop_physics,3962460,THE CANON OF BALLS,"Aug 13, 2026"
coop_physics,2357000,KILL IT WITH FIRE! 2,"Nov 25, 2025"
coop_physics,3447070,Emergency Call - The Firefighting Simulation 3,"Aug 5, 2026"
coop_physics,2545360,Lonely Mountains: Snow Riders,"Jan 21, 2025"
coop_physics,1939390,Dino Party,"Aug 14, 2026"
coop_physics,2744880,Climber Animals: Together,"Mar 22, 2024"
coop_physics,1745680,Odd Remedy,"Nov 6, 2024"
coop_physics,1397390,The Break-In,"May 29, 2025"
coop_physics,4082750,Log Riders,"Feb 12, 2026"
coop_physics,1696810,Railroads Online,"Dec 5, 2024"
coop_physics,783550,Obscurity: Unknown Threat,"Sep 23, 2026"
coop_physics,3874450,Sunset Summit,"Sep 9, 2026"
coop_physics,1473960,Wreck Runners,"Jul 16, 2026"
coop_physics,1206610,Rubber Bandits,"Dec 2, 2021"
coop_physics,217200,Worms Armageddon,"Mar 19, 2013"
coop_physics,3111080,Secret Agent Wizard Boy and the International Crime Syndicate,"Mar 6, 2025"
coop_physics,2095420,Bus Bound,"Apr 30, 2026"
coop_physics,962730,Skater XL - The Ultimate Skateboarding Game,"Jul 28, 2020"
coop_physics,4450570,This Is Golf,"Aug 18, 2026"
coop_physics,3554630,VMX,"Mar 26, 2026"
coop_physics,4383880,Huntin' Buddies,"Jul 24, 2026"
coop_physics,2451310,Monster Mop Up,"Aug 14, 2025"
coop_physics,2318480,Last Train Outta' Wormtown,"Jan 17, 2025"
coop_physics,774791,Surgeon Simulator 2,"Sep 2, 2021"
coop_physics,35700,Trine Enchanted Edition,"Jul 2, 2009"
coop_physics,3003460,Bang Bang Barrage,"Aug 7, 2025"
coop_physics,2773280,ANEURISM IV,"Mar 11, 2025"
coop_physics,3743090,Deadly Delivery,"Dec 4, 2025"
coop_physics,3140990,Backrooms Cleanup Crew,"Apr 16, 2025"
coop_physics,3967470,We Gotta Go,"Apr 14, 2026"
coop_physics,2359470,Strayed,"Apr 19, 2024"
coop_physics,1227650,Bang-On Balls: Chronicles,"Oct 5, 2023"
coop_physics,4243690,Chained Wheels,"Mar 27, 2026"
coop_physics,850320,PHOGS!,"Dec 3, 2020"
coop_physics,2454600,Ironsand,"Aug 20, 2026"
coop_physics,35720,Trine 2: Complete Story,"Jun 6, 2013"
coop_physics,3281790,Vape Store Miami,"Aug 14, 2026"
coop_physics,3570070,Paddle Paddle Paddle,"Jul 25, 2025"
coop_physics,2918500,Cozy Island,"Sep 21, 2025"
coop_physics,334540,Vox Machinae,"May 13, 2022"
coop_physics,2226280,BAPBAP,"Aug 19, 2025"
coop_physics,1124160,VR Giants,"Jun 14, 2023"
coop_physics,4200440,Nightmare Drive,"Apr 30, 2026"
coop_physics,2192900,Knock'Em Out,"Apr 17, 2025"
coop_physics,1243960,Unspottable,"Oct 22, 2020"
coop_physics,3564340,Hold Your King,"Jun 10, 2026"
coop_physics,572220,MageQuit,"Oct 10, 2019"
coop_physics,1173370,Slapshot: Rebound,"Apr 11, 2024"
coop_physics,241240,Contraption Maker,"Jul 7, 2014"
coop_physics,4523340,C.U.B.E,"Aug 21, 2026"
coop_physics,1054430,Fling to the Finish,"Jan 18, 2024"
coop_physics,2543180,POPUCOM,"Jun 1, 2025"
coop_physics,1953520,WRC Generations – The FIA WRC Official Game,"Nov 3, 2022"
coop_physics,3601450,Vegas Craps by Pokerist,"Jun 23, 2025"
coop_physics,1481440,Guardians Frontline,"Mar 9, 2023"
coop_physics,1952920,Strikers Club,"Jul 17, 2026"
coop_physics,2657560,Sponge Break,"Jul 30, 2026"
coop_physics,855860,Superfighters Deluxe,"Nov 30, 2018"
coop_physics,1951780,Jumping Jazz Cats,"May 20, 2025"
coop_physics,3444080,Bakery Cafe Simulator,"Jul 8, 2025"
coop_physics,3955660,Dangerous Mountain Together,"Apr 3, 2026"
coop_physics,3670180,Baby Kings,"Aug 13, 2026"
coop_physics,3664010,Drift Legends 2,"Jun 5, 2025"
coop_physics,3468330,Fish Hunters: Most Lethal Fishing Simulator 🐟,"Jan 30, 2026"
coop_physics,2923350,Ultimate Sheep Raccoon,"Dec 9, 2025"
coop_physics,1282760,Mad Streets,"Mar 14, 2022"
coop_physics,2887450,Panic Delivery,"May 13, 2026"
coop_physics,2805770,Elements Divided,"Apr 23, 2025"
coop_physics,3399920,Infinite Rails,"Jun 20, 2025"
coop_physics,3233230,IRONSTRIKE,"Oct 11, 2024"
coop_physics,4368640,DIG Raiders: Anomaly Extraction,"Sep 11, 2026"
coop_physics,1078920,Main Assembly,"Jan 26, 2021"
coop_physics,427100,Fernbus Simulator,"Aug 25, 2016"
coop_physics,3605090,SLAMPUNKS,"Aug 13, 2026"
coop_physics,4137450,Mimicry!,"Jul 30, 2026"
coop_physics,2117430,Purrrifiers: Cleaning Chaos,"Aug 24, 2026"
coop_physics,1818280,KallaX,"Sep 18, 2023"
coop_physics,3982830,Bottle Cracks,"Aug 10, 2026"
coop_physics,3065360,Chop Chop Together,"Sep 8, 2026"
coop_physics,380110,In The Black,"May 5, 2026"
coop_physics,1354260,Brave Escape,"Jan 31, 2025"
coop_physics,4037180,Go Ape Ship!,"Feb 18, 2026"
coop_physics,4133210,Dung Ho!,"Mar 12, 2026"
coop_physics,4019090,HAM: The Game,"Mar 3, 2026"
coop_physics,3933150,FixForce,"Jul 17, 2026"
coop_physics,319910,Trine 3: The Artifacts of Power,"Aug 20, 2015"
coop_physics,4895550,Ride Up Together,"Sep 16, 2026"
coop_physics,3396100,Third Person Basketball Court,"Jan 16, 2026"
coop_physics,3670740,Burgle Supply Company,"May 12, 2026"
coop_physics,2920510,Werewolf Party,"Jul 11, 2025"
coop_physics,4273870,River Runners,"Apr 10, 2026"
coop_physics,1698520,Simple Fish Adventure,"Aug 6, 2021"
coop_physics,4195910,Hamster Ballers,"Aug 10, 2026"
coop_physics,4154510,How Asian Parents went to School,"Aug 25, 2026"
coop_physics,3295810,Remote Reaper: FPV Combat Drone Simulator,"Apr 4, 2025"
coop_physics,3543890,Boat Together,"Nov 15, 2025"
coop_physics,2977810,Dollhouse of Dead,"Nov 6, 2025"
coop_physics,4181370,Quack Quack Up,"Jun 23, 2026"
coop_physics,2643290,Oblin Party,"Mar 11, 2025"
coop_physics,562010,Tanki Online,"Mar 2, 2017"
coop_physics,1722020,Old Coin Pusher Friends,"Oct 7, 2021"
coop_physics,1977530,One-armed cook,"Aug 30, 2022"
coop_physics,1151050,Golf Gang,"May 19, 2022"
coop_physics,4203270,Moon Crashers,"Jul 27, 2026"
coop_physics,2122880,All Hands on Deck,"Nov 11, 2025"
coop_physics,1755350,BBQ Simulator: The Squad,"May 25, 2022"
coop_physics,4585830,Barbecue,"Jun 18, 2026"
coop_physics,761910,Worbital,"Jan 31, 2019"
coop_physics,4311440,Carry The Count,"Oct 1, 2026"
coop_physics,3391350,WHITE CHOCOLATE,"Jan 3, 2025"
coop_physics,2138780,CashGrab,"Sep 19, 2022"
coop_physics,441010,Mount Your Friends 3D: A Hard Man is Good to Climb,"Feb 23, 2018"
coop_physics,296470,Mount Your Friends,"Jul 29, 2014"
coop_physics,3139570,Co-op Kaiju Horror Cooking,"Jul 29, 2025"
coop_physics,1021770,Wanba Warriors,"Mar 25, 2020"
coop_physics,2819410,Space Chaos,"Apr 22, 2026"
coop_physics,3310530,Fairground Online,"Jan 16, 2026"
coop_physics,1790360,Heist Kitty: Multiplayer Cat Simulator Game,"Jun 13, 2023"
coop_physics,1213750,Fight Crab,"Jul 29, 2020"
coop_physics,4080010,Dravo's Twisted Show,"Sep 18, 2026"
coop_physics,2355860,Eggstraction,"May 10, 2024"
coop_physics,2263920,Multiplayer Platform Golf,"Feb 29, 2024"
coop_physics,1340180,Sherwood Extreme,"Apr 29, 2024"
coop_physics,3295360,Stuck Together,"Nov 17, 2025"
coop_physics,1435750,Ultimate Godspeed,"May 27, 2024"
coop_physics,1771180,No Fair Play,"Jul 28, 2023"
coop_physics,2357950,Q2 HUMANITY,"Dec 17, 2024"
coop_physics,2686690,Suika Shapes,"Nov 27, 2023"
coop_physics,3534100,Staged,"Sep 2, 2026"
coop_physics,4117320,Drive Together,"May 15, 2026"
coop_physics,3367500,Fish Stick Protocol,"Nov 5, 2025"
coop_physics,4043720,WITHOUT A HITCH,"May 5, 2026"
coop_physics,2281360,Old Coin Pusher Friends 2,"May 18, 2023"
coop_physics,4320570,SKID: Tori's Frozen Racing,"Apr 18, 2026"
coop_physics,2654710,Salmon Man,"Jan 22, 2026"
coop_physics,4397780,Roll Together,"Jul 15, 2026"
coop_physics,2572560,Messy Up,"Jun 13, 2024"
coop_physics,4040680,forever-happy-town,"Mar 13, 2026"
coop_physics,3286440,P.A.C.K. :: Post Apocalyptic Cleaning Kit,"Dec 9, 2025"
coop_physics,3657240,Good Luck,"Apr 8, 2026"
coop_physics,2075050,Boom Slingers,"Sep 16, 2022"
coop_physics,3732570,Keep the Balance,"Sep 16, 2025"
coop_physics,3957560,S.E.M.I. – Side Effects May Include...,"Jan 23, 2026"
coop_physics,2955840,Kitchen Wars,"Aug 4, 2025"
coop_physics,3965930,Puzzle Parasite,"Dec 3, 2025"
coop_physics,3681820,MoonMiners,"Jul 17, 2025"
coop_physics,4651490,Loot Gobblin' Together,"Aug 21, 2026"
coop_physics,2947650,Choppy Cuts,"Feb 4, 2026"
coop_physics,3043690,Billgard,"May 4, 2026"
coop_physics,4444250,Jesus Take The Wheel,"Mar 24, 2026"
coop_physics,2514460,GUARDS!,"Mar 1, 2024"
coop_physics,1132030,Trash Sailors: Co-Op Trash Raft Simulator,"Dec 16, 2021"
coop_physics,3623330,Parking Together!,"Sep 17, 2025"
coop_physics,2701080,Intoxicated Driver,"Sep 12, 2024"
coop_physics,1259800,MXGP 2020 - The Official Motocross Videogame,"Dec 16, 2020"
coop_physics,2061620,Mechanic Heroes,"Dec 15, 2023"
coop_physics,1030000,Neko Neko Rampage,"Oct 21, 2025"
coop_physics,3847110,One More Delve,"Jul 23, 2026"
coop_physics,1072500,AO Tennis 2,"Jan 9, 2020"
coop_physics,4300660,Fire Pit: Throw Things Into The Fire,"Jun 4, 2026"
coop_physics,3208260,Buddies in a Ball,"Jan 20, 2026"
coop_physics,2761820,Highway Drifter: Hajwala Simulator,"Jan 22, 2026"
coop_physics,1856190,Hello Engineer: Scrap Machines Constructor,"Aug 17, 2023"
coop_physics,3116640,Torque Drift 2,"Nov 28, 2024"
coop_physics,3883760,Stretcher Together,"Aug 7, 2025"
coop_physics,1342900,Basketing,"Jun 9, 2022"
coop_physics,2018960,Neolithic Dawn,"Dec 11, 2025"
coop_physics,3040390,Old Coin Pusher Friends 3,"Jul 25, 2024"
coop_physics,3095720,Stick It!,"Sep 24, 2024"
coop_physics,3665520,Catto Pew Pew!,"Jul 20, 2026"
coop_physics,1839680,Titan Isles,"Sep 25, 2025"
coop_physics,2776660,GOKA Street,"Dec 12, 2025"
coop_physics,2898650,Fish Hero,"Aug 2, 2024"
coop_physics,313160,Farming Simulator 15,"Oct 30, 2014"
coop_physics,437550,Melon Simulator™,"Jun 30, 2025"
coop_physics,3831080,Oeuf,"Mar 10, 2026"
coop_physics,3654580,Toy Escape,"Nov 4, 2025"
coop_physics,4027680,CoThrust,"Nov 11, 2025"
coop_physics,838410,Tabletop Playground,"May 15, 2020"
coop_physics,3204770,Don't Fall,"May 21, 2026"
coop_physics,3231990,Soccer in a Box,"Nov 5, 2024"
coop_physics,426930,Moonshot,"Dec 21, 2015"
coop_physics,4169150,Grass Gnome Golf,"Jan 23, 2026"
coop_physics,3585400,Steal The Pig,"Jul 24, 2025"
coop_physics,3012470,SickWay VR,"Jan 14, 2025"
coop_physics,3447690,iDigging,"May 7, 2025"
coop_physics,1929360,Tumbleweed Destiny,"Mar 31, 2022"
coop_physics,1175770,TopplePOP: Bungee Blockbusters,"Feb 5, 2025"
coop_physics,4024600,Pyramidion,"Nov 27, 2025"
coop_physics,3376480,Delivery & Beyond,"Jan 27, 2026"
coop_physics,1186660,Bare Butt Boxing,"Aug 1, 2024"
coop_physics,1827660,Loco Shortline Operations,"Dec 22, 2021"
coop_physics,2114370,Takoyaki Party Survival,"Aug 26, 2022"
coop_physics,4313610,Chopping Together🌲,"Jun 19, 2026"
coop_physics,3295890,PARKOUR CIVILIZATION,"Nov 14, 2024"
coop_physics,1048100,Peekaboo,"Aug 7, 2019"
coop_physics,512160,Volleying,"May 15, 2018"
coop_physics,3604550,Ball Scooping Friends,"May 1, 2025"
coop_physics,1012530,Soccering,"Aug 6, 2020"
coop_physics,3453610,Hoover Heroes,"Nov 20, 2025"
coop_physics,2672290,Free Chess,"May 9, 2024"
coop_physics,4485850,Old Coin Pusher Gaiden,"Aug 12, 2026"
coop_physics,3434550,Pogo With Friends,"May 1, 2026"
coop_physics,1041520,World of Aircraft: Glider Simulator,"May 26, 2021"
coop_physics,2996520,Dummy Guyz,"Jun 11, 2024"
coop_physics,1395930,Break The Chain,"Jun 15, 2026"
coop_physics,823230,Demolition Pro Online,"Nov 17, 2022"
coop_physics,1697170,4 Rush Together,"Jan 6, 2025"
coop_physics,490250,Locomancer,"Feb 28, 2017"
coop_physics,3602150,Rise Of Transport,"Sep 1, 2025"
coop_physics,1424860,Bish Bash Bots,"Oct 19, 2023"
coop_physics,651380,BANG! BANG! Totally Accurate Redneck Simulator,"May 4, 2020"
coop_physics,3507930,HellBorn,"Mar 26, 2026"
coop_physics,1195420,Filthy Animals | Heist Simulator,"Apr 4, 2023"
coop_physics,1451880,Color Breakers,"Jul 9, 2021"
coop_physics,3239770,Metrogether Train Simulator,"Apr 24, 2025"
coop_physics,3969700,RIBBITS,"Oct 7, 2025"
coop_physics,434030,Aerofly FS 2 Flight Simulator,"Nov 20, 2017"
coop_physics,985940,Beat Me!,"Aug 19, 2020"
coop_physics,1163690,Wizards,"Jan 15, 2021"
coop_physics,4705620,WHERE the F$CK is my BITCOIN ⁉️,"Jun 13, 2026"
coop_physics,1949970,J-Jump Arena,"Oct 23, 2025"
coop_physics,1930920,Warplanes: Battles over Pacific,"Jan 26, 2023"
coop_physics,1946650,hehe,"Apr 16, 2022"
coop_physics,1859270,Perfect Partner,"Jun 29, 2023"
coop_physics,4193510,Santa Simulator : Christmas Factory,"Dec 17, 2025"
coop_physics,1444320,Cat Saves Halloween,"Oct 13, 2022"
coop_physics,1090250,Crunch Element,"Dec 18, 2020"
coop_physics,1027820,Hand Simulator: Horror,"Dec 22, 2020"
coop_physics,4269100,What'Sub,"May 14, 2026"
coop_physics,2283580,Voxile,"Mar 10, 2025"
coop_physics,2174420,Lucky Goal,"Jan 1, 2025"
coop_physics,1273440,OverDrift Festival,"Dec 21, 2022"
coop_physics,2168200,NervBox,"Apr 10, 2023"
coop_physics,517670,Cowbots and Aliens,"Dec 24, 2023"
coop_physics,2180890,Bunny Game,"Mar 11, 2024"
coop_physics,2651090,Super Stream-Bara,"Sep 15, 2025"
coop_physics,1708460,Obsideo,"Aug 27, 2021"
coop_physics,1540680,Talking Kiteboards by Flexifoil,"Jul 16, 2022"
coop_physics,3249580,Yakiniku Party Survival,"Oct 17, 2024"
coop_physics,2842150,Pair A Dice,"Jul 31, 2025"
coop_physics,3669720,Bakery Cafe Simulator: Prologue,"May 8, 2025"
coop_physics,2131350,My Coworker is an Idiot,"Dec 8, 2022"
coop_physics,2831320,babe-lathe,"Dec 9, 2024"
coop_physics,4518730,People are Tools,"Apr 30, 2026"
coop_physics,2204560,Mineral Madness,"Nov 10, 2025"
coop_physics,3902930,Pogo Panic,"Jul 6, 2026"
coop_physics,3618060,Astro Busters,"Dec 5, 2025"
coop_physics,2482850,POLARIS™,"Jan 29, 2025"
coop_physics,1957680,Mount Wingsuit 2,"Aug 25, 2022"
coop_physics,1346260,Another road,"Sep 7, 2020"
coop_physics,836850,Tiny Tanks,"Apr 11, 2019"
coop_physics,2964550,VR Realms,"Sep 25, 2026"
coop_physics,2192970,All On Board!,"Feb 27, 2025"
coop_physics,1077510,Breaking Box,"Aug 10, 2023"
coop_physics,1145330,Skeleton Crew,"Jun 16, 2022"
coop_physics,662830,Bombix,"Mar 2, 2018"
coop_physics,1937540,Potato Arena,"Jan 6, 2025"
coop_physics,3376130,Perplex,"Apr 10, 2025"
coop_physics,1554590,ZED Patrol,"Oct 1, 2023"
coop_physics,2215910,MetaBall - Multiplayer Basketball,"Mar 7, 2024"
coop_physics,1384660,Up to Par,"Oct 14, 2024"
coop_physics,2307870,OutRage: Fight Fest,"Jul 16, 2024"
coop_physics,1928210,Tumble Toys: Aviation,"Nov 10, 2022"
coop_physics,357670,Home Improvisation: Furniture Sandbox,"Jul 28, 2016"
coop_physics,2761960,Golf Tour,"Aug 1, 2024"
coop_physics,3643790,Gigils: Chomp Together,"Jul 24, 2026"
coop_physics,1657780,Ultimechs,"Sep 15, 2022"
coop_physics,2318880,Pogo Girlfriend 👧🏼,"Mar 15, 2024"
coop_physics,2196870,Clouds Ahoy!,"Apr 7, 2024"
coop_physics,3230270,Mad Void,"Nov 11, 2024"
coop_physics,1866470,Guns N Stuff 2,"Jul 12, 2022"
coop_physics,941890,Mini Matches,"Mar 21, 2022"
coop_physics,220260,Farming Simulator 2013: Titanium Edition,"Oct 9, 2013"
coop_physics,4508090,Bound To Fail,"Apr 23, 2026"
coop_physics,1506830,FIFA 22,"Oct 1, 2021"
coop_physics,2062910,Just Sign!,"Aug 26, 2022"
coop_physics,990920,Sea of Craft,"Mar 9, 2023"
coop_physics,1663410,Happenlance,"Oct 22, 2021"
coop_physics,3811890,This Is Why We Don't Play Golf,"Dec 16, 2025"
coop_physics,3938040,Digging Together,"Nov 21, 2025"
coop_physics,2766880,Meowingtons Simulator,"May 6, 2025"
coop_physics,1212110,Knockback: The Awakening,"Apr 30, 2020"
coop_physics,2501590,Squeebing Up the Tower of Friendship,"Nov 9, 2023"
coop_physics,2249700,Bonfire And Tail,"Sep 9, 2023"
coop_physics,4537780,Climber Toys: Together,"Apr 24, 2026"
coop_physics,3239840,Merge Together : Multiplayer Suika Game,"Nov 8, 2024"
coop_physics,1402020,SCP: Labrat,"Dec 24, 2022"
coop_physics,324310,Bus Simulator 16,"Mar 2, 2016"
coop_physics,422890,22 Racing Series | RTS-Racing,"Nov 30, 2022"
coop_physics,3842980,Tower of Ba*bel,"Aug 19, 2025"
coop_physics,2525690,LOST BALLOONS: Airy mates,"Aug 17, 2023"
coop_physics,3255120,Miner Hoversurf 2 Multiplayer Madness,"Apr 1, 2025"
coop_physics,2410490,Sneak Out,"Jun 6, 2024"
coop_physics,1482840,Come with Me,"May 14, 2021"
coop_physics,1096610,Incident Commander,"Jul 16, 2020"
coop_physics,1814850,Strangest.io's My Megamix '21,"Apr 5, 2022"
coop_physics,2334450,GhostCatcher,"Jan 17, 2025"
coop_physics,2613870,BattleCore Arena,"Feb 4, 2025"
coop_physics,2777220,Human Fall Flat VR,"Oct 31, 2024"
coop_physics,272230,Sub Rosa,"Mar 25, 2021"
coop_physics,4464550,HOP-CO-OP,"Jun 23, 2026"
coop_physics,1937820,Tavernacle!,"Sep 11, 2023"
coop_physics,1070840,QUEST TOGETHER Online,"Dec 24, 2022"
coop_physics,2241910,Sweets Pusher Friends,"Feb 9, 2023"
coop_physics,3670970,rudeirer.wtf,"Jun 11, 2025"
coop_physics,2830090,Sixth Force,"Jun 23, 2026"
coop_physics,1670810,Life Not Supported,"Jun 26, 2023"
coop_physics,1820560,Big Booty Adventures,"Jan 5, 2022"
coop_physics,2575060,Lively Chair Simulator,"Oct 20, 2023"
coop_physics,752170,Save Your Nuts,"Apr 16, 2020"
coop_physics,3753790,Hunters In The Dark,"Jun 19, 2026"
coop_physics,2238750,LOST EGG 3: The Final,"Jan 1, 2023"
coop_physics,3366010,Kitchen Wars: Appetiser,"Feb 6, 2025"
coop_physics,1228910,Ragdoll Party Online,"Aug 3, 2021"
coop_physics,2292720,EDEN: Create World,"Feb 28, 2023"
coop_physics,1939290,URUBU,"Apr 24, 2022"
coop_physics,2011330,Hide And Seek Scramble!,"Jun 13, 2022"
coop_physics,1794950,LOST BUBBLES: Sweet mates,"Nov 12, 2021"
coop_physics,803020,Manny Boxing VR,"May 27, 2022"
coop_physics,3511130,hololive GoroGoro Mountain,"Jul 23, 2025"
coop_physics,2818480,Chaos Express: Delivery Simulator,"Jan 23, 2025"
coop_physics,269850,Get Packed: Fully Loaded,"Jul 28, 2021"
coop_physics,2874730,CatTag: Create,"Apr 30, 2026"
coop_physics,2571170,Tiny Balls,"Apr 4, 2024"
coop_physics,1037080,Zedfest,"Apr 7, 2023"
coop_physics,3716360,Upstairs,"Nov 6, 2025"
coop_physics,1408080,Minigame Madness,"Nov 13, 2023"
coop_physics,1763510,X8,"Nov 9, 2023"
coop_physics,3665430,Kaporanga,"Apr 14, 2026"
coop_physics,640300,Run Of Mydan,"Jul 28, 2017"
coop_physics,1155300,Palallel,"May 27, 2022"
coop_physics,2882310,Roomballs,"Aug 20, 2026"
coop_physics,2152050,Treekeepers,"Sep 30, 2022"
coop_physics,1749980,SOMNI,"Oct 9, 2021"
coop_physics,308080,Wing Breakers,"Mar 11, 2022"
coop_physics,3917620,MAID MOVING BOXES,"Dec 5, 2025"
coop_physics,700480,Microsoft Allegiance,"Sep 29, 2017"
coop_physics,2127300,Killfest,"Jan 21, 2023"
coop_physics,1357220,PogoChamp,"Apr 12, 2021"
coop_physics,1347130,Kinetic Edge,"Feb 5, 2021"
coop_physics,3800900,Simple Zombie Survival,"Jul 6, 2025"
coop_physics,1892640,Marble Ball Friends,"Apr 28, 2022"
coop_physics,3663980,Pogo Stick: Ultimate Challenge,"May 2, 2025"
coop_physics,4162110,VOSPETKA Simulator,"May 22, 2026"
coop_physics,708720,Gridiron,"Jul 23, 2020"
coop_physics,1473270,Are You Smarter Than The Crowd?,"Apr 7, 2022"
coop_physics,2752710,WHAT THE PAK?!,"Dec 6, 2024"
coop_physics,3022640,Loud Run,"Jun 28, 2024"
coop_physics,1265510,Machinist,"Apr 19, 2021"
coop_physics,3468160,Soccer Field Pro 3D,"Apr 2, 2025"
coop_physics,2505020,MEAT Veterans,"Sep 18, 2023"
coop_physics,3816420,Cafe Crew Simulator,"Jun 3, 2026"
coop_physics,3113730,Mini Bash,"Feb 27, 2025"
coop_physics,3098490,Monkey Mischief,"Oct 21, 2024"
coop_physics,2915930,Knockout City - Private Server Edition,"May 24, 2024"
coop_physics,4032230,Slime Saga,"Nov 21, 2025"
coop_physics,2981080,LOST LIGHT: Bright mates,"Jun 6, 2024"
coop_physics,1472740,Das Balkonzimmer,"Dec 2, 2020"
coop_physics,3950190,Sport Animals,"Sep 11, 2025"
coop_physics,4757060,Venture,"Jun 23, 2026"
coop_physics,999270,War Builder League,"Jun 19, 2019"
coop_physics,1013040,Planetoid Pioneers Online,"Jul 11, 2019"
coop_physics,3470870,LOST EGG the Hard Boiled,"Feb 13, 2025"
coop_physics,1008700,Golf Pool VR,"Jul 19, 2022"
coop_physics,4691090,INKOCHET: Paint The Walls With Your Arrows!,"May 19, 2026"
coop_physics,3723430,Cafe Crew Simulator: Prologue,"May 8, 2026"
coop_physics,3213300,DUST II | The Infinite Zero Point,"Sep 26, 2024"
coop_physics,1597400,LOST EGG 2: Be together,"Apr 29, 2021"
coop_physics,3411570,Clutch: The Drift Simulation,"Feb 4, 2025"
coop_physics,3327950,冷战：前线  Cold War Frontline,"Feb 7, 2025"
coop_physics,2009470,Party Pie: Free Pie,"Aug 26, 2022"
coop_physics,2151130,Valora Survival,"Oct 20, 2022"
coop_physics,491280,Drift Horizon Online,"Mar 23, 2017"
coop_physics,1218280,Bad Guys at School,"Jun 15, 2020"
coop_physics,2982360,Bandit Trap,"Apr 30, 2026"
coop_physics,3298460,Pushing it! Together - Sisyphus Co-op,"Apr 9, 2025"
coop_physics,2641740,Arsenal Online,"Jan 12, 2024"
coop_physics,624410,Prank Bros / 欢乐兄弟,"Jul 31, 2018"
coop_physics,3589720,Ball & Roll,"Nov 21, 2025"
coop_physics,2714330,French Fries Pusher Friends,"Jan 11, 2024"
coop_physics,3393620,Double Shoulders,"Jan 31, 2025"
coop_physics,1097770,Aeolis Tournament,"Jul 16, 2020"
coop_physics,1627610,Jgsw,"Jun 11, 2021"
coop_physics,833090,Swords of Gurrah,"Apr 21, 2020"
coop_physics,2789400,Don't Puke!,"Apr 16, 2024"
coop_physics,1728180,Astral Shipwright,"Nov 11, 2022"
coop_physics,1932590,bearcycle,"Mar 3, 2023"
coop_physics,3333060,StarbaseSim,"Feb 28, 2025"
coop_physics,3842740,You Suck At Football,"Aug 4, 2025"
coop_physics,3075170,A Pair of Feathers Squawk Together,"Aug 16, 2024"
coop_physics,3616910,BACKROOMS: We Escape Forever,"Jan 15, 2026"
coop_physics,677620,Splitgate,"May 24, 2019"
coop_physics,1621200,Hot Pot VR,"May 28, 2021"
coop_physics,3204780,Bonk It!,"Sep 15, 2025"
coop_physics,3047760,The Candy Adventure,"Aug 28, 2024"
coop_physics,314000,Pool Nation FX Lite,"Dec 7, 2015"
coop_physics,2524980,Under Pressure,"Oct 26, 2023"
coop_physics,1924510,Parabellum Beta,"May 20, 2022"
coop_physics,3146590,Proportions,"Oct 9, 2024"
coop_physics,2170380,BioFusion,"Oct 22, 2024"
coop_physics,1952780,Spider Slingers,"Aug 12, 2022"
coop_physics,3771740,IQ Under Construction,"Jun 19, 2025"
coop_physics,3675400,捣蛋蛙（Croak Squad）,"Jan 9, 2026"
coop_physics,4304840,No Hesitation,"Feb 19, 2026"
coop_physics,1492850,Mulligans Golf Game,"Aug 11, 2026"
coop_physics,4178200,V.A.U.L.T. PROTOCOL,"Aug 21, 2026"
coop_physics,1879240,Tennis Life,"Mar 7, 2025"
coop_physics,4449990,Mega Marbles,"Sep 24, 2026"
coop_physics,4321400,Gold Up,"Aug 12, 2026"
coop_physics,2500080,Webventure,"Sep 15, 2023"
coop_physics,3960910,Parcel Pals,"Jul 31, 2026"
coop_physics,2245210,Leaf Blowing Simulator,"Dec 1, 2025"
coop_physics,1111650,Never BreakUp,"Jul 15, 2022"
coop_physics,4548160,Don't Chicken Out,"Jul 9, 2026"
coop_physics,2622690,Park Ranger Simulator,"Feb 19, 2026"
coop_physics,4628460,Boardcraft: Crokinole,"Aug 20, 2026"
coop_physics,4287720,Tiny Farm Big Money Together,"Sep 23, 2026"
coop_physics,2796250,Beware the Depths,"Aug 26, 2026"
coop_physics,4449420,Into the End (of the World),"Jul 31, 2026"
coop_physics,4783130,One Star Hotel,Coming soon
coop_physics,4083670,Wobble Rumble,"Sep 23, 2026"
coop_physics,4268060,Piano Trauma - Stress Deluxe,"Jul 7, 2026"
coop_physics,4370300,Exorcist Hotline,To be announced
coop_physics,4419110,DAM IT,To be announced
coop_physics,4635820,YO UP!,2026
coop_physics,3508060,shutterbuds,"May 2, 2025"
coop_physics,4154790,Chained Crossing,Coming soon
coop_physics,4381410,Medic Please!,"May 29, 2026"
coop_physics,4378510,Caterpillar Slime,To be announced
coop_physics,5085090,Astrojunk,To be announced
coop_physics,5071050,Rigged,Coming soon
coop_physics,4326820,Rolling Stock,"Oct 27, 2026"
coop_physics,3995930,Carpark Hero,Coming soon
coop_physics,4410890,Oh Ship!,"Sep 25, 2026"
coop_physics,4300260,4Below,2026
coop_physics,4767500,1 MONKEY LEFT,Coming soon
coop_physics,4645400,Kill The Sun,To be announced
coop_physics,5142510,Foxalot: Steal Together,October 2026
coop_physics,3118860,Meat Lovers,"Sep 2, 2026"
coop_physics,3623280,Vampirates,"Jul 4, 2025"
coop_physics,5245690,"BRO, DON'T DROP IT!",Coming soon
coop_physics,5205090,Will It Launch?,Coming soon
coop_physics,4856120,"Be Gray, Do Crime",Coming soon
coop_physics,4258290,We Are So Cooked,Q1 2027
coop_physics,4566710,Catapulteers,2026
coop_physics,4474590,HUSH,2026
coop_physics,3779960,C.L.U.C.K.,Coming soon
coop_physics,4987170,Shole Soccer,Q4 2026
coop_physics,4456670,Thieving Together,2026
coop_physics,4541970,Smithonion Natural History Museum,Coming soon
coop_physics,4488780,Heave-Ho: Uphill,"May 1, 2026"
coop_physics,4142180,DEAD BEFORE WORK: THE COMMUTE,"Aug 7, 2026"
coop_physics,5151240,LET'S GO! PANJANDRUM,Coming soon
coop_physics,5304450,Graviteer,Coming soon
coop_physics,4182190,Too Deep To Quit,2026
coop_physics,4782430,Don't Die on the Clock,Coming soon
coop_physics,4907980,Call the Ambulance,2027
coop_physics,4258070,GooNECT√2,"May 20, 2026"
coop_physics,5108820,Handle With Care,Coming soon
coop_physics,3799920,AshBall,Coming soon
coop_physics,3355410,DADCORE,To be announced
coop_physics,5251070,Want a Bomb?,"Oct 23, 2026"
coop_physics,5198020,CATering: Roadtrip Rivals,Q2 2027
coop_physics,5160740,NOT MY FAULT,Q1 2027
coop_physics,4916820,Poled Apart,To be announced
coop_physics,4597390,Last Button,Coming soon
coop_physics,5148080,"Heads Up, Chefs!",October 2026
coop_physics,5208540,How to Hunt,To be announced
coop_physics,3717140,Dumpster Divers,To be announced
coop_physics,4251560,OUTSIDE,To be announced
coop_physics,5124310,Bartend With Your Friends,"Nov 16, 2026"
coop_physics,3019940,Please Stay Seated,Coming soon
coop_physics,4293900,Wingsuit: Romsdalen,"May 13, 2026"
coop_physics,4459600,PICK A BOO,To be announced
coop_physics,4181840,Mount Misfits,Coming soon
coop_physics,2962260,Recursive Riftfall,"Jun 1, 2026"
coop_physics,5055150,Don't Get Attracted,February 2027
coop_physics,4348060,Drive With Friends,"Oct 26, 2026"
coop_physics,5151850,Boss Toss,Coming soon
coop_physics,5183520,Wish Impossible,Coming soon
coop_physics,5276600,Haunted Movers,Coming soon
coop_physics,4333440,SNOTROCKET™,"Apr 28, 2026"
coop_physics,4349610,YOU LOSE YOU SCREAM,To be announced
coop_physics,5207770,Seperated!,Q4 2026
coop_physics,5031350,Fizzburg,Coming soon
coop_physics,4265920,Co-Drive Chaos,"Jul 13, 2026"
coop_physics,4839900,Buzz Buddies,Coming soon
coop_physics,4996960,Handle with Care!,"Oct 13, 2026"
coop_physics,4856900,Get It Out,To be announced
coop_physics,3618840,Tower Up,To be announced
coop_physics,4418470,CHEATED,"Aug 9, 2026"
coop_physics,3620130,Pizza Oof!,"Jul 9, 2026"
coop_physics,2120710,みんなで人間メダルゲーム,To be announced
coop_physics,1795670,Diner Together,Coming soon
coop_physics,4265310,YURA,Coming soon
coop_physics,4938780,We Lift Together,To be announced
coop_physics,5101780,Carve The Cave Together,"Nov 10, 2026"
coop_physics,5158750,BUNGLERS!,Coming soon
coop_physics,5180650,Blue Collar'd,Coming soon
coop_physics,5338340,Tied Up,Coming soon
coop_physics,4966690,Mech Mayhem,Coming soon
coop_physics,2987600,What Goes Up,To be announced
coop_physics,4685480,PAWTENTIAL DISASTER,Q4 2026
coop_physics,4073090,Shout League,"May 15, 2026"
coop_physics,1449840,Escape Together,Coming soon
coop_physics,2238760,Our Casual Battlefield,"Jan 12, 2023"
coop_physics,5247180,We're Live!,Coming soon
coop_physics,4509690,Hold My Wand,Coming soon
coop_physics,5131730,Trap Testers,"Nov 6, 2026"
coop_physics,5262520,Around The World With Friends,Coming soon
coop_physics,4840470,Crypt Club,To be announced
coop_physics,4502890,CheatCheat,Coming soon
coop_physics,4499980,Mission Cheddar Moon,Coming soon
coop_physics,3094540,Cavescape,To be announced
coop_physics,5067320,Submarine Together,To be announced
coop_physics,4740270,stardozing,Coming soon
coop_physics,5169080,Found it!: Lost & Found Co.,Q1 2027
coop_physics,4607560,Crabbin' Crew,Coming soon
coop_physics,3688240,Pipes.exe,Coming soon
coop_physics,4989380,Hospital Hustle,Coming soon
coop_physics,4308870,Chaos Budz,Coming soon
coop_physics,4386220,COS-MOS,Coming soon
coop_physics,4835050,Troublelings,Coming soon
coop_physics,5094510,Deliwhere?,Coming soon
coop_physics,4745210,HOMEWRECKERS,To be announced
coop_physics,4411140,The Area 51 Job,Coming soon
coop_physics,5036280,Tandem Together,2026
coop_physics,4854090,why would you draw that???,To be announced
coop_physics,5226780,Rage Room Together,Coming soon
coop_physics,4165990,Cavemates,To be announced
coop_physics,4399370,"Don’t Pop, Duck",Coming soon
coop_physics,5061970,any donors?,Coming soon
coop_physics,4534960,Dear Passengers,2026
coop_physics,4869220,Feetball,2027
coop_physics,3862890,REAP: We Reap What Crawls,"Mar 13, 2026"
coop_physics,4001850,SIQIL,"Sep 14, 2026"
coop_physics,5050520,Moving Company Simulator,Coming soon
coop_physics,1996440,Lords of Yeet!,Coming soon
coop_physics,4843960,BORE to the CORE,Q4 2026
coop_physics,5176090,Worst Lifeguards,2027
coop_physics,5323220,Puddle Makers,Coming soon
coop_physics,4170390,Goal Gang,To be announced
coop_physics,4398500,Broke Wizards,"Oct 29, 2026"
coop_physics,4674820,Disaster Crew,Q4 2026
coop_physics,4115520,Really Illegal Golf,Q1 2027
coop_physics,5118500,Safari-TV,To be announced
coop_physics,4835560,Banana Airways,Q1 2027
coop_physics,4025150,Debuff Party,Coming soon
coop_physics,4789340,MoveMe,Coming soon
coop_physics,5155490,Aer Isles,January 2027
coop_physics,4339680,Totally Safe Moon Project,To be announced
coop_physics,3711770,Trabacolo,Coming soon
coop_physics,3633690,Divine Gambit,Q1 2027
coop_physics,4204130,Tavern of Trials,To be announced
coop_physics,4116630,Hold My Winch!,2026
coop_physics,4361980,Veneer Vølt,To be announced
coop_physics,3761310,Flip or Fade: The Bottle Flip,"Dec 16, 2025"
coop_physics,2820450,WuKong Up,"Aug 19, 2025"
coop_physics,4501310,8 Ball Pro Online,"Mar 26, 2026"
coop_physics,5014790,YunDos 6p,To be announced
coop_physics,3611780,Chaos Movers,Coming soon
coop_physics,4993490,Grampage: Life at 67,2027
coop_physics,5095520,VIP Scandal Patrol,To be announced
coop_physics,5258470,The Y-Files,Coming soon
coop_physics,5142270,Car Parkour 3 Together,"Sep 10, 2026"
coop_physics,4677070,Skill Issue,October 2026
coop_physics,3819370,Pull the Beer,To be announced
coop_physics,4834640,Stickplosion,"Jul 14, 2026"
coop_physics,3338350,Wheelchair Together,"Mar 17, 2027"
coop_physics,4400040,Cosmic Heist,Coming soon
coop_physics,2198850,Puddle Pals,To be announced
coop_physics,4203890,Pirate Panic!,To be announced
coop_physics,5143910,FryDay,Coming soon
coop_physics,4655080,AbsurDock,Coming soon
coop_physics,2870790,Dumpster Gang,December 2026
coop_physics,2647980,Happy Bird Day,"Feb 13, 2024"
coop_physics,1806910,Live at Strummer's Pond,To be announced
coop_physics,3576380,Beast Siege,Coming soon
coop_physics,4240920,HANDSUP,Coming soon
coop_physics,4235060,Foolz,To be announced
coop_physics,5013160,Hubble Bubble,"Oct 23, 2026"
coop_physics,4193870,The Orbit,"Mar 18, 2026"
coop_physics,3605910,Don't Drop Dead,Coming soon
coop_physics,4316440,Gurney Grannies,To be announced
coop_physics,4568490,TurtleSkate,To be announced
coop_physics,3314580,Trash Day,"Oct 13, 2026"
coop_physics,1884510,Veins,Coming soon
coop_physics,3251700,Battle Gang,Coming soon
coop_physics,4492690,Rikogol,"Sep 14, 2026"
coop_physics,4292740,Tome Improvement,2026
coop_physics,4280530,Twin Of Time : Parkour Puzzle Game,To be announced
coop_physics,3250220,Nuts About Nuts,"Mar 10, 2025"
coop_physics,4063950,Linkies,"Apr 6, 2026"
coop_physics,3656580,Aisle Be Quick,Coming soon
coop_physics,3963300,REPOSSESSION: Mafia Debt,To be announced
coop_physics,4465610,Mountain Goatastrophe,Coming soon
coop_physics,4015070,BASED,To be announced
coop_physics,4930280,Super Football Arena,Coming soon
coop_physics,4900290,Jigsaw Panic,Q1 2027
coop_physics,4408560,Split Happens,"Nov 27, 2026"
coop_physics,4088870,RoboSquare: Recharged,Q1 2027
coop_physics,4311700,Ignited,To be announced
coop_physics,3828950,"SYNC - One Mecha, Two Pilots",Coming soon
coop_physics,4765270,Idiots 4 Order,2026
coop_physics,4703930,Grilluminati,Q4 2026
coop_physics,3986580,FLING UP TOGETHER,To be announced
coop_physics,1501910,Fox Stories,Coming soon
coop_physics,2198890,Nicely Dicely,Coming soon
coop_physics,3276100,Cosmic Crew,Coming soon
coop_physics,4088480,ChimpUP!,Coming soon
coop_physics,4456960,Astro Yoinkers,Coming soon
coop_physics,3896420,Fluffy Chef,Coming soon
coop_physics,3675340,Killing Things With Your Friends,2027
coop_physics,4928980,Climb It Up,Coming soon
coop_physics,5107510,Chainball,Q1 2027
coop_physics,4850230,Actually Rocket Science,To be announced
coop_physics,4582550,Kabsa Spilled?,Q1 2027
coop_physics,3475680,Shared RC,"Oct 30, 2026"
coop_physics,4905400,1000km,To be announced
coop_physics,4635290,Grave Mistakes,November 2026
coop_physics,2743290,Lazy River,To be announced
coop_physics,3726940,Pickle Panic,2027
coop_physics,3669180,Shift 0,Coming soon
coop_physics,5140020,Junkyard Astronauts,"Oct 27, 2026"
coop_physics,4193660,Goblin Getaway,To be announced
coop_physics,2118060,S.M.A.C.K.,Coming soon
coop_physics,4754860,Bad Grip Club,To be announced
coop_physics,2738960,Soaked,2027
coop_physics,4335450,GYROPIA,"Apr 1, 2026"
coop_physics,4233400,Sync Together,"Sep 6, 2026"
coop_physics,5123380,PITCHFORK,Coming soon
coop_physics,5235520,How to Hunt,Coming soon
coop_physics,4776500,Carry On Together,"Nov 16, 2026"
coop_physics,5090530,War Mart,2027
coop_physics,3921710,HUSH Prototype,Coming soon
coop_physics,4345060,BUDGE,To be announced
coop_physics,5275930,Grave Company,April 2027
coop_physics,4877100,The Gastarbeiters,October 2026
coop_physics,4896950,Rapid Raccoons,"Dec 1, 2026"
coop_physics,4660200,Oink Splash Party,Coming soon
coop_physics,4613790,Spooky Ride,"Oct 29, 2026"
coop_physics,1605640,Empower,"May 31, 2021"
coop_physics,4193590,Salvation Denied,To be announced
coop_physics,4352400,MageQuit Dungeons,To be announced
coop_physics,4966590,Huff & Puff,"Aug 14, 2026"
coop_physics,5064950,Pick a Door,Coming soon
coop_physics,4826260,Kaput,To be announced
coop_physics,5152700,Paint Gang,Q4 2026
coop_physics,5153070,Theme Park Together,Coming soon
coop_physics,4539760,They're In The Walls,Coming soon
coop_physics,3517190,MVX: London,Coming soon
coop_physics,3634090,The First Foreigner,"May 18, 2025"
coop_physics,4536720,Newtonia,"Apr 9, 2026"
coop_physics,4233500,Possums,Q1 2027
coop_physics,3302230,Buried Whispers,To be announced
coop_physics,4758560,BAUSFIGHT,2027
coop_physics,5039230,Shared Custody,Coming soon
coop_physics,5086460,PeeVPee,"Nov 3, 2026"
coop_physics,4306070,Catch Meow If You Can,"Oct 29, 2026"
coop_physics,4071650,Stream Train,"Oct 16, 2026"
coop_physics,1348810,Down the River,"Apr 15, 2021"
coop_physics,1578970,JUST A GUY :  Online Multiplayer Ragdoll Game,2026
coop_physics,5230400,ZOO PANIC,Coming soon
coop_physics,5026480,No Neutral Ground,Q4 2026
coop_physics,4749300,PIKI BOMB,To be announced
coop_physics,3453430,Rush Your Band,"Dec 23, 2026"
coop_physics,5024540,LIMP MODE,"Oct 15, 2026"
coop_physics,5118740,Puke and Seek,"Oct 2, 2026"
coop_physics,4433420,OpTek,2026
coop_physics,1511800,BotBrawl,To be announced
coop_physics,2726030,Grapplers and Space Stuff,To be announced
coop_physics,3030820,Goo Go,"Jan 7, 2026"
coop_physics,3798950,Buff Climbers,2026
coop_physics,4411310,Climb to the Moon,Coming soon
coop_physics,4372340,Sticky Sticky: Surplus Protocol,To be announced
coop_physics,3578250,Clayground,2026
coop_physics,4698980,CatchUp Showdown,Coming soon
coop_physics,4982680,The Doi,"Oct 28, 2026"
coop_physics,3780530,American Cooking Simulator: Multiplayer,"Oct 12, 2026"
coop_physics,5050510,Attention Shoppers,Coming soon
coop_physics,4430020,Hamsteria,Q1 2027
coop_physics,4088720,Pogo Together,Coming soon
coop_physics,4300860,Food Truck Together,To be announced
coop_physics,4410360,HOLD MY WHEEL,"Nov 3, 2026"
coop_physics,4427720,Pigs On Wings,Q2 2027
coop_physics,4328150,Shmoblins,To be announced
coop_physics,4549600,Skate Mates,December 2026
coop_physics,4523780,MINE ESCAPE,Coming soon
coop_physics,4716690,F.A.G.E.N.,Coming soon
coop_physics,4336630,Pirate Chips,To be announced
coop_physics,5100500,Broom Doom,To be announced
coop_physics,4876110,"Oops, No Floor!","Dec 31, 2026"
coop_physics,4438080,Call It a Day,2027
coop_physics,4228630,QUIET,Q1 2027
coop_physics,4380980,N.I.V.O,"Aug 12, 2026"
coop_physics,5061870,Last Man Running,January 2027
coop_physics,5188730,M.A.M.M.O.N.,2026
coop_physics,3586760,Construction Crew,To be announced
coop_physics,508680,Domino VR,"Aug 3, 2016"
coop_physics,3224910,Nexus Station,"Jan 30, 2025"
coop_physics,4562170,Oar We There Yet?,Coming soon
coop_physics,4044080,Workers Comp,Coming soon
coop_physics,4277020,SHEEPSTERS,Coming soon
coop_physics,5154830,FEEDSTOCK,October 2026
coop_physics,4887270,When Pigs Fly,Coming soon
coop_physics,4781630,Cult Runners,To be announced
coop_physics,4588510,Mayday Vacay,Coming soon
coop_physics,3342080,Arobynn: Sword of Adventure,"Dec 12, 2024"
coop_physics,4830360,Over Package!,2027
coop_physics,5056400,Pro Birder,To be announced
coop_physics,1955440,Tick Tack Puppet,"Mar 20, 2023"
coop_physics,4430480,Cubepathy,"Apr 17, 2026"
coop_physics,4373150,Nerds Revenge,"Jul 7, 2026"
coop_physics,4288270,Crooked Cooks,Q1 2027
coop_physics,4189640,Feed The Maw,"May 6, 2026"
coop_physics,1429070,The Illuminati Simulator,"Apr 24, 2026"
coop_physics,2158220,Glitched? or Programmed that Way?,Coming soon
coop_physics,3034290,Loot Goblin Inc.,To be announced
coop_physics,4230410,Not In My House,To be announced
coop_physics,4482940,Tandemonium,Coming soon
coop_physics,4580160,Caravan Bazar,Q1 2027
coop_physics,4618550,Goblin museum,Coming soon
coop_physics,1756760,Metaverse-World Of Cube,Coming soon
coop_physics,4033110,Mingus,To be announced
coop_physics,4779310,A Hard Game About Reaching Valhalla,Coming soon
coop_physics,5066980,Deep Trouble,Coming soon
coop_physics,4595980,Ship or Burn! Coop express,Coming soon
coop_physics,5219000,Mountain Rescue: Caucasus,To be announced
coop_physics,4625350,Pipe it: Sketchy Plumber Simulator,Coming soon
coop_physics,4425550,Monkey Bizniz,"Oct 12, 2026"
coop_physics,4715160,Finals Week ✍🏻,Coming soon
coop_physics,4157300,Farmigos,Coming soon
coop_physics,662720,Mage Rumble,"Jan 30, 2024"
coop_physics,2128230,Slap Squad,To be announced
coop_physics,3994040,Final Third,Coming soon
coop_physics,3458140,NimerWorld: Shadows of a Promise,Q1 2027
coop_physics,3828740,"Chicken Jump, Puppy Jump",Q4 2026
coop_physics,3680450,Junkyard Space Agency,2027
coop_physics,4912300,Let Us Cook,Coming soon
coop_physics,1582120,A Couple Of Cubes,Coming soon
coop_physics,4651500,Alchemania,Coming soon
coop_physics,4992950,Ship Happens: Pirates Wanted,"Mar 31, 2027"
coop_physics,5205270,Knight's Party,"Nov 4, 2026"
coop_physics,1222480,Slotracers VR,"Mar 4, 2021"
coop_physics,4458000,Pull It Together,To be announced
coop_physics,4432580,Space Out Together,Coming soon
coop_physics,4389390,Green Gas,2026
coop_physics,5199210,Too Hot To Hold,"Nov 3, 2026"
coop_physics,4704920,Prison Pocket Patrol,Coming soon
coop_physics,2092820,无尽之界/Endless Trek,Coming soon
coop_physics,3148270,Darkness Arises,To be announced
coop_physics,4178080,Fragile Frontier,Coming soon
coop_physics,4353060,BOOMER,Coming soon
coop_physics,5200400,Meat Safari,"Dec 7, 2026"
coop_physics,4537830,SOCIETY,To be announced
coop_physics,4420660,ZONE L.O.S.T.,"Oct 30, 2026"
coop_physics,4141230,Space Delivery,Coming soon
coop_physics,4509370,Stink Buddies,2027
coop_physics,4630920,OMG: Oh My Gravity,Q1 2027
coop_physics,4883040,Out of Office!,Q3 2027
coop_physics,5008960,Honest Work,November 2026
coop_physics,2247510,Snowbrawll,"Jun 20, 2025"
coop_physics,4164940,Tow The Line,"Mar 20, 2026"
coop_physics,2483470,Cracked,Coming soon
coop_physics,4200000,Hadalis,Coming soon
coop_physics,4908460,Flame and Blame,2027
coop_physics,3923070,Asteroid Boom Cosmic Courier,2026
coop_physics,5166560,Oekaki Golf,Coming soon
coop_physics,5221100,Deadbeats,To be announced
coop_physics,2642310,Tag League,"Aug 16, 2025"
coop_physics,4955330,Morder,Coming soon
coop_physics,4920990,Unicycle Journey,"Aug 28, 2026"
coop_physics,4170340,Down There Yet?,Coming soon
coop_physics,4270010,Tunnelers,To be announced
coop_physics,4806910,Claims & Caverns,Coming soon
coop_physics,4221670,SLOP,Coming soon
coop_physics,5187000,CookSpiracy,"Sep 25, 2026"
coop_physics,3957770,Hot Meals Fast Wheels,2026
coop_physics,3406940,PaintMan Go！,To be announced
coop_physics,4550070,Two Left Hands,To be announced
coop_physics,1727900,Cyberpunk Samurai VR,Coming soon
coop_physics,4755250,ROMUL,"Oct 27, 2026"
coop_physics,5127100,The Wrong Way Round,2026
coop_physics,2228720,Hack 'n' Stack,"Oct 9, 2026"
coop_physics,4597950,Tower Tanks,Q2 2027
coop_physics,4285870,Pigs and Wolf,Coming soon
coop_physics,5199280,DOOM MATES,"Oct 26, 2026"
coop_physics,3593660,Chain-Chillas,Coming soon
coop_physics,3290330,Nitro Thrash,To be announced
coop_physics,5155060,Mise en War,January 2027
coop_physics,5262620,Your Life is Not Covered,Coming soon
coop_physics,5276060,How Deep,Q1 2027
coop_physics,5016320,Heist of Fools,Q1 2027
coop_physics,3621090,Boom Boom Hamster Doom,To be announced
coop_physics,2947710,DuckTape Inc.,Q4 2026
coop_physics,4154610,Beach Friends,Coming soon
coop_physics,4340200,Shipping and Handling,Q1 2027
coop_physics,4383310,GraveDiggers,April 2027
coop_physics,5113360,Bookish Buddies: Bookstore Simulator,Coming soon
coop_physics,4269150,Campwood,Coming soon
coop_physics,4928450,Grand Theft Timeline,Q4 2026
coop_physics,4844200,Twin Hooks,To be announced
coop_physics,4437750,Worst Airline Ever,2026
coop_physics,3266790,Bit by Bit,Q1 2027
coop_physics,4267780,Acting Out,To be announced
coop_physics,4280880,SHORE,Q4 2026
coop_physics,4374530,Keep It Up!,Q4 2026
coop_physics,2934340,Guru Guru,Coming soon
coop_physics,4533880,How to Knot Drive,Coming soon
coop_physics,4581640,Airship Climber,"May 28, 2026"
coop_physics,4738010,Fish & Ships,To be announced
coop_physics,2202150,NOT ME,"Mar 2, 2023"
coop_physics,4137270,RV,Coming soon
coop_physics,4123860,Nightmarise,"Nov 27, 2025"
coop_physics,5133510,Fire Up Together,Coming soon
coop_physics,4964030,Go West Together,"Aug 14, 2026"
coop_physics,3103040,Sub Optimal Co.,"Mar 17, 2026"
coop_physics,2472670,Jet Soccer,To be announced
coop_physics,3473920,Deep Panic,Coming soon
coop_physics,4119970,Legless,2027
coop_physics,4757680,Senip,Coming soon
coop_physics,4626170,LISIA,Coming soon
coop_physics,2574120,PPA Pickleball Tour 2025,"Jul 16, 2024"
coop_physics,4295750,Chainbound,To be announced
coop_physics,3716900,Bloxiti,Coming soon
coop_physics,5073210,BoneHeads,2026
coop_physics,4969160,BUFFET,Coming soon
coop_physics,4348760,Totally Secure Airport,Coming soon
coop_physics,2315100,The Great Smog,"Oct 31, 2025"
coop_physics,2324740,Rolling Blunder,Coming soon
coop_physics,3936250,Waddle Paddle,"Mar 4, 2026"
coop_physics,4980420,It's All Ogre,December 2026
coop_physics,5270220,Sound Bounded,October 2026
coop_physics,4347750,HangTogether,"Feb 6, 2026"
coop_physics,2136990,Ultimate Destruction Simulator,"Nov 3, 2023"
coop_physics,3876030,Monkey Jump,"Nov 9, 2025"
coop_physics,2648720,Gobby Gang,To be announced
coop_physics,3143740,Slime Time,Coming soon
coop_physics,3622950,AD METALLUM,Coming soon
coop_physics,3486420,Road To School,2026
coop_physics,3154150,Spook-A-Boo,To be announced
coop_physics,3943390,popVirtue!,To be announced
coop_physics,4397680,Spell Sniffers,To be announced
coop_physics,5054090,Space Crawlers,2027
coop_physics,5021550,BONK Voyage,To be announced
coop_physics,4653910,Bone Stuff,Coming soon
coop_physics,4123800,The Road,To be announced
coop_physics,4009490,Arctic Drive,"Nov 25, 2026"
coop_physics,2076970,Balloon Bros,Coming soon
coop_physics,1764220,Pin Them,To be announced
coop_physics,3051660,Null Causality,Coming soon
coop_physics,1799440,Racketeering,Coming soon
coop_physics,5082000,Why V Got AKs?,"Nov 4, 2026"
coop_physics,5025950,Giblings,"Oct 15, 2026"
coop_physics,4221270,Cauldron Chaos,Coming soon
coop_physics,4470900,Up'N'Up: Mountain Express,Q4 2027
coop_physics,3334760,Awaysis,Coming soon
coop_physics,4498480,Hold My Thing,Coming soon
coop_physics,3170060,BlastBall: All-Stars,Q4 2026
coop_physics,4500020,Tie Down,Q4 2026
coop_physics,2532110,Trivals,2027
coop_physics,5170320,BumpBall,"Oct 9, 2026"
coop_physics,1024000,Choppy Waves,To be announced
coop_physics,4249340,Stealgulls,Coming soon
coop_physics,5155470,BONE STAKES,To be announced
coop_physics,5164920,Creepy Meal,Q4 2026
coop_physics,4288130,Haunted Bar Simulator 🍻,Coming soon
coop_physics,5088820,Get Us Out,Coming soon
coop_physics,4186980,Pump to Escape,"Feb 27, 2026"
coop_physics,5226410,Golden Trivia Show,Q4 2026
coop_physics,2572540,Mutants Of Mist,To be announced
coop_physics,2121550,ToyBox Security,Coming soon
coop_physics,4335960,The 4 Masked,Q4 2026
coop_physics,4959650,P.R.O.E.B.,To be announced
coop_physics,4508450,Death Dealer,"Nov 4, 2026"
coop_physics,3116440,Ligmanauts,Coming soon
coop_physics,5201530,Hansel & Cookie,Coming soon
coop_physics,4132210,Zombie Hamsters,"Nov 6, 2026"
coop_physics,5327590,Peak: Climb Together,Coming soon
coop_physics,4416470,GOOD NEIGHBORS,To be announced
coop_physics,4437650,Stinker Golf,January 2027
coop_physics,1932380,Sucronomicon,To be announced
coop_physics,2938660,Gabe's Mod,Coming soon
coop_physics,3299140,Hogs Rampage,Coming soon
coop_physics,1321870,Banana Slug Beach,Coming soon
coop_physics,4905570,BONKER LADS,2026
coop_physics,4914930,Debate!,Coming soon
coop_physics,5068940,Swirl Together,"Nov 2, 2026"
coop_physics,4262870,Pack and Ship: Warehouse Simulator,2026
coop_physics,2511160,Clean-up Squad,To be announced
coop_physics,5136410,Pressure Express,Q4 2027
coop_physics,4384170,Don't Dessert Me!,"Apr 7, 2026"
coop_physics,5074850,SplatStick,"Sep 2, 2026"
coop_physics,2957900,Fur-Fighters Frenzy,To be announced
coop_physics,4050910,FLOOR 100,Coming soon
coop_physics,3864690,Focus Group,Coming soon
coop_physics,4203970,Ammo Station Simulator,2026
coop_physics,4892520,Gummy Tummy,Q1 2027
coop_physics,4669810,Mad Friday,Coming soon
coop_physics,4627980,CAAAHR,"Nov 2, 2026"
coop_physics,3366370,UnderMire,To be announced
coop_physics,3079190,PACS - Post Apocalypse Courier Service: Co-op Delivery Simulator,2027
coop_physics,2593980,Trainfort,To be announced
coop_physics,2662310,Crewed,To be announced
coop_physics,1334310,Uproar,Coming soon
coop_physics,3314270,Planetary Delivery Boys,2026
coop_physics,3265420,Nine Lives Hospital,2027
coop_physics,2009360,Cream War,Coming soon
coop_physics,1998280,Astrophobia,Coming soon
coop_physics,3635050,Hogtagon,Coming soon
coop_physics,3698900,Steal Out,Coming soon
coop_physics,4592710,Sealing Fallout,Coming soon
coop_physics,4180520,Chambered,Coming soon
coop_physics,3840000,Bitter Critters,To be announced
coop_physics,2626830,SOS OPS! 2,Coming soon
coop_physics,4923560,Uyar Party,Coming soon
coop_physics,4686110,Agents 404,To be announced
coop_physics,4257450,Where Are We Floating?,Coming soon
coop_physics,3644020,Cleaner Company,2026
coop_physics,3826670,Flipping is Hard,"Oct 16, 2026"
coop_physics,4213320,Wheel Make It,"Oct 12, 2026"
coop_physics,2215050,Backrooms Chained Together,Coming soon
coop_physics,3809370,Clubbed,"Oct 6, 2025"
coop_physics,4891820,Gull's Gang,Coming soon
coop_physics,1159940,Astrodition,"Jun 25, 2021"
coop_physics,4321350,Loginnnnnn,2026
coop_physics,3113590,MARBOLUS,To be announced
coop_physics,4327930,Slow Summit,To be announced
coop_physics,4766180,Scallywhackers!,To be announced
coop_physics,5161180,Voxel Wild,Coming soon
coop_physics,5000170,BORE,"Nov 24, 2026"
coop_physics,3503350,Stick N' Sheep,2026
coop_physics,4252280,Quack Hunters,Coming soon
coop_physics,3568070,Prohibition Panic!,Q4 2026
coop_physics,4347770,Fiets-Together,December 2026
coop_physics,4924340,BallSlop,Coming soon
coop_physics,4669590,Panic Hospital,2027
coop_physics,4382680,River Drift,January 2027
coop_physics,3984450,Holo-Strike!,2026
coop_physics,4949050,RIGMAROLE,Coming soon
coop_physics,5122600,Powdertron,"Sep 15, 2026"
coop_physics,1975640,Fast Food On The Beach!,Coming soon
coop_physics,5041060,O2GETHER,"Oct 29, 2026"
coop_physics,5167810,Hot Meals Fast Wheels - Prologue,"Oct 6, 2026"
coop_physics,4153880,Back Pain Delivery,Coming soon
coop_physics,4578640,Ro Sham Brawl,Q4 2026
coop_physics,3291520,Simulo,"Dec 5, 2025"
coop_physics,720830,Subtransit Drive,Coming soon
coop_physics,4135870,ALL IN ONE,"Mar 11, 2026"
coop_physics,4910230,Counterweight,2026
coop_physics,4484900,Crazy Test,Coming soon
coop_physics,4281650,Long Way Gnome,Coming soon
coop_physics,4360180,Push The Cart Together,"May 15, 2026"
coop_physics,3199540,TurboSquad,Coming soon
coop_physics,4234020,Stick Brawl,Coming soon
coop_physics,3814410,Gravemore,Coming soon
coop_physics,4062150,Notary Block,Coming soon
coop_physics,2125410,Into the Spiritwell,Coming soon
coop_physics,3534630,Stellar Drift,To be announced
coop_physics,4608690,Birds,"Jul 25, 2026"
coop_physics,2124300,Shopping Spree: Extreme!!!,"Aug 22, 2023"
coop_physics,2702920,Cozy Escapes,"Jun 26, 2024"
coop_physics,2696420,Chronocide,"Jul 12, 2024"
coop_physics,3431590,Easy Drive Together,Coming soon
coop_physics,5221820,Harvestin Season,Q1 2027
coop_physics,3769800,Elevator,2026
coop_physics,4404180,GOLF+,Coming soon
coop_physics,906870,FurryFury: Smash & Roll,"Apr 14, 2022"
coop_physics,761060,TractionSim,To be announced
coop_physics,3690910,Grave Bros,"Jul 11, 2025"
coop_physics,4148920,Hamster Together,Coming soon
coop_physics,4185770,cenker's mod,"Nov 10, 2026"
coop_physics,2582310,MetroSim - The Subway Simulator,To be announced
coop_physics,1483550,Axe Gang,To be announced
coop_physics,2071400,Bum Bum Monsterz,"Nov 26, 2024"
coop_physics,3253730,Pop Party,To be announced
coop_physics,3395290,SUMO TATAMI,Q4 2026
coop_physics,2601840,Paper Play VR,2026
coop_physics,3899460,CARGO: Co-Op Delivery Simulator in Post Apocalyptic World,To be announced
coop_physics,3700300,StarFear,To be announced
coop_physics,4537390,Ploomies,Coming soon
coop_physics,4624930,aeroDays,Coming soon
coop_physics,4778600,Wobble Bros,Coming soon
coop_physics,3834380,RagnaCook,Coming soon
coop_physics,4227030,ABISMO,Q1 2027
coop_physics,4562880,Yodelee Golf,Coming soon
coop_physics,5186020,Crash Relay,"Nov 10, 2026"
coop_physics,5031430,I Buried Steve,"Jan 20, 2027"
coop_physics,4420980,Drunkslop: Pub crawl COOP,Coming soon
coop_physics,2852700,BUS: Bro u Survived,2026
coop_physics,2562390,Benny's Backrooms,"Oct 27, 2026"
coop_physics,4147720,Salmon Jump,October 2026
coop_physics,1662270,Vandalhalla,"Nov 4, 2021"
coop_physics,3093880,Cauldron's Rift,"Apr 25, 2025"
coop_physics,5023050,SUMMIT,Coming soon
coop_physics,885160,BOTSU,To be announced
coop_physics,4919380,Grand Theft Idiots,"Nov 2, 2026"
coop_physics,5057070,Sound of Space,2027
coop_physics,1824090,Goose vs Zombies,"Mar 4, 2026"
coop_physics,4425500,CrazyFish Chapter 6: Into the Kitchen,"Mar 13, 2026"
coop_physics,2946530,Tornado Emergency,Coming soon
coop_physics,4983820,Cartouche Royale,To be announced
coop_physics,2311890,Project Surfing,Coming soon
coop_physics,4124400,PIVOT!,Coming soon
coop_physics,4093880,Angry Cleaner VR,"Oct 28, 2026"
coop_physics,5012290,Tiny Lords,2026
coop_physics,4211920,Risky Renovations,Coming soon
coop_physics,5226680,Endless Droppers,Coming soon
coop_physics,3362340,Survive Society,"May 7, 2025"
coop_physics,1294480,Deranged Park Rangers,Coming soon
coop_physics,3985880,INTERVOID,Q4 2026
coop_physics,5186770,Passenger Zero,Coming soon
coop_physics,4964860,Eggscape,Coming soon
coop_physics,5076020,Towgether,Coming soon
coop_physics,2256840,Holy Ocean,Coming soon
coop_physics,2440760,GRAVHOUNDS,Coming soon
coop_physics,4186890,Kitman,Q1 2027
coop_physics,2903510,Alien Rush,Coming soon
coop_physics,5088660,Dungeon Miner,November 2026
coop_physics,4055780,Gunship Origins,To be announced
coop_physics,2757510,Bion Clash,To be announced
coop_physics,1679490,Sphere Arena,"Aug 17, 2021"
coop_physics,4449800,TaskFall,Q4 2026
coop_physics,4479040,Wood Goes BRRR,Coming soon
coop_physics,1784650,BOSS FIGHTERS,Coming soon
coop_physics,5131510,Bolted,Coming soon
coop_physics,4879780,MAD: Mutually Assured Destruction,"Apr 8, 2027"
coop_physics,2174510,Backseat Champions,November 2026
coop_physics,3479080,Dreampainters,To be announced
coop_physics,3435180,Looters Inc.,2026
coop_physics,3935200,North Pole Workshop,Q4 2026
coop_physics,4879470,A Needle In a Haystack,2026
coop_physics,5160660,Bunker and Friends,Coming soon
coop_physics,4580810,Can I Take Your Order,"Aug 28, 2026"
coop_physics,3404170,Together We Play: Help Me Help You,"Jan 31, 2025"
coop_physics,3379690,Amanaha hockey,To be announced
coop_physics,5161780,Rasterfall,2027
coop_physics,4662190,Stress Buddy,Coming soon
coop_physics,5116420,Dirty Derby,December 2026
coop_physics,4192010,GUN X GUNNER,Coming soon
coop_physics,4858900,MAMIO : Don't Fall !,"Oct 2, 2026"
coop_physics,4476130,Crazy Bike,"Mar 16, 2026"
coop_physics,3521770,Boiiing Boiiing,"Feb 18, 2026"
coop_physics,2850960,They Speak To Us,To be announced
coop_physics,4653900,Roadtrip!,Coming soon
coop_physics,5027610,FastFoo,To be announced
coop_physics,5033840,Hallness,Coming soon
coop_physics,4678570,Chick'Hen Show,2027
coop_physics,5334160,Terminal 9,Coming soon
coop_physics,5203960,Monstaurant,2026
coop_physics,3506830,Out of the Shadows,"Oct 20, 2026"
coop_physics,3818280,Carry the Patient Together,Coming soon
coop_physics,2598110,Fusing Noracam,"Oct 20, 2023"
coop_physics,2235310,PatchWorld,2026
coop_physics,3974210,Body Buddies,Coming soon
coop_physics,3348150,Disaster Party!,Coming soon
coop_physics,4542390,Simon and Friends,Coming soon
coop_physics,4877970,Exploding Delivery Service,Coming soon
coop_physics,2705580,Unline,Coming soon
coop_physics,3344400,Street Soccer Online,"Nov 20, 2025"
coop_physics,3929240,NEH,"Nov 30, 2025"
coop_physics,3251280,Rivals Hover League,Coming soon
coop_physics,3574210,Galaxy Tactics,To be announced
coop_physics,3844730,Pair Panic: Rematch,Coming soon
coop_physics,4307290,Hobble-Wobble,To be announced
coop_physics,4961960,No Witnesses,Coming soon
coop_physics,1431910,Puppets Party: Friendship Destroyer,Coming soon
coop_physics,2294250,Speed Golf Royale,Q2 2027
coop_physics,3337850,KYORA,Coming soon
coop_physics,3754350,WE ARE SO COOKED,Coming soon
coop_physics,4372950,Cave Expedition,To be announced
coop_physics,2846300,Jetsoccer,To be announced
coop_physics,4590870,Barrow Bros,Coming soon
coop_physics,4422640,PERKS,Q1 2027
coop_physics,5180400,DONT BE FOOL,Coming soon
coop_physics,5238660,How to Chemistry,To be announced
coop_physics,4289800,Tag!,Coming soon
coop_physics,4536480,All Rats on Deck,Q4 2026
coop_physics,4465980,The Declutterers : No Dumpster Left Empty,Coming soon
coop_physics,2958110,Deadly Descent,Coming soon
coop_physics,4658160,Reach The Banana,2026
coop_physics,3431500,Sphere Up,To be announced
coop_physics,5083370,Whisker Tinkers,March 2027
coop_physics,4878610,Snugfang,"Jul 28, 2026"
coop_physics,2639410,RealLife,To be announced
coop_physics,1520590,Slap It Together!,"Dec 12, 2024"
coop_physics,4204600,Portal Together,"Jan 15, 2026"
coop_physics,4183130,DOPAMINE,Coming soon
coop_physics,3994220,Pile Up,"Sep 4, 2026"
coop_physics,5160840,SpaceBuddies,"Sep 16, 2026"
coop_physics,1280850,Swing Striker,Coming soon
coop_physics,1585430,Long Drive Island,To be announced
coop_physics,3688770,NeuroCorp,To be announced
coop_physics,4212940,Sepium,2026
coop_physics,4163750,Us or Them,Coming soon
coop_physics,5003210,Creewe!,Coming soon
coop_physics,3859060,SCP: Scavenger Project,2026
coop_physics,5215670,Grill Chefs - Restaurant Simulator,Coming soon
coop_physics,1493860,Mayhem Space Cinema,Coming soon
coop_physics,4502440,.synth_protocol,To be announced
coop_physics,3678070,Connected,Coming soon
coop_physics,1016900,GUN AND BUCKLER,Coming soon
coop_physics,1808150,Eggstinct!,Coming soon
coop_physics,4190730,Thrust Issues,To be announced
coop_physics,5020730,RingOut,Q1 2027
coop_physics,5173970,Mr. Panas,Q1 2027
coop_physics,5108500,My Summer Project Together,Coming soon
coop_physics,2316420,Track Day: From Street to Circuit,Coming soon
coop_physics,5092810,Carriers Together,"Sep 4, 2026"
coop_physics,4108740,Animagi,To be announced
coop_physics,5087880,"I'm a Cowboy, Baby!",Q4 2026
coop_physics,1020760,Human Error,"May 13, 2026"
coop_physics,2173810,Listen Me,"Dec 11, 2022"
coop_physics,4068190,Sphere Game,Coming soon
coop_physics,4767630,Plague Crew,To be announced
coop_physics,4850370,lemonade stand,To be announced
coop_physics,3985720,ChickOut!,Coming soon
coop_physics,3530640,Pecking Order,To be announced
coop_physics,4398290,Sort of Magic,Coming soon
coop_physics,4132070,Drive You Crazy Golf,November 2026
coop_physics,4965500,Job Simulator: Human Relations,Coming soon
coop_physics,4720860,Backrooms: The Wrong Door,"May 30, 2026"
coop_physics,4270660,very normal rail game,"Apr 21, 2026"
coop_physics,4569940,We're Going Down,To be announced
coop_physics,4670050,Going All In,To be announced
coop_physics,4022970,Infinity Rising,2026
coop_physics,3924400,Eel Game,Coming soon
coop_physics,1196920,VolleyBrawl,Coming soon
coop_physics,1556400,HIGHPOINT,To be announced
coop_physics,2952930,Pantless,Coming soon
coop_physics,2859880,Toilet Party,Coming soon
coop_physics,4887280,Marrowood,2027
coop_physics,4918700,GrunglePunch,To be announced
coop_physics,4916200,Totally Safe Railway Co. 🚂,Q4 2026
coop_physics,3961370,Tornado Hunter,2026
coop_physics,5234330,Sort On The Ball,"Nov 9, 2026"
coop_physics,666590,Jetball,"Dec 6, 2017"
coop_physics,1693940,TrackShot,January 2027
coop_physics,4001120,The Glitch prison Together,"Dec 11, 2025"
coop_physics,4381890,Sky Pirates,Coming soon
coop_physics,3995650,Milk Run,"Oct 31, 2025"
coop_physics,5050950,Spelly Zombie,"Oct 28, 2026"
coop_physics,1682000,BlockWorld,Coming soon
coop_physics,4767090,Emergency Buddies,To be announced
coop_physics,3985710,Embrace the Brilliance,"Oct 7, 2025"
coop_physics,1717330,Rubber Brawl,To be announced
coop_physics,1899000,Sidewards,Coming soon
coop_physics,3871040,BallShot Arena,Coming soon
coop_physics,5171250,Micestery Room,Coming soon
coop_physics,4717240,Airport Security Guard Deluxe,"Sep 16, 2026"
coop_physics,4487350,Royal Institute of Magic,2027
coop_physics,5236020,"Beam Me Up, Bro!",To be announced
coop_physics,4356360,Breakaway Hockey League,To be announced
coop_physics,1931930,Wrekless™,Coming soon
coop_physics,3705780,O.S.A.,To be announced
coop_physics,5005150,Flood With Friends,"Sep 7, 2026"
coop_physics,5178240,Weeding Together,Coming soon
coop_physics,4373420,All Haul the King,Coming soon
coop_physics,4010400,Make New Yuck Great Again,Coming soon
coop_physics,3677590,Breaking Deck,To be announced
coop_physics,3619490,Trickshotterz,"Nov 6, 2026"
coop_physics,3426670,Reactonix Sandbox,2026
coop_physics,4591490,Fun Road,"Jun 30, 2026"
coop_physics,4762920,Whos Driving?,Coming soon
coop_physics,4596480,Don't Drop the BOOTY!,"Apr 22, 2026"
coop_physics,4380740,Butcher Shop Simulator,Q4 2026
coop_physics,5248370,Buildmaxxing,Coming soon
coop_physics,4043580,RADZIMA,To be announced
coop_physics,4258650,Appetite for Destruction,2026
coop_physics,4890170,Tank Mates,"Nov 6, 2026"
coop_physics,1573330,Unreal Sandbox,"Aug 17, 2021"
coop_physics,4176920,What The Cafe?,Coming soon
coop_physics,4580290,Shell Hell,To be announced
coop_physics,5160300,Needle in a Haystack,To be announced
coop_physics,3367810,Cemetery Simulator,To be announced
coop_physics,2646710,ASV Soccer,"Nov 5, 2025"
coop_physics,4226570,Lambslide,Coming soon
coop_physics,1517590,Municipal Ghosts,2027
coop_physics,4660170,Witch Shop Simulator,Q4 2026
coop_physics,1874980,Ready for Riot,To be announced
coop_physics,3688110,Kaiju Cleaner Simulator,To be announced
coop_physics,3409720,POGO Epoch: Impossible 99%,"Jan 27, 2025"
coop_physics,3990510,Hop & Seek,2026
coop_physics,3175180,Trolling Bowling,Coming soon
coop_physics,4233980,A WILD HEIST,Coming soon
coop_physics,4704370,Squeak,2026
coop_physics,3458050,Pan-Galactic Postal Service,To be announced
coop_physics,2809540,Vinlanders,Coming soon
coop_physics,4664240,Hard Worker,To be announced
coop_physics,2341210,STACK,Coming soon
coop_physics,2892910,Strike Team Delta,"Jul 26, 2024"
coop_physics,2688180,Hyperfield,"Feb 29, 2024"
coop_physics,4660540,Bloody Cleanup TOGETHER,"Dec 10, 2026"
coop_physics,4928080,Seikyu Let’s Go!,Q4 2026
coop_physics,617310,Mamma Mia,2026
coop_physics,4646260,GolFall: Make Your Way Up,"Jun 30, 2026"
coop_physics,4585280,Grillhouse Protocol,Coming soon
coop_physics,3810050,Rabona,2026
coop_physics,4183270,StellarDrive,To be announced
coop_physics,5046740,Crest: Climb Together,To be announced
coop_physics,4638900,Greedy Getaways,2026
coop_physics,2719810,Summit Smash,Q4 2026
coop_physics,5111530,"NO CLEAN, NO EXIT",Q4 2026
coop_physics,2691530,RAILRIDERS,To be announced
coop_physics,4302360,Wing It,Coming soon
coop_physics,4635170,NO MORE COWS,Coming soon
coop_physics,4701660,DRIFTERS: Blackout Crew,To be announced
coop_physics,4935340,Ghost'Inn,2026
coop_physics,2331780,Push battle Royale,"Mar 25, 2023"
coop_physics,2605290,Steam Shot,To be announced
coop_physics,2907820,Marvatten,2027
coop_physics,3975350,Stack & Sus,2026
coop_physics,3584250,Off the Shelf!,2026
coop_physics,2679340,Grapple Tanks,"Jan 8, 2024"
coop_physics,4063220,Eggbert,Coming soon
coop_physics,5228830,FreeSurf,Coming soon
coop_physics,2107080,PAVOR,Coming soon
coop_physics,4296640,Office Chaos,To be announced
coop_physics,3448510,Hop On It,Coming soon
coop_physics,2180690,Chess Champions,To be announced
coop_physics,2537430,Solar Smash: Annihilation,Coming soon
coop_physics,4951330,Nordic,2026
coop_physics,4424100,Together We Move,"Apr 20, 2026"
coop_physics,4513180,Don't Drop The Ball,Coming soon
coop_physics,4378600,Seema's Pogo 3 Hop Together,"Feb 23, 2026"
coop_physics,4940930,SKOS: 13.86,Coming soon
coop_physics,2248010,Instarion,Coming soon
coop_physics,2527940,Little Cheese Works,Q4 2026
coop_physics,4202850,Ferrano: Beyond Redline,Coming soon
coop_physics,4136460,Blux,Q2 2027
coop_physics,4753790,Chaos Club,Coming soon
coop_physics,4347280,GAS,2026
coop_physics,4347660,Bros of Bench,"Nov 5, 2026"
coop_physics,4463820,Maze of Mask,To be announced
coop_physics,4951290,Oxytopia,Coming soon
coop_physics,2142490,Welcome Color To World (WCTW)  - Part 1,Coming soon
coop_physics,4774090,Uncast: Duel of Wizards,Coming soon
coop_physics,4132280,PHUY,2026
coop_physics,4022310,Wheelie Bad,2026
coop_physics,1664810,Gluua,"Feb 28, 2024"
coop_physics,4003460,Gobstruck,To be announced
coop_physics,3709090,MADFALL,Coming soon
coop_physics,4889770,Boompaw,Coming soon
coop_physics,5159870,Needle In A Haystack Simulator,Q4 2026
coop_physics,4034300,Loose Cannon,To be announced
coop_physics,3024700,Sweet Order: Candy Shop Tidy Up!,Coming soon
coop_physics,2278110,Tower Builder,2027
coop_physics,4948850,OOGA BOOGA: First Vegas,Coming soon
coop_physics,4294590,Endless Tower,Coming soon
coop_physics,5091610,Tolerance,Coming soon
coop_physics,4944320,Twin Drive,Coming soon
coop_physics,4866950,TwinLock,Q2 2027
coop_physics,5347730,DEEPER,October 2026
coop_physics,4184900,Ghost Hustlers,Coming soon
coop_physics,4583130,Park It!,"Jun 3, 2026"
coop_physics,2999670,Front Edge,2027
coop_physics,4767110,Wheelchair For Two,"Aug 18, 2026"
coop_physics,3393200,SillyAhhPVP,Coming soon
coop_physics,1338660,Arcano,Coming soon
coop_physics,3757140,Of Peaks and Tides,To be announced
coop_physics,4454760,OPEN UP SIR!,To be announced
coop_physics,4431080,Horse Guys,Coming soon
coop_physics,4788240,Night Shift Hospital,Coming soon
coop_physics,2832780,Wacky Jumpers,"Jun 16, 2024"
coop_physics,1833870,A Million Lightyears Beyond,Coming soon
coop_physics,4344790,Difficult Drivers,Coming soon
coop_physics,4711710,Rolling Splat!,Coming soon
coop_physics,2026450,Stunt Derby,Coming soon
coop_physics,5034280,SHHH: Don't Wake the House,"Sep 1, 2026"
coop_physics,1685620,It's Mealtime!,Coming soon
coop_physics,4078520,Don't Piss,"Nov 21, 2025"
coop_physics,1902830,Night Racer,"May 23, 2022"
coop_physics,3482770,THE PITCH,Coming soon
coop_physics,4343870,HeadBallz,Coming soon
coop_physics,1037380,Cradle of Sins,Coming soon
coop_physics,2547890,Mecha Mayhem,To be announced
coop_physics,3989920,TaterUp,"Jan 21, 2026"
coop_physics,2054300,Futr8,"Jan 13, 2023"
coop_physics,5191330,Take That Shot,November 2026
coop_physics,4258160,Donauts,To be announced
coop_physics,4212370,Warentines,Coming soon
coop_physics,4157020,MEAT,Coming soon
coop_physics,578100,Meowter Space,To be announced
coop_physics,2540530,Cabbie!,Coming soon
coop_physics,3714560,Fool's Cup,Coming soon
coop_physics,3777830,Shoot Your Pal,Coming soon
coop_physics,4730160,Wobble Ops!,"Sep 7, 2026"
coop_physics,3377170,Prop Hunt Rumble,"Dec 19, 2024"
coop_physics,4900460,Poly Peacocks,"Sep 14, 2026"
coop_physics,3800200,Ramshackle,Coming soon
coop_physics,3083230,Vaulting Over It,"Nov 22, 2025"
coop_physics,5171730,Crappy Corp,Coming soon
coop_physics,3658780,Bonds of Zeniarai,"May 8, 2025"
coop_physics,3817950,Digger Sandbox,Coming soon
coop_physics,3219680,Try To Catch Me!,To be announced
coop_physics,5179660,Armorer: Tidy Up the Armory Before Dawn,November 2026
coop_physics,4936630,Zombie Tag,"Aug 13, 2026"
coop_physics,3970800,Jupiter,Coming soon
coop_physics,3884040,Build-A-Putt,Coming soon
coop_physics,2993210,SkyLeague,Q4 2027
coop_physics,3480600,Ghosts & Gasoline,To be announced
coop_physics,4155350,Two Minds One Car,"Oct 9, 2026"
coop_physics,4380020,"It’s magic, bro!",To be announced
coop_physics,3146010,Septic,"May 4, 2025"
coop_physics,1898980,Glob,To be announced
coop_physics,1782820,Drift Go,Coming soon
coop_physics,3161440,Digital Creative Framework,"Jan 27, 2025"
coop_physics,1847480,RocketBallZ,Coming soon
coop_physics,4269480,Bahnfrei,"Apr 18, 2026"
coop_physics,5113430,BIG FEET: Football Chaos,Coming soon
coop_physics,1786740,Bartenders,Coming soon
coop_physics,5094620,TohKago,Q4 2026
coop_physics,5036340,LUPKAR - World of Billiards,"Oct 4, 2026"
coop_physics,4740600,Ouch! Cargo!,"Jul 11, 2026"
coop_physics,1216560,Slimey,"Sep 26, 2020"
coop_physics,4409390,Pogo Froggo,2026
coop_physics,2417650,Carrom Slam!,"Jun 13, 2023"
coop_physics,5127350,Rally Together,Q4 2026
coop_physics,4194230,Stream Survivors,2026
coop_physics,3564850,Orb Odyssey: Rolling Realms,To be announced
coop_physics,4619050,Poggle,Coming soon
coop_physics,5251960,Blind Man's Buff,October 2026
coop_physics,3177490,Bay 23,To be announced
coop_physics,4895380,Don't Drop It,Coming soon
coop_physics,4339540,Newman,Coming soon
coop_physics,3893390,DarkFactory,2026
coop_physics,2625330,UpWorld - Multiplayer,"Jan 20, 2024"
coop_physics,4293800,For Good Measure,December 2026
coop_physics,5175780,It's the Insides That Count,Coming soon
coop_physics,4292220,Poopnauts,Q2 2027
coop_physics,4868090,Rally King,Coming soon
coop_physics,3603860,Beach Bar Simulator,Coming soon
coop_physics,5069950,Pedal Pedal Pedal,2026
coop_physics,3950840,Grannies on Wheels,2027
coop_physics,3537230,ANLG_VOID™,Coming soon
coop_physics,3848360,Snakez Arena,Q4 2026
coop_physics,4259910,GravityOptional,Coming soon
coop_physics,4182520,tinyfrog,2026
coop_physics,4047220,Drone Soccer,Q4 2026
coop_physics,4332950,Eye X Eye,"Aug 5, 2026"
coop_physics,5327380,SURVOLT,November 2026
coop_physics,3886800,The Pool Game,"Sep 16, 2025"
coop_physics,4104240,BuildArena,"Apr 21, 2026"
coop_physics,4166510,GigaTurtles,To be announced
coop_physics,2645030,Chapter Wars,"Nov 17, 2023"
coop_physics,4294040,419,Coming soon
coop_physics,4882500,Clay Clinic,Coming soon
coop_physics,4812100,Gorilla Warfare,2027
coop_physics,4231400,Stackable,Coming soon
coop_physics,5176270,Roadside Odyssey,Coming soon
coop_physics,5112450,PACKING SHIFT,Coming soon
coop_physics,5275590,Dirt Town,October 2026
coop_physics,4953620,Crazy Road Shop Wars,Coming soon
coop_physics,4747920,Undervalued,2026
coop_physics,3996350,Sawad | سواد,Coming soon
coop_physics,2986340,Flood,"Sep 8, 2025"
coop_physics,3432220,Hell Gangs,To be announced
coop_physics,4910090,Breath of the Waters: The Angler,Coming soon
coop_physics,4242830,Werehouse,"Mar 27, 2026"
coop_physics,4599220,Carland: Drifter,To be announced
coop_physics,2220200,Drift With Your Pals,Coming soon
coop_physics,4869550,AquaDucked!,Coming soon
coop_physics,4984680,Star Claw,Coming soon
coop_physics,3433640,Mining Company,"Apr 29, 2025"
coop_physics,2112550,Ice Nosfe,"Dec 21, 2022"
coop_physics,5077350,Mortal Football,Coming soon
coop_physics,5123950,Tokyo Canvas,"Oct 15, 2026"
coop_physics,5278920,Arena Shooter,Q1 2027
coop_physics,1308960,Rooster Rampage,Coming soon
coop_physics,4369220,Flappy Together,"Aug 3, 2026"
coop_physics,4743540,Cricket Champions,To be announced
coop_physics,4415290,Five Feet,"Mar 5, 2026"
coop_physics,3684460,Pill It Up!,To be announced
coop_physics,1388550,Human Fall Flat 2,To be announced
coop_physics,2886930,Warehouse Inc.,"Apr 30, 2024"
coop_physics,4436790,"Gym Fitness Empire: Build, Coach, Expand",Coming soon
coop_physics,4475760,Dungeons And Animals,"Aug 31, 2026"
coop_physics,5012980,Snuggly Tails,Coming soon
coop_physics,3057060,AMPBOUND Soccer,"Sep 4, 2024"
coop_physics,4945810,Odysseus' 13th Ship,Coming soon
coop_physics,3451500,Car Guys,"Oct 9, 2025"
coop_physics,4958280,Stack the Pack!,Coming soon
coop_physics,5225300,Ground Ops: Turnaround,Coming soon
coop_physics,4444880,Ascend,Coming soon
coop_physics,4418430,STRAFEST,"Jul 1, 2026"
coop_physics,4527250,Don't Push Your Luck,"Apr 29, 2026"
coop_physics,3186260,AstroTanto,To be announced
coop_physics,3672710,Grizzly Golfers,To be announced
coop_physics,3162190,Automated & Self Sustained,Coming soon
coop_physics,3175020,AstroBrawl,Coming soon
coop_physics,5248940,Seasonal Reset: Halloween Edition,"Sep 29, 2026"
coop_physics,3113330,Space Cleaners,Q4 2026
coop_physics,3856400,MowIt : Grass Cutting Simulator,"Oct 21, 2026"
coop_physics,4232320,线偶Marionette,"Apr 8, 2026"
coop_physics,4421700,UwUzon,"Apr 8, 2026"
coop_physics,4967850,Chimpanik,Coming soon
coop_physics,4659460,SALMON,December 2026
coop_physics,4349190,Senders - Wide Open Dirtbike Sim,To be announced
coop_physics,2593870,Football Heroes League,"May 1, 2025"
coop_physics,4079710,Don't Press It,Coming soon
coop_physics,1831230,TowerFall with Friends,Coming soon
coop_physics,4566870,Realm of Balls,"Jun 7, 2026"
coop_physics,5018350,ur round,Coming soon
coop_physics,4296160,Jump Or Drown,"Sep 30, 2026"
coop_physics,4835830,Taillights,To be announced
coop_physics,3393820,Escape Together: Secrets of the Professor,"Feb 6, 2025"
coop_physics,2791970,Delivery Driver Service,To be announced
coop_physics,3524060,Crazy Golf Party,"Mar 1, 2025"
coop_physics,1957110,Christmas Shooter,"Aug 26, 2022"
coop_physics,3012680,You Go First!,Coming soon
coop_physics,4436020,X-Ray Pet Hospital,Coming soon
coop_physics,4181770,KorrPadel,Coming soon
coop_physics,5007100,CHICKEN MINE,2027
coop_physics,3265340,PIPELINE,2027
coop_physics,3996710,Operation: Peons,Coming soon
coop_physics,2915770,Rescue Ops: Wildfire,Coming soon
coop_physics,4251520,Kickback Clash,"Feb 10, 2026"
coop_physics,5263850,Don't Lose the Wheels!,Q1 2027
coop_physics,4989610,Doughn't Panic!,2027
coop_physics,2491310,Webshooters,"Jan 23, 2024"
coop_physics,3999180,Sketch Clash,"Aug 27, 2026"
coop_physics,3672290,StuckOn: Hamsterball,Coming soon
coop_physics,4878890,Factory Shift,Coming soon
coop_physics,2834510,Poop with Friends,Q4 2026
coop_physics,4356460,WingsSimulations Flight Simulator 2027,Q2 2027
coop_physics,4643820,Second Monitor Football,"Sep 30, 2026"
coop_physics,2081610,The King's Tournament,Coming soon
coop_physics,3141530,Goo-ed Together,Coming soon
coop_physics,5201390,Have you lodged a ticket?!,Coming soon
coop_physics,5136610,MoonLite,Coming soon
coop_physics,4344920,Coffee Critters,Coming soon
coop_physics,5154200,Tabletop TD,November 2026
coop_physics,3602270,Whisk,2026
coop_physics,2524650,Chaos Crafters,Coming soon
coop_physics,4291310,VeinLight,Coming soon
coop_physics,1797270,Ball Game,Coming soon
coop_physics,4323260,Ship Happens,November 2026
coop_physics,5129610,Anxiety Ball,Coming soon
coop_physics,5084740,Hendichen,March 2027
coop_physics,4970900,Disco,"Aug 13, 2026"
coop_physics,5027050,Kinetether,"Aug 18, 2026"
coop_physics,3946160,Wireframe: Racing,To be announced
coop_physics,4508230,Fallbearers,Q4 2026
coop_physics,5280000,CARTACLYSM,Q4 2026
coop_physics,4541330,COVR,Q4 2026
coop_physics,3000360,E-Sports Hockey League,Coming soon
coop_physics,4077590,Project Cresta,To be announced
coop_physics,4746370,Neon Rebound,Coming soon
coop_physics,5255700,Mixed Waste Tidy Up the Landfill,Q4 2026
coop_physics,4899580,Saving Yellow Ox,Q1 2027
coop_physics,4374930,Endzone Football,To be announced
coop_physics,3015910,iScoot: Scooter Sim,Coming soon
coop_physics,4272150,Beyond The Cupola: ISS Simulator,To be announced
coop_physics,4298170,Carry the Pack Rack,"Nov 5, 2026"
coop_physics,1630940,HUMBLE ZOMBIE,"May 27, 2021"
coop_physics,2868400,Slingshottr,"Nov 11, 2024"
coop_physics,2116170,Out of Jail,Coming soon
coop_physics,5058470,PALM CITY,2026
coop_physics,3546650,MakeShift Mayhem,Coming soon
coop_physics,4461620,UNWIELDY,Coming soon
coop_physics,3894620,Fractals,To be announced
coop_physics,4600270,Wrath Of Steel,Coming soon
coop_physics,4670520,PAYRATES,To be announced
coop_physics,3788720,Robot & Froggy,"Feb 26, 2026"
coop_physics,4509530,Dead Margin,"Sep 18, 2026"
coop_physics,3797620,CrossSwords: FPS Crosswords,December 2026
coop_physics,5170180,Tribal Mischief,2027
coop_physics,2068050,CLASHBOWL,"Aug 20, 2022"
coop_physics,3690290,The Annotation,Coming soon
coop_physics,5023500,Squidlash,Coming soon
coop_physics,2848760,Gravity Forge,To be announced
coop_physics,4290160,Don’t Let Them Drive,"Feb 2, 2026"
coop_physics,4460560,No Light Below,To be announced
coop_physics,4863560,Patch and Pray,To be announced
coop_physics,3040020,N PLUS INFINITY TIMES TWO,To be announced
coop_physics,3613730,Drone Wars,"Nov 11, 2025"
coop_physics,3906270,Apocalypse Meow,Coming soon
coop_physics,3926970,Magnet Bros,Coming soon
coop_physics,4999280,OneBody: Together,Coming soon
coop_physics,4995290,MOBBED,Q4 2026
coop_physics,5159820,Game Shelver 99: I must organize my Steam Library and defend it against pirates with a shotgun,"Nov 17, 2026"
coop_physics,5263980,Dig to Escape,October 2026
coop_physics,4024270,Hotdog Cart Simulator,"Nov 4, 2025"
coop_physics,2916290,Pneumatic Panic,To be announced
coop_physics,4806270,What The Cluck,October 2026
coop_physics,3647510,Carry The Egg,Coming soon
coop_physics,4808810,Pousse-Pousse,"Sep 21, 2026"
coop_physics,5314870,Sort & Slam,Coming soon
coop_physics,5127670,We Are Balls,Coming soon
coop_physics,5178560,Boiling Point,Coming soon
coop_physics,4896770,Bada Boom,Coming soon
coop_physics,4697700,Battlefield Rats,Coming soon
coop_physics,2567910,HostageHub,To be announced
coop_physics,5027030,Sealcoating Simulator,Coming soon
coop_physics,4838520,Stick Together,Coming soon
coop_physics,4581580,Anime Girls: Climb Together,"Apr 22, 2026"
coop_physics,1423400,The Cartesian Project,Coming soon
coop_physics,1569100,War of Kosovo: 2033,Coming soon
coop_physics,2050370,Rental Commander,Coming soon
coop_physics,3038500,Cooking Simulator 2: Prologue,Coming soon
coop_physics,2753430,Bone and Arrow,"Mar 28, 2024"
coop_physics,4112370,Hijinks High,Coming soon
coop_physics,3878710,Gridiron Remastered,Coming soon
coop_physics,4173600,SkyRen,2026
coop_physics,4066220,Carbon Dream$ Land,"Feb 9, 2026"
coop_physics,4165720,Dust to Riches,Coming soon
coop_physics,4559210,ACT LIKE TOYS! (A.L.T.),Q4 2026
coop_physics,4224370,Top of That Thing Called Mountain,Coming soon
coop_physics,4700140,Virazh: FPV Drone Racing,Coming soon
coop_physics,4519230,Penguin Pirates,Q4 2026
coop_physics,5090120,NICO DRAW,December 2026
coop_physics,2470010,DEFECT,To be announced
coop_physics,1676360,Immersion Sector,Coming soon
coop_physics,2820910,Vortex Revenants,To be announced
coop_physics,4379550,VOLT & VOID,Coming soon
coop_physics,2134400,Ruffhouse VR Basketball Simulator,Coming soon
coop_physics,5342300,Amateur Football Together,Q4 2026
coop_physics,4259100,Insert Coin: Arcade Party,"Feb 13, 2026"
coop_physics,4371320,Party Time Bowling,To be announced
coop_physics,4619990,Summit Climber,Coming soon
coop_physics,4612760,GET RAMMED,Coming soon
coop_physics,5258910,A Game About Cleaning a River,To be announced
coop_physics,5007240,"Panda, Please!",To be announced
coop_physics,4517170,HomunCat: and the Blind Mansion,Q4 2026
coop_physics,5160780,Fly Chicken Fly,"Nov 3, 2026"
coop_physics,2652930,CTRL+ALT+REPEAT,"Nov 17, 2023"
coop_physics,3273060,Bound: Gulag Getaway,Coming soon
coop_physics,3737290,Sealed Below,To be announced
coop_physics,3657500,Uncrewed 2,Coming soon
coop_physics,5063650,ClusterForce,Q4 2026
coop_physics,2311270,Vicious Cycles: Rally,To be announced
coop_physics,4213930,Salty Dogs,Coming soon
coop_physics,4416020,"Food Factory Coop: Build, Cook, Craft",Coming soon
coop_physics,4707220,Cozy Offroad Simulator Together,Coming soon
coop_physics,2870390,Compass Lost,To be announced
coop_physics,2591580,禁区,"Sep 28, 2023"
coop_physics,2426520,Dead city: Defense,Coming soon
coop_physics,2479580,Prop Game,"Jul 7, 2023"
coop_physics,2718260,Dawn of Demons,Q3 2029
coop_physics,2776130,Wijita: City of Makers,To be announced
coop_physics,3012760,Air&Hook,To be announced
coop_physics,3884380,Fallbound,Coming soon
coop_physics,3432120,Hiding,Coming soon
coop_physics,4466790,Puerto Rico Racing: La Fiebre,Coming soon
coop_physics,5203690,Legends of Hearts,Coming soon
coop_physics,2195500,Green Valley,"Jan 17, 2023"
coop_physics,3582170,Cart Capers,"Jul 4, 2025"
coop_physics,1496220,Laser Cup,"Feb 18, 2021"
coop_physics,3193830,HiHi,"Nov 4, 2024"
coop_physics,1695810,Deadbait,To be announced
coop_physics,3053490,Bomber Hero,Q4 2026
coop_physics,3758420,Astro Out,To be announced
coop_physics,2281080,DUNGE,Coming soon
coop_physics,1906980,The Four Elements: Zombies,Coming soon
coop_physics,1970090,SandBoxes,Coming soon
coop_physics,2664650,Paper Work,"Dec 22, 2023"
coop_physics,3685330,Orbifold,To be announced
coop_physics,2281530,Dungeon Seekers,To be announced
coop_physics,4187430,Tension Engine,To be announced
coop_physics,1498820,Burkov: Point of Contact,Coming soon
coop_physics,1994140,MYZZ | My ZZ Games,Coming soon
coop_physics,1930190,What The Coffin,To be announced
coop_party,4656000,BOMBANANA!,"Sep 2, 2026"
coop_party,4704690,MECCHA CHAMELEON,"Jun 9, 2026"
coop_party,4108000,Machine Party,"Jul 30, 2026"
coop_party,1260320,Party Animals,"Sep 20, 2023"
coop_party,945360,Among Us,"Nov 16, 2018"
coop_party,880940,Pummel Party,"Sep 20, 2018"
coop_party,4069520,Super Battle Golf,"Feb 19, 2026"
coop_party,2475460,SOS OPS!,"Nov 30, 2023"
coop_party,5053820,Mimic Party,"Aug 27, 2026"
coop_party,3364070,The Jackbox Party Pack 11,"Oct 22, 2025"
coop_party,386940,Ultimate Chicken Horse,"Mar 4, 2016"
coop_party,4948000,Moo Who?,"Aug 21, 2026"
coop_party,1969370,LEGO® Party!,"Sep 30, 2025"
coop_party,4950470,Tidy Up Together,"Aug 14, 2026"
coop_party,4796830,WE ARE SO DEAD,"Aug 17, 2026"
coop_party,470220,UNO,"Jan 3, 2017"
coop_party,3412160,The House Always Wins,"May 21, 2026"
coop_party,2683150,Ale & Tale Tavern,"Sep 5, 2024"
coop_party,4596010,Bar After Bar,"Aug 24, 2026"
coop_party,4285690,Airport Security Sucks!,"Jun 5, 2026"
coop_party,3400930,Guilty as Sock!,"May 29, 2025"
coop_party,1509960,PICO PARK,"May 7, 2021"
coop_party,3572800,Duo Quest,"Sep 16, 2026"
coop_party,4917440,MOGGED: Looksmaxx or Die,"Oct 1, 2026"
coop_party,673750,Super Bunny Man,"May 16, 2023"
coop_party,1445790,Make Way,"Dec 4, 2023"
coop_party,4187140,Don't Panic! It is Just Turbulence,"May 11, 2026"
coop_party,2999030,Exploding Kittens® 2,"Aug 12, 2024"
coop_party,1677740,Stumble Guys,"Oct 7, 2021"
coop_party,437920,Tricky Towers,"Aug 2, 2016"
coop_party,2802740,Heave Ho 2,"Jul 16, 2026"
coop_party,3989960,Frog Sqwad 🐸,"Jun 11, 2026"
coop_party,5061170,Hide and Moo!,"Aug 25, 2026"
coop_party,4397060,Sitting Ducks,"Jun 4, 2026"
coop_party,3798230,Idol Party 2 - Love Vibe,"Oct 22, 2025"
coop_party,4190710,Shady job,"Sep 10, 2026"
coop_party,4332910,Twisted Party,"Aug 25, 2026"
coop_party,3470550,"We, Junk Artists","Aug 6, 2026"
coop_party,1483870,Draw & Guess,"Mar 12, 2021"
coop_party,4286040,Unicycle Together,"Aug 5, 2026"
coop_party,2560240,Biped 2,"Nov 5, 2025"
coop_party,1570330,West Hunt,"Mar 23, 2023"
coop_party,1939390,Dino Party,"Aug 14, 2026"
coop_party,4268470,Rosalie,"Mar 21, 2026"
coop_party,2744880,Climber Animals: Together,"Mar 22, 2024"
coop_party,4011300,Super Shout Showdown,"Aug 6, 2026"
coop_party,1206610,Rubber Bandits,"Dec 2, 2021"
coop_party,953880,First Class Trouble,"Nov 1, 2021"
coop_party,4450570,This Is Golf,"Aug 18, 2026"
coop_party,1473960,Wreck Runners,"Jul 16, 2026"
coop_party,1436990,Feign,"Nov 22, 2025"
coop_party,2226280,BAPBAP,"Aug 19, 2025"
coop_party,3345950,Capote,"Aug 20, 2026"
coop_party,2300230,Feather Party,"Jan 19, 2026"
coop_party,1048660,Knight Squad 2,"Apr 14, 2021"
coop_party,3669740,The You Quiz,"Dec 5, 2025"
coop_party,2923350,Ultimate Sheep Raccoon,"Dec 9, 2025"
coop_party,3564340,Hold Your King,"Jun 10, 2026"
coop_party,2192900,Knock'Em Out,"Apr 17, 2025"
coop_party,1951780,Jumping Jazz Cats,"May 20, 2025"
coop_party,3588490,Bogos Binted?,"Jan 28, 2026"
coop_party,1243960,Unspottable,"Oct 22, 2020"
coop_party,572220,MageQuit,"Oct 10, 2019"
coop_party,3951810,Cheater's Table,"Jun 2, 2026"
coop_party,3725630,WISE GUYS,"Feb 9, 2026"
coop_party,1166990,Kukoro: Stream chat games,"Feb 2, 2024"
coop_party,4080010,Dravo's Twisted Show,"Sep 18, 2026"
coop_party,1496970,Masters of Mayhem,"Sep 1, 2026"
coop_party,4537100,diffiCULT,"Jul 14, 2026"
coop_party,4631500,GHOSTFLIPPERS,"Aug 26, 2026"
coop_party,4164310,这是谐音梗,"Apr 26, 2026"
coop_party,4037180,Go Ape Ship!,"Feb 18, 2026"
coop_party,1054430,Fling to the Finish,"Jan 18, 2024"
coop_party,2887450,Panic Delivery,"May 13, 2026"
coop_party,4895550,Ride Up Together,"Sep 16, 2026"
coop_party,4162290,OK Boomer,"Jun 25, 2026"
coop_party,3065360,Chop Chop Together,"Sep 8, 2026"
coop_party,1282760,Mad Streets,"Mar 14, 2022"
coop_party,4137450,Mimicry!,"Jul 30, 2026"
coop_party,3104020,Deviation Game,"Dec 12, 2025"
coop_party,3659090,Jelly Bubble,"Aug 4, 2026"
coop_party,4019090,HAM: The Game,"Mar 3, 2026"
coop_party,4181370,Quack Quack Up,"Jun 23, 2026"
coop_party,2936130,5 Minute Raid,"Nov 29, 2024"
coop_party,3777300,School Crisis,"Jun 29, 2026"
coop_party,4017930,I Have an Item,"Feb 20, 2026"
coop_party,661940,Regular Human Basketball,"Aug 1, 2018"
coop_party,3140720,Ritual Party,"Feb 17, 2026"
coop_party,792710,Levelhead,"Apr 30, 2020"
coop_party,2234140,Eat the Rich: Greed Games,"Aug 28, 2026"
coop_party,3444220,NiuMa,"Aug 13, 2025"
coop_party,1618320,Doodle Champs,"May 21, 2025"
coop_party,3982830,Bottle Cracks,"Aug 10, 2026"
coop_party,4314570,STAB!,"May 1, 2026"
coop_party,3467660,BrawlMart,"Apr 1, 2026"
coop_party,2920510,Werewolf Party,"Jul 11, 2025"
coop_party,4017450,Villainy,"Dec 15, 2025"
coop_party,2976890,災難公關+,"Feb 14, 2026"
coop_party,3036800,PRITTO PRISONER,"Dec 24, 2025"
coop_party,3670740,Burgle Supply Company,"May 12, 2026"
coop_party,323850,Move or Die,"Jan 21, 2016"
coop_party,4746530,Tidy or Treat,"Sep 16, 2026"
coop_party,4244880,Crazy Hotel Together,"Mar 22, 2026"
coop_party,2898810,Nitronauts,"Apr 4, 2025"
coop_party,2119590,Deducto 2,"Jun 16, 2023"
coop_party,4320570,SKID: Tori's Frozen Racing,"Apr 18, 2026"
coop_party,2947650,Choppy Cuts,"Feb 4, 2026"
coop_party,1548400,Roll a Ball With Your Friends,"Jul 30, 2021"
coop_party,1151050,Golf Gang,"May 19, 2022"
coop_party,2920270,Super Sus,"Jul 30, 2024"
coop_party,4117320,Drive Together,"May 15, 2026"
coop_party,3811390,WASD : The Adventure of Tori,"Oct 2, 2025"
coop_party,760810,Retimed,"Dec 5, 2019"
coop_party,2224610,Project Planet - Earth vs Humanity,"Sep 25, 2023"
coop_party,2572560,Messy Up,"Jun 13, 2024"
coop_party,2955840,Kitchen Wars,"Aug 4, 2025"
coop_party,1812560,SUPER CRAZY RHYTHM CASTLE,"Nov 13, 2023"
coop_party,3208260,Buddies in a Ball,"Jan 20, 2026"
coop_party,837350,King of the Hat,"Aug 24, 2023"
coop_party,4459080,MAGE: Mega Awesome Gregarious Encounters,"Jun 23, 2026"
coop_party,1455900,Plunder Panic,"Sep 16, 2022"
coop_party,2955300,Idol Party,"Aug 15, 2024"
coop_party,3513030,Forks and Daggers,"Jan 21, 2026"
coop_party,1303990,Mini Motor Racing X,"Jun 23, 2020"
coop_party,3043690,Billgard,"May 4, 2026"
coop_party,2701080,Intoxicated Driver,"Sep 12, 2024"
coop_party,1866120,Heartwood Heroes,"Mar 27, 2023"
coop_party,1741160,Catch Me!,"Jan 24, 2023"
coop_party,787920,Running Fable,"Nov 4, 2022"
coop_party,4585830,Barbecue,"Jun 18, 2026"
coop_party,2104750,Arcade Party,"Feb 22, 2023"
coop_party,2657140,Animal Falling,"Aug 27, 2026"
coop_party,4071040,三国：百将牌,"Apr 21, 2026"
coop_party,1030000,Neko Neko Rampage,"Oct 21, 2025"
coop_party,2595530,The Masquerade,"Sep 22, 2025"
coop_party,3230330,Hex Bots,"Apr 4, 2025"
coop_party,2249590,All You Need is Help,"Sep 26, 2024"
coop_party,752170,Save Your Nuts,"Apr 16, 2020"
coop_party,4899300,Cheminots,"Jul 21, 2026"
coop_party,3534100,Staged,"Sep 2, 2026"
coop_party,3642850,North Hunt,"Jul 13, 2026"
coop_party,4518730,People are Tools,"Apr 30, 2026"
coop_party,1182280,Foodtruck Arena,"Jul 2, 2021"
coop_party,2688400,"You Draw, I Guess","Jan 26, 2025"
coop_party,3391260,WHO'S WHO 2.0,"Mar 21, 2025"
coop_party,4444250,Jesus Take The Wheel,"Mar 24, 2026"
coop_party,1186660,Bare Butt Boxing,"Aug 1, 2024"
coop_party,4294630,Backrooms: No Escape,"Jun 3, 2026"
coop_party,2776860,Let's Patiti!,"Mar 31, 2025"
coop_party,3669080,Playomoji,"Jul 30, 2025"
coop_party,1398300,Suspicious Shuffle,"Jun 15, 2023"
coop_party,2536600,Dusty Derby,"Oct 20, 2024"
coop_party,3873330,Redhowl,"Sep 30, 2026"
coop_party,3027820,Nexus Rumble: The Ultimate Showdown,"Jul 22, 2024"
coop_party,3171380,Shenaniguns,"Jan 19, 2026"
coop_party,1804170,Mimicry,"Aug 25, 2022"
coop_party,1453490,Deducto,"Feb 10, 2022"
coop_party,4401660,Gorilla Simulator,"Mar 8, 2026"
coop_party,1175770,TopplePOP: Bungee Blockbusters,"Feb 5, 2025"
coop_party,3453610,Hoover Heroes,"Nov 20, 2025"
coop_party,3222130,Who Do Voodoo,"May 14, 2026"
coop_party,2660510,OCTOPinbs,"May 11, 2026"
coop_party,2876640,Color Breakers 2,"Oct 9, 2025"
coop_party,4014830,ToyBoxers!,"Apr 24, 2026"
coop_party,2675290,LASERS,"Jan 11, 2024"
coop_party,3753790,Hunters In The Dark,"Jun 19, 2026"
coop_party,2180890,Bunny Game,"Mar 11, 2024"
coop_party,2008410,Garfield Lasagna Party,"Nov 10, 2022"
coop_party,2297240,Cartoon Rage,"Jul 14, 2023"
coop_party,1395930,Break The Chain,"Jun 15, 2026"
coop_party,2752710,WHAT THE PAK?!,"Dec 6, 2024"
coop_party,2255140,Paranoia Party,"Feb 11, 2023"
coop_party,3665430,Kaporanga,"Apr 14, 2026"
coop_party,2388580,Forest of Deceit,"Jul 13, 2026"
coop_party,4351420,Pétanque 2026,"May 7, 2026"
coop_party,2228710,Where is Billy?,"Oct 25, 2024"
coop_party,4302610,Come Out Guys,"Jul 28, 2026"
coop_party,3150970,Party Madness,"Sep 24, 2025"
coop_party,1834980,Ritual Night,"Nov 4, 2024"
coop_party,3230270,Mad Void,"Nov 11, 2024"
coop_party,867980,Raiders Of The Lost Island,"Sep 2, 2020"
coop_party,1786950,Klaus Veen's Treason,"Jan 31, 2023"
coop_party,1061880,Conan Chop Chop,"Mar 1, 2022"
coop_party,2189040,Mean Beans,"Jul 24, 2023"
coop_party,4256070,Mayday Protocol,"Mar 2, 2026"
coop_party,1707790,Dorfs: Hammers for Hire,"Jun 21, 2022"
coop_party,3159620,Emergency Exit,"Apr 25, 2025"
coop_party,1883530,SnackHunter,"Jul 8, 2022"
coop_party,4922530,MapGod,"Aug 5, 2026"
coop_party,4254250,Notebook Battlegrounds,"Mar 16, 2026"
coop_party,1278350,Jelly Brawl,"Oct 27, 2020"
coop_party,1949970,J-Jump Arena,"Oct 23, 2025"
coop_party,941890,Mini Matches,"Mar 21, 2022"
coop_party,2204560,Mineral Madness,"Nov 10, 2025"
coop_party,3643790,Gigils: Chomp Together,"Jul 24, 2026"
coop_party,2249700,Bonfire And Tail,"Sep 9, 2023"
coop_party,3634220,DON`T PEEK,"Apr 25, 2026"
coop_party,1894460,Zombie Within,"Aug 29, 2024"
coop_party,2966570,Impostor Online,"Apr 19, 2025"
coop_party,2192970,All On Board!,"Feb 27, 2025"
coop_party,3262520,Victory of Seeker,"Jan 5, 2025"
coop_party,4158720,Helluva Heist,"Apr 22, 2026"
coop_party,2571170,Tiny Balls,"Apr 4, 2024"
coop_party,419700,AT SUNDOWN: Shots in the Dark,"Jan 22, 2019"
coop_party,1475400,"Run Prop, Run! - Puropu Pursuit","Jun 23, 2021"
coop_party,1902650,Come See My Hole,"Oct 27, 2022"
coop_party,1746620,Where is Paradise ?,"Jun 11, 2024"
coop_party,1018720,X-POINT,"Feb 26, 2019"
coop_party,4229460,Blood Night,"Mar 1, 2026"
coop_party,2435980,Space Odyssey,"Jul 20, 2024"
coop_party,1445370,Imposters: Countdown,"Feb 1, 2023"
coop_party,2882310,Roomballs,"Aug 20, 2026"
coop_party,2837640,Crowd Diver,"Apr 24, 2024"
coop_party,2819410,Space Chaos,"Apr 22, 2026"
coop_party,4169150,Grass Gnome Golf,"Jan 23, 2026"
coop_party,4537250,Batak,"Apr 9, 2026"
coop_party,2093330,Party Bunch,"Aug 11, 2022"
coop_party,1457990,Yuligans: Christmas is Coming!,"Nov 24, 2020"
coop_party,3349960,okey.gg,"May 9, 2025"
coop_party,1408080,Minigame Madness,"Nov 13, 2023"
coop_party,866770,Spaceteam VR,"May 21, 2020"
coop_party,3306050,Potion Problems,"May 13, 2025"
coop_party,4196140,Off Gridders,"Jun 21, 2026"
coop_party,2830090,Sixth Force,"Jun 23, 2026"
coop_party,3366010,Kitchen Wars: Appetiser,"Feb 6, 2025"
coop_party,1103320,Snow Arena,"Jun 25, 2019"
coop_party,2874730,CatTag: Create,"Apr 30, 2026"
coop_party,4179860,Geckos & Deckos,"Jun 26, 2026"
coop_party,1697170,4 Rush Together,"Jan 6, 2025"
coop_party,1435960,Potato Party: Hash It Out,"Nov 25, 2021"
coop_party,4062110,Dilemma Dungeon,"Nov 24, 2025"
coop_party,1643040,SPACE BANDITOS,"Jun 24, 2021"
coop_party,1145490,Operation Armstrong,"May 18, 2021"
coop_party,3620720,Buckle Up!,"Mar 30, 2026"
coop_party,1515640,Arcadegeddon,"Jul 18, 2023"
coop_party,506500,Party Panic,"Aug 7, 2017"
coop_party,1671330,Suspect Enemy,"Jan 15, 2022"
coop_party,1661630,KarmaZoo,"Nov 14, 2023"
coop_party,4396680,Outplay,"May 24, 2026"
coop_party,296470,Mount Your Friends,"Jul 29, 2014"
coop_party,2216090,ZaBaTa!,"Mar 27, 2023"
coop_party,1064070,OddBallers,"Aug 15, 2024"
coop_party,966090,Canasta 3D Premium,"Jul 2, 2019"
coop_party,4508090,Bound To Fail,"Apr 23, 2026"
coop_party,2009310,Goi: Spooky Run,"Mar 13, 2023"
coop_party,3468170,Pizza Panic!,"Feb 25, 2026"
coop_party,1662570,Rescue Party: Live!,"Jan 13, 2022"
coop_party,3675400,捣蛋蛙（Croak Squad）,"Jan 9, 2026"
coop_party,4791980,SCREAM NOTE,"Jul 28, 2026"
coop_party,5083150,Dub Rumble,"Sep 17, 2026"
coop_party,1938750,Out of Stock!,"Oct 31, 2025"
coop_party,4427230,Prison Gambit,"Aug 7, 2026"
coop_party,1509230,Prop Hunt,"Mar 26, 2021"
coop_party,4369660,Backrooms Not Escape,"Feb 17, 2026"
coop_party,4449990,Mega Marbles,"Sep 24, 2026"
coop_party,4974630,Something Weird Will Happen,"Sep 23, 2026"
coop_party,3855650,Vessel,"Aug 5, 2026"
coop_party,4769490,Overhatched,"Aug 21, 2026"
coop_party,3530410,Dependium,"Mar 16, 2026"
coop_party,3656580,Aisle Be Quick,Coming soon
coop_party,4336960,Save the President : Trust Issues,"Jul 12, 2026"
coop_party,4548160,Don't Chicken Out,"Jul 9, 2026"
coop_party,5028420,Murder Your Friends,Coming soon
coop_party,3438550,Fobia Fights,"Aug 6, 2026"
coop_party,4930270,FlipBAKA,"Oct 29, 2026"
coop_party,1870490,Prop Hunt 2.0,"Jul 12, 2022"
coop_party,5092810,Carriers Together,"Sep 4, 2026"
coop_party,5208860,Dub House,Coming soon
coop_party,2982710,Barely Alive,2026
coop_party,4234210,Gido Gido: Kaiju Battle Party,To be announced
coop_party,5014790,YunDos 6p,To be announced
coop_party,5055150,Don't Get Attracted,February 2027
coop_party,5095520,VIP Scandal Patrol,To be announced
coop_party,5029890,KKUL-TTEOK!,"Oct 1, 2026"
coop_party,4513180,Don't Drop The Ball,Coming soon
coop_party,5125800,Pose This!,Coming soon
coop_party,3846540,Quality Assurance,Coming soon
coop_party,3675320,The Lost Crucible,Coming soon
coop_party,5045560,Shuffle and Seek,"Sep 23, 2026"
coop_party,4045440,Traitor's Kitchen,"Mar 29, 2026"
coop_party,4921660,EVERYONE'S TIER LIST!,November 2026
coop_party,4181840,Mount Misfits,Coming soon
coop_party,5085090,Astrojunk,To be announced
coop_party,5158750,BUNGLERS!,Coming soon
coop_party,5152700,Paint Gang,Q4 2026
coop_party,4743970,Cat Crisis,"Aug 5, 2026"
coop_party,5086830,BACK TOGETHER,"Oct 29, 2026"
coop_party,3964030,Soul Maze,"Sep 30, 2026"
coop_party,4999710,Train Party,"Nov 5, 2026"
coop_party,5041060,O2GETHER,"Oct 29, 2026"
coop_party,4154790,Chained Crossing,Coming soon
coop_party,1024000,Choppy Waves,To be announced
coop_party,4404410,Chicks vs Ducks,Coming soon
coop_party,5041040,Sketchy Business,Coming soon
coop_party,5270220,Sound Bounded,October 2026
coop_party,4900420,Senseless Cooking,"Jul 29, 2026"
coop_party,4597390,Last Button,Coming soon
coop_party,5148080,"Heads Up, Chefs!",October 2026
coop_party,4879320,Not Monsters,December 2026
coop_party,4248140,Echophobia,February 2027
coop_party,4222500,Solid Boat Adventure,2026
coop_party,4389390,Green Gas,2026
coop_party,4900290,Jigsaw Panic,Q1 2027
coop_party,4879850,Animal Chameleon,"Jul 17, 2026"
coop_party,5118740,Puke and Seek,"Oct 2, 2026"
coop_party,1424540,The Boo Croo,"Sep 4, 2026"
coop_party,4900990,MOR,"Sep 8, 2026"
coop_party,4687480,Critter Highlanders,Coming soon
coop_party,3611780,Chaos Movers,Coming soon
coop_party,5151850,Boss Toss,Coming soon
coop_party,4487350,Royal Institute of Magic,2027
coop_party,4288270,Crooked Cooks,Q1 2027
coop_party,2267230,Chicken Scratch,Coming soon
coop_party,4162130,SUBOPTIMAL,To be announced
coop_party,4569360,Kraken's Treasures,Coming soon
coop_party,3672190,Drop Dead Party,December 2026
coop_party,4896950,Rapid Raccoons,"Dec 1, 2026"
coop_party,4147720,Salmon Jump,October 2026
coop_party,4073090,Shout League,"May 15, 2026"
coop_party,2976320,Golf Bash: Online,Coming soon
coop_party,4902480,Rever4,"Jul 23, 2026"
coop_party,5103070,Gassed Up!,"Sep 23, 2026"
coop_party,4265400,BELOW,2027
coop_party,4024990,Betrayal Banquet,"Sep 10, 2026"
coop_party,4539760,They're In The Walls,Coming soon
coop_party,4900460,Poly Peacocks,"Sep 14, 2026"
coop_party,5282100,Sonus,Coming soon
coop_party,3590570,Bar of Betrayal,To be announced
coop_party,2158210,Murder Next Room,"Aug 15, 2024"
coop_party,2097840,Co OPERATION: MultiTurn,"Nov 4, 2025"
coop_party,3328170,Guesslings,Q1 2027
coop_party,5016320,Heist of Fools,Q1 2027
coop_party,5136410,Pressure Express,Q4 2027
coop_party,5247180,We're Live!,Coming soon
coop_party,4326820,Rolling Stock,"Oct 27, 2026"
coop_party,4993490,Grampage: Life at 67,2027
coop_party,5223650,UNDERKOVER,2026
coop_party,4660200,Oink Splash Party,Coming soon
coop_party,4904370,Your Liar,"Sep 24, 2026"
coop_party,4966590,Huff & Puff,"Aug 14, 2026"
coop_party,4393200,Poop Deck,2027
coop_party,4580330,Spy Carnival,Coming soon
coop_party,4741790,Spectrends,Coming soon
coop_party,4566710,Catapulteers,2026
coop_party,4939730,Digging Up,"Nov 5, 2026"
coop_party,4765270,Idiots 4 Order,2026
coop_party,5151240,LET'S GO! PANJANDRUM,Coming soon
coop_party,4381330,Disharmony,"Jun 12, 2026"
coop_party,4977560,Aliens Hide,Coming soon
coop_party,5090990,MAFIA HOTEL,"Nov 27, 2026"
coop_party,5004570,Watch Party: Watch the Web Together,Coming soon
coop_party,5023800,Pixel Chroma,Q4 2026
coop_party,4100420,Ninjamboree,"Apr 26, 2026"
coop_party,4025150,Debuff Party,Coming soon
coop_party,5226450,CLOG & ORDER,Coming soon
coop_party,5235780,Voodoo You Chasing?,2026
coop_party,3530640,Pecking Order,To be announced
coop_party,4580810,Can I Take Your Order,"Aug 28, 2026"
coop_party,4360140,Sneaky Clean,"Aug 11, 2026"
coop_party,5020590,Blackout Murder,"Sep 14, 2026"
coop_party,2438120,RunOut - Hothead Paws,"Aug 28, 2026"
coop_party,4149370,Bad Elevator,Coming soon
coop_party,3960910,Parcel Pals,"Jul 31, 2026"
coop_party,4474590,HUSH,2026
coop_party,4135040,Dig Baby Dig Company,"Jul 31, 2026"
coop_party,5241380,You Go First!,October 2026
coop_party,5276600,Haunted Movers,Coming soon
coop_party,5116420,Dirty Derby,December 2026
coop_party,5065400,DABANGGU,Coming soon
coop_party,4677070,Skill Issue,October 2026
coop_party,5313470,Figure Me Out,October 2026
coop_party,4849240,Duel: The Game Show,"Oct 27, 2026"
coop_party,5149300,Chair Chase,"Nov 2, 2026"
coop_party,910550,MONO CHAMELEON,"Nov 5, 2026"
coop_party,5099290,Dub Night Live,"Oct 12, 2026"
coop_party,4313930,Crime City Center,Coming soon
coop_party,5175310,Worst Class Ever,Q4 2026
coop_party,4482940,Tandemonium,Coming soon
coop_party,1852290,CrazyParty,"Jan 7, 2022"
coop_party,4991530,Ultimate Dengon Game : A 3D Telephone Game,"Sep 5, 2026"
coop_party,4809290,Who's the Cheater?,December 2026
coop_party,5059340,Hush Piñata,"Nov 2, 2026"
coop_party,4258290,We Are So Cooked,Q1 2027
coop_party,4333440,SNOTROCKET™,"Apr 28, 2026"
coop_party,4233500,Possums,Q1 2027
coop_party,4672820,Omnidice,To be announced
coop_party,4758560,BAUSFIGHT,2027
coop_party,1715710,Nona's Game,To be announced
coop_party,5026480,No Neutral Ground,Q4 2026
coop_party,5094620,TohKago,Q4 2026
coop_party,3594680,Battle Food Mania,"Jun 24, 2026"
coop_party,2719810,Summit Smash,Q4 2026
coop_party,4099020,Don't Say That,Coming soon
coop_party,5143910,FryDay,Coming soon
coop_party,5036010,NEGONEGO HIDE & RUN,2026
coop_party,5219680,Dirty Dogs,Q1 2027
coop_party,1521550,Dungeons & Dummies,"Jul 30, 2026"
coop_party,4834640,Stickplosion,"Jul 14, 2026"
coop_party,4088870,RoboSquare: Recharged,Q1 2027
coop_party,5247240,MEGA TAG PANIC,October 2026
coop_party,4988160,Brain/Split,To be announced
coop_party,5047450,One of You,Coming soon
coop_party,4906170,Pinched,"Oct 1, 2026"
coop_party,4633850,Xtractorz,To be announced
coop_party,4050610,100 ROOMS,"Nov 15, 2025"
coop_party,5205270,Knight's Party,"Nov 4, 2026"
coop_party,5155060,Mise en War,January 2027
coop_party,5167460,WHO CHANGED IT?,"Nov 2, 2026"
coop_party,4964860,Eggscape,Coming soon
coop_party,5003210,Creewe!,Coming soon
coop_party,4815320,Gold Miner: Party Rush,"Nov 16, 2026"
coop_party,4633810,Pitstop Panic,2026
coop_party,4094330,Emergency Rush,Coming soon
coop_party,3425120,Drop 4,"Apr 18, 2025"
coop_party,4914930,Debate!,Coming soon
coop_party,4962870,DEN DEN BLOCK,October 2026
coop_party,4033820,Spot The Word,"Oct 17, 2025"
coop_party,3620130,Pizza Oof!,"Jul 9, 2026"
coop_party,3202430,Tiny Devils,"Nov 25, 2025"
coop_party,4651500,Alchemania,Coming soon
coop_party,4179600,DELVERS,Coming soon
coop_party,3721000,Battle Brewers,To be announced
coop_party,4474920,Nightmare Blunt Rotation,Coming soon
coop_party,5199210,Too Hot To Hold,"Nov 3, 2026"
coop_party,4249380,MusicHell,"Mar 3, 2026"
coop_party,3572120,Ghost Kitchen,"Jul 25, 2025"
coop_party,4427620,Tilelings!,2026
coop_party,5107510,Chainball,Q1 2027
coop_party,1374640,Hive Mind,"Oct 27, 2020"
coop_party,5005150,Flood With Friends,"Sep 7, 2026"
coop_party,5061440,TOKYO WANTED,Coming soon
coop_party,4456670,Thieving Together,2026
coop_party,2247510,Snowbrawll,"Jun 20, 2025"
coop_party,4573860,Take Five,Coming soon
coop_party,5142510,Foxalot: Steal Together,October 2026
coop_party,5018030,Duo Control,October 2026
coop_party,4799920,Drill Crew,"Jul 10, 2026"
coop_party,4638090,Pomiki's Heist,To be announced
coop_party,4099970,Frankenstein's Monster,2027
coop_party,4135890,GLUE BLOCKS,"Sep 25, 2026"
coop_party,4999760,ColorFest,Coming soon
coop_party,2387270,Frenemies,Coming soon
coop_party,4345060,BUDGE,To be announced
coop_party,4835560,Banana Airways,Q1 2027
coop_party,4712430,Monster Meadows - Online Board Game,Coming soon
coop_party,4489570,One Man's Trash: Pawn Shop After Dark,"Sep 10, 2026"
coop_party,5118350,BalloonsBang,Coming soon
coop_party,3706640,The Fantastic Adventures of Mr. Don and Friends,"Oct 20, 2025"
coop_party,4207530,Sip Or Die,To be announced
coop_party,5140020,Junkyard Astronauts,"Oct 27, 2026"
coop_party,4984780,Who Stole It !,Coming soon
coop_party,1836920,Hunt-or-Haunt,"Jan 29, 2022"
coop_party,2290950,Super Ultimate Party Game,Coming soon
coop_party,3251700,Battle Gang,Coming soon
coop_party,5198020,CATering: Roadtrip Rivals,Q2 2027
coop_party,3568070,Prohibition Panic!,Q4 2026
coop_party,5270510,Manikin Mimic,Coming soon
coop_party,2951600,Chefs Arena,Coming soon
coop_party,3877950,ANT WORK,To be announced
coop_party,4078670,Vice Versa,"Mar 20, 2026"
coop_party,2757510,Bion Clash,To be announced
coop_party,5015330,Death Row,Coming soon
coop_party,3276100,Cosmic Crew,Coming soon
coop_party,5200400,Meat Safari,"Dec 7, 2026"
coop_party,4922570,AWFULTOWER,Coming soon
coop_party,4582550,Kabsa Spilled?,Q1 2027
coop_party,3726940,Pickle Panic,2027
coop_party,4627980,CAAAHR,"Nov 2, 2026"
coop_party,4876110,"Oops, No Floor!","Dec 31, 2026"
coop_party,4349610,YOU LOSE YOU SCREAM,To be announced
coop_party,4376780,Haggle simulator,"Jul 11, 2026"
coop_party,1033230,Sheep Collision,"Mar 25, 2019"
coop_party,5111470,Dubbed,Coming soon
coop_party,4321350,Loginnnnnn,2026
coop_party,4226240,Tier It Together!,"Feb 5, 2026"
coop_party,4081760,Bucket Tag,Coming soon
coop_party,4733960,Heim,To be announced
coop_party,4158030,Call of Donuts,November 2026
coop_party,3818280,Carry the Patient Together,Coming soon
coop_party,5086460,PeeVPee,"Nov 3, 2026"
coop_party,5170320,BumpBall,"Oct 9, 2026"
coop_party,4265920,Co-Drive Chaos,"Jul 13, 2026"
coop_party,4020800,A Trivia Roguelike,2027
coop_party,3844730,Pair Panic: Rematch,Coming soon
coop_party,5230400,ZOO PANIC,Coming soon
coop_party,5050950,Spelly Zombie,"Oct 28, 2026"
coop_party,5167420,Mimic Busters,"Oct 15, 2026"
coop_party,3808750,PULL Panic : New PartyGame,Coming soon
coop_party,3389380,MiniMo: Crazy Chase,To be announced
coop_party,3828740,"Chicken Jump, Puppy Jump",Q4 2026
coop_party,5061870,Last Man Running,January 2027
coop_party,1639530,Bitten! Someone has to be a villain,"Jun 3, 2021"
coop_party,5144160,THEORY WORKS: YOUR FRIENDS DON’T,To be announced
coop_party,5031350,Fizzburg,Coming soon
coop_party,2470330,BabyRace,Coming soon
coop_party,5101320,First-Person Jigsaw,2026
coop_party,2722220,VERY IMPORTANT NEEDS,2026
coop_party,3764040,Plush Time,Q4 2026
coop_party,4134420,BOTCLOPS,Coming soon
coop_party,2179180,Hex Party,2026
coop_party,2274190,Party Shift,To be announced
coop_party,3046620,Roomination,To be announced
coop_party,4154290,REC in Peace,Coming soon
coop_party,3564110,DX Legends,To be announced
coop_party,4508450,Death Dealer,"Nov 4, 2026"
coop_party,4594090,Mage Farm,Coming soon
coop_party,4608930,Friendship vs The World,2026
coop_party,4698980,CatchUp Showdown,Coming soon
coop_party,4153850,TiefenWolf,To be announced
coop_party,5194600,Face Picka,"Nov 10, 2026"
coop_party,4113580,D.U.M.B,"Mar 19, 2026"
coop_party,1020760,Human Error,"May 13, 2026"
coop_party,5152440,I Have A Shit Problem,Coming soon
coop_party,4003030,Mojo Party,Coming soon
coop_party,1492650,Crooks Like Us,"Apr 6, 2022"
coop_party,4582380,Hide and Shoot,"May 28, 2026"
coop_party,5227100,Mimicry Kingdom,"Oct 29, 2026"
coop_party,2428110,Who Invited You?,Coming soon
coop_party,5046290,Zingers,"Aug 31, 2026"
coop_party,5129690,Blova,"Sep 22, 2026"
coop_party,4597410,Midnight Hotel,2027
coop_party,2407600,Horrible Game,To be announced
coop_party,5127370,Who's Cheating?,October 2026
coop_party,2922630,Chicken Chicken,"Mar 5, 2026"
coop_party,5074850,SplatStick,"Sep 2, 2026"
coop_party,4566330,Sussy Cat,"May 10, 2026"
coop_party,4413430,SHAPE & SHADE,2026
coop_party,4856900,Get It Out,To be announced
coop_party,5287300,Quiz Bang!,Coming soon
coop_party,1612220,Project to Escape,Coming soon
coop_party,3698900,Steal Out,Coming soon
coop_party,4134620,IIIIIIlI,2026
coop_party,3974390,The Arena,"Jan 29, 2026"
coop_party,5186020,Crash Relay,"Nov 10, 2026"
coop_party,5085180,Blind Gavel,"Nov 3, 2026"
coop_party,4830360,Over Package!,2027
coop_party,5082000,Why V Got AKs?,"Nov 4, 2026"
coop_party,5259730,Dub Party,October 2026
coop_party,3063970,Galax GO,To be announced
coop_party,3352950,Paradox,Coming soon
coop_party,4504440,Star Raker,"Nov 6, 2026"
coop_party,4767630,Plague Crew,To be announced
coop_party,2786760,Another Door,2026
coop_party,5100500,Broom Doom,To be announced
coop_party,3809310,Fly High Runners,"Aug 3, 2026"
coop_party,2620630,MONKEE GAME,To be announced
coop_party,5269890,Biden Blast,"Oct 23, 2026"
coop_party,5148480,Filthy Liars,Coming soon
coop_party,4932510,Mùa Hình (Trading-cards Season),Coming soon
coop_party,3988220,KAKUREONI: Hide-and-Seek Horror,Coming soon
coop_party,4702200,Stack Mates,"Aug 13, 2026"
coop_party,4062840,Pigmarines,Coming soon
coop_party,4397680,Spell Sniffers,To be announced
coop_party,4353840,Hooky,Coming soon
coop_party,4555210,Oar'some Adventures,Coming soon
coop_party,4824220,Meltdown Crew,December 2026
coop_party,1176060,Wigged Out,"Feb 22, 2024"
coop_party,3812470,Alchemist Madness,Coming soon
coop_party,4678570,Chick'Hen Show,2027
coop_party,4669090,HexiGo,Coming soon
coop_party,4969160,BUFFET,Coming soon
coop_party,5203960,Monstaurant,2026
coop_party,3897280,Totopia,Coming soon
coop_party,3587200,PARTY Basketball!,Coming soon
coop_party,4783400,CIRCLO,To be announced
coop_party,5165010,NOT Home Free,2026
coop_party,5146720,Fickle Allies,"Sep 30, 2026"
coop_party,4935340,Ghost'Inn,2026
coop_party,4465960,Chill Guys,To be announced
coop_party,5134730,TAKE MY BOMB,"Oct 16, 2026"
coop_party,4987170,Shole Soccer,Q4 2026
coop_party,5187000,CookSpiracy,"Sep 25, 2026"
coop_party,5071940,King Assassination,"Sep 8, 2026"
coop_party,4016760,Balkan Shop Simulator,"May 27, 2026"
coop_party,3183990,Avoidy Virus,"Mar 12, 2025"
coop_party,3983200,FiresOut!,To be announced
coop_party,4230410,Not In My House,To be announced
coop_party,4411310,Climb to the Moon,Coming soon
coop_party,4699150,Astro beasts,"Nov 5, 2026"
coop_party,2507690,Thalassophobia,2026
coop_party,5122120,Sussy NPC,Coming soon
coop_party,4132210,Zombie Hamsters,"Nov 6, 2026"
coop_party,4840700,The Boo Club,Coming soon
coop_party,4088720,Pogo Together,Coming soon
coop_party,3266790,Bit by Bit,Q1 2027
coop_party,4437650,Stinker Golf,January 2027
coop_party,4437750,Worst Airline Ever,2026
coop_party,3833730,General Practice,To be announced
coop_party,4267780,Acting Out,To be announced
coop_party,4297360,Burg Tag,"Oct 19, 2026"
coop_party,4715160,Finals Week ✍🏻,Coming soon
coop_party,4811000,Forge and Flame,"Jul 27, 2026"
coop_party,4968530,Twister City,"Sep 3, 2026"
coop_party,4443380,REGENERATE,Coming soon
coop_party,5117530,Look-Book-Worm!,Coming soon
coop_party,5008510,Hide & Seek,"Aug 14, 2026"
coop_party,5275930,Grave Company,April 2027
coop_party,3718160,EVILBANE,To be announced
coop_party,4533650,PotionPanic,"Sep 19, 2026"
coop_party,1413250,Republic of Jungle,"Nov 23, 2025"
coop_party,5342740,Halloween Survival,October 2026
coop_party,5018960,Xian Cang,"Sep 24, 2026"
coop_party,4966560,SUPER GAHAKU,"Nov 4, 2026"
coop_party,4556220,SANDSTRIKE,Coming soon
coop_party,5106700,Keep Swimming,Coming soon
coop_party,5113690,Blendead,Q4 2026
coop_party,5073210,BoneHeads,2026
coop_party,4964030,Go West Together,"Aug 14, 2026"
coop_party,1652000,Peekazoo,Coming soon
coop_party,3724810,No Bots Here,Coming soon
coop_party,4300350,The Joy of Sculpting,2026
coop_party,5180240,SkinJack,Q1 2027
coop_party,4373150,Nerds Revenge,"Jul 7, 2026"
coop_party,3166860,Aye Aye Captain!,Coming soon
coop_party,3971030,Poser Panic,Coming soon
coop_party,4212370,Warentines,Coming soon
coop_party,4565450,Bait Ball Party,To be announced
coop_party,3265420,Nine Lives Hospital,2027
coop_party,4562880,Yodelee Golf,Coming soon
coop_party,5277220,MarchMallows,Coming soon
coop_party,5136030,The  Drawratos,Coming soon
coop_party,5160050,Don't Forget the Train,Coming soon
coop_party,5031430,I Buried Steve,"Jan 20, 2027"
coop_party,4923560,Uyar Party,Coming soon
coop_party,4686110,Agents 404,To be announced
coop_party,3170060,BlastBall: All-Stars,Q4 2026
coop_party,4332930,CheeseMoney,"May 31, 2026"
coop_party,5160840,SpaceBuddies,"Sep 16, 2026"
coop_party,1713310,League of Felt Tanks: Together,"Sep 15, 2024"
coop_party,5232060,GO DUB YOURSELF!,"Oct 15, 2026"
coop_party,4509690,Hold My Wand,Coming soon
coop_party,4000180,Psycho Path,"Dec 23, 2025"
coop_party,4413440,PANICOOK,To be announced
coop_party,5187320,DuckRoulette,Coming soon
coop_party,4894010,PHANTOM TAG: MANIFEST,"Aug 19, 2026"
coop_party,4381890,Sky Pirates,Coming soon
coop_party,4251560,OUTSIDE,To be announced
coop_party,4662680,Gaslit Bay,Coming soon
coop_party,4534190,Dave's House,"Nov 2, 2026"
coop_party,4611290,Simple Squares,"Oct 1, 2026"
coop_party,5086950,Hotel Carnivalia,December 2026
coop_party,4268060,Piano Trauma - Stress Deluxe,"Jul 7, 2026"
coop_party,2128230,Slap Squad,To be announced
coop_party,1435100,Club Werewolf,2027
coop_party,3650190,Hot Potato: Tag Out,To be announced
coop_party,4550070,Two Left Hands,To be announced
coop_party,4553750,Puppel Show,To be announced
coop_party,4912300,Let Us Cook,Coming soon
coop_party,3503350,Stick N' Sheep,2026
coop_party,4576840,MayDay MayDie,Coming soon
coop_party,4741230,CoAnnCo,"Sep 8, 2026"
coop_party,4456960,Astro Yoinkers,Coming soon
coop_party,4726060,Stack Out,Coming soon
coop_party,4716690,F.A.G.E.N.,Coming soon
coop_party,5088660,Dungeon Miner,November 2026
coop_party,4981810,Escape the Flood!,November 2026
coop_party,3679170,That's Exactly What a Wolf Would Say!,Coming soon
coop_party,4626170,LISIA,Coming soon
coop_party,4233980,A WILD HEIST,Coming soon
coop_party,4004990,SOS Cannibals,2027
coop_party,2418600,Los Pingheros,"Feb 7, 2025"
coop_party,4749300,PIKI BOMB,To be announced
coop_party,4059070,BoredBundle,Coming soon
coop_party,4878750,Dust Vein,Coming soon
coop_party,3121420,Monolith: Dark Matter,Q4 2026
coop_party,4838690,Chill Cat,"Oct 5, 2026"
coop_party,4194230,Stream Survivors,2026
coop_party,5306870,Psst!,Coming soon
coop_party,4779100,Trouble on Campus,Coming soon
coop_party,4907980,Call the Ambulance,2027
coop_party,5144990,Roll Brighter,Q4 2026
coop_party,4936630,Zombie Tag,"Aug 13, 2026"
coop_party,4926050,Hush,Coming soon
coop_party,4135870,ALL IN ONE,"Mar 11, 2026"
coop_party,4290570,Horse & Horse,"Jun 23, 2026"
coop_party,4669590,Panic Hospital,2027
coop_party,4218620,Double Dealers,"Oct 13, 2026"
coop_party,3847190,GoodGod,"Oct 8, 2025"
coop_party,5298910,My Friend is Blind,Coming soon
coop_party,4616950,Haunt & Hide,Coming soon
coop_party,4966690,Mech Mayhem,Coming soon
coop_party,3199540,TurboSquad,Coming soon
coop_party,4078600,PiPu Party,To be announced
coop_party,4340200,Shipping and Handling,Q1 2027
coop_party,4132510,C.H.I.M.P.,2026
coop_party,4260550,Run Giraffe Run,"Oct 8, 2026"
coop_party,731340,EscapeNET,Coming soon
coop_party,2324740,Rolling Blunder,Coming soon
coop_party,3891450,Cube Party,December 2026
coop_party,2298960,The Mimic: Magic Prop Hunt,Coming soon
coop_party,4536600,Thieves and Tasers,To be announced
coop_party,5113430,BIG FEET: Football Chaos,Coming soon
coop_party,4316540,The Anomaly Department,"Jul 14, 2026"
coop_party,2918700,One more time,"Aug 18, 2026"
coop_party,4526530,Biohazard Protocol,2026
coop_party,4537000,Tab + Notch,"Apr 30, 2026"
coop_party,4961960,No Witnesses,Coming soon
coop_party,5189800,Hiss and Seek: Voxel Snake Hunt,Coming soon
coop_party,5266250,Sixshooters: A 6 Player Split-Screen FPS,Coming soon
coop_party,4420980,Drunkslop: Pub crawl COOP,Coming soon
coop_party,4981550,MSP Mayhem,Q1 2027
coop_party,5168560,Uga Buga!,Coming soon
coop_party,5130710,What The Frog！Who Kicked The Can？,"Sep 20, 2026"
coop_party,1992530,Party Words,"Dec 6, 2022"
coop_party,3766740,Church Crew,"Jul 15, 2025"
coop_party,1862300,Catch The Train,Q2 2027
coop_party,4092180,Cooking Cave,Coming soon
coop_party,4240920,HANDSUP,Coming soon
coop_party,4249340,Stealgulls,Coming soon
coop_party,5013160,Hubble Bubble,"Oct 23, 2026"
coop_party,4896820,We'll Be Fine,Coming soon
coop_party,5176090,Worst Lifeguards,2027
coop_party,4736090,Inside Job,"Nov 2, 2026"
coop_party,4953670,WAZATO: Sabotage or Mistake?,Coming soon
coop_party,4210550,Pigmen's Challenge,"Jul 27, 2026"
coop_party,4891820,Gull's Gang,Coming soon
coop_party,3788110,DungeonBox,Q4 2026
coop_party,4991730,Skill Hiding,Coming soon
coop_party,4527390,RobBred - Funny Chat,"Jun 11, 2026"
coop_party,4853490,Another Slop Game,"Jul 6, 2026"
coop_party,4591490,Fun Road,"Jun 30, 2026"
coop_party,4336090,Bad Tides,October 2026
coop_party,5126730,Divided,Coming soon
coop_party,5211630,Zooccer,Coming soon
coop_party,5258470,The Y-Files,Coming soon
coop_party,4290170,Mudventure,"Jun 8, 2026"
coop_party,4626000,Left Fore Dead: Zombie Battle Golf,"Jun 25, 2026"
coop_party,3154150,Spook-A-Boo,To be announced
coop_party,2648720,Gobby Gang,To be announced
coop_party,3591370,Trash Party,Coming soon
coop_party,3994040,Final Third,Coming soon
coop_party,4426390,Evidentia,Q4 2026
coop_party,4218760,Quad Squad,Coming soon
coop_party,4653910,Bone Stuff,Coming soon
coop_party,5114740,Don't Wake the King,Coming soon
coop_party,4597950,Tower Tanks,Q2 2027
coop_party,3193920,Fatal Train,"Oct 15, 2026"
coop_party,3990510,Hop & Seek,2026
coop_party,3404170,Together We Play: Help Me Help You,"Jan 31, 2025"
coop_party,5134560,DON'T SWITCH,Coming soon
coop_party,3761310,Flip or Fade: The Bottle Flip,"Dec 16, 2025"
coop_party,4751020,Launching to Stop the Enemy's Final Fleet,"Aug 4, 2026"
coop_party,2198890,Nicely Dicely,Coming soon
coop_party,2951480,Medieval Thieves Academy,Coming soon
coop_party,4088480,ChimpUP!,Coming soon
coop_party,4567860,G.H.O.S.T. Ghost Hunt Ops Special Team,Coming soon
coop_party,4420660,ZONE L.O.S.T.,"Oct 30, 2026"
coop_party,5215210,MINES*,"Nov 16, 2026"
coop_party,5046740,Crest: Climb Together,To be announced
coop_party,4072600,Let Me Catch You,"Feb 9, 2026"
coop_party,4009480,Morbus,"Jun 15, 2026"
coop_party,4704880,Chained Bikes,"May 30, 2026"
coop_party,3521770,Boiiing Boiiing,"Feb 18, 2026"
coop_party,1567190,Shores of Plunder,"Dec 5, 2023"
coop_party,1162390,Floody,"Mar 2, 2021"
coop_party,4101590,Sanctuary of Giving,To be announced
coop_party,4917040,Hungry Hungry Human,December 2026
coop_party,2449640,TagTime,To be announced
coop_party,4919380,Grand Theft Idiots,"Nov 2, 2026"
coop_party,4924340,BallSlop,Coming soon
coop_party,5191120,PERI.CO,Coming soon
coop_party,3688110,Kaiju Cleaner Simulator,To be announced
coop_party,2189120,Villager's Hideout,"Feb 14, 2024"
coop_party,5137000,Tidy & Bright: Together at the Christmas Market,"Oct 14, 2026"
coop_party,4138400,SUS!,Q1 2027
coop_party,4583130,Park It!,"Jun 3, 2026"
coop_party,4183320,DETRUST,2026
coop_party,4418470,CHEATED,"Aug 9, 2026"
coop_party,4502440,.synth_protocol,To be announced
coop_party,1986560,Tilted Tennis,"Mar 16, 2025"
coop_party,4605860,Ultimate Backrooms,Coming soon
coop_party,2670810,Candy Bandits,"Apr 3, 2026"
coop_party,3652570,Assassins Arena,"Jun 18, 2025"
coop_party,4932130,Backrooms With Friends!,2026
coop_party,5173970,Mr. Panas,Q1 2027
coop_party,4907430,GrindFall,Coming soon
coop_party,4748300,PaddleBoys,"Jul 20, 2026"
coop_party,4427580,Thuggin It Further,"Sep 19, 2026"
coop_party,3338350,Wheelchair Together,"Mar 17, 2027"
coop_party,1431910,Puppets Party: Friendship Destroyer,Coming soon
coop_party,2071400,Bum Bum Monsterz,"Nov 26, 2024"
coop_party,2009360,Cream War,Coming soon
coop_party,3458900,Problem Solved,To be announced
coop_party,3592800,GalactiBus,Coming soon
coop_party,4551570,PAPER STRIKE,Coming soon
coop_party,3834380,RagnaCook,Coming soon
coop_party,3912430,Killer Island,"Mar 13, 2026"
coop_party,4920110,Pouring Pints,2026
coop_party,2562390,Benny's Backrooms,"Oct 27, 2026"
coop_party,4081820,Undead Night Crew,Q4 2026
coop_party,4004820,FreeStyle Football 2,Q4 2026
coop_party,2947710,DuckTape Inc.,Q4 2026
coop_party,3576920,Loco: Rails & Tails,2027
coop_party,4124640,Boss in Diapers,Coming soon
coop_party,4687570,DIG! DIG! DIG!,2026
coop_party,5027610,FastFoo,To be announced
coop_party,5111420,Starving Crow,October 2026
coop_party,5113360,Bookish Buddies: Bookstore Simulator,Coming soon
coop_party,4891990,IMITATORS,Coming soon
coop_party,1077310,Whiskers of Yesterday,Coming soon
coop_party,5168130,Hit or Die,"Dec 10, 2026"
coop_party,4165450,LuckyCat,"Mar 31, 2026"
coop_party,3984450,Holo-Strike!,2026
coop_party,4104240,BuildArena,"Apr 21, 2026"
coop_party,4822660,Rocoumie and Bouquet,"Jul 16, 2026"
coop_party,2891270,Flag or Rage,"Sep 30, 2024"
coop_party,4211920,Risky Renovations,Coming soon
coop_party,4801180,Duelgrounds,"Aug 28, 2026"
coop_party,5155490,Aer Isles,January 2027
coop_party,4740600,Ouch! Cargo!,"Jul 11, 2026"
coop_party,5118500,Safari-TV,To be announced
coop_party,2972760,Ultimate Jello Party,Coming soon
coop_party,5272960,Murder&Spies,October 2026
coop_party,3677590,Breaking Deck,To be announced
coop_party,3293950,Underworld,2026
coop_party,4327930,Slow Summit,To be announced
coop_party,4142130,WOLFOUT,November 2026
coop_party,5000170,BORE,"Nov 24, 2026"
coop_party,3943390,popVirtue!,To be announced
coop_party,4288220,Gag Order,2026
coop_party,4954910,Scam With Your Friends,October 2026
coop_party,1552650,Rowdy Rascals,To be announced
coop_party,4756660,Bloodlust & Harmony,To be announced
coop_party,3448000,Planted!,"Oct 29, 2026"
coop_party,4927030,Last Buzz,"Nov 10, 2026"
coop_party,4742920,Arcade & Motel Simulator Together,"Oct 30, 2026"
coop_party,885160,BOTSU,To be announced
coop_party,4990840,FAKE ME,Q4 2026
coop_party,4877970,Exploding Delivery Service,Coming soon
coop_party,4312190,CRACK,"Oct 26, 2026"
coop_party,3534270,Hunt Up!,To be announced
coop_party,2705580,Unline,Coming soon
coop_party,4204240,Liar's Lift,2026
coop_party,5132290,小吃派对 Snack Party,Coming soon
coop_party,2608940,Crazy Castle,To be announced
coop_party,4699950,Crowned Games,2027
coop_party,4644500,Fearless Crew,2026
coop_party,4418430,STRAFEST,"Jul 1, 2026"
coop_party,5202590,SlimeBusters,"Sep 30, 2026"
coop_party,5244110,Kamira,Coming soon
coop_party,4910450,Blobkey,"Jul 27, 2026"
coop_party,4840650,THAT BOMB GAME,"Nov 11, 2026"
coop_party,4867490,Guillotine,Coming soon
coop_party,5199280,DOOM MATES,"Oct 26, 2026"
coop_party,4669810,Mad Friday,Coming soon
coop_party,3896420,Fluffy Chef,Coming soon
coop_party,4336630,Pirate Chips,To be announced
coop_party,4280680,Dead 4 Now: Extraction,2026
coop_party,4393920,DEAD BLIND,Q1 2027
coop_party,4425500,CrazyFish Chapter 6: Into the Kitchen,"Mar 13, 2026"
coop_party,5071050,Rigged,Coming soon
coop_party,4944310,Nice To Meat You,"Sep 24, 2026"
coop_party,4908090,Mingle,2027
coop_party,5180160,See You on the Island,To be announced
coop_party,4624100,Smoke Town,"Jul 10, 2026"
coop_party,4842440,がむしゃらギルド-Scrappy Guild-,"Mar 15, 2027"
coop_party,4726300,BloodJack,2026
coop_party,4681410,Marco Polo,Coming soon
coop_party,4624930,aeroDays,Coming soon
coop_party,4109540,Anti-Virus Squad,To be announced
coop_party,3840000,Bitter Critters,To be announced
coop_party,4101750,PHOBOS,"Oct 14, 2026"
coop_party,4875360,M7ZM Deal,Coming soon
coop_party,4180520,Chambered,Coming soon
coop_party,4307290,Hobble-Wobble,To be announced
coop_party,4221270,Cauldron Chaos,Coming soon
coop_party,2294250,Speed Golf Royale,Q2 2027
coop_party,4178540,END US,Q4 2026
coop_party,5251960,Blind Man's Buff,October 2026
coop_party,4507020,Oopstacle Course,To be announced
coop_party,4953620,Crazy Road Shop Wars,Coming soon
coop_party,5178560,Boiling Point,Coming soon
coop_party,3175180,Trolling Bowling,Coming soon
coop_party,3975350,Stack & Sus,2026
coop_party,4303090,WRONG ANSWER,Coming soon
coop_party,3634090,The First Foreigner,"May 18, 2025"
coop_party,5021060,Only Straight Bros,"Oct 2, 2026"
coop_party,3599680,Party Champ,To be announced
coop_party,3175590,HAUNT,"Oct 15, 2026"
coop_party,3018340,Elementers,"Jul 16, 2026"
coop_party,5029430,Empty House,Q4 2026
coop_party,4959650,P.R.O.E.B.,To be announced
coop_party,4247680,FirstPlate,October 2026
coop_party,4964620,The Yard: Escape from Prison,November 2026
coop_party,5327590,Peak: Climb Together,Coming soon
coop_party,4671920,B.F.G:Crew,To be announced
coop_party,3012680,You Go First!,Coming soon
coop_party,4703920,Red Wire,Coming soon
coop_party,4812880,LuLuLaLa,"Aug 29, 2026"
coop_party,5169390,UNDERFED,November 2026
coop_party,5137310,Tidy Up with Friends: At the Supermarket,"Oct 15, 2026"
coop_party,3905070,Treasure Cove,Coming soon
coop_party,5162560,Joy Loader Crew,Coming soon
coop_party,4360180,Push The Cart Together,"May 15, 2026"
coop_party,3369290,Combat Rally,"Dec 20, 2024"
coop_party,4098490,Motocon,2027
coop_party,4748830,D.A.M.N!,Q4 2026
coop_party,4296160,Jump Or Drown,"Sep 30, 2026"
coop_party,4127750,OnlySociety Time Traveler,"Nov 10, 2025"
coop_party,4434770,We’re In Trouble,Coming soon
coop_party,3472560,Pulled Strings,"Apr 29, 2026"
coop_party,4185770,cenker's mod,"Nov 10, 2026"
coop_party,3884060,Splash&Dash,Coming soon
coop_party,5244650,RIPPLES,Q4 2026
coop_party,3513320,Brawlers Tavern,Coming soon
coop_party,5117550,Fart Together,Coming soon
coop_party,5333160,Theater Kids,Coming soon
coop_party,4775820,Clock-out Denied,Q4 2026
coop_party,4731340,"No, Chef!",Coming soon
coop_party,4386220,COS-MOS,Coming soon
coop_party,3858810,SEMO,Coming soon
coop_party,4930280,Super Football Arena,Coming soon
coop_party,4412090,Astral Inc.,To be announced
coop_party,4799050,Slop Slop,Coming soon
coop_party,4408560,Split Happens,"Nov 27, 2026"
coop_party,1682670,Hungaz: Epic Minigames,To be announced
coop_party,2209930,Murder in Omar's Burger,Coming soon
coop_party,3533380,Fixing The Apocalypse,Coming soon
coop_party,802160,Mimic Man,"Dec 19, 2025"
coop_party,4111820,Born of the Moon,Coming soon
coop_party,2616040,Infected: Outpost,"Dec 1, 2023"
coop_party,4404010,Shipping,Coming soon
coop_party,3745880,Neon Dystopia,2027
coop_party,4483860,Footsteps in the Dark,To be announced
coop_party,3454860,Clerks and Quirks,To be announced
coop_party,2228720,Hack 'n' Stack,"Oct 9, 2026"
coop_party,4285870,Pigs and Wolf,Coming soon
coop_party,4920530,Summer Party Slaughter,"Aug 4, 2026"
coop_party,5199150,9 Box,Coming soon
coop_party,4421700,UwUzon,"Apr 8, 2026"
coop_party,4827880,Business Rivals,Coming soon
coop_party,4069530,Thieves Party,Coming soon
coop_party,5069950,Pedal Pedal Pedal,2026
coop_party,5280000,CARTACLYSM,Q4 2026
coop_party,5178240,Weeding Together,Coming soon
coop_party,5018350,ur round,Coming soon
coop_party,4843960,BORE to the CORE,Q4 2026
coop_party,4170540,Picasho,Q1 2027
coop_party,4878610,Snugfang,"Jul 28, 2026"
coop_party,4660050,Stop slacking,"Jun 7, 2026"
coop_party,4855430,Mahjong Encyclopedia,"Aug 16, 2026"
coop_party,5035950,Zap Rat,Coming soon
coop_party,5093060,Always Fear The Unknown,Q2 2027
coop_party,4286760,Eekscape: Everyone Panic!,Coming soon
coop_party,4945810,Odysseus' 13th Ship,Coming soon
coop_party,4508230,Fallbearers,Q4 2026
coop_party,2852140,Dumb Ways to Party,2026
coop_party,4510980,Kart Soccer Party,"Apr 6, 2026"
coop_party,3380410,Cybreach,2027
coop_party,3688200,Knight life tavern,Q4 2026
coop_party,4311700,Ignited,To be announced
coop_party,4648360,Savior Method,Coming soon
coop_party,4778600,Wobble Bros,Coming soon
coop_party,4500000,Spell Code SlingerZ,November 2026
coop_party,4537390,Ploomies,Coming soon
coop_party,4782210,PropAlive,Coming soon
coop_party,5041530,Put Your Toys Away Together!,"Oct 30, 2026"
coop_party,3754350,WE ARE SO COOKED,Coming soon
coop_party,4250900,Ogre's Quest,To be announced
coop_party,4343870,HeadBallz,Coming soon
coop_party,3987970,Banish 9 to 5,Coming soon
coop_party,4143890,Manhattan Breakdown,Coming soon
coop_party,4204430,Maum,2026
coop_party,5226780,Rage Room Together,Coming soon
coop_party,4119020,Doomed Crew,"Nov 11, 2026"
coop_party,4577740,Nail It Or Fail It,Coming soon
coop_party,4079710,Don't Press It,Coming soon
coop_party,4628160,Speak,Q1 2027
coop_party,4479040,Wood Goes BRRR,Coming soon
coop_party,4590870,Barrow Bros,Coming soon
coop_party,4574160,Workplace Compensation,To be announced
coop_party,4889520,DigitDash3,"Jul 17, 2026"
coop_party,5275410,Tomb Extraction,Q2 2027
coop_party,4400340,Deal Me Another Shock,Coming soon
coop_party,4606150,Rumble League,Coming soon
coop_party,4526990,Happy My Friends,Coming soon
coop_party,3950840,Grannies on Wheels,2027
coop_party,5129580,Block Planet Frontier,Coming soon
coop_party,4971410,Tankii,2026
coop_party,4487280,HazardousExtractions,Coming soon
coop_party,3619490,Trickshotterz,"Nov 6, 2026"
coop_party,5019410,Friendslop,Coming soon
coop_party,4633010,HackSaw,"May 11, 2026"
coop_party,4999280,OneBody: Together,Coming soon
coop_party,4652930,Knuckle Creek,Coming soon
coop_party,4372340,Sticky Sticky: Surplus Protocol,To be announced
coop_party,4234020,Stick Brawl,Coming soon
coop_party,4154610,Beach Friends,Coming soon
coop_party,5108430,Border Control Together,Coming soon
coop_party,5259850,Holy Shroom!,"Oct 23, 2026"
coop_party,4374530,Keep It Up!,Q4 2026
coop_party,5001430,Hide and Fuse,"Aug 26, 2026"
coop_party,4293250,Prop Royale,To be announced
coop_party,4155350,Two Minds One Car,"Oct 9, 2026"
coop_party,5023110,Galactiball,Coming soon
coop_party,4166510,GigaTurtles,To be announced
coop_party,4944470,So Close,"Oct 1, 2026"
coop_party,4652450,Stock Guru?,"Jun 11, 2026"
coop_party,1898980,Glob,To be announced
coop_party,5228830,FreeSurf,Coming soon
coop_party,3421030,Grave Stakes,"Jan 12, 2026"
coop_party,4183130,DOPAMINE,Coming soon
coop_party,5352690,Bust Out,November 2026
coop_party,5127100,The Wrong Way Round,2026
coop_party,1808150,Eggstinct!,Coming soon
coop_party,4216020,Pit Wars,"Feb 7, 2026"
coop_party,5020730,RingOut,Q1 2027
coop_party,4771310,MANDATUM,Coming soon
coop_party,2818700,Marked For Mayhem,2027
coop_party,4885940,Combat Map,Coming soon
coop_party,4595290,MUPPLED,Coming soon
coop_party,4482510,Swords and Guns,Coming soon
coop_party,4503040,The Fancy Pants Adventures Online,2027
coop_party,4302910,Rabbit vs Mole,"Feb 2, 2026"
coop_party,4137630,Piggy Food Run,"Dec 10, 2025"
coop_party,4857320,Catch Me,Coming soon
coop_party,2958950,Elemental Showdown,"Mar 10, 2025"
coop_party,4485570,Punch Upon a Time,Coming soon
coop_party,4745210,HOMEWRECKERS,To be announced
coop_party,4255160,Drunk Mages,Coming soon
coop_party,3534710,Doodle Duo,Coming soon
coop_party,5171730,Crappy Corp,Coming soon
coop_party,4580290,Shell Hell,To be announced
coop_party,4905570,BONKER LADS,2026
coop_party,4272440,Pump Crew,To be announced
coop_party,5022410,BLASTARD!,Q2 2027
coop_party,4610220,Lights Out,To be announced
coop_party,5284080,Blawkade,Coming soon
coop_party,4498480,Hold My Thing,Coming soon
coop_party,1558110,Challenge Party,Coming soon
coop_party,4778360,PPWP,"Aug 18, 2026"
coop_party,5155470,BONE STAKES,To be announced
coop_party,4202040,Drunken Cowboys,Q4 2026
coop_party,3736680,ClusterCluck,"Feb 13, 2026"
coop_party,4268530,Bingo!,Coming soon
coop_party,1795820,OctoRaid VR,"Oct 31, 2023"
coop_party,4559210,ACT LIKE TOYS! (A.L.T.),Q4 2026
coop_party,4039320,KICK BUDS,To be announced
coop_party,4867170,Closing Shift,"Aug 20, 2026"
coop_party,4838680,Who Am I Next? : Animals,"Aug 3, 2026"
coop_party,5182970,Objecipher,Coming soon
coop_party,5201390,Have you lodged a ticket?!,Coming soon
coop_party,4854090,why would you draw that???,To be announced
coop_party,4278290,Magic Cards Duel,2026
coop_party,5013430,EZY Virtual TableTop Builder,"Aug 21, 2026"
coop_party,4711710,Rolling Splat!,Coming soon
coop_party,4476600,PARADICE,Coming soon
coop_party,1270660,Dead Party,To be announced
coop_party,4231400,Stackable,Coming soon
coop_party,3935190,Doom Party,"Jun 16, 2026"
coop_party,4577050,ARCASCIAN,October 2026
coop_party,5004420,Door Runners,"Sep 9, 2026"
coop_party,4241880,Alchemy Tunes,Coming soon
coop_party,3851160,Principal Panic,"Oct 31, 2028"
coop_party,4148920,Hamster Together,Coming soon
coop_party,2155010,MindHunt,"Nov 14, 2022"
coop_party,5141350,MechInfection,Q4 2026
coop_party,4754860,Bad Grip Club,To be announced
coop_party,5084740,Hendichen,March 2027
coop_party,4207740,Drift Empire,Coming soon
coop_party,4612760,GET RAMMED,Coming soon
coop_party,4677650,Buggin' Out!,Coming soon
coop_party,4581580,Anime Girls: Climb Together,"Apr 22, 2026"
coop_party,3947220,Deckaroo,"Nov 3, 2025"
coop_party,4292740,Tome Improvement,2026
coop_party,3703740,FallingBattle,"Oct 31, 2025"
coop_party,5041700,Layoff Revenge!,To be announced
coop_party,5090120,NICO DRAW,December 2026
coop_party,4912650,band.exe,Coming soon
coop_party,5190440,Are You an Honest Merchant?,November 2026
coop_party,4132070,Drive You Crazy Golf,November 2026
coop_party,4460560,No Light Below,To be announced
coop_party,4917940,Panic Pub,"Nov 13, 2026"
coop_party,4863560,Patch and Pray,To be announced
coop_party,3950630,Corona Bar,Coming soon
coop_party,2737670,Ringo Party,To be announced
coop_party,5142950,AT THE READY,"Oct 29, 2026"
coop_party,4294330,Simple World Beta,2026
coop_party,3709090,MADFALL,Coming soon
coop_party,4908460,Flame and Blame,2027
coop_party,2662310,Crewed,To be announced
coop_party,5231840,Hideout Rush,Coming soon
coop_party,2921370,Pickle Party,To be announced
coop_party,5087540,Watch My Step!,November 2026
coop_party,4563590,Pig King,To be announced
coop_party,3762800,Whatta Frogs?,Coming soon
coop_party,4142590,Democracy Manifest,Coming soon
coop_party,5035880,QuizForge,December 2026
coop_party,4789340,MoveMe,Coming soon
coop_party,4119310,Stab Club,"Dec 23, 2025"
coop_party,5030630,Carry Bros: Find It Together,Coming soon
coop_party,5010400,Hockey Beasts,"Sep 4, 2026"
coop_party,4044500,Your Move,"Nov 21, 2025"
coop_party,2914110,Carrot Commotion,Coming soon
coop_party,5036340,LUPKAR - World of Billiards,"Oct 4, 2026"
coop_party,4728100,Racc & Roll,Q4 2026
coop_party,4314290,Almost Home,Coming soon
coop_party,4685480,PAWTENTIAL DISASTER,Q4 2026
coop_party,4077590,Project Cresta,To be announced
coop_party,4117910,Contraband Car,Coming soon
coop_party,4757680,Senip,Coming soon
coop_party,4189430,HapgetaSocial,Coming soon
coop_party,4657910,Chicken Escape,To be announced
coop_party,4034350,Loss Prevention,2026
coop_party,4253660,Alien Together,"Apr 6, 2026"
coop_party,4749120,Fuel Needed,Q1 2027
coop_party,4371320,Party Time Bowling,To be announced
coop_party,5228680,SCREW IT!,Q4 2026
coop_party,2859880,Toilet Party,Coming soon
coop_party,5180400,DONT BE FOOL,Coming soon
coop_party,5080290,Cardrooms,Q4 2026
coop_party,4166640,Axolotl Party!,Coming soon
coop_party,3957770,Hot Meals Fast Wheels,2026
coop_party,2709500,ASTRAL SEVER,Coming soon
coop_party,5113890,2in1,Coming soon
coop_party,3426310,Jailbreak,2026
coop_party,2215800,Cold Killers,Coming soon
coop_party,3684460,Pill It Up!,To be announced
coop_party,4365050,EXPOSED,Coming soon
coop_party,2001860,Fishbait,"Jul 29, 2026"
coop_party,4896010,Who Heckled?,March 2027
coop_party,3408870,RLChess,"Feb 25, 2025"
coop_party,4424100,Together We Move,"Apr 20, 2026"
coop_party,3187960,METACRAFT: Arena,2026
coop_party,4566850,Sepak U - Sports Fighting Game,2027
coop_party,3019940,Please Stay Seated,Coming soon
coop_party,4835760,Backrooms: Splatter,2027
coop_party,4419310,Cursed Carts,Q4 2026
coop_party,4024440,Haunted Heist,"Oct 12, 2026"
coop_party,5087740,Yakiniku!!!,Coming soon
coop_party,5039230,Shared Custody,Coming soon
coop_party,4022310,Wheelie Bad,2026
coop_party,4259100,Insert Coin: Arcade Party,"Feb 13, 2026"
coop_party,4746370,Neon Rebound,Coming soon
coop_party,5307350,VOICE METEOR (Battle with Original Magic Born from Your Voice),November 2026
coop_party,4662100,Rocket.io,"Nov 9, 2026"
coop_party,4217580,Tethr,Coming soon
coop_party,4316440,Gurney Grannies,To be announced
coop_party,4848160,Venture: Kingdoms,Coming soon
coop_party,2015220,ONYX2D,Coming soon
coop_party,5011990,Woolmates,"Sep 1, 2026"
coop_party,4139160,Roll 'em Out,Coming soon
coop_party,1361300,Shadowpiercer,To be announced
coop_party,5023500,Squidlash,Coming soon
coop_party,5107550,Chase Buddies,December 2026
coop_party,5088790,Who Pressed It?!,Q4 2026
coop_party,4958280,Stack the Pack!,Coming soon
coop_party,5250580,VACATION,Coming soon
coop_party,5229620,Escape the Playground,"Oct 6, 2026"
coop_party,4339680,Totally Safe Moon Project,To be announced
coop_party,4635820,YO UP!,2026
coop_party,4812940,Draw&Guess,"Jul 19, 2026"
coop_party,5146410,Hand Stretched,Q4 2026
coop_party,4938780,We Lift Together,To be announced
coop_party,2987600,What Goes Up,To be announced
coop_party,5290030,Spellvoc,Q2 2027
coop_party,4062210,Do It Together,"Nov 14, 2025"
coop_party,4170390,Goal Gang,To be announced
coop_party,3774230,Kitchen Sabotage,Coming soon
coop_party,4578640,Ro Sham Brawl,Q4 2026
coop_party,4048580,Crowd,Coming soon
coop_party,4043640,Roops Ransom,"Nov 30, 2025"
coop_party,4635290,Grave Mistakes,November 2026
coop_party,3989920,TaterUp,"Jan 21, 2026"
coop_party,4986730,Bow Warfare: Multiplayer Combat,"Oct 28, 2026"
coop_party,2597330,Quiz Game Night,"Nov 17, 2023"
coop_party,3927790,Find your friends,"Apr 3, 2026"
coop_party,5037200,just volleyball,Q4 2026
coop_party,2198690,PartySparkers,Coming soon
coop_party,4333290,Party Pong,Coming soon
coop_party,4812100,Gorilla Warfare,2027
coop_party,5108470,Titanic Survival Simulator Together,Coming soon
coop_party,3861910,Kraken's Bar,Coming soon
coop_party,2238760,Our Casual Battlefield,"Jan 12, 2023"
coop_party,4085700,CardBoard,"May 1, 2026"
coop_party,3320320,次元沙漏的棋盘 Dimensional Racing Board,Coming soon
coop_party,2959340,Undercover Animals,Coming soon
coop_memes,1665460,eFootball™,"Sep 29, 2021"
coop_memes,49520,Borderlands 2,"Sep 17, 2012"
coop_memes,431240,Golf With Your Friends,"May 19, 2020"
coop_memes,920210,LEGO® Star Wars™: The Skywalker Saga,"Apr 5, 2022"
coop_memes,261640,Borderlands: The Pre-Sequel,"Oct 13, 2014"
coop_memes,601510,Yu-Gi-Oh! Duel Links,"Nov 16, 2017"
coop_memes,349040,NARUTO SHIPPUDEN: Ultimate Ninja STORM 4,"Feb 4, 2016"
coop_memes,571740,Golf It!,"Aug 18, 2023"
coop_memes,4917440,MOGGED: Looksmaxx or Die,"Oct 1, 2026"
coop_memes,673750,Super Bunny Man,"May 16, 2023"
coop_memes,555160,Pavlov,"Dec 4, 2024"
coop_memes,410320,EARTH DEFENSE FORCE 4.1 The Shadow of New Despair,"Jul 18, 2016"
coop_memes,291860,Pit People®,"Mar 2, 2018"
coop_memes,774791,Surgeon Simulator 2,"Sep 2, 2021"
coop_memes,3345950,Capote,"Aug 20, 2026"
coop_memes,434570,Blood and Bacon,"Feb 1, 2016"
coop_memes,1843310,Funko Fusion,"Sep 13, 2024"
coop_memes,4164310,这是谐音梗,"Apr 26, 2026"
coop_memes,1240590,Sir Whoopass™: Immortal Death,"Aug 18, 2022"
coop_memes,543460,Dead Rising 4,"Mar 14, 2017"
coop_memes,1853200,TYRONE vs COPS,"Feb 12, 2022"
coop_memes,665360,Comedy Night,"Aug 24, 2017"
coop_memes,3982830,Bottle Cracks,"Aug 10, 2026"
coop_memes,238370,Magicka 2,"May 26, 2015"
coop_memes,1889640,The Backrooms: Survival,"Sep 15, 2023"
coop_memes,323850,Move or Die,"Jan 21, 2016"
coop_memes,4233550,Brainrot Online,"Feb 8, 2026"
coop_memes,3585310,KUNKUN Defender 2,"May 16, 2025"
coop_memes,2119590,Deducto 2,"Jun 16, 2023"
coop_memes,441010,Mount Your Friends 3D: A Hard Man is Good to Climb,"Feb 23, 2018"
coop_memes,1147130,Countryballs: Modern Ballfare,"Nov 12, 2023"
coop_memes,1213750,Fight Crab,"Jul 29, 2020"
coop_memes,3599510,oiia,"Jun 9, 2025"
coop_memes,449800,Attack on Titan / A.O.T. Wings of Freedom,"Aug 26, 2016"
coop_memes,3288600,SKIBIDI GYATROOMS,"Jan 20, 2025"
coop_memes,1021770,Wanba Warriors,"Mar 25, 2020"
coop_memes,3736520,SAHUR: Escape Together,"May 28, 2025"
coop_memes,2234140,Eat the Rich: Greed Games,"Aug 28, 2026"
coop_memes,2964550,VR Realms,"Sep 25, 2026"
coop_memes,1755350,BBQ Simulator: The Squad,"May 25, 2022"
coop_memes,39000,Moonbase Alpha,"Jul 6, 2010"
coop_memes,837350,King of the Hat,"Aug 24, 2023"
coop_memes,582330,Warriors: Rise to Glory,"Jan 20, 2022"
coop_memes,2996520,Dummy Guyz,"Jun 11, 2024"
coop_memes,437550,Melon Simulator™,"Jun 30, 2025"
coop_memes,3453610,Hoover Heroes,"Nov 20, 2025"
coop_memes,4705620,WHERE the F$CK is my BITCOIN ⁉️,"Jun 13, 2026"
coop_memes,2615770,Shenaniganza,"Dec 16, 2024"
coop_memes,4218680,Bird Game 3,"May 25, 2026"
coop_memes,4854180,Dig for TCG Cards With Your Friends,"Jul 10, 2026"
coop_memes,2965380,Relaxing Simulator,"May 24, 2024"
coop_memes,3295890,PARKOUR CIVILIZATION,"Nov 14, 2024"
coop_memes,1814850,Strangest.io's My Megamix '21,"Apr 5, 2022"
coop_memes,814300,Pigeons Attack,"Feb 21, 2019"
coop_memes,2613480,LAN Party,"Jun 19, 2025"
coop_memes,263740,FootLOL: Epic Soccer League,"Apr 16, 2014"
coop_memes,2998970,Summon: Joint escape,"Oct 3, 2024"
coop_memes,1053680,Granny Simulator,"Apr 17, 2019"
coop_memes,1142130,They Can't Stop All Of Us,"Nov 1, 2019"
coop_memes,2189040,Mean Beans,"Jul 24, 2023"
coop_memes,700330,SCP: Secret Laboratory,"Dec 29, 2017"
coop_memes,3670970,rudeirer.wtf,"Jun 11, 2025"
coop_memes,2008410,Garfield Lasagna Party,"Nov 10, 2022"
coop_memes,3064990,Cart To The End,"Jul 19, 2024"
coop_memes,2061980,Flying Ruckus - Multiplayer,"Jul 19, 2022"
coop_memes,1902650,Come See My Hole,"Oct 27, 2022"
coop_memes,1465860,*NEW* SCUFFED EPIC BHOP SIMULATOR 2023 (POG CHAMP),"Nov 27, 2020"
coop_memes,3306050,Potion Problems,"May 13, 2025"
coop_memes,1618320,Doodle Champs,"May 21, 2025"
coop_memes,1271110,Healing Spree,"Oct 20, 2021"
coop_memes,2558110,Skibidi Toilet Skibidi Boom,"Jan 31, 2024"
coop_memes,1808060,Obama Maze,"Aug 1, 2022"
coop_memes,5077080,Mall Tidy Up Frenemies,"Sep 2, 2026"
coop_memes,611350,Evil Tag,"Apr 7, 2017"
coop_memes,541920,Help,"Oct 13, 2016"
coop_memes,3665520,Catto Pew Pew!,"Jul 20, 2026"
coop_memes,1540840,Sausage Fiesta,"Mar 31, 2021"
coop_memes,1357220,PogoChamp,"Apr 12, 2021"
coop_memes,1423980,Streatham Hill Stories,"Oct 23, 2020"
coop_memes,2280320,Amigo: Kebab Simulator,"Apr 3, 2023"
coop_memes,242980,Daikatana,"Oct 1, 2013"
coop_memes,1924350,Bargue,"Jun 17, 2022"
coop_memes,2240390,Celebrity Kombat,"Jun 22, 2023"
coop_memes,589370,Fur Fun,"May 5, 2017"
coop_memes,5013480,NextBot PANIC!,Q1 2027
coop_memes,4367940,PC Building Nightmare,"Feb 13, 2026"
coop_memes,3165990,StageTime,To be announced
coop_memes,4360140,Sneaky Clean,"Aug 11, 2026"
coop_memes,5221100,Deadbeats,To be announced
coop_memes,4857340,Florida Man Court,"Jul 28, 2026"
coop_memes,1576980,Answer Me,Coming soon
coop_memes,4181840,Mount Misfits,Coming soon
coop_memes,4073090,Shout League,"May 15, 2026"
coop_memes,2319330,Vemari Worlds,"Feb 12, 2024"
coop_memes,4033110,Mingus,To be announced
coop_memes,3636680,Erascape : Escape Duo,To be announced
coop_memes,5259730,Dub Party,October 2026
coop_memes,5099290,Dub Night Live,"Oct 12, 2026"
coop_memes,4290570,Horse & Horse,"Jun 23, 2026"
coop_memes,3631410,AUTO DERBY CASINO,"May 25, 2026"
coop_memes,4115520,Really Illegal Golf,Q1 2027
coop_memes,1713310,League of Felt Tanks: Together,"Sep 15, 2024"
coop_memes,790430,Modlands,Coming soon
coop_memes,2118060,S.M.A.C.K.,Coming soon
coop_memes,5122180,Zombo Mode,October 2026
coop_memes,2294250,Speed Golf Royale,Q2 2027
coop_memes,4498480,Hold My Thing,Coming soon
coop_memes,5069090,No Away From Keyboard,"Sep 15, 2026"
coop_memes,1294480,Deranged Park Rangers,Coming soon
coop_memes,3360730,Society Girl,To be announced
coop_memes,4068980,Beach Life Simulator,Coming soon
coop_memes,2626830,SOS OPS! 2,Coming soon
coop_memes,4527360,Nifland,2026
coop_memes,3780530,American Cooking Simulator: Multiplayer,"Oct 12, 2026"
coop_memes,4267780,Acting Out,To be announced
coop_memes,5247180,We're Live!,Coming soon
coop_memes,4641100,Final Shelter,"Sep 5, 2026"
coop_memes,1677720,BREADSKATE,Coming soon
coop_memes,4896010,Who Heckled?,March 2027
coop_memes,5146230,ChameleonCraft MMO: Hide Your Piñatas!,Q4 2026
coop_memes,4235060,Foolz,To be announced
coop_memes,4114540,🥔 Not So Hot Potato: 2025 Final Boss 🥔,"Dec 7, 2025"
coop_memes,4653900,Roadtrip!,Coming soon
coop_memes,5122120,Sussy NPC,Coming soon
coop_memes,3192980,Shuffle Quest,Coming soon
coop_memes,1520520,Live Long Z,Coming soon
coop_memes,3828740,"Chicken Jump, Puppy Jump",Q4 2026
coop_memes,2128230,Slap Squad,To be announced
coop_memes,5021060,Only Straight Bros,"Oct 2, 2026"
coop_memes,3018340,Elementers,"Jul 16, 2026"
coop_memes,3746680,Impossible Survival,To be announced
coop_memes,4537000,Tab + Notch,"Apr 30, 2026"
coop_memes,4875360,M7ZM Deal,Coming soon
coop_memes,1283260,Coof Attack,"Dec 1, 2020"
coop_memes,3946790,PIXEL PLACE,"Sep 19, 2025"
coop_memes,4767630,Plague Crew,To be announced
coop_memes,5232060,GO DUB YOURSELF!,"Oct 15, 2026"
coop_memes,2267230,Chicken Scratch,Coming soon
coop_memes,4694670,But Why Together,"May 20, 2026"
coop_memes,5270220,Sound Bounded,October 2026
coop_memes,2681660,Bwudaling: Da Fight for da Bwudahood,"Dec 15, 2023"
coop_memes,1681110,Drunken Nuke'em,"Jul 28, 2022"
coop_memes,1416060,Mechamates,To be announced
coop_memes,3515560,Sprunki Horror Towers,"Jun 26, 2026"
coop_memes,3722050,Moderator Simulator 2,Coming soon
coop_memes,5108850,No Honest Work,Coming soon
coop_memes,5046290,Zingers,"Aug 31, 2026"
coop_memes,2439960,Degenheim,Coming soon
coop_memes,1708510,Bankers & Bonkers,Coming soon
coop_memes,3594680,Battle Food Mania,"Jun 24, 2026"
coop_memes,3426310,Jailbreak,2026
coop_memes,1194710,Playground Heroes,Coming soon
coop_memes,4686110,Agents 404,To be announced
coop_memes,4300350,The Joy of Sculpting,2026
coop_memes,4034350,Loss Prevention,2026
coop_memes,1685620,It's Mealtime!,Coming soon
coop_memes,5115730,Didgeridoo Man - The Legend of the Hill,"Nov 11, 2026"
coop_memes,2850650,Chadgeon: Enjoyers Edition+,"Jun 21, 2024"
coop_memes,3715890,Friends And Fangs,Coming soon
coop_memes,2372340,THREEDAYS,Coming soon
coop_memes,5257200,Jono,"Oct 5, 2026"
coop_memes,4891820,Gull's Gang,Coming soon
coop_memes,4219790,Bird Game: What The Flock,"Dec 17, 2025"
coop_memes,1496110,Run!!!,"Mar 31, 2021"
coop_memes,2688030,Serve The Cups,Coming soon
coop_memes,5175810,Trickcal: MochiMochiCheekFighterZ,To be announced
coop_memes,3684460,Pill It Up!,To be announced
coop_memes,5333160,Theater Kids,Coming soon
coop_memes,2900890,Wizards Vs Soldiers And Robots,"Apr 9, 2024"
coop_horror,3010850,Gears of War: E-Day,"Oct 6, 2026"
coop_horror,381210,Dead by Daylight,"Jun 14, 2016"
coop_horror,2887580,Active Matter,"Sep 15, 2026"
coop_horror,3219630,Halloween: The Game,"Sep 8, 2026"
coop_horror,292000,No More Room in Hell 2,"Aug 11, 2026"
coop_horror,3722330,Shift At Midnight,"Jul 22, 2026"
coop_horror,3527290,PEAK,"Jun 16, 2025"
coop_horror,739630,Phasmophobia,"Sep 18, 2020"
coop_horror,2694490,Path of Exile 2,"Dec 6, 2024"
coop_horror,3241660,R.E.P.O.,"Feb 26, 2025"
coop_horror,4108000,Machine Party,"Jul 30, 2026"
coop_horror,2661300,Grounded 2,"Jul 29, 2025"
coop_horror,251570,7 Days to Die,"Jul 25, 2024"
coop_horror,1943950,Escape the Backrooms,"Oct 23, 2025"
coop_horror,221100,DayZ,"Dec 13, 2018"
coop_horror,1282100,REMNANT II®,"Jul 25, 2023"
coop_horror,594650,Hunt: Showdown 1896,"Aug 27, 2019"
coop_horror,2129530,REANIMAL,"Feb 13, 2026"
coop_horror,962130,Grounded,"Sep 27, 2022"
coop_horror,550,Left 4 Dead 2,"Nov 16, 2009"
coop_horror,2399420,Le Mans Ultimate,"Jul 22, 2025"
coop_horror,202970,Call of Duty®: Black Ops II,"Nov 12, 2012"
coop_horror,4450620,GRAIN ROT,"Aug 7, 2026"
coop_horror,2569760,The Mound: Omen of Cthulhu,"Jul 15, 2026"
coop_horror,1966720,Lethal Company,"Oct 23, 2023"
coop_horror,3448650,Aliens: Fireteam Elite 2,"Aug 25, 2026"
coop_horror,976730,Halo: The Master Chief Collection,"Dec 3, 2019"
coop_horror,239140,Dying Light,"Mar 12, 2025"
coop_horror,3834090,YAPYAP,"Feb 3, 2026"
coop_horror,2141730,Backrooms: Escape Together,"Oct 18, 2022"
coop_horror,699130,World War Z,"Sep 21, 2021"
coop_horror,21690,Resident Evil 5,"Sep 15, 2009"
coop_horror,2747330,Species: Unknown,"Oct 23, 2025"
coop_horror,238960,Path of Exile,"Oct 23, 2013"
coop_horror,493520,GTFO,"Dec 9, 2021"
coop_horror,2881650,Content Warning,"Apr 1, 2024"
coop_horror,322330,Don't Starve Together,"Apr 21, 2016"
coop_horror,221040,Resident Evil 6,"Mar 21, 2013"
coop_horror,4406280,the cabin game,"Aug 27, 2026"
coop_horror,4121170,Fears to Fathom® - Scratch Creek,"Jun 10, 2026"
coop_horror,3228590,Deadzone: Rogue,"Aug 11, 2025"
coop_horror,42700,Call of Duty®: Black Ops,"Nov 9, 2010"
coop_horror,1929610,Demonologist,"Sep 25, 2023"
coop_horror,500,Left 4 Dead,"Nov 17, 2008"
coop_horror,3097560,Liar's Bar,"Oct 2, 2024"
coop_horror,2523720,Gears of War: Reloaded,"Aug 26, 2025"
coop_horror,617290,Remnant: From the Ashes,"Aug 19, 2019"
coop_horror,2605790,Deep Rock Galactic: Rogue Core,"May 20, 2026"
coop_horror,1392860,Little Nightmares III,"Oct 9, 2025"
coop_horror,2625420,Drive Beyond Horizons,"Mar 24, 2025"
coop_horror,495420,State of Decay 2: Juggernaut Edition,"Mar 13, 2020"
coop_horror,4778540,Lucid Cats,"Sep 25, 2026"
coop_horror,2119830,MISERY,"Oct 23, 2025"
coop_horror,3394840,Clawed,"Aug 13, 2026"
coop_horror,2157830,John Carpenter's Toxic Commando,"Mar 12, 2026"
coop_horror,3453910,Happy's Humble Burger Cult,"Jul 16, 2026"
coop_horror,1766060,HumanitZ,"Feb 6, 2026"
coop_horror,4694270,Backrooms: Code Yellow,"Sep 25, 2026"
coop_horror,1274570,DEVOUR,"Jan 28, 2021"
coop_horror,924970,Back 4 Blood,"Oct 12, 2021"
coop_horror,10090,Call of Duty: World at War,"Nov 18, 2008"
coop_horror,509980,BIGFOOT,"Jan 31, 2017"
coop_horror,1341290,We Were Here Forever,"May 10, 2022"
coop_horror,2827200,MIMESIS,"Oct 27, 2025"
coop_horror,232090,Killing Floor 2,"Nov 18, 2016"
coop_horror,1649240,Returnal™,"Feb 15, 2023"
coop_horror,4796830,WE ARE SO DEAD,"Aug 17, 2026"
coop_horror,3645890,GONE Fishing,"Jun 15, 2025"
coop_horror,1549970,Aliens: Fireteam Elite,"Aug 23, 2021"
coop_horror,1238060,Dead Space™ 3,"Jun 18, 2020"
coop_horror,2794590,Scam Line,"Jan 10, 2026"
coop_horror,865360,We Were Here Together,"Oct 10, 2019"
coop_horror,2764750,The Other Side,"Mar 7, 2025"
coop_horror,866570,System Shock 2: 25th Anniversary Remaster,"Jun 26, 2025"
coop_horror,3059070,The Headliners,"Jan 30, 2025"
coop_horror,4317790,Last Pirates: Die Together,"Aug 18, 2026"
coop_horror,3908940,Inferno Protocol,"Aug 28, 2026"
coop_horror,2208570,Dark Hours,"Oct 23, 2025"
coop_horror,222480,Resident Evil Revelations,"May 20, 2013"
coop_horror,2772990,Ghost Janitors,"Nov 8, 2025"
coop_horror,1548850,Six Days in Fallujah,"Jun 22, 2023"
coop_horror,2909110,Nuclear Nightmare,"Oct 20, 2024"
coop_horror,287290,Resident Evil Revelations 2,"Feb 24, 2015"
coop_horror,1302240,Labyrinthine,"Aug 18, 2023"
coop_horror,2695940,PANICORE,"May 31, 2024"
coop_horror,3265230,Cursed Companions,"Jul 9, 2026"
coop_horror,2644470,PICO PARK 2,"Sep 12, 2024"
coop_horror,1699480,KLETKA,"Feb 19, 2026"
coop_horror,1515210,The Past Within,"Nov 2, 2022"
coop_horror,2692990,DON'T SCREAM TOGETHER,"Dec 3, 2025"
coop_horror,307780,Mortal Kombat X,"Apr 13, 2015"
coop_horror,2191500,Vampires: Bloodlord Rising,"Jan 30, 2026"
coop_horror,677160,We Were Here Too,"Feb 2, 2018"
coop_horror,3258290,Equinox: Homecoming,"Mar 5, 2026"
coop_horror,4917440,MOGGED: Looksmaxx or Die,"Oct 1, 2026"
coop_horror,601050,Attack on Titan 2 - A.O.T.2,"Apr 26, 2023"
coop_horror,1181550,Carnival Hunt,"Jul 23, 2026"
coop_horror,383150,Dead Island Definitive Edition,"May 31, 2016"
coop_horror,1509960,PICO PARK,"May 7, 2021"
coop_horror,2564910,CRYO,"Oct 24, 2025"
coop_horror,4660280,DUAL PROTOCOL: The Case of Eva & Miles,"Oct 2, 2026"
coop_horror,3894440,NO BACKUP,"May 9, 2026"
coop_horror,2197890,Paranormal Cleanup,"May 30, 2025"
coop_horror,1987080,Inside the Backrooms,"Jun 20, 2022"
coop_horror,1605250,Moros Protocol,"Sep 18, 2025"
coop_horror,967050,Pacify,"Feb 22, 2019"
coop_horror,2506480,Clue/Cluedo,"Aug 23, 2023"
coop_horror,3121110,Zort,"Dec 7, 2024"
coop_horror,3417410,Storebound,"Jul 16, 2026"
coop_horror,4551040,Animal Company,"May 21, 2026"
coop_horror,265550,Dead Rising 3 Apocalypse Edition,"Sep 5, 2014"
coop_horror,1850740,Ghost Watchers,"Jul 24, 2025"
coop_horror,10680,Aliens vs. Predator™,"Feb 16, 2010"
coop_horror,254480,Obscure II (Obscure: The Aftermath),"Mar 10, 2014"
coop_horror,3099190,Anomaly Company,"Sep 11, 2026"
coop_horror,1250,Killing Floor,"May 14, 2009"
coop_horror,4670920,SMS Returns,"Sep 27, 2026"
coop_horror,744900,Dead Frontier 2,"Jul 15, 2019"
coop_horror,790740,Tick Tock: A Tale for Two,"Mar 7, 2019"
coop_horror,45740,Dead Rising® 2,"Sep 27, 2010"
coop_horror,3176060,Emissary Zero,"Mar 28, 2025"
coop_horror,1492070,Sker Ritual,"Apr 18, 2024"
coop_horror,3616260,"MAZEBOUND: Hunt, Gather, Run!","May 13, 2026"
coop_horror,1928980,Nightingale,"Feb 20, 2024"
coop_horror,3168600,Among Us 3D,"May 6, 2025"
coop_horror,4074010,"Dig, Dig, Die","Aug 6, 2026"
coop_horror,2296990,We Were Here Expeditions: The FriendShip,"Sep 14, 2023"
coop_horror,4090360,Forest Escape: Last Train,"Jul 10, 2026"
coop_horror,1180380,Stay Out,"Nov 27, 2019"
coop_horror,3312250,FEAR OF FAITH,"Aug 21, 2026"
coop_horror,4014040,Maze Creep!!,"May 13, 2026"
coop_horror,4429930,Water You Doing?,"Aug 26, 2026"
coop_horror,2708450,Oh Deer,"Jun 27, 2024"
coop_horror,4513060,Yandere Virus,"Sep 20, 2026"
coop_horror,1562420,FOREWARNED,"Apr 25, 2024"
coop_horror,1556100,Killer Klowns From Outer Space: The Game,"Jun 4, 2024"
coop_horror,1571440,Lunch Lady,"Apr 15, 2021"
coop_horror,4373870,Unpossess 2: Exorcism Simulator,"Oct 2, 2026"
coop_horror,1953230,Whisper Mountain Outbreak,"Aug 11, 2025"
coop_horror,1792250,Serious Sam: Siberian Mayhem,"Jan 25, 2022"
coop_horror,3072120,Backrooms Lost Runners,"Jun 17, 2026"
coop_horror,2835530,Backrooms: Extractions,"Apr 30, 2025"
coop_horror,3071240,Voodoo Fishin',"Mar 31, 2026"
coop_horror,3588490,Bogos Binted?,"Jan 28, 2026"
coop_horror,49540,Aliens: Colonial Marines Collection,"May 1, 2012"
coop_horror,696220,Folklore Hunter,"Jan 30, 2026"
coop_horror,4332910,Twisted Party,"Aug 25, 2026"
coop_horror,859570,Secret Neighbor: Hello Neighbor Multiplayer,"Oct 24, 2019"
coop_horror,3010460,Backroom Company,"Jul 29, 2025"
coop_horror,783550,Obscurity: Unknown Threat,"Sep 23, 2026"
coop_horror,235540,Warhammer: End Times - Vermintide,"Oct 23, 2015"
coop_horror,2963880,Murky Divers,"Dec 12, 2024"
coop_horror,2357000,KILL IT WITH FIRE! 2,"Nov 25, 2025"
coop_horror,1361000,In Silence,"Oct 29, 2021"
coop_horror,45770,Dead Rising 2: Off the Record,"Oct 11, 2011"
coop_horror,2300120,Painkiller,"Oct 21, 2025"
coop_horror,1807080,Ghost Exile,"Jan 7, 2022"
coop_horror,2454890,DEATH IN UNISON,"Aug 29, 2024"
coop_horror,1397390,The Break-In,"May 29, 2025"
coop_horror,4383880,Huntin' Buddies,"Jul 24, 2026"
coop_horror,2960770,The Anomaly Project,"Nov 21, 2024"
coop_horror,678800,SAS: Zombie Assault 4,"Oct 16, 2017"
coop_horror,3376250,Nine-Ball Roulette,"Dec 4, 2025"
coop_horror,383180,Dead Island: Riptide Definitive Edition,"May 31, 2016"
coop_horror,2790330,Blood Typers,"Feb 20, 2025"
coop_horror,2234150,BACKROOMS: APPREHENSION,"Aug 14, 2025"
coop_horror,1592290,Paranoia Place: Escape Together,"Apr 9, 2025"
coop_horror,1473960,Wreck Runners,"Jul 16, 2026"
coop_horror,543460,Dead Rising 4,"Mar 14, 2017"
coop_horror,274940,Depth,"Nov 3, 2014"
coop_horror,493900,Dungeons 3,"Oct 13, 2017"
coop_horror,3553250,Holey,"Aug 19, 2026"
coop_horror,2115390,Project Unknown,"Oct 10, 2025"
coop_horror,3743090,Deadly Delivery,"Dec 4, 2025"
coop_horror,2802820,School 666,"Jun 11, 2025"
coop_horror,3967470,We Gotta Go,"Apr 14, 2026"
coop_horror,312670,Strange Brigade,"Aug 27, 2018"
coop_horror,3761880,Night Shippers,"Apr 6, 2026"
coop_horror,3140990,Backrooms Cleanup Crew,"Apr 16, 2025"
coop_horror,3429890,Devil of the Plague,"May 1, 2026"
coop_horror,4247840,GHOSTED,"Sep 25, 2026"
coop_horror,405290,Charlie Murder,"May 12, 2017"
coop_horror,449800,Attack on Titan / A.O.T. Wings of Freedom,"Aug 26, 2016"
coop_horror,4200440,Nightmare Drive,"Apr 30, 2026"
coop_horror,253430,CastleMiner Z,"Feb 3, 2014"
coop_horror,434570,Blood and Bacon,"Feb 1, 2016"
coop_horror,2383990,Ghostbusters: Spirits Unleashed Ecto Edition,"Oct 19, 2023"
coop_horror,2423300,School Labyrinth,"Feb 21, 2024"
coop_horror,4180620,Submerge,"Aug 17, 2026"
coop_horror,401680,POSTAL Redux,"May 20, 2016"
coop_horror,619540,Darkwater,"Mar 26, 2026"
coop_horror,3513600,Scarlet Idol,"Apr 17, 2026"
coop_horror,2232600,Anomaly Exit,"Mar 31, 2024"
coop_horror,1411020,Perennial Order,"Sep 5, 2024"
coop_horror,3922920,PONE,"Oct 22, 2025"
coop_horror,3155010,Necrosis: Dawn of Dread,"Jan 29, 2026"
coop_horror,2774380,Hospital 666,"Mar 5, 2024"
coop_horror,3815750,SEVERANCE,"Oct 31, 2025"
coop_horror,2823080,Sketchy's Contract,"Jul 15, 2026"
coop_horror,1715730,Boo Men,"Sep 15, 2022"
coop_horror,1547670,A Day Out,"Jun 27, 2024"
coop_horror,2160220,Shipwrecked 64,"Jan 1, 2024"
coop_horror,1618540,Ghost Exorcism INC.,"Jul 15, 2021"
coop_horror,2524930,We Escaped a Twisted Game,"Oct 24, 2025"
coop_horror,1869500,DAIMON BLADES,"Oct 6, 2025"
coop_horror,2400880,Haunted Investigation,"Aug 18, 2023"
coop_horror,21100,F.E.A.R. 3,"Jun 21, 2011"
coop_horror,3795760,Burger Bots Inc.,"Jun 17, 2026"
coop_horror,3640740,Anomaly Protocol,"Sep 22, 2026"
coop_horror,2840210,Bureau of Contacts,"Apr 12, 2025"
coop_horror,2810780,Forsaken Frontiers,"May 25, 2025"
coop_horror,2851700,Nasty Zombies,"Apr 4, 2024"
coop_horror,2835460,Treasure Hunters: Raid Together,"Mar 11, 2026"
coop_horror,2204350,Midnight Heist,"Oct 24, 2025"
coop_horror,4080010,Dravo's Twisted Show,"Sep 18, 2026"
coop_horror,2304620,Backrooms Society,"Jun 19, 2023"
coop_horror,2221390,Damned 2,"Aug 7, 2025"
coop_horror,2903710,Lost Lullabies: The Orphanage Chronicles,"Oct 27, 2025"
coop_horror,4523340,C.U.B.E,"Aug 21, 2026"
coop_horror,3140620,C.A.S.T. (CHERNOZEM ANOMALY STRIKE TEAM),"Jul 14, 2025"
coop_horror,2976900,Unpossess: Exorcism Simulator,"Mar 21, 2025"
coop_horror,503350,White Noise 2,"Apr 7, 2017"
coop_horror,342180,Arizona Sunshine® VR Legacy,"Dec 6, 2016"
coop_horror,2977810,Dollhouse of Dead,"Nov 6, 2025"
coop_horror,599080,The Blackout Club,"Jul 29, 2019"
coop_horror,3568460,MustScream,"Jul 30, 2025"
coop_horror,3156640,Split Brain,"Dec 5, 2024"
coop_horror,3583970,Mycelium: The Silent Contract,"Apr 27, 2026"
coop_horror,2976110,Separated,"Jul 29, 2026"
coop_horror,2887450,Panic Delivery,"May 13, 2026"
coop_horror,3253530,PIT OF GOBLIN,"Dec 17, 2024"
coop_horror,4244040,Sector 13: Haunted Woods,"Sep 25, 2026"
coop_horror,3697560,Pizza Deathlivery,"Oct 23, 2025"
coop_horror,3004140,LockYourDoor,"Nov 17, 2025"
coop_horror,3014580,Follow Us,"Jun 5, 2026"
coop_horror,4368640,DIG Raiders: Anomaly Extraction,"Sep 11, 2026"
coop_horror,9200,RAGE,"Oct 3, 2011"
coop_horror,2599370,DeathWatchers,"Jul 12, 2024"
coop_horror,3198360,Escape Toon Kingdom,"Sep 10, 2026"
coop_horror,3288600,SKIBIDI GYATROOMS,"Jan 20, 2025"
coop_horror,2795540,The Midnight Walkers,"Jan 28, 2026"
coop_horror,4532140,HUSHED,"Apr 6, 2026"
coop_horror,1892140,Cryptid Farm,"Oct 25, 2024"
coop_horror,2275020,Backrooms Rec.,"Mar 6, 2024"
coop_horror,1003480,Fireboy & Watergirl: Elements,"Jan 24, 2019"
coop_horror,1577320,Somewhere in the Shadow,"Aug 23, 2021"
coop_horror,2309400,The Devourer: Hunted Souls,"Oct 26, 2023"
coop_horror,1903730,IT Simulator,"Jun 1, 2022"
coop_horror,4162290,OK Boomer,"Jun 25, 2026"
coop_horror,1916310,Remnant Records,"Jan 23, 2024"
coop_horror,2780470,Bunker Invaders,"Nov 5, 2024"
coop_horror,1889640,The Backrooms: Survival,"Sep 15, 2023"
coop_horror,1644490,Occult,"May 19, 2022"
coop_horror,2098350,Escape Memoirs: Mini Stories,"Sep 30, 2022"
coop_horror,1931950,Vade Retro : Exorcist,"Oct 27, 2022"
coop_horror,3585760,HEARTDUST,"Jul 28, 2026"
coop_horror,2846060,Subterror,"Jan 3, 2025"
coop_horror,3670740,Burgle Supply Company,"May 12, 2026"
coop_horror,1785120,Forsake: Urban horror,"Mar 31, 2023"
coop_horror,1520380,HALF DEAD 3,"Sep 9, 2022"
coop_horror,722180,SURV1V3,"Jun 20, 2021"
coop_horror,4359800,Don't Panic Together,"Jun 11, 2026"
coop_horror,2920510,Werewolf Party,"Jul 11, 2025"
coop_horror,2892660,DON'T EXIST,"Apr 26, 2024"
coop_horror,4279040,Backrooms Lost Unit,"May 21, 2026"
coop_horror,1729140,Hired 2 Die,"Jan 31, 2025"
coop_horror,1985420,This is a Ghost,"Apr 17, 2024"
coop_horror,3498650,Cut That Wire,"Oct 22, 2025"
coop_horror,3724820,DATA BREACH,"Sep 4, 2026"
coop_horror,3551100,They See Us,"Sep 3, 2025"
coop_horror,2345430,Escape From Crimson Manor: Trapped Together,"May 29, 2026"
coop_horror,3693270,Nostalgia,"Jul 20, 2025"
coop_horror,2635640,Infestation: Origins,"Sep 5, 2025"
coop_horror,3575300,Climb The Backrooms,"Jul 11, 2025"
coop_horror,2105600,RPG Stories,"Nov 17, 2023"
coop_horror,1568620,MetaPhysical,"Dec 9, 2023"
coop_horror,4476610,Backrooms: Collision Not Found,"Jul 1, 2026"
coop_horror,3232040,BodyRecords,"Apr 17, 2025"
coop_horror,3295360,Stuck Together,"Nov 17, 2025"
coop_horror,3140720,Ritual Party,"Feb 17, 2026"
coop_horror,3060170,Chained in the Backrooms,"Feb 13, 2025"
coop_horror,224260,No More Room in Hell,"Oct 31, 2013"
coop_horror,4945580,Unemployed Nightmare Together,"Aug 3, 2026"
coop_horror,1112830,The Watchers,"Feb 6, 2020"
coop_horror,4746060,The Organ Woman | 臓器女,"Jul 30, 2026"
coop_horror,3929260,What Is The Ghost,"Oct 1, 2026"
coop_horror,247910,Sniper Elite: Nazi Zombie Army 2,"Oct 31, 2013"
coop_horror,2138780,CashGrab,"Sep 19, 2022"
coop_horror,1715980,Bail or Jail(OBAKEIDORO!),"Jul 20, 2022"
coop_horror,227100,Sniper Elite: Nazi Zombie Army,"Feb 28, 2013"
coop_horror,4660920,DREGS,"Jul 17, 2026"
coop_horror,3172770,Terrorbytes,"Nov 18, 2025"
coop_horror,816090,Space Hulk: Deathwing Enhanced Edition,"May 22, 2018"
coop_horror,3484210,WALKER,"Mar 9, 2026"
coop_horror,3139570,Co-op Kaiju Horror Cooking,"Jul 29, 2025"
coop_horror,3457790,Toy Scrappers,"Mar 4, 2025"
coop_horror,3075800,Subterranauts,"Oct 19, 2025"
coop_horror,408900,Unfortunate Spacemen,"Jun 12, 2020"
coop_horror,703680,Cursed Deal,"Mar 30, 2026"
coop_horror,1558830,RIPOUT,"May 28, 2024"
coop_horror,3367500,Fish Stick Protocol,"Nov 5, 2025"
coop_horror,1346070,Sign of Silence,"Oct 1, 2020"
coop_horror,1691320,Hellbreach: Vegas,"Aug 14, 2024"
coop_horror,214870,Painkiller Hell & Damnation,"Oct 31, 2012"
coop_horror,1548520,DARKEST DAYS,"Apr 23, 2025"
coop_horror,3025290,UNDERWARD,"Feb 4, 2025"
coop_horror,2787610,Skyward Extraction,"May 30, 2025"
coop_horror,2761670,Sinister Night 2,"Aug 31, 2025"
coop_horror,1595710,Chased by Darkness,"Jun 1, 2021"
coop_horror,482920,Hero Zero - Multiplayer RPG,"Jul 5, 2016"
coop_horror,3585310,KUNKUN Defender 2,"May 16, 2025"
coop_horror,4389810,Zoo Protocol,"Jul 24, 2026"
coop_horror,1855580,DreadHaunt,"Sep 23, 2024"
coop_horror,3752230,Twilight Moonflower,"Jan 30, 2026"
coop_horror,3064370,Dark Hours: Prologue,"Jul 18, 2024"
coop_horror,4294630,Backrooms: No Escape,"Jun 3, 2026"
coop_horror,4113260,みつめ,"Feb 20, 2026"
coop_horror,1310510,Handy Harry's Haunted House Services,"Jul 31, 2020"
coop_horror,43190,The Haunted: Hells Reach,"Oct 24, 2011"
coop_horror,2585530,Crawlspace Multiplayer,"Mar 23, 2024"
coop_horror,2890060,Midnight Mayhem,"Dec 3, 2025"
coop_horror,1302230,Dead Containment,"Oct 21, 2022"
coop_horror,1918970,Eresys,"Dec 18, 2023"
coop_horror,2419010,Backrooms: Wit's End,"Nov 26, 2025"
coop_horror,2808570,KunKun dream Startles the Soul,"Jun 24, 2024"
coop_horror,2269730,Rotten Apple,"Aug 24, 2023"
coop_horror,3987150,The Hull,"Feb 12, 2026"
coop_horror,1374680,Hazard Levels,"Apr 30, 2026"
coop_horror,3461300,I'm Truely a Good Guy!,"Apr 1, 2025"
coop_horror,4223000,Coney's,"Feb 23, 2026"
coop_horror,2620240,Spectral Scream,"Aug 28, 2024"
coop_horror,891360,Hellcoming,"Dec 6, 2021"
coop_horror,1928670,Hajis هاجس,"Oct 25, 2022"
coop_horror,3237570,delivery pals,"Jul 29, 2025"
coop_horror,1526490,Fear Surrounds,"Oct 19, 2021"
coop_horror,3736520,SAHUR: Escape Together,"May 28, 2025"
coop_horror,4651490,Loot Gobblin' Together,"Aug 21, 2026"
coop_horror,3822530,Camp Wombo,"Jul 13, 2026"
coop_horror,1053680,Granny Simulator,"Apr 17, 2019"
coop_horror,4238470,Don’t Turn Off the Light,"Mar 27, 2026"
coop_horror,706020,Fade to Silence,"Apr 30, 2019"
coop_horror,293860,White Noise Online,"May 22, 2014"
coop_horror,3626560,Robbing Time,"Nov 13, 2025"
coop_horror,2796230,Bunny Guntz,"Feb 15, 2024"
coop_horror,1782380,SCP: Containment Breach Multiplayer,"Oct 25, 2021"
coop_horror,2411210,Mop of the Dead,"Oct 19, 2023"
coop_horror,2231300,Dodgy Deliveries,"Jan 31, 2025"
coop_horror,3589010,B.A.N.K.,"Aug 21, 2025"
coop_horror,1648610,Malum,"Sep 2, 2021"
coop_horror,914260,HALF DEAD 2,"Aug 2, 2019"
coop_horror,1911900,OverNight,"Jul 28, 2022"
coop_horror,2702190,BACKROOMS: DON'T LOOK AWAY,"Jan 25, 2026"
coop_horror,2812670,The Maze Survivor: The 9th Entrants,"Jul 13, 2025"
coop_horror,2072640,Inout,"Jul 10, 2025"
coop_horror,1869130,Demon Seed,"Mar 12, 2026"
coop_horror,2198400,Yes Comrade,"Dec 16, 2025"
coop_horror,1804170,Mimicry,"Aug 25, 2022"
coop_horror,2815690,Uncle Z,"Jun 7, 2024"
coop_horror,582500,We Were Here,"Feb 3, 2017"
coop_horror,4631500,GHOSTFLIPPERS,"Aug 26, 2026"
coop_horror,700330,SCP: Secret Laboratory,"Dec 29, 2017"
coop_horror,3282980,Urbex Murder,"Oct 24, 2025"
coop_horror,2356460,Untitled Ghost Game,"Sep 12, 2023"
coop_horror,1724030,Eyes of Hellfire,"Aug 27, 2025"
coop_horror,4225530,COLLAPSE COMPANY,"Jan 29, 2026"
coop_horror,1791910,Silent Rain,"Jul 15, 2024"
coop_horror,459830,Final Days,"Sep 18, 2018"
coop_horror,3062930,Unplagued,"Oct 10, 2024"
coop_horror,534440,Killing Zombies,"Oct 27, 2016"
coop_horror,2441360,"Get Me Out, Please","Oct 26, 2023"
coop_horror,2221820,7 Sins : Lost in Labyrinth,"Feb 10, 2023"
coop_horror,1299060,NOROI KAGO: the Grudged Domain,"Apr 30, 2025"
coop_horror,3026770,Hunt Me,"Dec 6, 2024"
coop_horror,1805570,DEMONS,"Jul 21, 2025"
coop_horror,4388920,University 33,"Apr 8, 2026"
coop_horror,1316700,Escape from Kyoto House,"Jun 10, 2020"
coop_horror,2924860,Astrumis - Survive Together,"May 26, 2025"
coop_horror,3653590,N.O.X.,"Nov 6, 2025"
coop_horror,2767950,Capuchin,"Dec 16, 2024"
coop_horror,1772720,Village of Zombies,"May 6, 2022"
coop_horror,39800,Nation Red,"Sep 3, 2009"
coop_horror,3230330,Hex Bots,"Apr 4, 2025"
coop_horror,2668530,The Rake,"Dec 27, 2024"
coop_horror,3223330,Find or be Found,"Jun 24, 2025"
coop_horror,844330,The Goatman,"Sep 3, 2018"
coop_horror,3438900,Azazel Gamble 阿撒兹勒赌局,"May 13, 2025"
coop_horror,415590,Earthfall,"Jul 12, 2018"
coop_horror,223710,Cry of Fear,"Apr 25, 2013"
coop_horror,2626760,Shadows in Silence,"Feb 7, 2025"
coop_horror,2708790,Together After Dark,"Jan 19, 2025"
coop_horror,4119160,An Easter to Remember,"Apr 3, 2026"
coop_horror,3492760,Engine Eternal,"Jul 18, 2025"
coop_horror,3171500,Distressed,"Oct 25, 2024"
coop_horror,1708460,Obsideo,"Aug 27, 2021"
coop_horror,3396740,Backrooms: Hide Together,"Aug 18, 2025"
coop_horror,1051290,ZIC – Zombies in City,"May 23, 2019"
coop_horror,1526180,Hide and Seek,"Nov 12, 2021"
coop_horror,2358620,Spectator 2,"May 25, 2025"
coop_horror,2597570,Chasmal Fear,"Apr 17, 2025"
coop_horror,3604800,Whimsical Artefacts,"Jul 31, 2025"
coop_horror,3467390,DON'T GET GOT,"Jan 24, 2025"
coop_horror,3170640,Cult of the Child Eater,"Nov 20, 2025"
coop_horror,2600830,Lost Hope: Backrooms,"May 22, 2026"
coop_horror,3215820,Dreadway,"Jan 23, 2026"
coop_horror,61730,Critter Crunch,"Sep 11, 2012"
coop_horror,3476240,Berghotel Heist,"Mar 12, 2026"
coop_horror,690810,Killing Floor: Incursion,"Nov 14, 2017"
coop_horror,1610370,Horror Royale,"Feb 18, 2025"
coop_horror,3081120,HOUND: AUTOMATON,"Oct 21, 2024"
coop_horror,3607770,Jester: A Foolish Ritual,"Oct 30, 2025"
coop_horror,3053850,Forecursed,"Feb 14, 2025"
coop_horror,3879670,RADIOACTIVE INC.,"Sep 19, 2025"
coop_horror,2709600,SynthwaveZ,"Mar 19, 2024"
coop_horror,1506620,Horror Squad,"Feb 26, 2021"
coop_horror,1215950,Getaway Storm,"Feb 7, 2020"
coop_horror,635200,Distrust: Polar Survival,"Aug 23, 2017"
coop_horror,3816820,Backrooms Union,"Oct 30, 2025"
coop_horror,2649860,Gombo,"Jun 2, 2026"
coop_horror,3634220,DON`T PEEK,"Apr 25, 2026"
coop_horror,2069900,Maurice: In The Predator's Nest,"Dec 5, 2022"
coop_horror,991780,Notes of Soul,"Jan 17, 2019"
coop_horror,3576880,Dreadline: Net Quota,"Dec 16, 2025"
coop_horror,1450180,Haunt Chaser,"Oct 6, 2021"
coop_horror,2276810,JunkTok: Paranormal Investigators Challenge,"Aug 31, 2026"
coop_horror,1824150,Tales of Terror,"Sep 1, 2026"
coop_horror,2480930,The Experiment,"Feb 29, 2024"
coop_horror,404590,Vikings - Wolves of Midgard,"Mar 24, 2017"
coop_horror,850450,Escape First,"May 10, 2018"
coop_horror,587860,Tales of Escape,"Mar 15, 2017"
coop_horror,1788120,French Crime Detective Game,"Nov 25, 2021"
coop_horror,1707540,Escape From Monster,"Jul 11, 2022"
coop_horror,1794830,Macabre,"Sep 26, 2025"
coop_horror,2472390,A Technician's Nightmare,"Jan 1, 2024"
coop_horror,17500,Zombie Panic! Source,"Oct 3, 2008"
coop_horror,1978460,Death's Playground,"Oct 1, 2023"
coop_horror,2330210,Labrys,"Nov 29, 2023"
coop_horror,1802330,INVITATION To FEAR,"Nov 24, 2021"
coop_horror,3507930,HellBorn,"Mar 26, 2026"
coop_horror,2714970,Backrooms Media,"Dec 16, 2025"
coop_horror,2963720,The Memory Thieves,"Nov 5, 2024"
coop_horror,2348730,Hauntsville,"Mar 10, 2025"
coop_horror,4400300,HAUNTMATES,"Jul 2, 2026"
coop_horror,4291410,Nurture,"Feb 9, 2026"
coop_horror,3203040,Malpractice,"Oct 29, 2024"
coop_horror,742900,Sleeping Dawn,"Nov 17, 2017"
coop_horror,3232660,Im Bann Der Dunklen Jagd,"Oct 30, 2025"
coop_horror,2079710,Fantôme,"Jan 18, 2024"
coop_horror,2117420,Prime Horror II,"Nov 4, 2022"
coop_horror,1961460,PROJECT: PLAYTIME,"Dec 12, 2022"
coop_horror,3252400,Clueless Crew,"Dec 13, 2024"
coop_horror,3524700,Anomaly Living,"Mar 10, 2025"
coop_horror,1764660,FROM FEAR,"Oct 25, 2023"
coop_horror,321270,UNLOVED,"Sep 29, 2016"
coop_horror,2518430,The Backrooms : Last Expedition,"Sep 15, 2023"
coop_horror,2497560,SKIBIDI: ESCAPE FROM TOILETS!,"Nov 30, 2023"
coop_horror,2868070,Descending The Woods,"Jul 12, 2024"
coop_horror,4606900,Piywebler,"Apr 30, 2026"
coop_horror,1841150,Hitori Kakurenbo Online,"Feb 29, 2024"
coop_horror,2276780,Truth Seekers,"Jan 11, 2026"
coop_horror,2764050,Envious,"Jan 7, 2025"
coop_horror,3321400,SANTA,"Dec 18, 2024"
coop_horror,1921130,Disinfection,"Jun 1, 2022"
coop_horror,3194220,Horror Simulator VR: Prologue,"Sep 27, 2024"
coop_horror,2213390,Death Swap: End As One,"Jan 25, 2023"
coop_horror,3739620,Midnight Escape,"May 18, 2026"
coop_horror,3216790,Iron Decree,"Jan 11, 2026"
coop_horror,1402020,SCP: Labrat,"Dec 24, 2022"
coop_horror,1481210,Psychoscopy,"May 15, 2025"
coop_horror,3669940,Changgwi,"Aug 28, 2025"
coop_horror,746140,Walking Zombie: Shooter,"Jan 19, 2018"
coop_horror,1975370,Snipe Hunt,"Oct 24, 2022"
coop_horror,3036880,Panic In The Woods,"Sep 13, 2024"
coop_horror,1547090,Fantasma,"Nov 11, 2021"
coop_horror,3313860,Frostgrims Revenge,"Dec 23, 2024"
coop_horror,1844060,Holy Purge : Exorcist,"Feb 15, 2022"
coop_horror,1279330,Under Lock,"Jan 12, 2021"
coop_horror,2537190,Vicera,"Oct 10, 2024"
coop_horror,1774770,Phantom Hysteria,"Oct 12, 2022"
coop_horror,3088440,Behind The Backrooms,"Jul 25, 2024"
coop_horror,2245610,Otherplane,"Oct 25, 2024"
coop_horror,3191800,Lamentations,"Feb 21, 2025"
coop_horror,2334450,GhostCatcher,"Jan 17, 2025"
coop_horror,909750,Bloodbound: Vampire Hunters,"Oct 25, 2023"
coop_horror,1363430,Propagation VR,"Sep 25, 2020"
coop_horror,1455680,BE HUNTED,"Dec 21, 2020"
coop_horror,1712050,Gehinnom,"Oct 3, 2023"
coop_horror,1565660,S.P.A.T.,"Aug 27, 2021"
coop_horror,2410740,Creepless,"Jun 22, 2023"
coop_horror,2612230,Mothman,"Jan 30, 2024"
coop_horror,1721350,Horror Night,"Feb 4, 2022"
coop_horror,1678090,Dark Home,"Jul 14, 2021"
coop_horror,526160,The Wild Eight,"Oct 3, 2019"
coop_horror,4141900,The Corrupted,"Aug 13, 2026"
coop_horror,3123830,Dread Tomb,"Mar 4, 2025"
coop_horror,2615010,Necromantic,"May 22, 2024"
coop_horror,870100,乌鸦 - Crows,"Oct 26, 2018"
coop_horror,3505800,Yurei Hunt,"Mar 25, 2025"
coop_horror,3144110,Journey Up,"Mar 5, 2025"
coop_horror,2645490,Ghostbane,"Oct 6, 2024"
coop_horror,611350,Evil Tag,"Apr 7, 2017"
coop_horror,1627850,Deadly Broadcast,"Feb 2, 2023"
coop_horror,3241520,SCP: Retrieval,"Dec 19, 2024"
coop_horror,1756160,Unsafe Express,"Nov 11, 2024"
coop_horror,1724630,S.I.N. Unit: Ghost Investigation & Removal,"Sep 7, 2021"
coop_horror,1027820,Hand Simulator: Horror,"Dec 22, 2020"
coop_horror,1843710,PURGE - Three vs Blood,"May 26, 2022"
coop_horror,2487140,Exorcist Simulator,"May 3, 2025"
coop_horror,2596100,Lycans,"Dec 4, 2023"
coop_horror,1609570,Agonize,"Sep 16, 2022"
coop_horror,2286280,Spacepunk Survival,"Feb 6, 2025"
coop_horror,2787750,Backrooms: Liminal Conflict,"Jan 19, 2025"
coop_horror,1834980,Ritual Night,"Nov 4, 2024"
coop_horror,2438240,Demonic Episode,"Mar 5, 2026"
coop_horror,693800,Loco Parentis / 孤女咒怨,"Sep 19, 2019"
coop_horror,1846940,There Won't be Light,"Sep 25, 2022"
coop_horror,2524870,Adrift in the Backrooms,"Oct 13, 2023"
coop_horror,1729790,Escape From School,"Sep 7, 2021"
coop_horror,2966570,Impostor Online,"Apr 19, 2025"
coop_horror,1508030,Object N,"Jan 13, 2021"
coop_horror,2998970,Summon: Joint escape,"Oct 3, 2024"
coop_horror,1374580,Dirge,"Feb 1, 2024"
coop_horror,3478880,Zombiefield,"Mar 25, 2025"
coop_horror,3669530,Treasure Hunters: Prologue,"Jul 17, 2025"
coop_horror,2728250,The Backrooms: Descent,"May 11, 2024"
coop_horror,3123290,SAVE,"Mar 26, 2025"
coop_horror,1394270,SCP: Escape Together,"Jan 6, 2021"
coop_horror,1879400,Paramnesia: Escape Together,"Mar 6, 2024"
coop_horror,1379200,Escape from Skull Dungeon,"Aug 24, 2020"
coop_horror,2208780,Psycho Fear,"Sep 19, 2024"
coop_horror,1884540,AfterHours,"Feb 18, 2022"
coop_horror,2189040,Mean Beans,"Jul 24, 2023"
coop_horror,386880,Rake,"Jul 13, 2015"
coop_horror,2971900,Welcome to Dustown,"Apr 12, 2025"
coop_horror,644480,Outbreak: The New Nightmare,"Jan 5, 2018"
coop_horror,2290500,Flee the Backrooms,"Jul 10, 2024"
coop_horror,2582900,Scary Maze Game,"Sep 28, 2023"
coop_horror,1794250,After Dark VR,"Jan 21, 2022"
coop_horror,3096820,Annihilation Plan,"Dec 26, 2024"
coop_horror,2103020,Frightened,"Apr 30, 2023"
coop_horror,4518730,People are Tools,"Apr 30, 2026"
coop_horror,4753590,TEAM PANIC,"Jun 19, 2026"
coop_horror,1979460,Sinister Night,"Jun 8, 2022"
coop_horror,3800900,Simple Zombie Survival,"Jul 6, 2025"
coop_horror,4066790,The Backrooms Deluxe 2,"Dec 24, 2025"
coop_horror,3201910,RailGods of Hysterra,"May 7, 2025"
coop_horror,1353830,Horrors of Space,"Sep 30, 2022"
coop_horror,3159620,Emergency Exit,"Apr 25, 2025"
coop_horror,2548050,Fast & Blast,"Oct 13, 2023"
coop_horror,1016360,PERISH,"Feb 2, 2023"
coop_horror,1876030,Dark Past,"Oct 25, 2022"
coop_horror,2886590,Deep in The Fear,"Apr 11, 2024"
coop_horror,1927030,UFOBIA,"Dec 1, 2022"
coop_horror,2167390,Grotesque Realm,"Jun 3, 2023"
coop_horror,1655050,The Fear Island,"Jul 1, 2021"
coop_horror,1998040,Psycho Reign,"Oct 6, 2022"
coop_horror,3015640,Last Heist,"Aug 2, 2025"
coop_horror,2006730,Godumas,"Jul 29, 2022"
coop_horror,2363590,H.I.A: Horror Investigation Agency,"Feb 28, 2024"
coop_horror,2214170,Wyoming Winter,"Dec 9, 2022"
coop_horror,999860,Enemy On Board,"May 8, 2020"
coop_horror,2524700,Altarium,"Oct 21, 2024"
coop_horror,945460,Zombie Builder Defense,"Nov 2, 2018"
coop_horror,731890,Horror Hunt,"Dec 27, 2019"
coop_horror,3516890,Drop Dead: The Cabin,"Oct 29, 2025"
coop_horror,2410490,Sneak Out,"Jun 6, 2024"
coop_horror,1094060,Escape First 2,"Jun 20, 2019"
coop_horror,2612960,NIGHT CROW,"May 17, 2024"
coop_horror,2601730,InfestStation,"Jul 22, 2024"
coop_horror,2025320,Estencel,"Jan 19, 2023"
coop_horror,654850,Masked Forces: Zombie Survival,"Jul 14, 2017"
coop_horror,1785600,Saboteur,"Oct 30, 2021"
coop_horror,1334110,FREAKOUT,"Dec 2, 2022"
coop_horror,2095540,Lurch,"Aug 19, 2024"
coop_horror,4088120,SCP: ReEnter,"Aug 7, 2026"
coop_horror,1474390,Broken : Paranormal investigation,"Sep 29, 2022"
coop_horror,2470700,Stay Home,"Jul 21, 2023"
coop_horror,3811890,This Is Why We Don't Play Golf,"Dec 16, 2025"
coop_horror,2026990,Tvö,"Jul 31, 2022"
coop_horror,317530,Congo,"Mar 21, 2016"
coop_horror,604230,Unlasting Horror,"Feb 4, 2021"
coop_horror,2306710,Enigma Manor,"Jun 15, 2023"
coop_horror,1119060,The Designer's Curse,"Jul 29, 2019"
coop_horror,2537010,MISTERY,"Jan 20, 2025"
coop_horror,1875810,Slashers,"May 10, 2022"
coop_horror,2766480,Cargo Duty,"Feb 3, 2024"
coop_horror,1879030,Return the Backrooms,"Nov 10, 2022"
coop_horror,1798570,Sleepless,"Oct 18, 2025"
coop_horror,1345380,BiteVille,"Oct 23, 2020"
coop_horror,4534010,Scene No.0,"Apr 7, 2026"
coop_horror,2655190,Don't Panic,"Nov 3, 2023"
coop_horror,420930,CHKN,"Apr 1, 2016"
coop_horror,2867380,CBO TD,"Jul 26, 2024"
coop_horror,1749980,SOMNI,"Oct 9, 2021"
coop_horror,1502010,Friki,"Feb 22, 2022"
coop_horror,3126220,Make It Count,"May 19, 2025"
coop_horror,22670,Alien Breed 3: Descent,"Nov 17, 2010"
coop_horror,394760,Dead Effect 2,"May 6, 2016"
coop_horror,3722510,Mannequin Syndrome,"May 5, 2026"
coop_horror,1387970,Hello Teacher,"Jun 16, 2021"
coop_horror,4408510,FEEDERS,"Mar 30, 2026"
coop_horror,3962780,Rite or Ruin,"Mar 26, 2026"
coop_horror,1437280,Project Terminus VR,"Aug 10, 2023"
coop_horror,2066460,灵魂筹码:契约,"Sep 27, 2022"
coop_horror,1461370,Just Read The Instructions,"Apr 16, 2024"
coop_horror,1949890,Jack & Detectives - A Silent Social Detection Game -,"Sep 10, 2024"
coop_horror,3148010,Barbecue with friends,"May 22, 2025"
coop_horror,2493670,Deja Vu : The Backrooms,"Sep 24, 2024"
coop_horror,2871370,World horror story,"Feb 10, 2025"
coop_horror,2638240,Escape to the Italian brainrot,"May 9, 2025"
coop_horror,1386980,PANIC STATION,"Aug 25, 2020"
coop_horror,1211640,Dead Motherland: Zombie Co-op,"Sep 21, 2020"
coop_horror,2201070,Phylakterion,"Oct 31, 2023"
coop_horror,1706570,Chupacabras: Night Hunt,"Aug 20, 2021"
coop_horror,1873230,Cursed Exped,"Jul 10, 2022"
coop_horror,1433900,Narrow Escape,"Sep 11, 2021"
coop_horror,2718150,NightFeed,"Apr 2, 2024"
coop_horror,2869600,Magitech Requiem,"Mar 12, 2025"
coop_horror,2719940,The Bonerooms,"Oct 30, 2024"
coop_horror,455120,Stay Close,"Oct 14, 2016"
coop_horror,4748880,Hunt Asylum Together,"Jun 4, 2026"
coop_horror,236370,Interstellar Marines,"Jul 2, 2013"
coop_horror,1037080,Zedfest,"Apr 7, 2023"
coop_horror,1701380,Cricket 22,"Dec 1, 2021"
coop_horror,2169140,CantEscapeTheBackrooms,"Dec 31, 2023"
coop_horror,1343620,Nemesis: Distress,"Jun 15, 2022"
coop_horror,1126420,REMOTE LIFE,"Oct 4, 2019"
coop_horror,2294280,Backrooms Cycle,"Jul 15, 2023"
coop_horror,3551630,Backrooms: The Next Level,"Mar 14, 2025"
coop_horror,3298460,Pushing it! Together - Sisyphus Co-op,"Apr 9, 2025"
coop_horror,2516430,Cyborg3003,"Aug 15, 2024"
coop_horror,2432000,Inside the Labs,"Apr 5, 2024"
coop_horror,3039820,Field of the Dead,"Jul 21, 2024"
coop_horror,3100730,Zugnaex,"Oct 10, 2024"
coop_horror,236510,Takedown: Red Sabre,"Feb 10, 2014"
coop_horror,2455040,AsHes,"Jun 23, 2024"
coop_horror,3098490,Monkey Mischief,"Oct 21, 2024"
coop_horror,1178200,Somewhere inside,"Nov 8, 2019"
coop_horror,2872990,School Paranormal Laboratory,"Apr 11, 2024"
coop_horror,3513480,Victor's Test Night: REVES,"May 30, 2025"
coop_horror,1236040,Mahasona,"Jun 20, 2020"
coop_horror,4545170,EDU SIMULATOR,"Apr 13, 2026"
coop_horror,2097160,Monster Mystery,"Dec 8, 2022"
coop_horror,1234240,Last Farewell,"Apr 19, 2022"
coop_horror,3709240,Dreamlocked,"Jul 11, 2025"
coop_horror,1808060,Obama Maze,"Aug 1, 2022"
coop_horror,2432990,NightSpawn,"Dec 1, 2023"
coop_horror,1048280,UNKNOWN REGION,"Aug 16, 2020"
coop_horror,2732610,Nobody Sleeps Tonight,"Mar 11, 2024"
coop_horror,3587260,Backrooms: The Deep Dark,"Aug 20, 2026"
coop_horror,541920,Help,"Oct 13, 2016"
coop_horror,2839090,Unlock the Three,"Aug 14, 2024"
coop_horror,3038590,BigFool,"Jul 8, 2024"
coop_horror,1755680,Everything Is For Humanity,"Jun 24, 2022"
coop_horror,434730,Half Dead,"Aug 1, 2016"
coop_horror,2909870,The Legacy,"Oct 8, 2025"
coop_horror,2071300,AL QMRAH RESTAURANT - مطبخ القمرة,"Jul 12, 2024"
coop_horror,326960,Killing Floor - Toy Master,"Oct 16, 2014"
coop_horror,1682380,Survive The Hill,"Aug 16, 2023"
coop_horror,3082170,Skeleton Hell,"Jul 25, 2024"
coop_horror,2244550,Don't Steal My Christmas!,"Dec 21, 2022"
coop_horror,3561580,Hauntrick,"Apr 11, 2025"
coop_horror,519140,Minds Eyes,"Aug 31, 2016"
coop_horror,438310,SCORE,"Sep 15, 2026"
coop_horror,2119740,United heist,"Feb 12, 2023"
coop_horror,3616910,BACKROOMS: We Escape Forever,"Jan 15, 2026"
coop_horror,4328290,EagleRoad:WorldRise,"Jun 24, 2026"
coop_horror,2012070,Watch Your Back,"Jun 30, 2022"
coop_horror,270550,Yet Another Zombie Defense,"Mar 28, 2014"
coop_horror,1870280,ZPlague,"Jul 23, 2022"
coop_horror,47700,Command & Conquer™ 4 Tiberian Twilight,"Mar 7, 2024"
coop_horror,1480030,A Way To Be Dead,"Jul 23, 2021"
coop_horror,1423980,Streatham Hill Stories,"Oct 23, 2020"
coop_horror,2301640,Misteri Rumah Pak RT,"Feb 17, 2023"
coop_horror,3393620,Double Shoulders,"Jan 31, 2025"
coop_horror,2546150,Entities,"Oct 24, 2024"
coop_horror,2178840,The Umbridge Estate,"Oct 23, 2022"
coop_horror,433350,BlackShot: Mercenary Warfare FPS,"May 31, 2016"
coop_horror,1149400,The Yellow King,"Feb 5, 2020"
coop_horror,1485870,Evil Inside - Prologue,"Mar 4, 2021"
coop_horror,1903530,Heart attack,"Jan 17, 2023"
coop_horror,2792420,Backrooms: Steps into the abyss,"Apr 9, 2025"
coop_horror,1587020,Parapsychology,"Apr 6, 2022"
coop_horror,3616560,Dread Not,"Jun 14, 2025"
coop_horror,2211260,Something's Out There,"Oct 29, 2024"
coop_horror,2446180,Backdoors,"Jun 30, 2023"
coop_horror,3270270,Haunted Halloween,"Oct 30, 2024"
coop_horror,2015650,Disembowel,"Nov 24, 2022"
coop_horror,4791980,SCREAM NOTE,"Jul 28, 2026"
coop_horror,2574270,Alien Investigator,"Sep 8, 2023"
coop_horror,2506820,Demonsomnia,"Aug 13, 2024"
coop_horror,1424540,The Boo Croo,"Sep 4, 2026"
coop_horror,2251870,The Backrooms - Nightmare Dimension,"Jan 30, 2023"
coop_horror,5147020,Sanidade Zero,"Sep 23, 2026"
coop_horror,3855650,Vessel,"Aug 5, 2026"
coop_horror,2625510,Don't Shout Together,"Jun 14, 2024"
coop_horror,2921000,Mortuar,"Jul 9, 2024"
coop_horror,2731760,The Krampus,"Feb 8, 2024"
coop_horror,2160420,The Backrooms Multiplayer,"Dec 4, 2022"
coop_horror,3194340,We Are Alive,"Nov 29, 2024"
coop_horror,1769960,Horizon Journey,"Jan 30, 2026"
coop_horror,1774560,Dead Transmission,"Dec 2, 2021"
coop_horror,3971290,The Money Pit,"Aug 11, 2026"
coop_horror,1725130,Nightmare: Les Origines,"Sep 27, 2021"
coop_horror,3111800,Face The Abyss,"Sep 20, 2024"
coop_horror,3267550,The Backrooms: Rescue Expedition,"Oct 20, 2025"
coop_horror,2834580,Cursed Despair,"Apr 22, 2024"
coop_horror,4038080,Entity Research Group,"Aug 20, 2026"
coop_horror,2591990,Nightwatch: Nightmare Creatures,"Nov 30, 2023"
coop_horror,1780840,Loch Ness,"Dec 3, 2021"
coop_horror,1895960,Wicked Dolls,"Jul 30, 2022"
coop_horror,4205180,Wreck Below,"Sep 29, 2026"
coop_horror,4178200,V.A.U.L.T. PROTOCOL,"Aug 21, 2026"
coop_horror,3629570,Red Core Division,"Jun 30, 2025"
coop_horror,4369660,Backrooms Not Escape,"Feb 17, 2026"
coop_horror,3253990,THE WALLWAY,"May 2, 2025"
coop_horror,3356970,Nightfall Secrets,"Jun 11, 2025"
coop_horror,1894770,Bloody Forest,"Apr 28, 2022"
coop_horror,4796850,LIMINAL ESCAPE,"Jun 16, 2026"
coop_horror,2733710,Tralalero Tralala : Survive the night,"Jul 1, 2025"
coop_horror,3023610,后室：维修工（Backrooms: Maintenance）,"Jun 27, 2024"
coop_horror,3340890,Necrowhisper,"Sep 6, 2026"
coop_horror,3135050,Cursed Ones,"Oct 25, 2024"
coop_horror,3053500,Jeff The Janitor,"Apr 1, 2025"
coop_horror,3636520,Harvest Scream,"Sep 16, 2026"
coop_horror,2264460,UnderBackrooms,"Feb 3, 2023"
coop_horror,4708080,The Echoes,"Jun 8, 2026"
coop_horror,2866360,BACKROOMS NO RETURN: Prologue,"Aug 9, 2024"
coop_horror,4351700,Rahasya: The Unsolved Mystery,"Oct 1, 2026"
coop_horror,5132730,ShutterOut,"Sep 15, 2026"
coop_horror,4920530,Summer Party Slaughter,"Aug 4, 2026"
coop_horror,3753550,THE IMPOSTOR,"Sep 10, 2026"
coop_horror,5023030,Clipped Reality,"Sep 11, 2026"
coop_horror,2796250,Beware the Depths,"Aug 26, 2026"
coop_horror,4743970,Cat Crisis,"Aug 5, 2026"
coop_horror,3772550,Scary Together,"Jun 18, 2025"
coop_horror,1799220,Escape: Malice,"Nov 2, 2022"
coop_horror,2094600,Nowhere: Mysterious Artifacts,"Aug 17, 2023"
coop_horror,4698160,Cats Don't Carry Car Parts,"Nov 5, 2026"
coop_horror,4400900,Cursed Cargo,"Jul 7, 2026"
coop_horror,1532980,RDL,"Jan 20, 2026"
coop_horror,4258760,Chainsaw Woods,"May 29, 2026"
coop_horror,3614690,Lunhowl: Co-op Horror,"Nov 10, 2025"
coop_horror,2950190,BloodLight,"Jun 24, 2024"
coop_horror,3431220,Lastbane,"Jul 18, 2025"
coop_horror,4430480,Cubepathy,"Apr 17, 2026"
coop_horror,4568640,House of Anomalies,"Jul 29, 2026"
coop_horror,4867170,Closing Shift,"Aug 20, 2026"
coop_horror,1476830,Guillotine,"May 4, 2022"
coop_horror,2077770,The Liminal Space,"Mar 19, 2024"
coop_horror,4301580,Greedy,"Nov 5, 2026"
coop_horror,1756150,SCP: Keter,"Dec 17, 2022"
coop_horror,2960070,The Limb,"Oct 31, 2024"
coop_horror,3266950,Triangle - Cursed Town,"Jan 2, 2026"
coop_horror,3973560,Moonfall: Protocol,"Sep 30, 2025"
coop_horror,1746150,Nosos,"Oct 8, 2021"
coop_horror,5277550,Hush Off,Coming soon
coop_horror,3924610,MIND BIOTICS,"Apr 28, 2026"
coop_horror,3879330,Mindaro,To be announced
coop_horror,4767500,1 MONKEY LEFT,Coming soon
coop_horror,4444370,Amidst The Evil,October 2026
coop_horror,4909250,Midnight Moving Crew,To be announced
coop_horror,4172450,The Hidden Ones,Coming soon
coop_horror,2820450,WuKong Up,"Aug 19, 2025"
coop_horror,3605510,No Prospects,Q2 2027
coop_horror,3657080,Skinwalker,Coming soon
coop_horror,2619640,Evil Hunt - Evil never sleeps,"Jul 1, 2024"
coop_horror,3642040,OBSCENE,Coming soon
coop_horror,3229970,The Hunt Begins,"Nov 27, 2025"
coop_horror,3593250,The Liminal Library,Coming soon
coop_horror,3770030,TATARIME,Coming soon
coop_horror,4653090,Skogsvakt,To be announced
coop_horror,4892710,Delete: E.A.D Core,Q4 2026
coop_horror,4840470,Crypt Club,To be announced
coop_horror,4298200,The Caretakers,December 2026
coop_horror,5109630,Orbit Anomaly,Q1 2027
coop_horror,3850470,Blight Brigade,Coming soon
coop_horror,4290150,Unabandoned,Coming soon
coop_horror,4341550,After Hours,2027
coop_horror,5227100,Mimicry Kingdom,"Oct 29, 2026"
coop_horror,4640590,Fool's Pub,"Jun 18, 2026"
coop_horror,3974590,Blind Spot,To be announced
coop_horror,3939690,Shrine Labyrinth,2027
coop_horror,4692920,The Mouth must Eat,2026
coop_horror,3406350,DEVOSE,"Oct 23, 2025"
coop_horror,3909330,Derelict,Coming soon
coop_horror,4436880,The Silent Expedition Echo Protocol,"Mar 18, 2026"
coop_horror,2547710,Risky pizza delivery,Coming soon
coop_horror,3340770,Deadly Swag,To be announced
coop_horror,3667380,LAG KILLS,Q1 2027
coop_horror,4488790,VOID ANOMALY,Coming soon
coop_horror,5096400,Unhex,2027
coop_horror,3617250,Cursed Apartment,Coming soon
coop_horror,4906170,Pinched,"Oct 1, 2026"
coop_horror,3047090,Drive Out,"Sep 20, 2025"
coop_horror,3296990,Fearwoods,Q4 2026
coop_horror,4082940,Panic Protocol,Coming soon
coop_horror,4085890,Santa's Cookies,November 2026
coop_horror,3864580,P.O.N.,Coming soon
coop_horror,3832660,Claim Denied,2026
coop_horror,4826260,Kaput,To be announced
coop_horror,5064950,Pick a Door,Coming soon
coop_horror,3464150,LiarsRecipe,To be announced
coop_horror,5229620,Escape the Playground,"Oct 6, 2026"
coop_horror,4783130,One Star Hotel,Coming soon
coop_horror,4443380,REGENERATE,Coming soon
coop_horror,4886830,Dimensional Breach,Q4 2026
coop_horror,3382460,The Remains,Q1 2027
coop_horror,4237670,Submind,To be announced
coop_horror,3868030,Toastergeist,Coming soon
coop_horror,4589250,Space Jammed,To be announced
coop_horror,4909670,Have Fun Exploring,2027
coop_horror,5159800,Mutual Occult Insurance,Coming soon
coop_horror,4119710,Give Us A Sign,Coming soon
coop_horror,1789110,Gamma Nocturne 1,To be announced
coop_horror,1404490,Cursed Weekend,Coming soon
coop_horror,2958110,Deadly Descent,Coming soon
coop_horror,3344520,Backframes: Escape Together,Q4 2026
coop_horror,5091280,HOLLOWED Co.,Coming soon
coop_horror,3151700,DEEPWATER,Q4 2026
coop_horror,3118860,Meat Lovers,"Sep 2, 2026"
coop_horror,3937090,BugFixer,"Jul 13, 2026"
coop_horror,2539870,Haunt or Heist,Coming soon
coop_horror,4414800,Tutsak,Coming soon
coop_horror,4381740,Panic Point,Coming soon
coop_horror,5175450,MIDNIGHT MARKET,Coming soon
coop_horror,1917470,Into The Haunted Land,Q4 2026
coop_horror,4433420,OpTek,2026
coop_horror,2238240,Backrooms Mainframe,"Dec 23, 2022"
coop_horror,4292220,Poopnauts,Q2 2027
coop_horror,4614900,Loot Hoggers,To be announced
coop_horror,2621350,SCP: Containment Chaos,Coming soon
coop_horror,3484480,Virulent,Coming soon
coop_horror,4431610,PSYKOS,2026
coop_horror,3952820,Desserted,2026
coop_horror,4891550,Fat Chance,"Oct 29, 2026"
coop_horror,1641040,Hyde's Haunt & Seek,Coming soon
coop_horror,3636190,Nightmare Rotation,Coming soon
coop_horror,3952040,Until It Ends,Coming soon
coop_horror,1912940,SCP: Archive,Coming soon
coop_horror,5074510,Hide & Shriek,Coming soon
coop_horror,4935340,Ghost'Inn,2026
coop_horror,4349610,YOU LOSE YOU SCREAM,To be announced
coop_horror,4616950,Haunt & Hide,Coming soon
coop_horror,4989410,Backrooms 99,Coming soon
coop_horror,4545480,SYNDYX,Coming soon
coop_horror,3780250,Escape.exe,To be announced
coop_horror,4250780,Prison of Doubles,2027
coop_horror,2406230,Foviki Empieria,Coming soon
coop_horror,2794880,Station Sabotage,To be announced
coop_horror,2218200,HereWith,Coming soon
coop_horror,2731550,Ocean Gap,To be announced
coop_horror,3627560,Bounty Hunter Horrors,"Oct 10, 2026"
coop_horror,4178620,Trainrot,Coming soon
coop_horror,4380980,N.I.V.O,"Aug 12, 2026"
coop_horror,4006860,F-Rank Hunter Survivor,To be announced
coop_horror,2472810,Viral Fear,To be announced
coop_horror,4449420,Into the End (of the World),"Jul 31, 2026"
coop_horror,2875100,Somnium Tenebris,"Jul 1, 2024"
coop_horror,2626770,Yellowcake,Coming soon
coop_horror,3489210,What Lies Within,October 2026
coop_horror,4779390,Abyssal Guardians,"Oct 30, 2026"
coop_horror,4456180,Overdue,"Oct 12, 2026"
coop_horror,3963300,REPOSSESSION: Mafia Debt,To be announced
coop_horror,4534190,Dave's House,"Nov 2, 2026"
coop_horror,3360220,Run the Backrooms,"Apr 11, 2026"
coop_horror,3066870,Black Site,Coming soon
coop_horror,4367940,PC Building Nightmare,"Feb 13, 2026"
coop_horror,3099550,ZONE ONE,To be announced
coop_horror,4006130,Under The Rooftop,To be announced
coop_horror,5071050,Rigged,Coming soon
coop_horror,4944000,Once Upon a Crime,To be announced
coop_horror,3998000,Descent Below,To be announced
coop_horror,4171930,PNEUMA,2027
coop_horror,5179750,Steal Everything,Coming soon
coop_horror,5216270,Night at the Fun Park,Q1 2027
coop_horror,3369000,noox,"Oct 31, 2025"
coop_horror,5171250,Micestery Room,Coming soon
coop_horror,3712230,Pilgrim of Darkness,"Mar 6, 2026"
coop_horror,4502890,CheatCheat,Coming soon
coop_horror,4314340,The Reflection,"Oct 23, 2026"
coop_horror,3779960,C.L.U.C.K.,Coming soon
coop_horror,5052560,BOLO,Q4 2026
coop_horror,3553020,Survive The Hunt,"Jun 19, 2025"
coop_horror,1735660,Monkey Mansion,Coming soon
coop_horror,3325020,Nightmariners,"May 15, 2026"
coop_horror,1653790,Sisters of Silent Liberty Online Multiplayer Shooter REBRANDED,"Jul 8, 2021"
coop_horror,3645730,Noclip: Entity,2026
coop_horror,3567350,Deadly Joy,"May 2, 2025"
coop_horror,1644910,Nightmare Party,To be announced
coop_horror,4936650,Cult Of Echoes,"Oct 29, 2026"
coop_horror,3347910,Rat Game,"Oct 30, 2026"
coop_horror,4980660,Feed The Fire,Coming soon
coop_horror,2506680,Haunted Station,Coming soon
coop_horror,3630010,CoopRooms,Coming soon
coop_horror,4183320,DETRUST,2026
coop_horror,5272230,Station 12,Q4 2026
coop_horror,4789610,Unheenged,2026
coop_horror,4184900,Ghost Hustlers,Coming soon
coop_horror,5169390,UNDERFED,November 2026
coop_horror,4174160,Project: Doors,To be announced
coop_horror,4428700,Paranormal Division,To be announced
coop_horror,4662680,Gaslit Bay,Coming soon
coop_horror,2276880,Space Entity,To be announced
coop_horror,5203960,Monstaurant,2026
coop_horror,4799050,Slop Slop,Coming soon
coop_horror,3506830,Out of the Shadows,"Oct 20, 2026"
coop_horror,3437600,Fear Hour,2027
coop_horror,3944530,Knockless,"Nov 14, 2025"
coop_horror,2285890,The Dark Pictures Anthology: The Devil In Me - Friend's Pass,"Feb 15, 2023"
coop_horror,3977630,Liturge,"Nov 24, 2025"
coop_horror,5128190,Conehead : Earth Zero,"Feb 22, 2027"
coop_horror,5270220,Sound Bounded,October 2026
coop_horror,3545560,Ironclad,To be announced
coop_horror,4589400,SUBFLOOR,"May 3, 2026"
coop_horror,3938810,Recycling Factory2,Coming soon
coop_horror,4818670,VHS Tapes,October 2026
coop_horror,4566970,The Grounds Escape,"Apr 13, 2026"
coop_horror,5020540,Tanto,Coming soon
coop_horror,5100960,Projekt Gartenzwerg,Q1 2027
coop_horror,4840650,THAT BOMB GAME,"Nov 11, 2026"
coop_horror,3481230,Misery Nights,"Mar 9, 2026"
coop_horror,4178630,Christmas Heist,December 2026
coop_horror,1931740,Inside Us,To be announced
coop_horror,3695950,SAFE INSIDE,To be announced
coop_horror,3893890,Wizard's Oblation,"Jan 30, 2026"
coop_horror,1802640,LEVEL 2,Coming soon
coop_horror,4582040,FLOORS Together,To be announced
coop_horror,3961910,Backrooms: The Familiar Place,Coming soon
coop_horror,3901840,Urban Paranoia,Coming soon
coop_horror,3603380,Death Kitchen,"Aug 14, 2026"
coop_horror,5160660,Bunker and Friends,Coming soon
coop_horror,5123380,PITCHFORK,Coming soon
coop_horror,2196020,Disquiet,Coming soon
coop_horror,2479150,Unhuman Nightmare,"Oct 30, 2024"
coop_horror,3374090,Wishes Of Dawn,To be announced
coop_horror,3795170,Burning Out,"Aug 13, 2025"
coop_horror,2845600,Interstellar Distress,Coming soon
coop_horror,3784310,Hollow Host,Q4 2026
coop_horror,3302740,Supernatural Squad,Coming soon
coop_horror,3317570,Hell Drill,To be announced
coop_horror,3095980,Retreat,Coming soon
coop_horror,3184710,Forsaken Facilities,"Jan 26, 2026"
coop_horror,5111530,"NO CLEAN, NO EXIT",Q4 2026
coop_horror,2541520,Deep Dark Space,"Apr 18, 2025"
coop_horror,5052220,LIMINAL ROOMS,Coming soon
coop_horror,3813060,Warm,"Sep 18, 2026"
coop_horror,2902470,Maintenance Crew,"Jun 26, 2024"
coop_horror,3701830,Barks and Bytes,Q4 2026
coop_horror,3805460,Rookie Taoist,2026
coop_horror,2896330,A slightly different Backrooms,Coming soon
coop_horror,4934690,Hear the Void,Coming soon
coop_horror,4801280,Visitant,2027
coop_horror,5047450,One of You,Coming soon
coop_horror,4149370,Bad Elevator,Coming soon
coop_horror,3753490,Haze Together,Coming soon
coop_horror,4175090,Quacky Jacky,Coming soon
coop_horror,2879360,Phear,To be announced
coop_horror,3465370,Behind The Backrooms : Lost Levels,"Feb 9, 2025"
coop_horror,2684140,HOPE,Coming soon
coop_horror,2404240,Lost Soul,Coming soon
coop_horror,4607560,Crabbin' Crew,Coming soon
coop_horror,5183380,The Decree,"Sep 23, 2026"
coop_horror,2327220,Survive The Backrooms,Coming soon
coop_horror,2417560,Voidseekers,Coming soon
coop_horror,3390200,Silent Fleet,"May 1, 2025"
coop_horror,5285630,Dead Descent,To be announced
coop_horror,4574790,XENO HIVE,Coming soon
coop_horror,3193490,Another One,To be announced
coop_horror,3672980,Fishing Nightmares,2026
coop_horror,4752330,Hall Pass,Coming soon
coop_horror,1930210,Manly Mines,To be announced
coop_horror,4412090,Astral Inc.,To be announced
coop_horror,4346080,Dr.Ragnam Show,Coming soon
coop_horror,4950410,Pit Purge,"Oct 27, 2026"
coop_horror,4715980,Fathoms,To be announced
coop_horror,4071650,Stream Train,"Oct 16, 2026"
coop_horror,4287480,Backrooms Protocol,Coming soon
coop_horror,3018070,Escape Horror Online,"Feb 20, 2025"
coop_horror,3020950,Creature Park,Coming soon
coop_horror,5347730,DEEPER,October 2026
coop_horror,4588260,BRUMLEY,Coming soon
coop_horror,2962260,Recursive Riftfall,"Jun 1, 2026"
coop_horror,3097320,Pair Horror,"Jul 29, 2024"
coop_horror,2696960,The Bunker Complex,To be announced
coop_horror,2692200,Scary In The Journey,"Apr 18, 2024"
coop_horror,3012430,Grasp of Dread,Coming soon
coop_horror,3390390,Undying West,Coming soon
coop_horror,3605910,Don't Drop Dead,Coming soon
coop_horror,3870750,Ratman,Coming soon
coop_horror,3970200,Grave Whisperers,Coming soon
coop_horror,4316440,Gurney Grannies,To be announced
coop_horror,4241190,Dead Stock,Coming soon
coop_horror,4187860,Sunday Scaries,Coming soon
coop_horror,4568490,TurtleSkate,To be announced
coop_horror,4653490,BRO GHOST,2027
coop_horror,3280430,Tophet,"Mar 3, 2025"
coop_horror,4581060,Creepy Shift Online,To be announced
coop_horror,2960220,Prop Haunt,"Feb 12, 2026"
coop_horror,2179940,Brink Of Death,Coming soon
coop_horror,5317740,Something in the Rows,October 2026
coop_horror,3009750,Dimensional Phobos Threat,"Jul 29, 2024"
coop_horror,3367490,Color Escape 🌈,Coming soon
coop_horror,1441160,Haunted Experiment,To be announced
coop_horror,2747610,Night City,"Apr 26, 2024"
coop_horror,3027300,Radiation Hazard,Q4 2026
coop_horror,4541830,DEATH FROM BELOW,Coming soon
coop_horror,4172940,The Haunted Loop,2027
coop_horror,4688570,Bound By A Curse,Coming soon
coop_horror,3876030,Monkey Jump,"Nov 9, 2025"
coop_horror,3292370,SUBJECTS,2027
coop_horror,4072030,Straying Rules,2026
coop_horror,3700000,Bloodlit,"May 22, 2025"
coop_horror,3106690,Eclipse Below,"Jul 30, 2025"
coop_horror,2066000,Cops N' Zombies,2026
coop_horror,4767830,INROOMS,March 2027
coop_horror,4304880,Superalignment,To be announced
coop_horror,5093060,Always Fear The Unknown,Q2 2027
coop_horror,930880,THIS IS TORTURE TOGETHER,Coming soon
coop_horror,1766840,Witherholme,To be announced
coop_horror,3113940,Voodoom,To be announced
coop_horror,2809540,Vinlanders,Coming soon
coop_horror,2771970,Mirage : Lost in the Liminal,Coming soon
coop_horror,3450150,House of Mimics,Coming soon
coop_horror,3909600,Rot Together,Q4 2027
coop_horror,3921710,HUSH Prototype,Coming soon
coop_horror,2300130,We Are Things,To be announced
coop_horror,3617830,Scary Cargo,Coming soon
coop_horror,4697170,Memo R.I.P.,"Jul 7, 2026"
coop_horror,2261310,Tower Inc.,"Mar 19, 2026"
coop_horror,4050610,100 ROOMS,"Nov 15, 2025"
coop_horror,2353190,Night of Spirits,"Apr 10, 2023"
coop_horror,5282100,Sonus,Coming soon
coop_horror,3372990,The Backrooms: Liminalphobia,To be announced
coop_horror,4180510,Space Snatcher,Q4 2026
coop_horror,5052670,The Dead Must Rest,Coming soon
coop_horror,5043210,Pipe or Die,Coming soon
coop_horror,4280680,Dead 4 Now: Extraction,2026
coop_horror,4959400,UNCUT,Q1 2027
coop_horror,3864910,Night Sentinel,2027
coop_horror,1061240,Quiet Sleep,"Feb 3, 2021"
coop_horror,5028420,Murder Your Friends,Coming soon
coop_horror,726680,Better Together,Coming soon
coop_horror,4935330,The Backrooms : Threshold,December 2026
coop_horror,4530690,DEPLETED,"Apr 6, 2026"
coop_horror,4142480,PRICHAL,Coming soon
coop_horror,3063780,Horror Simulator VR,"May 27, 2025"
coop_horror,4211820,Backrooms (2026),Coming soon
coop_horror,2530970,Ominous,"Aug 23, 2024"
coop_horror,3339100,Demon Alive,"Oct 28, 2025"
coop_horror,4900990,MOR,"Sep 8, 2026"
coop_horror,2959560,Echoes Afterfall,"Nov 5, 2024"
coop_horror,3237460,Core Containment,To be announced
coop_horror,3726830,Interstellar Holy Spirit,"Mar 9, 2026"
coop_horror,3783800,The Infected Soul,Coming soon
coop_horror,4100250,Soultrail,Coming soon
coop_horror,4092180,Cooking Cave,Coming soon
coop_horror,4299750,Meet Mary,Q4 2026
coop_horror,4635560,FEED IT,Coming soon
coop_horror,4148510,Area58,To be announced
coop_horror,5164920,Creepy Meal,Q4 2026
coop_horror,4806910,Claims & Caverns,Coming soon
coop_horror,4818530,Blood Covenant,"Nov 1, 2026"
coop_horror,4675590,BOBA,Coming soon
coop_horror,1517090,Elevator To Hell,Coming soon
coop_horror,2891790,Traitors,To be announced
coop_horror,3769800,Elevator,2026
coop_horror,5154830,FEEDSTOCK,October 2026
coop_horror,4288130,Haunted Bar Simulator 🍻,Coming soon
coop_horror,4341010,Lost Track,To be announced
coop_horror,5128440,The Phenomenon,Coming soon
coop_horror,2947840,Dead Blue Rose,"Jun 17, 2024"
coop_horror,3115320,The Exit Protocol,Coming soon
coop_horror,1618160,WICKED,Coming soon
coop_horror,1514140,Cursed Night,2026
coop_horror,2191690,Ectoplasm,To be announced
coop_horror,2206790,Fog Horror,Coming soon
coop_horror,3185820,Buried Horrors,To be announced
coop_horror,2958550,Deeper,Q1 2027
coop_horror,1904830,Wildscape,Coming soon
coop_horror,3297290,Radiation Cleaner,Coming soon
coop_horror,3298560,RECOVERY SIERRA,Coming soon
coop_horror,4460500,Last Cleanup,March 2027
coop_horror,2785620,Backrooms #999999999,Coming soon
coop_horror,5132390,Hunting Contract,Coming soon
coop_horror,4480150,Boonies,2026
coop_horror,4523780,MINE ESCAPE,Coming soon
coop_horror,3846920,Anomaly Express,"Nov 6, 2026"
coop_horror,4420660,ZONE L.O.S.T.,"Oct 30, 2026"
coop_horror,3694420,Voidwood,2027
coop_horror,4141230,Space Delivery,Coming soon
coop_horror,5207010,Gateholt,"Oct 23, 2026"
coop_horror,2372370,Blood Moon Horror,"Oct 27, 2025"
coop_horror,2962340,Department of Collections,"Sep 25, 2026"
coop_horror,3253440,EGG RAIDERS,"Oct 30, 2024"
coop_horror,4295690,Zombies & Battery,2026
coop_horror,3438550,Fobia Fights,"Aug 6, 2026"
coop_horror,3929240,NEH,"Nov 30, 2025"
coop_horror,4924780,Wake,Coming soon
coop_horror,3994540,HUSHRUN,"Mar 27, 2026"
coop_horror,3308110,Sunset of Death,To be announced
coop_horror,2883400,Devil Must Die: The Last Supper,Coming soon
coop_horror,3814410,Gravemore,Coming soon
coop_horror,3712610,Apollyon,"Dec 3, 2026"
coop_horror,3970880,Eggspedition,2026
coop_horror,4038950,Ash Road: Infection,Coming soon
coop_horror,4370300,Exorcist Hotline,To be announced
coop_horror,2107080,PAVOR,Coming soon
coop_horror,3257620,In The Woods,To be announced
coop_horror,3375140,PROBABILITY KING,Coming soon
coop_horror,4835760,Backrooms: Splatter,2027
coop_horror,5244200,KIRR,Coming soon
coop_horror,3458050,Pan-Galactic Postal Service,To be announced
coop_horror,3058480,Rat Race Ritual,2027
coop_horror,3178670,Standing Together,To be announced
coop_horror,4221670,SLOP,Coming soon
coop_horror,4736090,Inside Job,"Nov 2, 2026"
coop_horror,3235150,Exile Protocol,To be announced
coop_horror,3383510,Expedition to Madness,Coming soon
coop_horror,3498760,Unshelved,To be announced
coop_horror,2520460,Unease,To be announced
coop_horror,4667100,They Are Lost,Coming soon
coop_horror,4567860,G.H.O.S.T. Ghost Hunt Ops Special Team,Coming soon
coop_horror,3786990,Happy Door,Q3 2027
coop_horror,4690030,Weaper,September 2027
coop_horror,3534190,YOKAI WAIFU HUNTERS,Coming soon
coop_horror,5070060,Robokitties: MEGASTRUCTURE,2026
coop_horror,4400020,The Dust Between: Observer,2026
coop_horror,5225090,BLINDSIGHT,Coming soon
coop_horror,1796310,Pamali: The Vengeful Mother,To be announced
coop_horror,4643890,Hantu and Hunted,"Dec 2, 2026"
coop_horror,3366370,UnderMire,To be announced
coop_horror,3044610,Avalon Crew,Coming soon
coop_horror,4132290,FEARMATES,Q4 2026
coop_horror,4228630,QUIET,Q1 2027
coop_horror,5175610,The Next Stop,October 2026
coop_horror,4786810,P.O.P: Price of Penance,Coming soon
coop_horror,3660410,UNCONTROLLED,Coming soon
coop_horror,2453430,Daedalus: You Have Been Chosen,To be announced
coop_horror,2948690,Enigma Of Forest,Coming soon
coop_horror,3536710,Blackchapel,Coming soon
coop_horror,4443820,Silentia,2026
coop_horror,4062150,Notary Block,Coming soon
coop_horror,5102360,THE OCCULT PROTOCOL,Coming soon
coop_horror,4207530,Sip Or Die,To be announced
coop_horror,5000870,BreathBound,Coming soon
coop_horror,3688240,Pipes.exe,Coming soon
coop_horror,4703930,Grilluminati,Q4 2026
coop_horror,3298920,psy-relic,2027
coop_horror,4426920,Werewolf Hunter: Night of Horror,To be announced
coop_horror,3362340,Survive Society,"May 7, 2025"
coop_horror,5124650,Ritual Disorder,Coming soon
coop_horror,3244990,Unreality: Beyond Worlds,To be announced
coop_horror,1607770,Endless Zombie Tower,"Dec 17, 2021"
coop_horror,4448840,MAINTAINER,Coming soon
coop_horror,4206850,R.I.P.,"Aug 7, 2026"
coop_horror,2909140,Unknown Rules,"May 29, 2024"
coop_horror,5059340,Hush Piñata,"Nov 2, 2026"
coop_horror,3408540,COCO,Coming soon
coop_horror,4161320,Spectral Report,2026
coop_horror,3216370,Colony X,Coming soon
coop_horror,4426300,Subcontractors,Coming soon
coop_horror,4484900,Crazy Test,Coming soon
coop_horror,4684050,Pada Pada Extraction Team,To be announced
coop_horror,3382670,Polterparty,"Nov 2, 2025"
coop_horror,2268260,Samhain,Coming soon
coop_horror,3232000,echo//shredd,2026
coop_horror,3278260,Lucipurr,Coming soon
coop_horror,3013790,Omnicopia,Coming soon
coop_horror,3547430,Hell Moon Harvest,Coming soon
coop_horror,1572150,The Monster Mole,"Jul 21, 2022"
coop_horror,1900080,The Night Watch,Coming soon
coop_horror,4733080,Simulacre,Q1 2027
coop_horror,4757680,Senip,Coming soon
coop_horror,4655080,AbsurDock,Coming soon
coop_horror,4716690,F.A.G.E.N.,Coming soon
coop_horror,5088660,Dungeon Miner,November 2026
coop_horror,4353060,BOOMER,Coming soon
coop_horror,4050910,FLOOR 100,Coming soon
coop_horror,4067630,Wetland,To be announced
coop_horror,4347010,Just One Bite,"Nov 2, 2026"
coop_horror,3078760,LIVING HELL,2026
coop_horror,2303200,DarkSwarm,To be announced
coop_horror,4414560,CORDURA,To be announced
coop_horror,3592220,Breaking the Grip,"Apr 3, 2025"
coop_horror,4265400,BELOW,2027
coop_horror,4172400,Desperate Civilization,"Sep 30, 2026"
coop_horror,2634870,Hazard Protocol,April 2027
coop_horror,1550130,Visions of Evil,Coming soon
coop_horror,2137540,Light In Blood,Coming soon
coop_horror,1741270,Solomon Division,To be announced
coop_horror,1683970,Misguidead,Coming soon
coop_horror,2633940,Byte Breach,Coming soon
coop_horror,2886060,The Backrooms Company,Coming soon
coop_horror,3019060,7Years,Coming soon
coop_horror,2379500,Lucerna,To be announced
coop_horror,2405730,NMO - No More Operators,"Mar 19, 2025"
coop_horror,3736480,Ivory Cage,To be announced
coop_horror,4508450,Death Dealer,"Nov 4, 2026"
coop_horror,4527360,Nifland,2026
coop_horror,4959650,P.R.O.E.B.,To be announced
coop_horror,5141350,MechInfection,Q4 2026
coop_horror,5015170,Hotel Stardust,To be announced
coop_horror,2948120,Cursed Profit,"Oct 23, 2026"
coop_horror,5033840,Hallness,Coming soon
coop_horror,1935810,Diamond Hunt,"Sep 24, 2026"
coop_horror,2405640,VISK,2026
coop_horror,4251030,Maledictum,Q1 2027
coop_horror,4640600,In Us,2026
coop_horror,4667450,Backrooms: Savior,"Mar 8, 2027"
coop_horror,4824910,Tabernacle,Q1 2027
coop_horror,3919430,Urbexophobia,Coming soon
coop_horror,2606850,Mimic,"Oct 27, 2026"
coop_horror,2662310,Crewed,To be announced
coop_horror,2160190,Journey Into Darkness,"Jun 23, 2023"
coop_horror,1662940,Anatomy of Fear,"Jan 26, 2022"
coop_horror,4109600,Requisition VR: Hunt & Extract,"Nov 12, 2025"
coop_horror,2726270,Save Elizy,Coming soon
coop_horror,2996390,Scavenged By Sunset,Coming soon
coop_horror,5131030,Who Is Wrong,Coming soon
coop_horror,3545200,Space Dingus,To be announced
coop_horror,3237420,Lost Shadows,Coming soon
coop_horror,5175840,The Extractors,Coming soon
coop_horror,4050310,Dead by Instinct,"Mar 7, 2026"
coop_horror,1825020,Forbidden,Coming soon
coop_horror,4871080,SHARDS,Coming soon
coop_horror,5271790,SAR: DEAD SIGNAL,Coming soon
coop_horror,3515560,Sprunki Horror Towers,"Jun 26, 2026"
coop_horror,3862890,REAP: We Reap What Crawls,"Mar 13, 2026"
coop_horror,2672260,Evil Corporation,"Aug 31, 2024"
coop_horror,3635540,Spectral Protocol,Coming soon
coop_horror,3271950,VYJAZD,"Nov 14, 2025"
coop_horror,3504460,Raiders of the Apocalypse,"Mar 14, 2025"
coop_horror,4818920,ABYSS,"Oct 30, 2026"
coop_horror,2207920,Unsure,To be announced
coop_horror,3801370,Backrooms: Recode,"Aug 9, 2025"
coop_horror,4123860,Nightmarise,"Nov 27, 2025"
coop_horror,2133810,"Sorry, Wrong Door",Coming soon
coop_horror,3118840,Sibir,Q4 2026
coop_horror,3675340,Killing Things With Your Friends,2027
coop_horror,2774130,Plagueborn,Q1 2027
coop_horror,4208920,Corrupted Veil,To be announced
coop_horror,2194570,Blood Red,"Oct 20, 2023"
coop_horror,1968300,Ambushed,"Nov 4, 2022"
coop_horror,2002730,Tales of Violet Valley,Coming soon
coop_horror,2870080,Hellrooms,Coming soon
coop_horror,2870120,Paranatural,Coming soon
coop_horror,2947710,DuckTape Inc.,Q4 2026
coop_horror,2558150,Time For Revenge,Coming soon
coop_horror,3835840,VULTURE,To be announced
coop_horror,3659130,Star Loot,Coming soon
coop_horror,3705780,O.S.A.,To be announced
coop_horror,2850960,They Speak To Us,To be announced
coop_horror,3439540,Pigkaboo,Coming soon
coop_horror,3367710,The Abyss Break,2026
coop_horror,3431620,Kowloon 666,2026
coop_horror,1805740,Snowstorm of despair,Coming soon
coop_horror,2115810,Forest Terror 2,Coming soon
coop_horror,4286050,Redast,Q4 2026
coop_horror,3562400,Dead Haul,To be announced
coop_horror,4634660,Your Friends Vs Hidebehind,"Oct 26, 2026"
coop_horror,3886700,"Starlight, Inc",To be announced
coop_horror,4687570,DIG! DIG! DIG!,2026
coop_horror,4662170,Larva,Q1 2027
coop_horror,3956540,Radio Decay,Coming soon
coop_horror,3972140,Shifting Chambers,To be announced
coop_horror,3372630,Project Plague,To be announced
coop_horror,3196390,Gorecam,2027
coop_horror,1761340,Madnessarum,Coming soon
coop_horror,2546650,Breach Signal,2027
coop_horror,5113760,Echo Mates,Coming soon
coop_horror,4277590,Soul Hunter,Coming soon
coop_horror,3883570,Invokyr,"Oct 8, 2026"
coop_horror,5259850,Holy Shroom!,"Oct 23, 2026"
coop_horror,1593010,The Store is Closed,To be announced
coop_horror,3050090,Thalassomania,To be announced
coop_horror,4738990,Purge Directive,"Jun 19, 2026"
coop_horror,5199280,DOOM MATES,"Oct 26, 2026"
coop_horror,3237440,Support,"Oct 18, 2024"
coop_horror,1664810,Gluua,"Feb 28, 2024"
coop_horror,5001350,Sinever: First Seal,Coming soon
coop_horror,5210970,Samt,Coming soon
coop_horror,2327140,Daemonium,"Oct 31, 2024"
coop_horror,2315100,The Great Smog,"Oct 31, 2025"
coop_horror,2540540,Escape Hades's jails VR,"Oct 31, 2024"
coop_horror,2702920,Cozy Escapes,"Jun 26, 2024"
coop_horror,3383720,Slumber Party,"Nov 16, 2025"
coop_horror,4995400,Broken Pixel,"Aug 19, 2026"
coop_horror,3424870,The Throng,"Mar 11, 2025"
coop_horror,3433640,Mining Company,"Apr 29, 2025"
coop_horror,2634700,I Want To Go Home,"Oct 30, 2024"
coop_horror,4756220,Killer Maid Cafe,Coming soon
coop_horror,4456030,Hauntrap,Coming soon
coop_horror,4932360,Gloam,Coming soon
coop_horror,4560180,Alyanom,Coming soon
coop_horror,4613790,Spooky Ride,"Oct 29, 2026"
coop_horror,1796280,I Witness,Coming soon
coop_horror,3198880,DAWN,Coming soon
coop_horror,3004020,Creepy Tales,Coming soon
coop_horror,4099970,Frankenstein's Monster,2027
coop_horror,4163750,Us or Them,Coming soon
coop_horror,3082910,Classified Chaos,"Mar 5, 2027"
coop_horror,2545130,Zombie Horde Dominator,"Sep 8, 2023"
coop_horror,2250740,Waning Moon,Coming soon
coop_horror,4714590,Fix-it Corp.,Coming soon
coop_horror,4952920,Dissonance,Coming soon
coop_horror,4845300,Besetmere Forest,"Aug 26, 2026"
coop_horror,3145830,Zombie House Siege,Coming soon
coop_horror,4179600,DELVERS,Coming soon
coop_horror,4386680,Anywhere,To be announced
coop_horror,4830110,Did You See That?,"Dec 7, 2026"
coop_horror,4306070,Catch Meow If You Can,"Oct 29, 2026"
coop_horror,2076980,Final Night At Hotel,Coming soon
coop_horror,3200600,Gräuel: Supporter Edition,Coming soon
coop_horror,2270270,Guest Uncovered,Coming soon
coop_horror,2572540,Mutants Of Mist,To be announced
coop_horror,2310390,Anomaly Manor,To be announced
coop_horror,2511430,The Mirror Dimension,2026
coop_horror,4171740,TRAP,To be announced
coop_horror,4154290,REC in Peace,Coming soon
coop_horror,3661410,Neighborhood Watchers,To be announced
coop_horror,5029430,Empty House,Q4 2026
coop_horror,4840700,The Boo Club,Coming soon
coop_horror,4272370,Coal Duty,October 2026
coop_horror,3377450,UNFROST,Coming soon
coop_horror,1808160,Demon Spore,2026
coop_horror,1932380,Sucronomicon,To be announced
coop_horror,4891990,IMITATORS,Coming soon
coop_horror,4702450,Keepers of Kur,Coming soon
coop_horror,2087540,Escape from Playtime,"Oct 21, 2026"
coop_horror,4087710,Burrows,To be announced
coop_horror,4798950,Doldrums,Coming soon
coop_horror,2303780,PHOTONS,To be announced
coop_horror,3391470,A Monkey's Adventure,Coming soon
coop_horror,1734260,Prairie,Q4 2026
coop_horror,4393920,DEAD BLIND,Q1 2027
coop_horror,4635290,Grave Mistakes,November 2026
coop_horror,1756230,"Light, Dark or Hrak?",Coming soon
coop_horror,2191180,Little Devil,"Nov 8, 2022"
coop_horror,3091410,SCP: Run For Freedom,Coming soon
coop_horror,3195250,Purge Inc.,Coming soon
coop_horror,3682740,NINA: The Wedding of Shadows,Coming soon
coop_horror,4212940,Sepium,2026
coop_horror,5000170,BORE,"Nov 24, 2026"
coop_horror,3809820,Expendabots,2026
coop_horror,4123800,The Road,To be announced
coop_horror,4288220,Gag Order,2026
coop_horror,2641930,Ghost Hunters,"Feb 29, 2024"
coop_horror,2342260,Haunted: The Chronicles,To be announced
coop_horror,3456650,Devil's Crew,To be announced
coop_horror,5120290,Night Alley : ตรอกลวง ดวงดับ,"Sep 18, 2026"
coop_horror,3628360,Backrooms: No Way Out,"Mar 27, 2026"
coop_horror,4751660,Screamcorp,To be announced
coop_horror,5221820,Harvestin Season,Q1 2027
coop_horror,4745200,NUNBORA: Frostblind,To be announced
coop_horror,1964830,Backrooms: Perpetual,Coming soon
coop_horror,4138130,Blackroots,2027
coop_horror,3391000,UNDISCLOSED,To be announced
coop_horror,3905070,Treasure Cove,Coming soon
coop_horror,3166140,Fallen Lean,"Sep 9, 2024"
coop_horror,3961850,Void Raid,Q4 2026
coop_horror,3988220,KAKUREONI: Hide-and-Seek Horror,Coming soon
coop_horror,5146720,Fickle Allies,"Sep 30, 2026"
coop_horror,4553030,Final Assembly,Q4 2026
coop_horror,1583090,GIRL.EXE,"May 14, 2026"
coop_horror,4327300,Silicon Gate,Coming soon
coop_horror,2056510,THE HUNTED: SHADOWS OF DESPAIR,Coming soon
coop_horror,2182770,Escape From Zombies,"Nov 8, 2022"
coop_horror,4597410,Midnight Hotel,2027
coop_horror,4753380,My Toxic Darling,"Aug 17, 2026"
coop_horror,2540450,The Unseen,Coming soon
coop_horror,3194090,Paraxima,Coming soon
coop_horror,4269150,Campwood,Coming soon
coop_horror,731340,EscapeNET,Coming soon
coop_horror,1481260,Fantasma,Coming soon
coop_horror,3299470,Soup N' Shots,Coming soon
coop_horror,3076710,Evil Dark,Coming soon
coop_horror,2550460,The Johnny Papa,"Oct 22, 2023"
coop_horror,2895580,Trail of the Cryptid,Coming soon
coop_horror,3347960,BackRooms X,To be announced
coop_horror,2723370,Voiceless,November 2026
coop_horror,3472960,Untold Depths,Coming soon
coop_horror,3269410,StellarGrift,"Nov 8, 2024"
coop_horror,2616040,Infected: Outpost,"Dec 1, 2023"
coop_horror,3688770,NeuroCorp,To be announced
coop_horror,3722740,Together We Die,Coming soon
coop_horror,4699560,Anomaly Sector,To be announced
coop_horror,3770230,Maze of Terror,Coming soon
coop_horror,4393820,False Positive,Coming soon
coop_horror,3351260,H.A.I.N,To be announced
coop_horror,2136340,KAKURIYO,Coming soon
coop_horror,4755250,ROMUL,"Oct 27, 2026"
coop_horror,4519930,Clifton,Q4 2026
coop_horror,3859060,SCP: Scavenger Project,2026
coop_horror,3587020,Dream Eaters.exe,Coming soon
coop_horror,3673500,BACKROOMS,November 2026
coop_horror,3474070,Magnavis,To be announced
coop_horror,4113160,Begraved,2027
coop_horror,2434930,Blue Ridge Hunting,"Oct 20, 2026"
coop_horror,4211350,MAEVOR,April 2027
coop_horror,2398920,PREDATORS,2026
coop_horror,3302230,Buried Whispers,To be announced
coop_horror,2549040,Night of the Slayers,Coming soon
coop_horror,3885940,Slashzone,To be announced
coop_horror,2083940,DROSS,2026
coop_horror,3483800,Rob the Dead,To be announced
coop_horror,4042470,Moon Veil,Coming soon
coop_horror,3134820,Yurko,Coming soon
coop_horror,4784820,Eldritch Tricks,October 2026
coop_horror,4767630,Plague Crew,To be announced
coop_horror,2691530,RAILRIDERS,To be announced
coop_horror,4393700,Elderfeast,2027
coop_horror,4661450,MAREGROSSO,To be announced
coop_horror,2372480,Project Otherside,"Nov 3, 2024"
coop_horror,4455810,WPCA: World Phasebound Control Authority,To be announced
coop_horror,4896710,The Labyrinth,"Jul 31, 2026"
coop_horror,1500320,Flykt,"Mar 12, 2021"
coop_horror,2792500,Our Doomed Bunker,"Jul 11, 2025"
coop_horror,2435250,Highschool53,To be announced
coop_horror,4459600,PICK A BOO,To be announced
coop_horror,3941960,Ghost Hunter,February 2027
coop_horror,4526530,Biohazard Protocol,2026
coop_horror,2995920,It Takes Two Friend's Pass,"May 25, 2021"
coop_horror,3820880,Rush Roulette,"Nov 20, 2025"
coop_horror,4213030,Deadhikers,To be announced
coop_horror,3010560,Blessed Curse,"Oct 1, 2024"
coop_horror,1530000,The Menacing,To be announced
coop_horror,3899600,Wrong House,Coming soon
coop_horror,3560470,Chains of Reality,December 2026
coop_horror,4668880,Silk & Sorrow,2027
coop_horror,4582220,Patient 0,To be announced
coop_horror,4896820,We'll Be Fine,Coming soon
coop_horror,5342740,Halloween Survival,October 2026
coop_horror,2215790,Gräuel,Coming soon
coop_horror,2756050,EXTANT: Zombie Eradication Co-op Simulation,Coming soon
coop_horror,3339820,The Null Frequency,Coming soon
coop_horror,4653910,Bone Stuff,Coming soon
coop_horror,4232310,StalSide,"Dec 10, 2026"
coop_horror,5208530,SCP: Contain and Extract,"Nov 13, 2026"
coop_horror,2861080,Haunted Paws,To be announced
coop_horror,2262890,Whispers in the Dark,"Jul 15, 2025"
coop_horror,3279150,Rusty Coffin,"Dec 12, 2024"
coop_horror,3348260,Cultprits,To be announced
coop_horror,3978820,Rules of Engagement: The Grey State,To be announced
coop_horror,2932790,Pills of Dreams,Coming soon
coop_horror,3434490,Scary Ferry,To be announced
coop_horror,3996870,S.M.P.C.U. - Special Monster Pest Control Unit,To be announced
coop_horror,1437480,Cultus,"Oct 20, 2020"
coop_horror,3981970,Platform Anomaly,Coming soon
coop_horror,2700560,Expedition: Backrooms,Coming soon
coop_horror,5160050,Don't Forget the Train,Coming soon
coop_horror,4629920,Backrooms: Echo,2026
coop_horror,4372950,Cave Expedition,To be announced
coop_horror,2215050,Backrooms Chained Together,Coming soon
coop_horror,2302120,Infinitum: The Backrooms Story,To be announced
coop_horror,2990360,Nemiza's Verdict,To be announced
coop_horror,4383310,GraveDiggers,April 2027
coop_horror,3669180,Shift 0,Coming soon
coop_horror,4688730,8 Hours Till Dawn,"Oct 27, 2026"
coop_horror,1550820,Quantum Echo,Coming soon
coop_horror,4362490,99 NIGHTS IN THE APOCALYPSE,Q4 2026
coop_horror,4914220,Trials Of The Forsaken,Coming soon
coop_horror,5080290,Cardrooms,Q4 2026
coop_horror,5210830,The Halloway Haunting,Q4 2026
coop_horror,5276600,Haunted Movers,Coming soon
coop_horror,3836380,Trust Me,To be announced
coop_horror,2899880,"Monkey See, Monkey Doo, Monkey Kiss You","May 14, 2026"
coop_horror,3268130,Endless Shift,Coming soon
coop_horror,2097210,You Can't Scare Me,Coming soon
coop_horror,3912320,C.R.E.E.P,Coming soon
coop_horror,4805600,Scavenge Protocol,"Aug 1, 2026"
coop_horror,5077140,L.O.S.T.,Coming soon
coop_horror,3802260,Backrooms: Flicker,"Oct 20, 2025"
coop_horror,4009480,Morbus,"Jun 15, 2026"
coop_horror,4721000,Backrooms: Blackhole,"Jun 5, 2026"
coop_horror,2940280,Escape the Floor,To be announced
coop_horror,2436350,18 Levels of Hells,"Jun 26, 2023"
coop_horror,2256350,Hunt or be Haunted,To be announced
coop_horror,3975570,Terminal 13,Coming soon
coop_horror,2411280,The Bornless,2026
coop_horror,2248290,Sparky Marky Online: Do you see Sparky?,Coming soon
coop_horror,3949460,Phantom Fools,"Jun 18, 2026"
coop_horror,3352950,Paradox,Coming soon
coop_horror,4314740,Malignant,Coming soon
coop_horror,1774880,Blight: Survival,To be announced
coop_horror,4361980,Veneer Vølt,To be announced
coop_horror,2662190,Follow The Rules,To be announced
coop_horror,5064890,7 Sins,To be announced
coop_horror,2228310,GHOST FAKE,"Apr 21, 2023"
coop_horror,3563590,Crew: Expendable,Coming soon
coop_horror,4113580,D.U.M.B,"Mar 19, 2026"
coop_horror,5334160,Terminal 9,Coming soon
coop_horror,3113330,Space Cleaners,Q4 2026
coop_horror,2234550,The Unknown,"Jun 18, 2023"
coop_horror,3085900,Reclamation Crew,To be announced
coop_horror,3094400,Dead Ends,To be announced
coop_horror,1441560,Beast Nature,Coming soon
coop_horror,1419390,We Survive Tonight,Coming soon
coop_horror,3451820,Plates of Peril,Coming soon
coop_horror,2336820,Oni Academy,Coming soon
coop_horror,4101750,PHOBOS,"Oct 14, 2026"
coop_horror,4622680,LiniMall,To be announced
coop_horror,4653240,HALLS,To be announced
coop_horror,3612300,Fool's Trigger,Coming soon
coop_horror,3664650,Dreadmark Outlaws,March 2027
coop_horror,3314270,Planetary Delivery Boys,2026
coop_horror,4227030,ABISMO,Q1 2027
coop_horror,4727690,S.I.F: The Missing Rescue,Coming soon
coop_horror,2967220,yan魇: Parasomnia,To be announced
coop_horror,4178540,END US,Q4 2026
coop_horror,2562390,Benny's Backrooms,"Oct 27, 2026"
coop_horror,2665020,Milo,"Oct 29, 2026"
coop_horror,763310,Projekt Z: Beyond Order,To be announced
coop_horror,3404880,Someone's Inside Me,To be announced
coop_horror,3620240,Yots,Coming soon
coop_horror,2478840,Demon's Blood,"Nov 8, 2023"
coop_horror,2286380,9 Realms,Coming soon
coop_horror,3524280,Project FD,Coming soon
coop_horror,3578350,Shout Out!,To be announced
coop_horror,4252280,Quack Hunters,Coming soon
coop_horror,2828620,XGUN,Q4 2026
coop_horror,3193920,Fatal Train,"Oct 15, 2026"
coop_horror,4204430,Maum,2026
coop_horror,2413450,Mortified,Coming soon
coop_horror,2988050,Little Red,"Jul 9, 2026"
coop_horror,3705550,Internal Incident,"May 25, 2026"
coop_horror,3299510,Soul Walker,Coming soon
coop_horror,4072600,Let Me Catch You,"Feb 9, 2026"
coop_horror,1300480,The Cleanup Crew,Coming soon
coop_horror,3836350,Tainted ground,To be announced
coop_horror,4974960,The Last Station - Baku,"Oct 30, 2026"
coop_horror,4570020,FOURSAVENT,"Oct 28, 2026"
coop_horror,2101750,Thousands Rooms Under The Reality,To be announced
coop_horror,3146550,100 SCREAMERS,Coming soon
coop_horror,3480600,Ghosts & Gasoline,To be announced
coop_horror,4510990,Ward Zero,2026
coop_horror,4309950,SESSION // ZERO,Coming soon
coop_horror,4462560,Incog-Confine,Q4 2026
coop_horror,2731260,Lunar Resilience,To be announced
coop_horror,4132210,Zombie Hamsters,"Nov 6, 2026"
coop_horror,5050510,Attention Shoppers,Coming soon
coop_horror,2739940,Immortal Emptiness,To be announced
coop_horror,5013410,TIDE OR HIDE,Q4 2026
coop_horror,4843960,BORE to the CORE,Q4 2026
coop_horror,3666790,In Time,Coming soon
coop_horror,3971420,Hidden Nature,Coming soon
coop_horror,4260300,Tombbound,Q4 2026
coop_horror,2640880,Eerie Desolation,Coming soon
coop_horror,4419310,Cursed Carts,Q4 2026
coop_horror,3918400,Embrace the Chaos,To be announced
coop_horror,3593290,The Town That Died In The Night,December 2026
coop_horror,2265730,Evil Evo,To be announced
coop_horror,3480910,Shipping Nightmares,Coming soon
coop_horror,3838660,BPROOF,"Oct 5, 2025"
coop_horror,2191590,Project Glasloc,Coming soon
coop_horror,4156450,Peace Dice,"Aug 21, 2026"
coop_horror,2706230,Purgatory Salvation,"Jan 16, 2024"
coop_horror,3727580,Recall News,Coming soon
coop_horror,2234920,Holiday Haywire,"Nov 14, 2025"
coop_horror,2563230,Skeletons Uprising,To be announced
coop_horror,3100940,Hyperacusis,To be announced
coop_horror,2068380,SCP: Directive Nine,To be announced
coop_horror,3022470,Rotten Sails,2026
coop_horror,4887280,Marrowood,2027
coop_horror,2295150,Dragonfall,Coming soon
coop_horror,3423980,Granny Remake: 2,Coming soon
coop_horror,4024590,Whisper Protocol,To be announced
coop_horror,2519700,Convicted,To be announced
coop_horror,1532060,Gone Upstate 2 : Big Sky Country,Coming soon
coop_horror,3912430,Killer Island,"Mar 13, 2026"
coop_horror,4726300,BloodJack,2026
coop_horror,4782210,PropAlive,Coming soon
coop_horror,4101920,Blight Doctors,Q1 2027
coop_horror,3095020,Madness Afloat,2027
coop_horror,2871520,Deep Dish Dungeon,"Oct 13, 2026"
coop_horror,3401960,JOIN US,March 2027
coop_horror,3644020,Cleaner Company,2026
coop_horror,4097280,Resonant Q,To be announced
coop_horror,4953420,Castronauts,Coming soon
coop_horror,3732860,Sunken Graves,Coming soon
coop_horror,4328150,Shmoblins,To be announced
coop_horror,4512340,Headshot Holdout,"Nov 11, 2026"
coop_horror,4984610,Hazard Crew,"Oct 25, 2026"
coop_horror,3576670,PATIENT ZERO,2026
coop_horror,4044500,Your Move,"Nov 21, 2025"
coop_horror,2901570,Footage,"Nov 28, 2024"
coop_horror,2561660,HUNTERS: Uprising,Coming soon
coop_horror,1824090,Goose vs Zombies,"Mar 4, 2026"
coop_horror,3682950,B.O.O. Squad,Coming soon
coop_horror,4293560,Revil Bone,2026
coop_horror,5298360,Reverie,To be announced
coop_horror,2511300,CODE EXIT,2027
coop_horror,2768300,SCP,Coming soon
coop_horror,3744040,Kaidan,To be announced
coop_horror,824690,Oroborus: Planes Of The Dead,To be announced
coop_horror,3164010,Code 87,Coming soon
coop_horror,3563570,The Biggest Fool: DURAK,Coming soon
coop_horror,2809380,Last Frontier,Coming soon
coop_horror,4278250,Amusement Maze,Coming soon
coop_horror,3921280,Project Zarya,August 2027
coop_horror,5114740,Don't Wake the King,Coming soon
coop_horror,3850670,HAUNTED: Escape the Dollhouse,To be announced
coop_horror,3523630,Stuck In The Backrooms,Q4 2026
coop_horror,2770410,SpiritScape,"Aug 12, 2024"
coop_horror,4074680,The DeadLine,"Jul 19, 2026"
coop_horror,4430640,Ripple Runners,To be announced
coop_horror,4380020,"It’s magic, bro!",To be announced
coop_horror,3738570,Maniac: Hunt or Be Hunted,"May 29, 2025"
coop_horror,4895520,Backrooms Manager - Together,"Aug 14, 2026"
coop_horror,3055150,R.E.A.P.E.R. Corp.,Q4 2026
coop_horror,4375530,Hansel And Gretel,To be announced
coop_horror,5317610,Entity Unknown,Coming soon
coop_horror,2176500,Rickstones,To be announced
coop_horror,3120190,The Last Train,"Aug 7, 2024"
coop_horror,3637950,Connected Together,Coming soon
coop_horror,4682910,Hide or Seek: Container Island,2026
coop_horror,3944810,Escape the Maze,"Sep 11, 2025"
coop_horror,3539120,Vampire's Castle,To be announced
coop_horror,1910410,Survive The Backrooms!,Coming soon
coop_horror,3327430,Carcass Clad,To be announced
coop_horror,2562910,Creatures of the Night,Coming soon
coop_horror,4272440,Pump Crew,To be announced
coop_horror,2873750,Pool of Madness,"Nov 13, 2026"
coop_horror,3985160,The Last Manifest,Coming soon
coop_horror,5021900,Cases from the Murder Wagon,2027
coop_horror,1760150,Realm of the Undead,Coming soon
coop_horror,5258640,Roguerooms New Management,To be announced
coop_horror,4381330,Disharmony,"Jun 12, 2026"
coop_horror,3948160,Waste The Fallen,Coming soon
coop_horror,4346780,Supernatural Haven,Q4 2026
coop_horror,5303570,Fading Day,Coming soon
coop_horror,4474590,HUSH,2026
coop_horror,3746230,Withering Horrors,"Dec 13, 2025"
coop_horror,4536700,The Death Archive,To be announced
coop_horror,2691550,Parisyte,To be announced
coop_horror,3473900,Backrooms The Silent Mirror,Coming soon
coop_horror,2472820,Hunt Grounds,"Oct 20, 2025"
coop_horror,3147200,Bloody Cleanup,Coming soon
coop_horror,4155850,Spectre Report,Coming soon
coop_horror,3639240,We Are Busy Digging A Hole,"Jun 17, 2025"
coop_horror,3338020,Bloodstone Rising,2027
coop_horror,3107810,Stranded With Darkness,"Jul 1, 2025"
coop_horror,1509050,Space of Retaliation,"Jan 21, 2021"
coop_horror,5179420,Project Screams,Coming soon
coop_horror,3937290,Phase Party,"Aug 17, 2026"
coop_horror,3960160,Mad Cleaners,"Oct 30, 2025"
coop_horror,5148480,Filthy Liars,Coming soon
coop_horror,3488690,Vision Quench,Coming soon
coop_horror,4312190,CRACK,"Oct 26, 2026"
coop_horror,2909320,Star Crew,To be announced
coop_horror,4901810,HakoAtama,Coming soon
coop_horror,2582960,NAKWON: LAST PARADISE,To be announced
coop_horror,3547640,Northwick,Coming soon
coop_horror,2216840,BACKROOMS: NO RETURN,Coming soon
coop_horror,1449840,Escape Together,Coming soon
coop_horror,4597140,Descent,To be announced
coop_horror,2900600,Anomaly Escape,"Jun 8, 2024"
coop_horror,3473200,LIMINAL HELL,To be announced
coop_horror,3673110,Backrooms: Prop Hunt,Coming soon
coop_horror,1362070,Maenovan,Coming soon
coop_horror,1887380,Fynite,To be announced
coop_horror,2778840,Dustmen,Coming soon
coop_horror,3142980,Room Invaderz,Coming soon
coop_horror,3960460,SCP: Hellfire,Coming soon
coop_horror,2410080,The Dusk Alliance,To be announced
coop_horror,3404480,Grimm Work,"Jul 14, 2026"
coop_horror,1585430,Long Drive Island,To be announced
coop_horror,3517560,Undead Presidents,Coming soon
coop_horror,4434910,HollowCity:EscapeFromSeoul,Coming soon
coop_horror,1596360,Unnatural Investigations,"Mar 23, 2025"
coop_horror,1924470,Cursed Dungeon Raider,2027
coop_horror,1839710,Alchemists,"Feb 21, 2025"
coop_horror,1966610,HRS: devil game I,"Jul 7, 2022"
coop_horror,4114540,🥔 Not So Hot Potato: 2025 Final Boss 🥔,"Dec 7, 2025"
coop_horror,2372930,BLOODMIST,To be announced
coop_horror,5042850,Detour,To be announced
coop_horror,3648840,SPIDER HOTEL,2026
coop_horror,5126510,Overdue,Coming soon
coop_horror,5168580,Blooby Idle,October 2026
coop_horror,2571140,Escape Z,"Jun 14, 2025"
coop_horror,4489570,One Man's Trash: Pawn Shop After Dark,"Sep 10, 2026"
coop_horror,1097270,Forgotten,"Jul 2, 2019"
coop_horror,2377340,SwarmsurgE,"Sep 8, 2023"
coop_horror,2738120,G.O.O.D. Labs,Coming soon
coop_horror,5212710,Tragedy for Two,Coming soon
coop_horror,1014980,n/a,Coming soon
coop_horror,4781630,Cult Runners,To be announced
coop_horror,4043610,Survival Menu Live,2026
coop_horror,4245170,The Urbexan Files,2027
coop_horror,1709830,Memories of War Undead Decimation,"Dec 1, 2021"
coop_horror,2679320,Paranormal Capture Investigation,Coming soon
coop_horror,4846920,PropHaunt,To be announced
coop_horror,1780680,Dreadful Wake,Coming soon
coop_horror,3684850,The Haunted Riddle,To be announced
coop_horror,4643550,Madness Survivors: A Case Gone Dark,Coming soon
coop_horror,2892910,Strike Team Delta,"Jul 26, 2024"
coop_horror,1456250,Monstermoerder,"Nov 18, 2020"
coop_horror,1640110,Ectocrosis,To be announced
coop_horror,2635990,Girls And Robots 2,Coming soon
coop_horror,2753510,Orbital Intruder,Coming soon
coop_horror,4204240,Liar's Lift,2026
coop_horror,5116080,Civil Twilight,Q1 2027
coop_horror,4136620,Emissary One,Q1 2027
coop_horror,1640700,The Ghost - Task of the Ghost Hunters,"Jun 2, 2023"
coop_horror,2389420,The Last Z VR,Coming soon
coop_horror,4546540,Afterlight Survival,Coming soon
coop_horror,2671090,Death Front,To be announced
coop_horror,4249610,Sleep Outbreak,Coming soon
coop_horror,3996350,Sawad | سواد,Coming soon
coop_horror,3655170,Breaking Squad,Coming soon
coop_horror,3408210,PROXIMITY ALERT,Coming soon
coop_horror,2673870,Halloween Online Horror Night,Coming soon
coop_horror,1892780,Zombielantis,Coming soon
coop_horror,5147810,Void Sector,Coming soon
coop_horror,4210260,Project: Station,"Aug 28, 2026"
coop_horror,3675630,Another Day to Die,Coming soon
coop_horror,4537000,Tab + Notch,"Apr 30, 2026"
coop_horror,4268430,Midnight Kebab,"May 15, 2026"
coop_horror,2356140,Malice,"Oct 25, 2023"
coop_horror,4112500,Wolfsbane Manor,Q4 2026
coop_horror,2129140,My House Is Haunted,"Oct 28, 2022"
coop_horror,616220,Hide vs. Seek,"Aug 7, 2017"
coop_horror,3964500,Lost In The Backrooms: Day 100,"May 26, 2026"
coop_horror,1278720,Escape from Durka,Coming soon
coop_horror,4644500,Fearless Crew,2026
coop_horror,2150810,Amorphous,To be announced
coop_horror,2974690,Yokai Unbound,Coming soon
coop_horror,2627040,Uncontained,"Nov 10, 2023"
coop_horror,4669030,Rusted Hills: Welcome to the Wilderness,To be announced
coop_horror,3636740,Last Course,Coming soon
coop_horror,4347280,GAS,2026
coop_horror,3585080,Backrooms: The Others,"Jul 11, 2025"
coop_horror,5082880,The Wendigo Lives,"Oct 1, 2026"
coop_horror,2748490,Redlight,"Jun 28, 2024"
coop_horror,3108650,Extinction Force,To be announced
coop_horror,4286090,Static Shift,2026
coop_horror,765090,Kojou,"Feb 28, 2021"
coop_horror,3978760,Antscape Room,"Sep 11, 2026"
coop_horror,4043580,RADZIMA,To be announced
coop_horror,1792790,Dead Way,"Nov 5, 2021"
coop_horror,2657270,Gamma Strain,To be announced
coop_horror,1425660,SCP : Forgotten Facility,Coming soon
coop_horror,3421030,Grave Stakes,"Jan 12, 2026"
coop_horror,4444740,Midnight Maintenance Crew,To be announced
coop_horror,2824020,hora,"Aug 26, 2025"
coop_horror,3744840,Monochromality,To be announced
coop_horror,684840,Days Of Purgatory,"Jan 6, 2021"
coop_horror,3261510,The Carnival Killer,"Oct 22, 2024"
coop_horror,3661830,Tape Us Out,2027
coop_horror,3175590,HAUNT,"Oct 15, 2026"
coop_horror,4084970,Backrooms: Eternals,2026
coop_horror,3020100,Quentin Playtime,"Oct 1, 2026"
coop_horror,3760200,Cubex,Coming soon
coop_horror,3984800,The Hollows,To be announced
coop_horror,4919550,Z-Sector,"Aug 11, 2026"
coop_horror,2847620,Golden Hand,"Aug 10, 2026"
coop_horror,3203360,DEADBYTE,Coming soon
coop_horror,4295140,Liminal Backrooms,Q4 2026
coop_horror,4354610,Tamas: Shadowveil,Coming soon
coop_horror,4211920,Risky Renovations,Coming soon
coop_horror,1958230,LOONY,"Apr 26, 2022"
coop_horror,4525480,Grim Shift,Coming soon
coop_horror,5034280,SHHH: Don't Wake the House,"Sep 1, 2026"
coop_horror,1922270,Ghost Bros,To be announced
coop_horror,1922980,Xheres,"Nov 20, 2024"
coop_horror,3106880,Into The Matrix,"Oct 13, 2024"
coop_horror,3909810,Dragged Deep,Coming soon
coop_horror,4247230,GONE DIGGING,Q2 2027
coop_horror,1906190,BackRooms,Coming soon
coop_horror,3521330,"Smile, you're being filmed together","Mar 12, 2025"
coop_horror,5239120,Hermanito Corre,Coming soon
coop_horror,4432130,Clay Crusade: Night of the Necromancer,"Oct 27, 2026"
coop_horror,4005160,LUXVYR,To be announced
coop_horror,3344790,眼傀公司（EyePuppet Campany）,"Dec 6, 2024"
coop_horror,4411240,DEADRIFT,2027
coop_horror,2427850,Project Apparition,To be announced
coop_horror,3177490,Bay 23,To be announced
coop_horror,2659790,Nightborne,Coming soon
coop_horror,4894010,PHANTOM TAG: MANIFEST,"Aug 19, 2026"
coop_horror,4132280,PHUY,2026
coop_horror,3819030,Just Work,"Aug 29, 2025"
coop_horror,4386540,Traces,Coming soon
coop_horror,4858490,Real backrooms,"Aug 17, 2026"
coop_horror,4293250,Prop Royale,To be announced
coop_horror,5059130,Rewind Together,Q4 2026
coop_horror,4348060,Drive With Friends,"Oct 26, 2026"
coop_horror,3321190,T.I.O.S(MP),To be announced
coop_horror,3724750,Void Raider,"Oct 20, 2025"
coop_horror,3783840,Knightwatch,2027
coop_horror,1498000,TEST CHAMBER,To be announced
coop_horror,2113710,ApoZomb,To be announced
coop_horror,2639930,The Neath,2027
coop_horror,5112510,PROPDAY,Coming soon
coop_horror,3633400,Happy Surprise Garden,"Jul 13, 2025"
coop_horror,3720060,CONDEMNED: Nightfall,Coming soon
coop_horror,4091540,Protocol Zero,Coming soon
coop_horror,4339340,The Forgotten Killer,"May 28, 2026"
coop_horror,3299140,Hogs Rampage,Coming soon
coop_horror,4948640,Iron Courier,To be announced
coop_horror,5134560,DON'T SWITCH,Coming soon
coop_horror,2563820,SLASHER PARTY,Coming soon
coop_horror,4891910,Demeter,Coming soon
coop_horror,2368320,Cold Salvage,To be announced
coop_horror,2375710,Hunt Hide Run,"Mar 2, 2024"
coop_horror,5007100,CHICKEN MINE,2027
coop_horror,3992200,The Last Cure,"Nov 3, 2025"
coop_horror,3676430,SHADE WALKERS,"Jul 10, 2026"
coop_horror,3974270,Jester Party,"Dec 18, 2025"
coop_horror,1708350,The Surelock Agency,Coming soon
coop_horror,3370270,Backrooms,2026
coop_horror,3146010,Septic,"May 4, 2025"
coop_horror,2668320,Fatal Terminal,To be announced
coop_horror,4011580,Hush...,Coming soon
coop_horror,4325640,Corroded,Coming soon
coop_horror,5087210,HEARKEN,"Oct 4, 2026"
coop_horror,4878750,Dust Vein,Coming soon
coop_horror,4720800,Backrooms: The Endless Halls,"Aug 27, 2026"
coop_horror,2476710,Dire Island,"Feb 3, 2024"
coop_horror,3582690,Night Crew,Coming soon
coop_horror,3861930,Pieces To Find,"Aug 12, 2025"
coop_horror,1376180,Dark Fairy Tales: The Boogeyman,Coming soon
coop_horror,4139000,Ominous Room -不気味な部屋-,Q4 2026
coop_horror,4840980,Bound to Rot,To be announced
coop_horror,1537330,Endothermic,To be announced
coop_horror,4720460,MORE DOOR,Coming soon
coop_horror,4806240,Nightmare Company,To be announced
coop_horror,2421450,Backrooms Versus,Q4 2026
coop_horror,4421700,UwUzon,"Apr 8, 2026"
coop_horror,2360550,Hold Your Breath,Coming soon
coop_horror,3575840,Backrooms Escape Protocol,"Apr 9, 2025"
coop_horror,3158060,No More Dawnn,Coming soon
coop_horror,2133650,Bonded Forever,Coming soon
coop_horror,1589590,Dark Survival,Coming soon
coop_horror,4410310,Exul: Beyond the Gate,2027
coop_horror,1340720,State of Decay 3,To be announced
coop_horror,4516620,Hades Hinderance,"Sep 5, 2026"
coop_horror,2127590,Lost In The Backrooms,"Jan 5, 2023"
coop_horror,2296880,Quiet Soul,"Apr 26, 2023"
coop_horror,3933760,NightShift 198X,To be announced
coop_horror,4781610,Outage: Trespass,Q1 2027
coop_horror,4020030,Cardinal Fall,"Oct 31, 2025"
coop_horror,1640230,MAYHEM,To be announced
coop_horror,3492720,Stranded Souls,"Jun 27, 2025"
coop_horror,5139900,BLACKOUT,To be announced
coop_horror,2876080,Last Day to Die,"Aug 1, 2024"
coop_horror,2515430,Sanctua,2026
coop_horror,4932130,Backrooms With Friends!,2026
coop_horror,4966090,Angry Angry Shark 2,To be announced
coop_horror,5283850,Trick or Eat,"Oct 12, 2026"
coop_horror,1496490,A story of vaccines & zombie,Coming soon
coop_horror,2334220,Home Sweet Home : Online,"Jun 21, 2023"
coop_horror,3083230,Vaulting Over It,"Nov 22, 2025"
coop_horror,1428960,Lore: The Hunt,Coming soon
coop_horror,2741420,Silent Nightmares: A Christmas Story,To be announced
coop_horror,5011760,CHUM Fishing,Q4 2026
coop_horror,4633010,HackSaw,"May 11, 2026"
coop_horror,3654540,MIRNY,To be announced
coop_horror,3746680,Impossible Survival,To be announced
coop_horror,2609400,Dreaminal,Coming soon
coop_horror,4819120,The Backrooms Forever,To be announced
coop_horror,4926050,Hush,Coming soon
coop_horror,5005570,Dynamic Breach,"Nov 2, 2026"
coop_horror,5201890,RITZEN,2027
coop_horror,2266700,Abhorrent Light,"Dec 24, 2023"
coop_horror,1963200,惊魂日记 FrightDiary,"Mar 12, 2023"
coop_horror,4242830,Werehouse,"Mar 27, 2026"
coop_horror,3534750,Descent Into Darkness,"Apr 30, 2026"
coop_horror,2588180,Dead Past 8,"Oct 18, 2023"
coop_horror,2704340,Thieves,Coming soon
coop_horror,4400340,Deal Me Another Shock,Coming soon
coop_horror,4059430,Soul Bind,"Mar 27, 2026"
coop_horror,5275410,Tomb Extraction,Q2 2027
coop_horror,3788060,Moloch Kombinat,Coming soon
coop_horror,4192680,7Trials,Coming soon
coop_horror,4277020,SHEEPSTERS,Coming soon
coop_horror,3733310,Corpse Burger,2026
coop_horror,4539710,Train 404,Coming soon
coop_horror,4459070,Travel the Backrooms,2026
coop_horror,3240950,MAINCORE,"Jan 1, 2026"
coop_horror,3148270,Darkness Arises,To be announced
coop_horror,5126730,Divided,Coming soon
coop_horror,2335610,ItemDay,To be announced
coop_horror,4839200,Breachers: Outbreak,Coming soon
coop_horror,3969400,Chrono Agents,To be announced
coop_horror,5179050,Chalk Door,February 2027
coop_horror,4702700,Heathen,To be announced
coop_horror,1311080,Dark Existence,Coming soon
coop_horror,4444880,Ascend,Coming soon
coop_horror,3835300,Invitation,Coming soon
coop_horror,3594790,Forgotten Signal: Portal,To be announced
coop_horror,3022120,Backrooms: Dark Labyrinth,Coming soon
coop_horror,4184850,Pressure Protocol,Coming soon
coop_horror,2747660,Zombie Assault: Resurgence,"Oct 28, 2026"
coop_horror,2638910,Phantom Patrol,"Oct 27, 2024"
coop_horror,4187430,Tension Engine,To be announced
coop_horror,3850790,Blind Bluff,Coming soon
coop_horror,4934720,Trials Of The Void,Coming soon
coop_horror,5292720,HASMOH,Coming soon
coop_horror,1042910,Desdemona,"Feb 28, 2021"
coop_horror,4212980,Nowhere Rooms,Coming soon
coop_horror,1693070,THE MADHOUSE | 感染屋敷,"Nov 18, 2021"
coop_horror,2114130,The Glacial Strain,To be announced
coop_horror,5099340,Keep Fire 2,To be announced
coop_horror,4365940,SCP,Coming soon
coop_horror,4888600,Souls Runner,"Sep 26, 2026"
coop_horror,5094940,Cardsharp,"Nov 4, 2026"
coop_horror,3162650,The Eyes of Ouros,To be announced
coop_horror,4286760,Eekscape: Everyone Panic!,Coming soon
coop_horror,5028370,MISSING PLAY,To be announced
coop_horror,4842640,Subsector Zero,Q1 2027
coop_horror,3592490,Backrooms: The Scream,"Jun 4, 2025"
coop_horror,4271110,Silent Ward: Forever Lost,"Mar 20, 2026"
coop_horror,3227810,Sucker head: Bodycam,"Apr 2, 2025"
coop_horror,2823840,Killer Junkyard,Coming soon
coop_horror,1179280,PROJECT D : Human Risen,Coming soon
coop_horror,4869480,Plague Keepers,To be announced
coop_horror,4695340,The Wickering,Coming soon
coop_horror,3970800,Jupiter,Coming soon
coop_horror,3319140,Purge Phalanx,2027
coop_horror,1750050,M.I.S.V VR,Coming soon
coop_horror,4063270,SCP: Fractured Reality,Coming soon
coop_horror,4637430,Everything Mart,Coming soon
coop_horror,2187420,Nightway,To be announced
coop_horror,5085680,Project: Dead,To be announced
coop_horror,4395870,Magical Girl ER,"Oct 27, 2026"
coop_horror,2159400,Escape The Escape Rooms,Coming soon
coop_horror,3756600,Dungeon Cleaners,Coming soon
coop_horror,4291310,VeinLight,Coming soon
coop_horror,2292740,In & Out Alive,"Mar 2, 2023"
coop_horror,3185170,A Developer Nightmare,To be announced
coop_horror,3409010,Brutal Cube,Coming soon
coop_horror,3018630,Nightmare Pursuit,"Oct 29, 2024"
coop_horror,2094900,V Lights,Coming soon
coop_horror,3211310,NIBAA,Coming soon
coop_horror,2079230,Resonance,"Sep 28, 2022"
coop_horror,1420420,Fret Smasher,Coming soon
coop_horror,2716620,Demining,"Apr 12, 2026"
coop_horror,1351350,Specimen 13,"Jul 28, 2020"
coop_horror,3684080,D.E.L.I.V.E.R.E.R.S.,To be announced
coop_horror,4413290,The Poker Saint,Coming soon
coop_horror,4613110,High Walk,To be announced
coop_horror,2507690,Thalassophobia,2026
coop_horror,3729940,Cryptbound,Coming soon
coop_horror,4660540,Bloody Cleanup TOGETHER,"Dec 10, 2026"
coop_horror,4531620,Save The Ninja!,To be announced
coop_horror,3266110,Black Pine: Incident Response,Coming soon
coop_horror,3035270,Backrooms,2026
coop_horror,2548770,Roach Royale,"Apr 7, 2026"
coop_horror,4790380,Resurection.,"Jun 29, 2026"
coop_horror,1270660,Dead Party,To be announced
coop_horror,1884970,TheDark,"Jun 30, 2022"
coop_horror,1695810,Deadbait,To be announced
coop_horror,1490550,The Expanse,"Nov 24, 2021"
coop_horror,4901710,In Two The Paint,To be announced
coop_horror,2718260,Dawn of Demons,Q3 2029
coop_horror,3464690,Out of the Fog,To be announced
coop_horror,2060150,LEVEL 0: A Backrooms Experience Prototype,To be announced
coop_horror,3363610,Lurking Among Shadows,"Jan 11, 2025"
coop_horror,3801350,Backrooms: Forgotten Floors,"Jul 30, 2025"
coop_horror,2809390,MORTAL HIRE,Coming soon
coop_horror,3801330,Backrooms: Final Exam Part II,"Jun 25, 2025"
coop_horror,2690080,Watson,Coming soon
coop_horror,3690290,The Annotation,Coming soon
coop_horror,3657230,Backrooms: Final Exam,"Jun 13, 2025"
coop_horror,4974330,BACKROOMS PINTEROI,Coming soon
coop_horror,2838430,Project Blind,Coming soon
coop_horror,3737290,Sealed Below,To be announced
coop_horror,3166230,That Which Remains,Coming soon
coop_horror,2329520,Santas Basement,"Apr 17, 2023"
coop_horror,3112420,Deep in The Mine,"Jun 24, 2026"
coop_horror,2074390,Soul Maze,"Oct 1, 2022"
coop_horror,1865260,Petrified,"Jun 4, 2025"
coop_horror,3384340,Rico's Theater,2026
coop_horror,2878770,Hack Deep,To be announced
coop_horror,1644950,Seekers,Coming soon
coop_horror,2515660,BloodSworn,To be announced
coop_horror,3546790,Backrooms: Liminal Nightmare,To be announced
coop_horror,3719170,The Last Bell,Coming soon
coop_horror,2563130,Backrooms: Infinite Halls,Coming soon
coop_horror,3051960,Nitrogen Narcosis,"Dec 16, 2024"
coop_horror,3604600,Liminality,Coming soon
coop_horror,4025490,Shippocalypse,To be announced
coop_horror,4593870,Roughhousing,Coming soon
coop_horror,3424820,Frisson DT,"Feb 28, 2025"
coop_horror,2785350,The Maze Project,"Feb 20, 2025"
coop_horror,2859470,.,Coming soon
coop_horror,2278360,The Good Colony,"Sep 3, 2025"
coop_horror,3818300,The Switch Protocol,To be announced
coop_horror,3555300,Keycards,To be announced
coop_horror,4213930,Salty Dogs,Coming soon
coop_horror,1580090,Galaxy ONE,"Apr 16, 2021"
coop_horror,3237000,OopsFixers Company,"Jun 13, 2025"
coop_horror,2900890,Wizards Vs Soldiers And Robots,"Apr 9, 2024"
coop_horror,1967050,It Was You,To be announced
coop_horror,284080,Lost Squad,Coming soon
coop_horror,3542310,Escape Haunted Mansion,"May 15, 2025"
coop_horror,3794010,Facility 37,Coming soon
coop_horror,3153030,Tombsweeper,Coming soon
coop_horror,3021640,Void Scavengers,Coming soon
coop_horror,3123980,SILENT EXPRESS,Coming soon
coop_animals,926990,WolfQuest: Anniversary Edition,"Jul 22, 2025"
coop_animals,1119730,"Ranch Simulator: Build, Hunt, Farm","Nov 3, 2023"
coop_animals,843380,Super Animal Royale,"Aug 26, 2021"
coop_animals,5061170,Hide and Moo!,"Aug 25, 2026"
coop_animals,3989960,Frog Sqwad 🐸,"Jun 11, 2026"
coop_animals,3919140,Sous Raccoon,"Oct 1, 2026"
coop_animals,4305790,Huglings,"Sep 17, 2026"
coop_animals,4594500,Skollorn,"Apr 23, 2026"
coop_animals,1592110,Spirit of the Island,"Aug 17, 2022"
coop_animals,1549850,Virtual Hunter,"Jan 15, 2025"
coop_animals,4044170,Deskworm,"Jan 15, 2026"
coop_animals,1963360,Yerr Out,"Apr 13, 2024"
coop_animals,821670,Horse Farm,"Jul 17, 2018"
coop_animals,1175770,TopplePOP: Bungee Blockbusters,"Feb 5, 2025"
coop_animals,2868070,Descending The Woods,"Jul 12, 2024"
coop_animals,814300,Pigeons Attack,"Feb 21, 2019"
coop_animals,378530,Nature's Zombie Apocalypse,"Jul 23, 2015"
coop_animals,5208540,How to Hunt,To be announced
coop_animals,5116420,Dirty Derby,December 2026
coop_animals,4856120,"Be Gray, Do Crime",Coming soon
coop_animals,4935020,Farm Bunnies,October 2026
coop_animals,5083370,Whisker Tinkers,March 2027
coop_animals,4728100,Racc & Roll,Q4 2026
coop_animals,5052200,Never Stop Climbing,Coming soon
coop_animals,5056400,Pro Birder,To be announced
coop_animals,4918700,GrunglePunch,To be announced
coop_animals,3458140,NimerWorld: Shadows of a Promise,Q1 2027
coop_animals,4180840,Shadowstone,2026
coop_animals,4132460,CATpitalist Cafe Simulator,"Dec 2, 2026"
coop_animals,4769490,Overhatched,"Aug 21, 2026"
coop_animals,5219680,Dirty Dogs,Q1 2027
coop_animals,4648360,Savior Method,Coming soon
coop_animals,5178240,Weeding Together,Coming soon
coop_animals,4132210,Zombie Hamsters,"Nov 6, 2026"
coop_animals,3676840,Dino-Ducks Mayhem,"Jun 2, 2026"
coop_animals,3140970,Firefly Trials,To be announced
coop_animals,4838680,Who Am I Next? : Animals,"Aug 3, 2026"
coop_animals,4465610,Mountain Goatastrophe,Coming soon
coop_animals,4766180,Scallywhackers!,To be announced
coop_animals,4768750,Fishu,Coming soon
coop_animals,4108740,Animagi,To be announced
coop_animals,5257900,Waters,Coming soon
coop_animals,5004550,Good Boy Heaven,Coming soon
coop_animals,5200400,Meat Safari,"Dec 7, 2026"
coop_animals,4887280,Marrowood,2027
coop_animals,5234330,Sort On The Ball,"Nov 9, 2026"
coop_animals,4948090,GOHAN a little dreamer,Coming soon
coop_animals,4699150,Astro beasts,"Nov 5, 2026"
coop_animals,5010400,Hockey Beasts,"Sep 4, 2026"
coop_animals,4873920,Stash Mayhem,Q4 2026
coop_animals,4743970,Cat Crisis,"Aug 5, 2026"
coop_animals,5187320,DuckRoulette,Coming soon
coop_animals,4927030,Last Buzz,"Nov 10, 2026"
coop_animals,5013410,TIDE OR HIDE,Q4 2026
coop_animals,3314580,Trash Day,"Oct 13, 2026"
coop_animals,4908970,Dandy Rat Cricket Club,2027
coop_animals,5259850,Holy Shroom!,"Oct 23, 2026"
coop_animals,5291570,Patadas,February 2027
coop_animals,3828740,"Chicken Jump, Puppy Jump",Q4 2026
coop_animals,4555210,Oar'some Adventures,Coming soon
coop_animals,3597670,Capy Stream: Rise to Fame,Coming soon
coop_animals,4812100,Gorilla Warfare,2027
coop_animals,4233500,Possums,Q1 2027
coop_animals,5118500,Safari-TV,To be announced
coop_animals,5106700,Keep Swimming,Coming soon
coop_animals,5154130,Tankful: Aquarium Shop Simulator,Coming soon
coop_animals,4479040,Wood Goes BRRR,Coming soon
coop_animals,5086800,Islands,"Dec 31, 2027"
coop_animals,4931110,Cubara: A Table by the Sea,Coming soon
coop_animals,2540530,Cabbie!,Coming soon
coop_animals,5109150,Please Stop Breeding the Ducks,To be announced
coop_animals,4755160,Shotgun Monkey,Coming soon
coop_animals,4872770,I See Monsters,Coming soon
coop_animals,4790660,Moose Builders,To be announced
coop_animals,4845300,Besetmere Forest,"Aug 26, 2026"
coop_animals,4967850,Chimpanik,Coming soon
coop_animals,4896950,Rapid Raccoons,"Dec 1, 2026"
coop_animals,5353370,Animal Farm,Coming soon
coop_animals,4859010,Sphene,Coming soon
coop_animals,4743880,Turtles on Crocodiles,2026
coop_animals,5131530,DreamAgain Adventures: Emperor Sin & King Pop Strike Force,"Sep 24, 2026"
coop_animals,5040850,Stay in Your Lane,Q4 2026
coop_animals,4556190,Bye Bye Bonnie,To be announced
coop_animals,4563590,Pig King,To be announced
coop_animals,4287700,Tomb Tails,To be announced
coop_animals,5290030,Spellvoc,Q2 2027
coop_animals,4580560,Ossan Hamster,"Apr 30, 2026"
coop_animals,4626420,Real Life Simulator,Coming soon
coop_animals,5117550,Fart Together,Coming soon
coop_animals,5007240,"Panda, Please!",To be announced
coop_animals,5069090,No Away From Keyboard,"Sep 15, 2026"
coop_animals,4551220,COLORFALL,"Oct 9, 2026"
coop_animals,3733310,Corpse Burger,2026
coop_animals,5057750,Keyarium,Coming soon
coop_animals,4166640,Axolotl Party!,Coming soon
coop_animals,3508260,Hex Town,"Sep 8, 2026"
coop_animals,5102670,Elastic Rabbit,Coming soon
coop_animals,5090120,NICO DRAW,December 2026
coop_animals,5222780,The Two Otters,2028
coop_animals,5306780,Too Many Capybaras: Sort Together,Coming soon
coop_animals,4256040,frog garden,October 2026
