channel_id,channel,subscribers,channel_views,videos_total,country,handle,url
UCWIhR0c9M6i5bT7v_1UMh7Q,GitarisTv,630000,243379026,1344,TR,@gitaristvkanal,https://www.youtube.com/channel/UCWIhR0c9M6i5bT7v_1UMh7Q
UCpPGcdEqgstDjKNSBrbd0TA,MINIY GAMER,126000,17710945,427,IN,@miniygamer,https://www.youtube.com/channel/UCpPGcdEqgstDjKNSBrbd0TA
UCIXguhHCl8eDTkXpEuiGPUA,Jazzghost,24900000,11675865576,6479,,@jazzghost,https://www.youtube.com/channel/UCIXguhHCl8eDTkXpEuiGPUA
UCuHIJJLiCnI-D1SU_8fEnTA,Flinter,446000,185993031,4012,US,@flintergaming,https://www.youtube.com/channel/UCuHIJJLiCnI-D1SU_8fEnTA
UCUG5ci-9M-3TjIzzzE39qXg,Айдо,90900,16396905,102,AE,@true_ido,https://www.youtube.com/channel/UCUG5ci-9M-3TjIzzzE39qXg
UCrd7UM5OBtB0n1zl41qwCUw,EugeneSagaz,5640000,2591972047,2043,RU,@eugenesagaz,https://www.youtube.com/channel/UCrd7UM5OBtB0n1zl41qwCUw
UCoc_-KXpH5D3AfhdvZMs3_g,Hypifed,13300,7884366,449,US,@hypifed,https://www.youtube.com/channel/UCoc_-KXpH5D3AfhdvZMs3_g
UCiyK6H_rqSDH0MDlm4JvkHA,EJStory,1020000,273783083,2336,,@erwinjingga,https://www.youtube.com/channel/UCiyK6H_rqSDH0MDlm4JvkHA
UCm-X6o81nRsXQTmqpyArkBQ,Flamingo,14700000,12781208334,2873,US,@flamingo,https://www.youtube.com/channel/UCm-X6o81nRsXQTmqpyArkBQ
UCLQJkseoOWkevsA0RKZOetQ,Jill Zone,1160000,191315327,413,IN,@jillzone,https://www.youtube.com/channel/UCLQJkseoOWkevsA0RKZOetQ
UC3VEGA6pJKPsPAHyB3n5BNQ,Gabby16bit,3530000,3487977861,4132,IT,@gabby16bit,https://www.youtube.com/channel/UC3VEGA6pJKPsPAHyB3n5BNQ
UC5SjVjNWrmc3qE__AIAC81g,Ncraft,2080000,1301014381,429,MY,@ncraft2,https://www.youtube.com/channel/UC5SjVjNWrmc3qE__AIAC81g
UC-gW4TeZAlKm7UATp24JsWQ,SMii7Yplus,4550000,1629005824,452,CA,@smii7yplus,https://www.youtube.com/channel/UC-gW4TeZAlKm7UATp24JsWQ
UCrSJiAQder4Dg2rpmEaJT4w,ADRI GEEK,1180000,293904359,459,FR,@adrigeek,https://www.youtube.com/channel/UCrSJiAQder4Dg2rpmEaJT4w
UCc_gMV4N9vJtpy7GcMUHaVw,Trực Tiếp Game,2040000,1355618410,4530,VN,@tructiepgame-official,https://www.youtube.com/channel/UCc_gMV4N9vJtpy7GcMUHaVw
UCPQqpPMLpKdBd3yGj7BH_jg,Xplorer Jaat,14500,2678466,831,IN,@xplorerjaat,https://www.youtube.com/channel/UCPQqpPMLpKdBd3yGj7BH_jg
UCjIctE36xq0SPJoeR8LO5kA,SD ANIMATOR,436000,118353802,470,PH,@sdanimatorv3,https://www.youtube.com/channel/UCjIctE36xq0SPJoeR8LO5kA
UCbnA_wQEdPWbLipG0UxTvBQ,Kaif,707000,431537817,1263,GB,@kaiff,https://www.youtube.com/channel/UCbnA_wQEdPWbLipG0UxTvBQ
UCWfIdNrwmczMu8T7261X8hg,Afif Yulistian,5180000,1161898806,5119,ID,@afifyulistian,https://www.youtube.com/channel/UCWfIdNrwmczMu8T7261X8hg
UCoIiiHof6BJ85PLuLkuxuhw,Windah Basudara,20500000,5806975382,6288,ID,@windahbasudara,https://www.youtube.com/channel/UCoIiiHof6BJ85PLuLkuxuhw
UCQqsTbeRLsiS5SRgKOluXDA,Dylanlenub,7140,2410691,10,US,@dylanlenub,https://www.youtube.com/channel/UCQqsTbeRLsiS5SRgKOluXDA
UCC6ulNJ-KDoIa3VI2gcvQpA,Camodo Gaming,4090000,2783158868,8126,US,@camodogaming,https://www.youtube.com/channel/UCC6ulNJ-KDoIa3VI2gcvQpA
UCSSfq3nNRhpV7uh0NfBYxvg,Remainings,2570000,845918075,283,CA,@remainings,https://www.youtube.com/channel/UCSSfq3nNRhpV7uh0NfBYxvg
UCFBcrywVNeUOqtJgGhPEvQg,TheBrainDit,8300000,3232381193,9793,UA,@thebraindit,https://www.youtube.com/channel/UCFBcrywVNeUOqtJgGhPEvQg
UC7_YxT-KID8kRbqZo7MyscQ,Markiplier,38900000,23950152703,5935,US,@markiplier,https://www.youtube.com/channel/UC7_YxT-KID8kRbqZo7MyscQ
UCjCN608rHbTsNZRhjeIPglA,shfty,162000,66643765,445,DE,@shftygg,https://www.youtube.com/channel/UCjCN608rHbTsNZRhjeIPglA
UCZBY6V8Lxmwu8gGRBOyO11w,Kubz Scouts,6730000,2860380200,3026,,@thekubzscouts,https://www.youtube.com/channel/UCZBY6V8Lxmwu8gGRBOyO11w
UCX8pnu3DYUnx8qy8V_c6oHg,Techno Gamerz,53300000,16540772451,1193,IN,@technogamerzofficial,https://www.youtube.com/channel/UCX8pnu3DYUnx8qy8V_c6oHg
UC36MGPfPwOWafAXauiV4LdA,TmarTn2,5670000,2724208525,13115,US,@tmartn2,https://www.youtube.com/channel/UC36MGPfPwOWafAXauiV4LdA
UCn_zl80QFuAXF_OZkfitWVQ,mount gameplays,535000,169382698,1456,,@mountgameplays,https://www.youtube.com/channel/UCn_zl80QFuAXF_OZkfitWVQ
UC63anZxfVGHUEmfBAf5w7pw,CaseOh,11100000,2638146751,2626,US,@caseoh_,https://www.youtube.com/channel/UC63anZxfVGHUEmfBAf5w7pw
UCSFC5Cio8zaLQDFPxA7y_HQ,FavijTV,6740000,4422467014,3577,IT,@favijtv,https://www.youtube.com/channel/UCSFC5Cio8zaLQDFPxA7y_HQ
UCeBPTBz1oRnsWsUBnKNNKNw,Joe Bart Games,2650000,828926612,736,US,@joebartgames,https://www.youtube.com/channel/UCeBPTBz1oRnsWsUBnKNNKNw
UCKmlxQVs0vHtaLldRIQ8lsA,iTownGamePlay *Terror&Diversión*,15100000,5218617830,10189,ES,@itowngameplay,https://www.youtube.com/channel/UCKmlxQVs0vHtaLldRIQ8lsA
UCOTiOsMISuYcYV7aV-4z-Rw,LordMinion777,1850000,495996968,4613,US,@lordminion777,https://www.youtube.com/channel/UCOTiOsMISuYcYV7aV-4z-Rw
UC7TauBBZOhtZprmPTyrgqWg,Dizowskyy,2150000,875061071,2600,PL,@disowskyy,https://www.youtube.com/channel/UC7TauBBZOhtZprmPTyrgqWg
UCCViIX61Ny3g0RAxrJzXG9Q,Stevebillybob,968000,358097486,183,IE,@stevebillybob1,https://www.youtube.com/channel/UCCViIX61Ny3g0RAxrJzXG9Q
UCk-1Oa5qkBUXNKYdK95os8g,MenT,1590000,990620556,3289,CZ,@mentoss97,https://www.youtube.com/channel/UCk-1Oa5qkBUXNKYdK95os8g
UCWeg2Pkate69NFdBeuRFTAw,SQUEEZIE,20200000,12053375837,1876,FR,@squeezie,https://www.youtube.com/channel/UCWeg2Pkate69NFdBeuRFTAw
UCKNfGXkC29dPVcF6QfNRDtQ,Mortify,456000,371601862,210,US,@mortifyman,https://www.youtube.com/channel/UCKNfGXkC29dPVcF6QfNRDtQ
UCcDHtMvuLPuI33IlzM2R6cg,Solo Stories,94800,12695092,61,US,@arksolo,https://www.youtube.com/channel/UCcDHtMvuLPuI33IlzM2R6cg
UC1rsLSbsz0Y2blrWDZ_-8Qw,SpyCakes,4910000,4758909169,3749,CA,@spycakes,https://www.youtube.com/channel/UC1rsLSbsz0Y2blrWDZ_-8Qw
UCrSPlLm7e0bXpPYNOOzxgOg,Rooster,492000,287426134,733,US,@rooster_gaming,https://www.youtube.com/channel/UCrSPlLm7e0bXpPYNOOzxgOg
UC1R3yteq3HoSUIHQ7hp65XQ,Nessaj Gaming,466000,215805465,3482,HU,@nessajgaming,https://www.youtube.com/channel/UC1R3yteq3HoSUIHQ7hp65XQ
UCQLf0DM316uAgbQ20iq4H6A,Rush Bunny XD,36000,8808268,194,US,@rushbunnyxd,https://www.youtube.com/channel/UCQLf0DM316uAgbQ20iq4H6A
UCpGdL9Sn3Q5YWUH2DVUW1Ug,PopularMMOs,17500000,14868276616,4692,,@popularmmos,https://www.youtube.com/channel/UCpGdL9Sn3Q5YWUH2DVUW1Ug
UC51-ljNFrvY5ZmV0C_61XcA,Elraenn,3890000,1616737220,1747,TR,@elraenn,https://www.youtube.com/channel/UC51-ljNFrvY5ZmV0C_61XcA
UCT4y83PIfd34qxS2vPIqwcg,Expansive Worlds,100000,23689120,806,SE,@expansiveworlds,https://www.youtube.com/channel/UCT4y83PIfd34qxS2vPIqwcg
UCn8N6MzwXqGeGUXFtPYhX6w,SANU GAMERZ,477000,117455182,773,IN,@sanu_gamerz_01,https://www.youtube.com/channel/UCn8N6MzwXqGeGUXFtPYhX6w
UCpcHFJwDFlrnbCw3yD-4Wzg,Han Kanal,2850000,2486794513,5460,TR,@hankanal,https://www.youtube.com/channel/UCpcHFJwDFlrnbCw3yD-4Wzg
UCqVrr6vJNVG2KGXTzhk75Lg,Max Payne,35900,13199496,2020,US,@maxpayne20001,https://www.youtube.com/channel/UCqVrr6vJNVG2KGXTzhk75Lg
UCYzp8-P162Em-3uZnCuGJOg,Games EduUu,12700000,3792166450,1144,BR,@gameseduuu,https://www.youtube.com/channel/UCYzp8-P162Em-3uZnCuGJOg
UCDBCCMlFD-hArPbWv38FINA,Daz Games,9550000,3377531922,1772,GB,@dazgames,https://www.youtube.com/channel/UCDBCCMlFD-hArPbWv38FINA
UCke4xAleE-fbv0gNBwoH_6A,Buffy Gamer,106000,24888038,679,,@buffygamerofficial,https://www.youtube.com/channel/UCke4xAleE-fbv0gNBwoH_6A
UCJUSr7xT6mgyz0Xj2rMD5CA,Final Fantasy Union,386000,131911217,821,GB,@finalfantasyunion,https://www.youtube.com/channel/UCJUSr7xT6mgyz0Xj2rMD5CA
UC1fKT0wuhchtclPqpdWEnHw,NeverKnowsBest,375000,51500088,77,,@neverknowsbest,https://www.youtube.com/channel/UC1fKT0wuhchtclPqpdWEnHw
UCPgaR6E8Oz7LLW1um06dw6Q,PanosDentGames,984000,524078423,2524,GR,@panosdentgames,https://www.youtube.com/channel/UCPgaR6E8Oz7LLW1um06dw6Q
UCURh19hEVawK-H0Wl7KnR5Q,Ohmwrecker / Maskedgamer,2040000,695723488,4202,US,@maskedgamer,https://www.youtube.com/channel/UCURh19hEVawK-H0Wl7KnR5Q
UCVzt0Ltq6VNKRqRMrry3OIA,Extra Credits,305000,292133252,802,US,@extracredits,https://www.youtube.com/channel/UCVzt0Ltq6VNKRqRMrry3OIA
UCdKuE7a2QZeHPhDntXVZ91w,Kuplinov ► Play,17300000,8792389439,7729,,@kuplinovplay,https://www.youtube.com/channel/UCdKuE7a2QZeHPhDntXVZ91w
UCdQWs2nw6w77Rw0t-37a4OA,CaRtOoNz,4050000,1614691404,4021,US,@cartoonz,https://www.youtube.com/channel/UCdQWs2nw6w77Rw0t-37a4OA
UCKy1dAqELo0zrOtPkf0eTMw,IGN,20000000,22172983129,184288,US,@ign,https://www.youtube.com/channel/UCKy1dAqELo0zrOtPkf0eTMw
UCkxctb0jr8vwa4Do6c6su0Q,LetsPlay,3480000,3209004531,4296,US,@letsplay,https://www.youtube.com/channel/UCkxctb0jr8vwa4Do6c6su0Q
UCAD-CLEVoQZjcMjJz7ozYsQ,Sero,264000,21068907,40,US,@seroguides,https://www.youtube.com/channel/UCAD-CLEVoQZjcMjJz7ozYsQ
UC0w7FSDMOgPXU9_3obwaMew,Gun Mechanics,112000,482489612,18,IN,@thegunmechanics,https://www.youtube.com/channel/UC0w7FSDMOgPXU9_3obwaMew
UCBSCu8L6iIssKzYdt2yUNcg,WoG: Gun Disassembly Wiki,20200,3750458,234,,@wog_gundisassemblywiki,https://www.youtube.com/channel/UCBSCu8L6iIssKzYdt2yUNcg
UCQD3awTLw9i8Xzh85FKsuJA,SovietWomble,4010000,1289515840,207,GB,@sovietwomble,https://www.youtube.com/channel/UCQD3awTLw9i8Xzh85FKsuJA
UCClNRixXlagwAd--5MwJKCw,H2ODelirious,13700000,4696995096,4950,US,@h2odelirious,https://www.youtube.com/channel/UCClNRixXlagwAd--5MwJKCw
UCDyxCV4rnN7zOZUhGfGJoqA,Ullyria Rae-Leigh,3020,691287,38,US,@ullyriaraeleigh,https://www.youtube.com/channel/UCDyxCV4rnN7zOZUhGfGJoqA
UCZ-GmmYFkLbxvpyDR7fU__Q,scrumpy,130000,8445636,21,US,@magicscrumpy,https://www.youtube.com/channel/UCZ-GmmYFkLbxvpyDR7fU__Q
UCVY5WsnGa21NVDG70-g6kEw,Ray Dhimitri,258000,177077028,1564,US,@raydhimitri,https://www.youtube.com/channel/UCVY5WsnGa21NVDG70-g6kEw
UCbgtuRStKI_5ACSjubSTUPA,BasicallyIDoWrk,4770000,1277947955,2294,,@basicallyidowrk,https://www.youtube.com/channel/UCbgtuRStKI_5ACSjubSTUPA
UC6eAhSbwz5trLhZLd7dVExg,Born 2 Game,171000,104556535,6072,GB,@born2game,https://www.youtube.com/channel/UC6eAhSbwz5trLhZLd7dVExg
UCVWhVAZwCdQsPZL-mDLcxPQ,Whitelight,564000,85554275,92,GB,@whitelight,https://www.youtube.com/channel/UCVWhVAZwCdQsPZL-mDLcxPQ
UCvcE_BK-ELCkbrGrvjJwLYw,MKS,142000,22408992,422,IN,@itsmks3,https://www.youtube.com/channel/UCvcE_BK-ELCkbrGrvjJwLYw
UCCPWi_OwWMR5JTiujn7v-7g,Tamil Gaming தமிழ் கேமிங்,572000,245558129,4187,IN,@tamilgaming,https://www.youtube.com/channel/UCCPWi_OwWMR5JTiujn7v-7g
UCeiV3e6Zhppi-oOSfiZo_nA,Challacade,162000,28772542,258,US,@challacade,https://www.youtube.com/channel/UCeiV3e6Zhppi-oOSfiZo_nA
UCcvF79bG3jBlRNl-hAeiZrw,Zuldim,25900,4097920,145,,@zuldimyt,https://www.youtube.com/channel/UCcvF79bG3jBlRNl-hAeiZrw
UCeSku-WooK6wJChX8HCtMIg,BC Gaming,3790,7822696,1061,US,@bcgaming05,https://www.youtube.com/channel/UCeSku-WooK6wJChX8HCtMIg
UCyyJr29as1cyi-ufsVXhgBg,Riz Gaming,8960,908830,198,IN,@riz_warrior,https://www.youtube.com/channel/UCyyJr29as1cyi-ufsVXhgBg
UCdeRazQb-i9_DSUXyRwajcA,Mr Gibbon,211000,94519023,761,IE,@mrgibbon,https://www.youtube.com/channel/UCdeRazQb-i9_DSUXyRwajcA
UC3D2NwJzlEL6NBeM559bS3w,"Si vis pacem , para bellum.",258000,81349411,427,UA,@sivispacemparabellumguns,https://www.youtube.com/channel/UC3D2NwJzlEL6NBeM559bS3w
UCSP2KdysMu9MyzxRjXEGv_g,SilokHawk,218000,36978490,111,US,@silokhawk,https://www.youtube.com/channel/UCSP2KdysMu9MyzxRjXEGv_g
UCigsRUvOKCw3SJbnS_XloGw,Thanks For Watching,5570000,3692259494,7129,,@thanksforwatchingyt,https://www.youtube.com/channel/UCigsRUvOKCw3SJbnS_XloGw
UCUF6vJSG51EEseAYXk2POZA,MrSamBoost,1150000,267980980,726,,@mrsamboost,https://www.youtube.com/channel/UCUF6vJSG51EEseAYXk2POZA
UCP-iaFrmWcOG0o461wMicdg,TheGamingBeaver,4310000,3010845812,4097,GB,@agamingbeaver,https://www.youtube.com/channel/UCP-iaFrmWcOG0o461wMicdg
UCYzPXprvl5Y-Sf0g4vX-m6g,jacksepticeye,31200000,17766707760,5345,IE,@jacksepticeye,https://www.youtube.com/channel/UCYzPXprvl5Y-Sf0g4vX-m6g
UCk8cNb10L5rmV9xB13ADCWA,Drift0r,1430000,506789150,4178,US,@drift0r,https://www.youtube.com/channel/UCk8cNb10L5rmV9xB13ADCWA
UC9Vr4LK3hDrrWtkiy-UQN7g,Бохан Games,11800,2022019,50,RU,@bohan-games-official,https://www.youtube.com/channel/UC9Vr4LK3hDrrWtkiy-UQN7g
UCnma02Iu2iit5tVxKmOrzXg,Boschmerchant,134000,118911195,1316,IE,@boschplays,https://www.youtube.com/channel/UCnma02Iu2iit5tVxKmOrzXg
UCIwspRtKNszHhIhl36gREjQ,alanzoka,9290000,2684918102,4632,BR,@alanzoka,https://www.youtube.com/channel/UCIwspRtKNszHhIhl36gREjQ
UCdRYy3GcOUT4qSW0wLokh1g,Mamivss,34200,41637125,1236,TR,@mamivss,https://www.youtube.com/channel/UCdRYy3GcOUT4qSW0wLokh1g
UC2OrR3jIwGyygp-W9OdeMow,NobleEmpire,101000,97569094,902,US,@nobleempire,https://www.youtube.com/channel/UC2OrR3jIwGyygp-W9OdeMow
UCDLO6_svGwXFPLD4xx_BA7A,Lobo Dino Games,47800,72611779,423,,@lobodinogames,https://www.youtube.com/channel/UCDLO6_svGwXFPLD4xx_BA7A
UC2ArKq3GKdiA6ufRwE2NytQ,ND Gaming,1240000,758822007,4177,VN,@ndgaming,https://www.youtube.com/channel/UC2ArKq3GKdiA6ufRwE2NytQ
UC9diVCDUnRAB3buT1vLn4-w,FROST,9690000,3834734049,2470,RU,@yfrosta,https://www.youtube.com/channel/UC9diVCDUnRAB3buT1vLn4-w
UCHvbk5tEF_v1Gy59c6Kty1g,FourEyes,86500,21039934,462,GB,@foureyesgames,https://www.youtube.com/channel/UCHvbk5tEF_v1Gy59c6Kty1g
UCoZQiN0o7f36H7PaW4fVhFw,Retro Game Corps,864000,201557681,948,US,@retrogamecorps,https://www.youtube.com/channel/UCoZQiN0o7f36H7PaW4fVhFw
UCbOo-f3InU38IZV5tREzsNg,Bay Riffer,4610000,1295147617,2676,TH,@bay_riffer,https://www.youtube.com/channel/UCbOo-f3InU38IZV5tREzsNg
UCHEJaZkYxsM9QjWbinfXMrg,Vagaluminada,14500,2717115,1858,BR,@vagaluminada,https://www.youtube.com/channel/UCHEJaZkYxsM9QjWbinfXMrg
UCCJ-NJtqLQRxuaxHZA9q6zg,HandOfUncut,1460000,901611108,2904,DE,@handofuncut,https://www.youtube.com/channel/UCCJ-NJtqLQRxuaxHZA9q6zg
UCxeoR9-AoxgPZWDMNfAm9YA,Мазер,74500,157841677,510,RU,@mazeroff,https://www.youtube.com/channel/UCxeoR9-AoxgPZWDMNfAm9YA
UCKqH_9mk1waLgBiL2vT5b9g,VanossGaming,26000000,17127018556,2305,US,@vanossgaming,https://www.youtube.com/channel/UCKqH_9mk1waLgBiL2vT5b9g
UC5raG3Ni1-DFotOx0cOo8kw,Hoxtilicious,21000,31941888,431,GB,@hoxtalicious,https://www.youtube.com/channel/UC5raG3Ni1-DFotOx0cOo8kw
UCZi0oII2ua_I-fEnHdg3U2A,martincitopantsLIVE,1080000,147056146,84,AU,@martincitopantslive,https://www.youtube.com/channel/UCZi0oII2ua_I-fEnHdg3U2A
UCssdZ293BU5UBeTerxh0oiw,PAYDAY,371000,110336258,718,SE,@paydaygame,https://www.youtube.com/channel/UCssdZ293BU5UBeTerxh0oiw
UC3fHYO0MiW14a1MWgQiLCIQ,DasReas,7810,3850357,36,DE,@dasreas,https://www.youtube.com/channel/UC3fHYO0MiW14a1MWgQiLCIQ
UC2pA8SNXHle6a-A2KR7UTBA,Random Nobodies Gaming,12900,26153820,420,CA,@randomnobodiesgaming,https://www.youtube.com/channel/UC2pA8SNXHle6a-A2KR7UTBA
UCyA5p6kbVSTlTCBwpy-k9VQ,tZveig,64600,55317979,111,,@tzveig,https://www.youtube.com/channel/UCyA5p6kbVSTlTCBwpy-k9VQ
UCKajXDl2vPA3qUoJvBlfFaw,Mithzan,873000,422099446,3442,US,@mithzan,https://www.youtube.com/channel/UCKajXDl2vPA3qUoJvBlfFaw
UCcpIdXCr3MjAQEWSEjpGUNg,Joelemz,768000,103480827,83,AU,@joelemz,https://www.youtube.com/channel/UCcpIdXCr3MjAQEWSEjpGUNg
UC6IoR2IR9xt4HsTr1Pki1DQ,Senpai,7090,7573804,166,,@senpai96083,https://www.youtube.com/channel/UC6IoR2IR9xt4HsTr1Pki1DQ
UCJHBJ7F-nAIlMGolm0Hu4vg,Maizen,17800000,15765397860,1507,US,@maizenofficial,https://www.youtube.com/channel/UCJHBJ7F-nAIlMGolm0Hu4vg
UCtmuQX1KnK0JsWQEunhvQVg,RainGamma,8600,16948445,66,US,@raingamma,https://www.youtube.com/channel/UCtmuQX1KnK0JsWQEunhvQVg
UC7trU46U_9XPDtMnDbiDPUQ,JEV,5480000,2639081824,4025,US,@jev,https://www.youtube.com/channel/UC7trU46U_9XPDtMnDbiDPUQ
UCQNWIrUCkl0VIr6y2FOrWeA,GrizzyVODS,219000,38721550,101,US,@grizzyvods,https://www.youtube.com/channel/UCQNWIrUCkl0VIr6y2FOrWeA
UCbkzmnAXAn0ZnY7SjYYAdBA,Just A Cat,35800,25973161,93,LT,@justacat,https://www.youtube.com/channel/UCbkzmnAXAn0ZnY7SjYYAdBA
UCEOz-Jv21EVZSUwMawPxI3w,DarrylTheBarrelGaming,42800,80029687,272,,@darrylthebarrelgaming,https://www.youtube.com/channel/UCEOz-Jv21EVZSUwMawPxI3w
UChWokM7ls5ZucPkhw4TljXg,Caboose Juice,29800,14383610,33,US,@caboosejuice,https://www.youtube.com/channel/UChWokM7ls5ZucPkhw4TljXg
UCqZrPK3ynJTtdp7VRZTsZKA,CommanderCH,35200,159997557,1556,CH,@commanderch,https://www.youtube.com/channel/UCqZrPK3ynJTtdp7VRZTsZKA
UC0ohl1eKTtlJNqbD-HWRQVg,MILYHYA,5940000,1059417495,132,ID,@milyhya,https://www.youtube.com/channel/UC0ohl1eKTtlJNqbD-HWRQVg
UCbu2SsF-Or3Rsn3NxqODImw,GameSpot,5720000,4200150225,42373,,@gamespot,https://www.youtube.com/channel/UCbu2SsF-Or3Rsn3NxqODImw
UC9q1YPNi4CPFGVQtbxJTBvg,zwazy,6180,5849313,69,US,@zwazy.,https://www.youtube.com/channel/UC9q1YPNi4CPFGVQtbxJTBvg
UCsvn_Po0SmunchJYOWpOxMg,videogamedunkey,7570000,4356499843,1009,US,@videogamedunkey,https://www.youtube.com/channel/UCsvn_Po0SmunchJYOWpOxMg
UCKqOpQWGc1xBzlhGEFe4EsA,Kardiner,78500,148614920,368,CA,@kardineryt,https://www.youtube.com/channel/UCKqOpQWGc1xBzlhGEFe4EsA
UCaPN1wZLtKggK-CL-HObvlg,TheKknowley,211000,77871159,1145,GB,@thekknowley,https://www.youtube.com/channel/UCaPN1wZLtKggK-CL-HObvlg
UCFKvr5NPb0xK0W5oPrLAJnA,FutileSummer ,166000,216806711,327,,@futilesummer,https://www.youtube.com/channel/UCFKvr5NPb0xK0W5oPrLAJnA
UCpzdvGvk_eIl9K6yXJXaOFA,Spongy,13900,11586181,991,US,@thespongy,https://www.youtube.com/channel/UCpzdvGvk_eIl9K6yXJXaOFA
UCXbSOAUF1b1qCzz5kYNebxA,KARASU,15100,22563687,387,,@karasu_the_isle,https://www.youtube.com/channel/UCXbSOAUF1b1qCzz5kYNebxA
UCunWNlSLgeUk0DLNiK_ZW7w,SMii7Yminus,1290000,275055603,429,CA,@smii7yminus,https://www.youtube.com/channel/UCunWNlSLgeUk0DLNiK_ZW7w
UCyKnDTUHrz_r4kdjkPDlvbA,Poutine Italienne,25700,24885151,376,DE,@poutineitalienne,https://www.youtube.com/channel/UCyKnDTUHrz_r4kdjkPDlvbA
UCV5dqGBeX8lSajSala8nx9g,Jocab,96900,6990268,118,CA,@jocab,https://www.youtube.com/channel/UCV5dqGBeX8lSajSala8nx9g
UCIL1nBOR76tDt-YHCwHmF6A,Dysmo,2020000,521633508,1583,US,@dysmo,https://www.youtube.com/channel/UCIL1nBOR76tDt-YHCwHmF6A
UCfDPkUx9mG3IHBxYuPqgqAQ,Tauz,9330000,2582209521,196,BR,@tauz,https://www.youtube.com/channel/UCfDPkUx9mG3IHBxYuPqgqAQ
UCdQdmd81Mw0Qx-GJn7ExJRw,Oh Long Johnson,2840000,1235697515,531,US,@olj_yt,https://www.youtube.com/channel/UCdQdmd81Mw0Qx-GJn7ExJRw
UCWzLmNWhgeh3h1j-M-Isy0g,TheRussianBadger,8360000,3159891022,659,,@therussianbadger,https://www.youtube.com/channel/UCWzLmNWhgeh3h1j-M-Isy0g
UCBGbTTcgn8AVEsEWdT3tI3Q,IGP,3210000,1052627957,2106,US,@igp,https://www.youtube.com/channel/UCBGbTTcgn8AVEsEWdT3tI3Q
UCkmDkND1I-hqsdJ4Y3nI65g,Ethangames2012,3360,5285764,52,,@ethangames2012,https://www.youtube.com/channel/UCkmDkND1I-hqsdJ4Y3nI65g
UC98CG4NL_KRefSKmPeelc9g,Zenny,121000,8029337,36,AU,@zenny-youtube,https://www.youtube.com/channel/UC98CG4NL_KRefSKmPeelc9g
UCoRDf_M8ljQq5V_rR8CSzww,Kipper,1520000,613826805,275,,@kippermc,https://www.youtube.com/channel/UCoRDf_M8ljQq5V_rR8CSzww
UC7-e4BVU4SueDRU00h48d-A,WorstPremadeEver,870000,487531078,1309,GB,@worstpremadeever,https://www.youtube.com/channel/UC7-e4BVU4SueDRU00h48d-A
UCX5s78xk9U1jBen1UaB-NRg,Cobbobles,45000,23210957,123,US,@cobbobles,https://www.youtube.com/channel/UCX5s78xk9U1jBen1UaB-NRg
UCzXwjTI6c6mVn6oui_p6oiw,SMii7Y,9040000,3905954340,1438,CA,@smii7y,https://www.youtube.com/channel/UCzXwjTI6c6mVn6oui_p6oiw
UCL7q5W3i9hUEC0qnyClOGlQ,GeneralMcBadass,474000,228986836,1771,US,@generalmcbadass,https://www.youtube.com/channel/UCL7q5W3i9hUEC0qnyClOGlQ
UC3tmXDWkX9j59WNRJ519Gxw,yellowtones,470000,87926283,194,GB,@yellowtones,https://www.youtube.com/channel/UC3tmXDWkX9j59WNRJ519Gxw
UCs3uTN9G4MnZGOfYWoSs9mA,Macro,1390000,374153303,414,US,@themacroshow,https://www.youtube.com/channel/UCs3uTN9G4MnZGOfYWoSs9mA
UC7ZyNI2W8JiME_iIIcokjSQ,Sketch Farm,142000,42932604,147,US,@sketchfarm,https://www.youtube.com/channel/UC7ZyNI2W8JiME_iIIcokjSQ
UCBj3SU3-ihWbaYWpLvpLSoQ,PRETOCARO,90500,21773034,3,BR,@pretocaro_,https://www.youtube.com/channel/UCBj3SU3-ihWbaYWpLvpLSoQ
UCdMiwii9p3yb7k6ncPjgfOA,Chú 9 Gaming,131000,15339446,30,VN,@chu9gamingvn,https://www.youtube.com/channel/UCdMiwii9p3yb7k6ncPjgfOA
UC3J4Q1grz46bdJ7NJLd4DGw,MiawAug,25900000,8581035595,4938,ID,@miawaug,https://www.youtube.com/channel/UC3J4Q1grz46bdJ7NJLd4DGw
UC-2Y8dQb0S6DtpxNgAKoJKA,PlayStation,17300000,6426547727,28337,US,@playstation,https://www.youtube.com/channel/UC-2Y8dQb0S6DtpxNgAKoJKA
UC2D9_ctYzcte0sCQvsfdj7Q,Psych0Gamers,47300,17897769,364,US,@psych0gamers,https://www.youtube.com/channel/UC2D9_ctYzcte0sCQvsfdj7Q
UCFBapHA35loZ3KZwT_z3BsQ,Game Two,527000,275649300,1478,DE,@gametwo,https://www.youtube.com/channel/UCFBapHA35loZ3KZwT_z3BsQ
UCV96ER3MAI1S81HH6l9wwbQ,Mr. Fruit,2100000,1080001787,4492,US,@mr_fruit,https://www.youtube.com/channel/UCV96ER3MAI1S81HH6l9wwbQ
UCNWDfEhk1BBhz_VtYtzrZ-Q,EVO33 - Gaming Encyclopedia,5820,3890391,122,BR,@evo33_gaming,https://www.youtube.com/channel/UCNWDfEhk1BBhz_VtYtzrZ-Q
UCmYuHwdOnUCH2wGkFnEZ7OA,Captain Eggcellent,981000,349708137,1015,GB,@captaineggcellent,https://www.youtube.com/channel/UCmYuHwdOnUCH2wGkFnEZ7OA
UCugqjlk-tkE_uZnG0tDbQyg,Wow Such Gaming,833000,236302008,509,US,@wowsuchgaming,https://www.youtube.com/channel/UCugqjlk-tkE_uZnG0tDbQyg
UCXsY8jMekYvl6OG4veevebQ,MedivanticalLive,614,1075305,127,US,@medivanticallive,https://www.youtube.com/channel/UCXsY8jMekYvl6OG4veevebQ
UCMpXGXJeiQz8ZsdokDdFBvg,teguhprem.,251000,358659251,289,US,@teguhprem,https://www.youtube.com/channel/UCMpXGXJeiQz8ZsdokDdFBvg
UCI5-qq0qONnbj3dCmViBYKQ,Splitgate Highlights,1060,284413,12,,@splitgatehighlights771,https://www.youtube.com/channel/UCI5-qq0qONnbj3dCmViBYKQ
UCifRgVk-GEo1_vvf8x53t6A,Soup,2440000,844552876,1234,US,@soup,https://www.youtube.com/channel/UCifRgVk-GEo1_vvf8x53t6A
UCFMvBfqGInJ22WynMV8Ohrw,Tripwire Interactive,74300,23333653,472,,@tripwireinteractive,https://www.youtube.com/channel/UCFMvBfqGInJ22WynMV8Ohrw
UC-kOXc3gBwksVfmndSEz7jg,WILDCAT,8020000,3331631095,2875,US,@wildcat,https://www.youtube.com/channel/UC-kOXc3gBwksVfmndSEz7jg
UCNLppbTtCHMpuW-1glHqFKg,Kira,103000,31210516,437,GB,@kirareacts,https://www.youtube.com/channel/UCNLppbTtCHMpuW-1glHqFKg
UC1H_J0eMwCOQJyY1IfTK6SA,PalmSmash,3400,6779567,1097,,@palmsmash,https://www.youtube.com/channel/UC1H_J0eMwCOQJyY1IfTK6SA
UCPbGiUt4Yu8EsaFM-KAmgjg,Grizzy,2290000,612820674,972,US,@grizzy,https://www.youtube.com/channel/UCPbGiUt4Yu8EsaFM-KAmgjg
UC36yozmGt6-0h6IivUOk1TA,Tanner - Splitgate Pro,8570,579855,25,US,@tanner-splitgatepro7559,https://www.youtube.com/channel/UC36yozmGt6-0h6IivUOk1TA
UC4Zh2qa4jYyE2Rmy8KGINLQ,Swooty,27200,2779962,92,,@swootywrld,https://www.youtube.com/channel/UC4Zh2qa4jYyE2Rmy8KGINLQ
UCgpAUzzGyljlG7E3lniGXtA,Oblivion Arrives,5880,3204131,299,,@oblivionarrives,https://www.youtube.com/channel/UCgpAUzzGyljlG7E3lniGXtA
UCt9ZgMyitSqVYu0qhcRD_GQ,VmigoMusic,1860,10571233,196,,@vmigomusic,https://www.youtube.com/channel/UCt9ZgMyitSqVYu0qhcRD_GQ
UC9qTvvcp9OH79-DR4jOaORw,Heluga,304,278623,105,,@heluga9108,https://www.youtube.com/channel/UC9qTvvcp9OH79-DR4jOaORw
UCUFACPZUTBAg_LedhgCbOQQ,Perfect Gaming ᴿᵉᵈ,87600,72934096,129,IQ,@perfect_gaming2,https://www.youtube.com/channel/UCUFACPZUTBAg_LedhgCbOQQ
UCw7FkXsC00lH2v2yB5LQoYA,jackfrags,4270000,2182509315,4203,GB,@jackfrags,https://www.youtube.com/channel/UCw7FkXsC00lH2v2yB5LQoYA
UCDK_SJehkiiyhCwSZolGD-w,EXP,249000,70889718,380,GB,@watchexp,https://www.youtube.com/channel/UCDK_SJehkiiyhCwSZolGD-w
UC0-p-Hmc92YCtI8s3PEHC3A,MewZe,253000,11880038,62,GB,@mewze,https://www.youtube.com/channel/UC0-p-Hmc92YCtI8s3PEHC3A
UConPi4pD4CeHGDgKoY8ef-A,ZackLillipad,30600,7251739,131,,@zacklillipad,https://www.youtube.com/channel/UConPi4pD4CeHGDgKoY8ef-A
UCtNTsm4XIQf-TNk5nntGTOA,Verac,121000,15142332,48,,@verac_vg,https://www.youtube.com/channel/UCtNTsm4XIQf-TNk5nntGTOA
UCq7JZ8ATgQWeu6sDM1czjhg,StopGame,2410000,1505086019,5852,KZ,@stopgameru,https://www.youtube.com/channel/UCq7JZ8ATgQWeu6sDM1czjhg
UCVKDOvNclbWQ460R2xbDBMA,Cloh,32600,6870430,425,US,@clohcloh,https://www.youtube.com/channel/UCVKDOvNclbWQ460R2xbDBMA
UC-lfGGqb5hHLBqVnVnWyrsw,Joe Bart VODs,866000,246342100,879,US,@joebartvod,https://www.youtube.com/channel/UC-lfGGqb5hHLBqVnVnWyrsw
UCXBE_QQSZueB8082ml5fslg,TimTheTatman,5600000,1638705332,3705,US,@timthetatman,https://www.youtube.com/channel/UCXBE_QQSZueB8082ml5fslg
UCNzXJLvsdgRobdxtP3vVaOg,油粘土マン,664000,806046179,1879,,@油粘土マン,https://www.youtube.com/channel/UCNzXJLvsdgRobdxtP3vVaOg
UC0naqt-koUzU-BKhYOaBHFg,TheGodlyNoob,1170000,310166574,997,CA,@thegodlynoob,https://www.youtube.com/channel/UC0naqt-koUzU-BKhYOaBHFg
UCJpjKsErGBp2yscalGIO_0g,Hami Saral,733,1753388,177,TR,@hamisaral,https://www.youtube.com/channel/UCJpjKsErGBp2yscalGIO_0g
UC6o-2R-A2uqGZTJs0h4tVQA,JustSaySteven,386000,983438750,1293,US,@justsaysteven,https://www.youtube.com/channel/UC6o-2R-A2uqGZTJs0h4tVQA
UCrgTEmBuoObZiEXvZ6r3PQg,CouRage,4650000,1178741226,2290,,@couragejd,https://www.youtube.com/channel/UCrgTEmBuoObZiEXvZ6r3PQg
UC2wKfjlioOCLP4xQMOWNcgg,Typical Gamer,16100000,5764618661,6604,CA,@typicalgamer,https://www.youtube.com/channel/UC2wKfjlioOCLP4xQMOWNcgg
UCy6lTIEjfaf50OXAlFVpV7w,Gamer Inside,323000,73294739,850,TH,@gamerinside,https://www.youtube.com/channel/UCy6lTIEjfaf50OXAlFVpV7w
UCi_AwhdAn-spDur5tQVM7nA,GameTalesHQ,45500,6295238,53,NL,@gametaleshq,https://www.youtube.com/channel/UCi_AwhdAn-spDur5tQVM7nA
UChYdOM1Qgzj9jnKrFWRBj8Q,The2Time,87200,53165616,476,,@the2time,https://www.youtube.com/channel/UChYdOM1Qgzj9jnKrFWRBj8Q
UCu9iwzo7IvKPhJPnfBo1ikg,Mungo,21200,3757444,89,,@mungo27,https://www.youtube.com/channel/UCu9iwzo7IvKPhJPnfBo1ikg
UCNPaP0X_S9C-N3Je1k4B8-Q,Proxidist,71700,9249405,134,,@proxidist,https://www.youtube.com/channel/UCNPaP0X_S9C-N3Je1k4B8-Q
UCJ2ZDzMRgSrxmwphstrm8Ww,Smosh Games,8630000,4322829840,4352,US,@smoshgames,https://www.youtube.com/channel/UCJ2ZDzMRgSrxmwphstrm8Ww
UCKlUrYO3i9MDlL45Ia6j5EA,GmanLives,833000,330998733,770,AU,@gggmanlives,https://www.youtube.com/channel/UCKlUrYO3i9MDlL45Ia6j5EA
UCoz3Kpu5lv-ALhR4h9bDvcw,shroud,6780000,1380205022,2366,US,@shroud,https://www.youtube.com/channel/UCoz3Kpu5lv-ALhR4h9bDvcw
UCv4XwyzZvanAlVmULNol4mw,EliteOps1,3720,8017229,838,,@eliteops1,https://www.youtube.com/channel/UCv4XwyzZvanAlVmULNol4mw
UC8LE61Ru3afJ4ryezPQ2Qpg,ItsIlusion,1120000,188878630,945,US,@itsilusion,https://www.youtube.com/channel/UC8LE61Ru3afJ4ryezPQ2Qpg
UCW3Xfe0S_3k77VDH6w7Tb7g,three zanny,361000,109728422,640,PH,@thirdzanny,https://www.youtube.com/channel/UCW3Xfe0S_3k77VDH6w7Tb7g
UCIw5rbXUrtk31t20Ap5817w,Throneful,2470000,1810114566,72876,RO,@throneful,https://www.youtube.com/channel/UCIw5rbXUrtk31t20Ap5817w
UCp1VWSTrt2cUBInkn4dUmDA,berleezy,2950000,1015903676,1226,US,@berleezy,https://www.youtube.com/channel/UCp1VWSTrt2cUBInkn4dUmDA
UCiowUSwj8stvWzgQBUe3ldg,ACI GameSpot,4890000,2787937182,2743,ID,@acigamespot,https://www.youtube.com/channel/UCiowUSwj8stvWzgQBUe3ldg
UCf31Gf5nCU8J6eUlr7QSU0w,Marmok,19500000,4065849902,469,RU,@mrmarmok,https://www.youtube.com/channel/UCf31Gf5nCU8J6eUlr7QSU0w
UC-UXd3xaj1I_yTvufcMdDAA,LankyBox World,9890000,3475607521,1420,US,@lankyboxworld,https://www.youtube.com/channel/UC-UXd3xaj1I_yTvufcMdDAA
UCO1y2GXUCG2UQ4bKKCNa8KA,Aurora Elements,11600,13867510,64,CA,@auroraelements2,https://www.youtube.com/channel/UCO1y2GXUCG2UQ4bKKCNa8KA
UC6Ogd-jIOZq3eRGfIi22DsQ,Critical,38700,99292021,518,AU,@criittical,https://www.youtube.com/channel/UC6Ogd-jIOZq3eRGfIi22DsQ
UC5_bekXVnGAxDsgQfpRZaIA,VURAL,753000,258788426,1693,TR,@vuraluzul2,https://www.youtube.com/channel/UC5_bekXVnGAxDsgQfpRZaIA
UCpxxQUGNgkns9i3EhLEHoQg,Obit,6530000,3018730498,2692,ID,@obit,https://www.youtube.com/channel/UCpxxQUGNgkns9i3EhLEHoQg
UC4MIqvWn5mvqJ_tKWielufQ,TARTARUGA CLIPS,151000,81243341,3288,BR,@tartarugaclips,https://www.youtube.com/channel/UC4MIqvWn5mvqJ_tKWielufQ
UCYLHs-NR2le96KKqXofUOXg,Gab Smolders,1310000,457750724,4620,NL,@gabsmolders,https://www.youtube.com/channel/UCYLHs-NR2le96KKqXofUOXg
UC7_THngP20pzk5VRHNKDvtg,Squeezie - Rediffusions,882000,302358720,481,FR,@squeezierediffusions,https://www.youtube.com/channel/UC7_THngP20pzk5VRHNKDvtg
UCKVei70N69V3V5wBQixHZbg,shreeman legend live,2530000,600908568,3357,IN,@shreemanlegendliveofficial,https://www.youtube.com/channel/UCKVei70N69V3V5wBQixHZbg
UC6HZh3zjyQIU7TEtAESf-Xg,Vixen the Reindeer,327000,39213288,320,,@vixenvtuber,https://www.youtube.com/channel/UC6HZh3zjyQIU7TEtAESf-Xg
UCoSrY_IQQVpmIRZ9Xf-y93g,Gawr Gura Ch. hololive-EN,4600000,472728711,565,JP,@gawrgura,https://www.youtube.com/channel/UCoSrY_IQQVpmIRZ9Xf-y93g
UCPhckk25N7P8OI580ucRidA,Ctop,2350000,1803253614,3948,US,@ctop,https://www.youtube.com/channel/UCPhckk25N7P8OI580ucRidA
UCQiojTHkAvFvdCSajklqUXA,Terroriser,3920000,1035106364,3252,IE,@terroriser,https://www.youtube.com/channel/UCQiojTHkAvFvdCSajklqUXA
UCVAYy7_zddIx6USjXscV9Vg,Caylus  ,21600000,8970612373,2459,US,@caylusyt,https://www.youtube.com/channel/UCVAYy7_zddIx6USjXscV9Vg
UCr9W6qAjEZUmxDLKazTrOnQ,BLERSPIKES,15800,19012084,105,ID,@blerspikes,https://www.youtube.com/channel/UCr9W6qAjEZUmxDLKazTrOnQ
UCCY0PEQgZbhXm6-0WHiHJEw,daukey,612000,90310595,256,US,@daukey,https://www.youtube.com/channel/UCCY0PEQgZbhXm6-0WHiHJEw
UCOaAZvr8Y2thgpYG1z688Zg,Vagabonkk,20900,30420818,233,,@vagabonkk,https://www.youtube.com/channel/UCOaAZvr8Y2thgpYG1z688Zg
UCUk7VggtJdo9XYTy3Z5QVAw,ItsFunneh,12100000,16102869802,3249,US,@itsfunneh,https://www.youtube.com/channel/UCUk7VggtJdo9XYTy3Z5QVAw
UClMOeZLN2RrS7DyJOsW23_w,PaulBeast's,212000,207306658,393,IT,@paultp1,https://www.youtube.com/channel/UClMOeZLN2RrS7DyJOsW23_w
UCY-_QmcW09PHAImgVnKxU2g,SQUEEZIE GAMING,5100000,2916262578,1896,FR,@squeeziegaming,https://www.youtube.com/channel/UCY-_QmcW09PHAImgVnKxU2g
UCY3Uw6Vdkk8KvY5fEq1iTpA,Wankil Studio - Les VOD,826000,420280590,3088,FR,@wankilfrvod,https://www.youtube.com/channel/UCY3Uw6Vdkk8KvY5fEq1iTpA
UC9ql--q_LV7zhDI1CCO9Xdg,1337LikeR,2710000,483740746,447,UA,@1337liker,https://www.youtube.com/channel/UC9ql--q_LV7zhDI1CCO9Xdg
UCdrBnBNLsN4_cH32HWbr9qg,GH'S,28200000,30021973286,1216,KR,@ghs707x,https://www.youtube.com/channel/UCdrBnBNLsN4_cH32HWbr9qg
UC_mo7OeMQXFrbIBil4wKViw,BeckBroBlox,150000,38353451,157,US,@beckbroblox,https://www.youtube.com/channel/UC_mo7OeMQXFrbIBil4wKViw
UCYGjxo5ifuhnmvhPvCc3DJQ,Wankil Studio - Laink et Terracid,2750000,2831020789,1724,FR,@wankilfr,https://www.youtube.com/channel/UCYGjxo5ifuhnmvhPvCc3DJQ
UCMJiPpN_09F0aWpQrgbc_qg,キヨ。,5770000,7120193110,3158,,@kiyoisgod,https://www.youtube.com/channel/UCMJiPpN_09F0aWpQrgbc_qg
UCLx8dZoTOa8PPgrGbV5sW6A,Smored,509000,86015934,69,US,@smored,https://www.youtube.com/channel/UCLx8dZoTOa8PPgrGbV5sW6A
UCYBYhKcm7jC9WRUbPYoqCfQ,Wooden Turtle,94200,42953340,58,,@woodenturtle,https://www.youtube.com/channel/UCYBYhKcm7jC9WRUbPYoqCfQ
UCAu_v9w-BXFtg1NAnB-JgVg,Apuh,1790000,391888214,1516,BR,@apuhzeetus,https://www.youtube.com/channel/UCAu_v9w-BXFtg1NAnB-JgVg
UC92ddxxI32pk-5ZDiQjJb6A,日常箱,767000,202137945,291,JP,@nichijo_hako,https://www.youtube.com/channel/UC92ddxxI32pk-5ZDiQjJb6A
UCETp1uD40ar5cDNNJWpQGpQ,Daily Brainrots,5830,6805256,26,PH,@dailybrainrotchannel,https://www.youtube.com/channel/UCETp1uD40ar5cDNNJWpQGpQ
UCSf0s2ogUVYpJPuzW1zpAOg,LankyBox,42000000,36001784253,9244,US,@lankybox,https://www.youtube.com/channel/UCSf0s2ogUVYpJPuzW1zpAOg
UCHZZo1h1cI1vg4I9g2RqOUQ,Red Arcade,5030000,2295887654,1663,NO,@redarcade,https://www.youtube.com/channel/UCHZZo1h1cI1vg4I9g2RqOUQ
UCQMDouo1lDtNf19k3gcDpvA,R3POGUY,4980,5660862,31,US,@r3poguy,https://www.youtube.com/channel/UCQMDouo1lDtNf19k3gcDpvA
UClK4fpmIAz8V1BVafysM2WA,Best Of du Grenier,507000,356263259,618,FR,@bestofdugrenier,https://www.youtube.com/channel/UClK4fpmIAz8V1BVafysM2WA
UCIOrUVVyfoWnmcwG6IwCULQ,Loserfruit,5940000,3295245285,2779,AU,@loserfruit,https://www.youtube.com/channel/UCIOrUVVyfoWnmcwG6IwCULQ
UCY-iLo3GF_KDoYbfZ0Dqg9Q,Top Gaming Plays,226000,127988324,394,GB,@topgamingplaysyt,https://www.youtube.com/channel/UCY-iLo3GF_KDoYbfZ0Dqg9Q
UCxF-D4KQkg_z_v_ntrxZVng,FUZE,467000,1192585644,5343,CA,@fuzettv,https://www.youtube.com/channel/UCxF-D4KQkg_z_v_ntrxZVng
UCy1JplVtE6QOiSUPMIY9mLg,Kenji Plays,442000,48018295,208,US,@sunkenjiplays,https://www.youtube.com/channel/UCy1JplVtE6QOiSUPMIY9mLg
UCKvoBRFqMNqvuSvFBiNadgw,IlloJuan,2960000,1313187220,1635,ES,@illojuan_,https://www.youtube.com/channel/UCKvoBRFqMNqvuSvFBiNadgw
UCObHUx2Hufr5DGUd6usgqRw,PogMoments,90500,44835379,21,,@pogmomentsclips,https://www.youtube.com/channel/UCObHUx2Hufr5DGUd6usgqRw
UC3t7_hgqy-7pccSWRVaTQIw,RoxiCake Gamer,17900000,6539476625,1175,PE,@roxicakegamer,https://www.youtube.com/channel/UC3t7_hgqy-7pccSWRVaTQIw
UCrEj4d2ynysNsYttTYROXEg,Luthfi Halimawan,3690000,1222180442,7693,ID,@luthfihalimawan,https://www.youtube.com/channel/UCrEj4d2ynysNsYttTYROXEg
UCycKzia69PXRbk0N0I9n4Aw,LowGrade,8300000,2297840325,3603,TH,@lowgrade2000,https://www.youtube.com/channel/UCycKzia69PXRbk0N0I9n4Aw
UCtwOgy4vDxfGmsHR0YMVufg,The Boys Gaming,1400000,345783157,247,US,@yeptheboysgaming,https://www.youtube.com/channel/UCtwOgy4vDxfGmsHR0YMVufg
UCc22wr5tJ7ymKbRuH0tTNsg,SiniK,39900,28857831,197,,@s1niik,https://www.youtube.com/channel/UCc22wr5tJ7ymKbRuH0tTNsg
UCK3NkZPs0BurxabhtnSDa3g,Souzones,1340000,623509489,2546,BR,@souzones,https://www.youtube.com/channel/UCK3NkZPs0BurxabhtnSDa3g
UCFR2oaNj02WnXkOgLH0iqOA,Auron,15900000,5020348732,1530,ES,@auron,https://www.youtube.com/channel/UCFR2oaNj02WnXkOgLH0iqOA
UCG5hSQtj5O9xd0Pg48-a1pA,Crazy Stone Gamer,4920,2127673,4302,US,@crazystonegamer7593,https://www.youtube.com/channel/UCG5hSQtj5O9xd0Pg48-a1pA
UCmb7XDnUYZCS_Q_U4b_Xv3w,PhoneInk,264000,92911987,3001,US,@phoneink,https://www.youtube.com/channel/UCmb7XDnUYZCS_Q_U4b_Xv3w
UCxzTgocrBPEbtenVDUh1TPQ,OverAchiever,630,215262,25,RO,@overachiever,https://www.youtube.com/channel/UCxzTgocrBPEbtenVDUh1TPQ
UC2wac-sRkNMPSFEnaOHCL3g,Wanderbots,522000,289096041,26089,US,@wanderbots,https://www.youtube.com/channel/UC2wac-sRkNMPSFEnaOHCL3g
UCiY6F6hd-s0UMq-RtC051PQ,Point Guides,3200,1567221,2628,US,@pointguides,https://www.youtube.com/channel/UCiY6F6hd-s0UMq-RtC051PQ
UCyyB5kElrc3e5kVwg1pCqNg,Gamanji,43500,11184140,1201,IN,@gamanji,https://www.youtube.com/channel/UCyyB5kElrc3e5kVwg1pCqNg
UCI3DTtB-a3fJPjKtQ5kYHfA,Games Done Quick,1020000,701046479,9924,US,@gamesdonequick,https://www.youtube.com/channel/UCI3DTtB-a3fJPjKtQ5kYHfA
UCBqbd34x14hEaP46XhaZucw,SwitchStars,17800,5326136,824,GB,@switchstars,https://www.youtube.com/channel/UCBqbd34x14hEaP46XhaZucw
UCQrvCC5tOqCzrk82ouQ1lJQ,Game & Gig,40500,15389712,498,,@gameandgig,https://www.youtube.com/channel/UCQrvCC5tOqCzrk82ouQ1lJQ
UC-7oMv6E4Uz2tF51w5Sj49w,PlayFrame,144000,70803753,4444,US,@playframeplus,https://www.youtube.com/channel/UC-7oMv6E4Uz2tF51w5Sj49w
UCYbeRBj23hNmcgeCVmWWO9Q,KingDDDuke,8390,6247444,1263,US,@kingddduke,https://www.youtube.com/channel/UCYbeRBj23hNmcgeCVmWWO9Q
UCXFr2ObNKv3tbIVCwIqZOvQ,EL Teran,86400,51044673,997,,@elteran,https://www.youtube.com/channel/UCXFr2ObNKv3tbIVCwIqZOvQ
UC93Wg8Zb9lXmrNixivz0YKw,วัยเก๋างมเกม,1680,255697,761,TH,@waikaongomgames,https://www.youtube.com/channel/UC93Wg8Zb9lXmrNixivz0YKw
UCmi18YfUXtVm1jYiMWnPU9g,Hasta,287000,70643868,3770,ID,@hasta666,https://www.youtube.com/channel/UCmi18YfUXtVm1jYiMWnPU9g
UCZ8DwCTVwmAiifmR33_at4Q,Flembo13,100,17200,507,,@flembo13.,https://www.youtube.com/channel/UCZ8DwCTVwmAiifmR33_at4Q
UCvN5h1ShZtc7nly3pezRayg,Cecilia Immergreen Ch. hololive,543000,53134548,464,JP,@holoen_ceciliaimmergreen,https://www.youtube.com/channel/UCvN5h1ShZtc7nly3pezRayg
UCGotrYGeSfjji9gML7hS_aQ,Jessica Pica,172000,17638789,1251,ID,@alexandrajessicapica,https://www.youtube.com/channel/UCGotrYGeSfjji9gML7hS_aQ
UCHP4f7G2dWD4qib7BMatGAw,Gavis Bettel Ch. HOLOSTARS-EN,203000,28479262,1074,JP,@gavisbettel,https://www.youtube.com/channel/UCHP4f7G2dWD4qib7BMatGAw
UC3OAgUoy1JEp1FbYQK8bEEA,MAZAVS - Games Channel,39600,57114425,27712,UA,@mazavs,https://www.youtube.com/channel/UC3OAgUoy1JEp1FbYQK8bEEA
UCWmDLqfbFxQgM6qPYQHpMwQ,helloiamkate,325000,26368444,951,US,@helloiamkate,https://www.youtube.com/channel/UCWmDLqfbFxQgM6qPYQHpMwQ
UC87rMg9x_EViiDVPV2mzlHg,폼나구마,11300,6007427,197,KR,@pomnagooma_1,https://www.youtube.com/channel/UC87rMg9x_EViiDVPV2mzlHg
UCTDL2esdT8td1RUtuC07mWQ,MarcyGames,240000,74883137,2236,IT,@marcygames7,https://www.youtube.com/channel/UCTDL2esdT8td1RUtuC07mWQ
UCi6UEocrjISyyQ1-ZEZ2NCQ,ばるさん。ゲーム実況,7030,2569056,1564,JP,@baru_saaan,https://www.youtube.com/channel/UCi6UEocrjISyyQ1-ZEZ2NCQ
UC8zYtDjRHYaK9zKLt0ysf4A,GogetaSuperx,7380,6245807,37316,US,@gogetasuperx,https://www.youtube.com/channel/UC8zYtDjRHYaK9zKLt0ysf4A
UCHb4WovF3EjvWbsbV6SI6MQ,Fangotak,33600,43698453,107,ID,@fangotak,https://www.youtube.com/channel/UCHb4WovF3EjvWbsbV6SI6MQ
UCg-Dr7cWI-0kIbZSNlJ1DAg,YuYu ,595000,89571390,1148,BR,@canaldoyuyuzinho,https://www.youtube.com/channel/UCg-Dr7cWI-0kIbZSNlJ1DAg
UCsb-1aJgiJXJH2feV-zlZRw,Kyo Kaneko 【NIJISANJI EN】,383000,28849528,465,JP,@kyokaneko,https://www.youtube.com/channel/UCsb-1aJgiJXJH2feV-zlZRw
UCe9PB3N4I7dqRVMOMdylIjg,shibuthe1,62,135,4,,@shibuthe1xd,https://www.youtube.com/channel/UCe9PB3N4I7dqRVMOMdylIjg
UCN6BUpbIMvS1bvk1MKx2XFQ,阿宏遊戲實況 hong's Game Channel,1400,414261,3935,TW,@mrchen-fm5jz,https://www.youtube.com/channel/UCN6BUpbIMvS1bvk1MKx2XFQ
UCXHczq_8PytR6mEJeUTTrqw,ViteC ► Play,4100000,3039388076,10355,RU,@vitecp,https://www.youtube.com/channel/UCXHczq_8PytR6mEJeUTTrqw
UC1GV2cARf3nSuxdav2JiOCQ,Vivek Desai,147000,79657875,903,IN,@vivekmagic,https://www.youtube.com/channel/UC1GV2cARf3nSuxdav2JiOCQ
UCVH4oOW0CBJ1W_WsJKd_62Q,Stumpt,534000,317499999,8543,US,@stumpt,https://www.youtube.com/channel/UCVH4oOW0CBJ1W_WsJKd_62Q
UCXcI2gNCi3Ne0VYOYcpV_XQ,Jeremy Archer,217000,42703987,3093,ID,@jeremyarcher,https://www.youtube.com/channel/UCXcI2gNCi3Ne0VYOYcpV_XQ
UCWuqmWlcKrRAXJ3Fvhqj3Pg,Jugando Indies,4980,2936405,1482,AR,@jugandoindies,https://www.youtube.com/channel/UCWuqmWlcKrRAXJ3Fvhqj3Pg
UCSAP8363OcC-dEixYsorY2Q,Skullky,651,194685,126,PR,@skullkymaster,https://www.youtube.com/channel/UCSAP8363OcC-dEixYsorY2Q
UCbfwKVaFIfVDyVDndGrTKTg,Orange Juice - Live,366000,105750873,594,CA,@oj2,https://www.youtube.com/channel/UCbfwKVaFIfVDyVDndGrTKTg
UCyC8nA6FgWKMD1nFMpOKPwg,Trend Addict Games,247,574383,1589,PT,@trendaddictgames,https://www.youtube.com/channel/UCyC8nA6FgWKMD1nFMpOKPwg
UC5roJHl2fTWh85s7jl1qKHQ,Kenji,108000,51046121,5125,ID,@kenji,https://www.youtube.com/channel/UC5roJHl2fTWh85s7jl1qKHQ
UCwO4I8ynGR65ulLqOj93VwA,Uncivil Gamers,19800,1529366,886,US,@uncivilgamers,https://www.youtube.com/channel/UCwO4I8ynGR65ulLqOj93VwA
UCMXXDfjkfvtAQq0CT1bYN5w,んそめの備忘録,30000,5745195,373,JP,@consome01,https://www.youtube.com/channel/UCMXXDfjkfvtAQq0CT1bYN5w
UCaMOYCcdA1FeYtiKJvE6sAQ,Playtester,6380,1313592,4131,IN,@playtesterhq,https://www.youtube.com/channel/UCaMOYCcdA1FeYtiKJvE6sAQ
UCym2QHQZmbYnmF5SdUkvOFg,@Abhi_sian1,1630,889095,170,,@abhijot-q1z,https://www.youtube.com/channel/UCym2QHQZmbYnmF5SdUkvOFg
UCPjuABtwMImFSXdNnQ3OHzA,Local Multiplayer,3980,2099013,2164,,@localmultiplayer,https://www.youtube.com/channel/UCPjuABtwMImFSXdNnQ3OHzA
UCxtuzvYz8iSZskiRa01t7zg,Christopher Devin,1010000,450133309,9162,ID,@christopherdevin,https://www.youtube.com/channel/UCxtuzvYz8iSZskiRa01t7zg
UCkDepC4LTSAnX4nH8N6AEFw,Silvervale's Twitch Archive,69500,5225677,693,US,@silvervalestwitcharchive,https://www.youtube.com/channel/UCkDepC4LTSAnX4nH8N6AEFw
UCAYciZCU2lcmxgf4WzMMMaA,Kaiffu,196000,117806625,1716,GB,@kaiffu,https://www.youtube.com/channel/UCAYciZCU2lcmxgf4WzMMMaA
UCXKNiazqmuUi9CeX_kyDpjw,Alpha Beta Gamer,894000,356441795,4886,,@alphabetagamer,https://www.youtube.com/channel/UCXKNiazqmuUi9CeX_kyDpjw
UCK3eoeo-HGHH11Pevo1MzfQ,Blitz,4350000,1933093658,6285,US,@blitz,https://www.youtube.com/channel/UCK3eoeo-HGHH11Pevo1MzfQ
UCB-2-cGKS5OYuFIroUOTURQ,Game Star,53,14145,39,,@game-starstar,https://www.youtube.com/channel/UCB-2-cGKS5OYuFIroUOTURQ
UCDmWw-hH5yX450xC2oTKVYQ,SwitchWatch,94200,28394037,1495,GB,@switchwatch,https://www.youtube.com/channel/UCDmWw-hH5yX450xC2oTKVYQ
UCa3WTRDahCpDL_051YONqVQ,Zeenigami,41100,31170256,2002,US,@zeenigami,https://www.youtube.com/channel/UCa3WTRDahCpDL_051YONqVQ
UC1o9zvRwIqP_K5ByWs-EVwA,BigJigglyPanda,1950000,440149626,1412,US,@bigjigglypanda,https://www.youtube.com/channel/UC1o9zvRwIqP_K5ByWs-EVwA
UCG_fPiQHF53atthNmuOoOwg,Blueberry Pieper,2570,751845,176,CA,@blueberrypieper,https://www.youtube.com/channel/UCG_fPiQHF53atthNmuOoOwg
UCQILNA1-ed-lk5YfZlIP6EQ,GameGrindZone,12300,13860962,2865,,@gamegrindzone,https://www.youtube.com/channel/UCQILNA1-ed-lk5YfZlIP6EQ
UCCCOyUvlbt1YagerVgbwopQ,Tewbre,1080000,805453028,2163,US,@tewbre,https://www.youtube.com/channel/UCCCOyUvlbt1YagerVgbwopQ
UClxGlpO6TzyJcW7gPCJe94g,GLOCO,1260000,189227915,2529,US,@glocogaming,https://www.youtube.com/channel/UClxGlpO6TzyJcW7gPCJe94g
UCJCdLOflMzJRUt3AVZ5nS0w,SubOptimal,5290,2568987,638,US,@suboptimal6473,https://www.youtube.com/channel/UCJCdLOflMzJRUt3AVZ5nS0w
UC-k7n-eLUfTIAx-SvNmSH3Q,Team Wood Games,2560,1475707,7,,@teamwoodgames,https://www.youtube.com/channel/UC-k7n-eLUfTIAx-SvNmSH3Q
UCRtfuc-QcljK-Ni9Q13TGLQ,G0ldimon,13200,5650484,611,,@g0ldimon,https://www.youtube.com/channel/UCRtfuc-QcljK-Ni9Q13TGLQ
UCN1CA6ajgn5PH2I82ET9CdQ,Kuroha Neko,313,897517,64,GB,@kurohaneko,https://www.youtube.com/channel/UCN1CA6ajgn5PH2I82ET9CdQ
UClCCEXW6lcU2gSbFm9U-hkQ,Rothenium,5970,1862993,583,MX,@rothenium,https://www.youtube.com/channel/UClCCEXW6lcU2gSbFm9U-hkQ
UCVSy7SgKWsk5nZo6eCMyL8A,Kayzeeyo ,356,143987,250,,@kayzeeyo,https://www.youtube.com/channel/UCVSy7SgKWsk5nZo6eCMyL8A
UCK3sZ75IBFD597W9DPB84iQ,SuperAutoGaming,32800,13960341,1602,US,@superautogaming,https://www.youtube.com/channel/UCK3sZ75IBFD597W9DPB84iQ
UCUJf2PCRGt7XskToA-1_1hw,wallacetaa,40200,11583679,1339,BR,@wallacetaaa,https://www.youtube.com/channel/UCUJf2PCRGt7XskToA-1_1hw
UCXblUSzfFgKl7m0fFUNpHgQ,Kiri The Fox,78,68230,357,,@kirifox0,https://www.youtube.com/channel/UCXblUSzfFgKl7m0fFUNpHgQ
UCENfgQpuT4MbSL9k9f6QqmA,Keenoe Plays,24700,11204405,1599,GB,@keenoeplays,https://www.youtube.com/channel/UCENfgQpuT4MbSL9k9f6QqmA
UCmbSGFM9OU8FwjxZCevr6zw,Ludwig VODs,283000,103090252,2126,,@dubbinvods,https://www.youtube.com/channel/UCmbSGFM9OU8FwjxZCevr6zw
UCu5M8IjDPm8oigWwl2furtw,maxcrazy,459,1722047,121,,@maxcrazy,https://www.youtube.com/channel/UCu5M8IjDPm8oigWwl2furtw
UCpJZz0NtSgIdFhaXSPV4YqQ,Stanz,251000,87002472,1028,US,@stanz,https://www.youtube.com/channel/UCpJZz0NtSgIdFhaXSPV4YqQ
UCypNUDJ-_MkwKBEKzm34JZw,Media Glitch,14900,2950293,1268,US,@mediaglitch,https://www.youtube.com/channel/UCypNUDJ-_MkwKBEKzm34JZw
UCo8F0MWDvuVK21VMC2PHcZQ,ImCade,1180000,555466559,2053,US,@imcade,https://www.youtube.com/channel/UCo8F0MWDvuVK21VMC2PHcZQ
UCa-JqUM4uXBskGSkHa2c_Kw,Howdy Folks! Gaming,43700,11260070,2894,US,@howdyfolksgaming,https://www.youtube.com/channel/UCa-JqUM4uXBskGSkHa2c_Kw
UCIOYC3VtpLMq3wH6X6JXzIQ,EpicPour,10400,2297691,2585,US,@epicpour99,https://www.youtube.com/channel/UCIOYC3VtpLMq3wH6X6JXzIQ
UCiy4D-pnxZZjFVZ3_xainSw,Rev GT,4040,843702,610,AU,@revgt,https://www.youtube.com/channel/UCiy4D-pnxZZjFVZ3_xainSw
UCeP4Yv3s4RvS0-6d9OInRMw,Real Civil Engineer,2880000,1192820180,2114,GB,@realcivilengineergaming,https://www.youtube.com/channel/UCeP4Yv3s4RvS0-6d9OInRMw
UCa-JZxFcRIIhGmlSTy866nQ,secondrockonthemoon,6110,613536,98,AU,@secondrockonthemoon,https://www.youtube.com/channel/UCa-JZxFcRIIhGmlSTy866nQ
UClVLw-GA1G_1TI8m4wdTvbg,Jaltoid Media,409000,72988398,1201,US,@jaltoidmedia,https://www.youtube.com/channel/UClVLw-GA1G_1TI8m4wdTvbg
UC3tNpTOHsTnkmbwztCs30sA,Northernlion,1390000,1837855885,22697,,@northernlion,https://www.youtube.com/channel/UC3tNpTOHsTnkmbwztCs30sA
UCGp6-O7Sk88jT0nAQpuEcUw,Keizaron,14400,3565323,1228,US,@keizaron,https://www.youtube.com/channel/UCGp6-O7Sk88jT0nAQpuEcUw
UC0za38qhdjeZ-EVE-eRsu-g,Achievement Hunter Xeinok,1280,624341,1824,US,@xeinok,https://www.youtube.com/channel/UC0za38qhdjeZ-EVE-eRsu-g
UCmk_1iK7Dxd2VmIo1DwN0cw,AllGamesWorldHd,85000,86718675,15215,,@allgamesworldhd,https://www.youtube.com/channel/UCmk_1iK7Dxd2VmIo1DwN0cw
UC2hM5-2qdj8yok6Slw0vDuQ,iLoda,237000,137606894,2703,VN,@iloda,https://www.youtube.com/channel/UC2hM5-2qdj8yok6Slw0vDuQ
UCI_NMOUQwdBGLw-PlcdcWsw,Skoottie,429000,135201262,1802,US,@skoottie,https://www.youtube.com/channel/UCI_NMOUQwdBGLw-PlcdcWsw
UCpBjivUwgVnxtpJoO_ljzAw,Critiquing Doge,6560,575330,1737,US,@critiquingdoge,https://www.youtube.com/channel/UCpBjivUwgVnxtpJoO_ljzAw
UCamtq2O4tM3NqH97CfAGuCw,潔西卡被巴,256,52573,31,TW,@montaro2,https://www.youtube.com/channel/UCamtq2O4tM3NqH97CfAGuCw
UCoEWEPaxEjJhTanpyLxVIHQ,안겨 [GYEOTUBE](겨튜브),16100,6031788,869,KR,@gyeotube,https://www.youtube.com/channel/UCoEWEPaxEjJhTanpyLxVIHQ
UC_RoLnUgA44fxvU7t4E-QdA,King Salmon,3010,781071,717,US,@_king_salmon_,https://www.youtube.com/channel/UC_RoLnUgA44fxvU7t4E-QdA
UCmN7K6QnC46aah-_69EGksw,Lawrenze l Blessing,25600,726293,272,TH,@lawrenzeblessing,https://www.youtube.com/channel/UCmN7K6QnC46aah-_69EGksw
UCEOIbDf4xzjDv3bKOgGgGRg,Neetoro,16000,3660866,194,US,@neetoro,https://www.youtube.com/channel/UCEOIbDf4xzjDv3bKOgGgGRg
UCVrrU-Z0cxcVIX9uq40LoqA,Gona89,3130000,1209689349,7043,ES,@gona89,https://www.youtube.com/channel/UCVrrU-Z0cxcVIX9uq40LoqA
UCY5Ny-p5ZyG4FihSyxpKT0w,Wisdom Weir,549,453324,243,,@wisdomweir9420,https://www.youtube.com/channel/UCY5Ny-p5ZyG4FihSyxpKT0w
UCRC6cNamj9tYAO6h_RXd5xA,RTGame,2960000,1542579083,1280,IE,@rtgame,https://www.youtube.com/channel/UCRC6cNamj9tYAO6h_RXd5xA
UCrtk5rTOhSPwcF5dNePLCJg,Bentastic,62100,6077658,1626,CH,@bentastic,https://www.youtube.com/channel/UCrtk5rTOhSPwcF5dNePLCJg
UCBNlPla95PSsWrdkiVtWx8A,Sunny GamiX,1100,114282,174,US,@sunnygamix,https://www.youtube.com/channel/UCBNlPla95PSsWrdkiVtWx8A
UCaYZLVwOnGzmKXvM0SidHtg,MaxPalaro,2820000,978018998,4014,BR,@maxpalaro,https://www.youtube.com/channel/UCaYZLVwOnGzmKXvM0SidHtg
UC7xVTtFYNS08ePh3Wddfvmg,매드해터,52200,22318662,1469,KR,@매드해터,https://www.youtube.com/channel/UC7xVTtFYNS08ePh3Wddfvmg
UCKGLPbKJXJSlvGUtbU-1tpw,Plech,6670000,3131409833,1140,MX,@plech,https://www.youtube.com/channel/UCKGLPbKJXJSlvGUtbU-1tpw
UCIftqg0AHhlBc2XitphBeeQ,Anthony Duong,15,5065,3,,@anthonyduong8578,https://www.youtube.com/channel/UCIftqg0AHhlBc2XitphBeeQ
UCnVujD_v0QSaoD0RF0BZGDQ,kbMちゃんねる【GAME館】,1580,959240,769,JP,@kbmch-game,https://www.youtube.com/channel/UCnVujD_v0QSaoD0RF0BZGDQ
UCgM1sly6rnxqWe8GLbceEag,Naki Kamizuki / 上月なき【EverAfter】,24700,1233748,1051,JP,@nakikamizuki,https://www.youtube.com/channel/UCgM1sly6rnxqWe8GLbceEag
UC47N_RPjY3AS2EF_eiKP1-w,GuiasXamonicas,12500,6449868,1799,ES,@guiasxamonicas,https://www.youtube.com/channel/UC47N_RPjY3AS2EF_eiKP1-w
UCqg5FCR7NrpvlBWMXdt-5Vg,The Escapist,1060000,1152890227,7951,US,@theescapist,https://www.youtube.com/channel/UCqg5FCR7NrpvlBWMXdt-5Vg
UCuVEJ-Sy2uATsawgddIaxfQ,Thomas Khalil,432,78724,58,,@thomaskhalil123,https://www.youtube.com/channel/UCuVEJ-Sy2uATsawgddIaxfQ
UC5gsrZTtWG_AqDFmuq81Q-w,Rimmy Downunder,585000,236753321,1464,AU,@rimmydownunder,https://www.youtube.com/channel/UC5gsrZTtWG_AqDFmuq81Q-w
UC1bwliGvJogr7cWK0nT2Eag,MKIceAndFire,4770000,2895585785,8026,,@mkiceandfire,https://www.youtube.com/channel/UC1bwliGvJogr7cWK0nT2Eag
UC-RJFyv0-kMRQY1bpOm88Zw,Bebohead,329,150598,22,,@bebohead,https://www.youtube.com/channel/UC-RJFyv0-kMRQY1bpOm88Zw
UCZ7AeeVbyslLM_8-nVy2B8Q,Skill Up,1110000,351673981,1235,AU,@skillup,https://www.youtube.com/channel/UCZ7AeeVbyslLM_8-nVy2B8Q
UCBkZVlmTFzyyAGyC9acl7vQ,可可咖啡COCOKOPI,1060,820520,604,MY,@cocokopi9700,https://www.youtube.com/channel/UCBkZVlmTFzyyAGyC9acl7vQ
UCzmVr77g3qTeqzsdpQOY2pw,CherryBoy,125000,39740030,1265,US,@cherryboyyt,https://www.youtube.com/channel/UCzmVr77g3qTeqzsdpQOY2pw
UCB5dYPb6V1qtX1EixUMUm4w,Obake,103,136733,134,,@obake4k,https://www.youtube.com/channel/UCB5dYPb6V1qtX1EixUMUm4w
UCn7aXEuMa6TwKA6g8hJgXnA,Squeaking Lion,2710,923709,4406,US,@squeakinglion,https://www.youtube.com/channel/UCn7aXEuMa6TwKA6g8hJgXnA
UCZw4WkJhfoovdJ1eYwa7qyA,oboeshoesgames,404000,89253399,360,US,@oboeshoesgames,https://www.youtube.com/channel/UCZw4WkJhfoovdJ1eYwa7qyA
UCNvzD7Z-g64bPXxGzaQaa4g,gameranx,8650000,4586810910,4904,US,@gameranxtv,https://www.youtube.com/channel/UCNvzD7Z-g64bPXxGzaQaa4g
UC6C1dyHHOMVIBAze8dWfqCw,GameStar,1590000,1685508842,11447,DE,@gamestar,https://www.youtube.com/channel/UC6C1dyHHOMVIBAze8dWfqCw
UCGIY_O-8vW4rfX98KlMkvRg,Nintendo of America,10200000,4156951355,7692,US,@nintendoamerica,https://www.youtube.com/channel/UCGIY_O-8vW4rfX98KlMkvRg
UCXAHQqJWBeyYApvTkHWWRkw,SkullStriker  is livee,1050,151413,205,IN,@skullstriker07,https://www.youtube.com/channel/UCXAHQqJWBeyYApvTkHWWRkw
UCOTyb6e_v9cz2Bu7VzFW7tg,KeysJore,1430000,1267088872,20766,CH,@keysjore,https://www.youtube.com/channel/UCOTyb6e_v9cz2Bu7VzFW7tg
UCpqXJOEqGS-TCnazcHCo0rA,theRadBrad,14000000,6708805783,9098,US,@theradbrad,https://www.youtube.com/channel/UCpqXJOEqGS-TCnazcHCo0rA
UCjXhYVGTDHsx2LWKIvtjSEA,Carrot Helper - 100% Walkthroughs | No Commentary,112000,61323888,781,RU,@carrothelper,https://www.youtube.com/channel/UCjXhYVGTDHsx2LWKIvtjSEA
UCKKH64iHZH2O9NdlsOQD2Qg,Liola Lightbringer Ch. ,7630,195718,392,,@liolalightbringer,https://www.youtube.com/channel/UCKKH64iHZH2O9NdlsOQD2Qg
UCbPXc445U0-9NVYaf2VZkBw,Shorty Bluejova,762000,273884746,8364,TH,@shortybluejova,https://www.youtube.com/channel/UCbPXc445U0-9NVYaf2VZkBw
UCaLdl0827np4QVPESo794og,Focus Entertainment,305000,482066827,962,,@focusentertainmentofficial,https://www.youtube.com/channel/UCaLdl0827np4QVPESo794og
UC8xbO6Fm9FIVOAUbfmZ8dJg,Noahgoodatlife,471,126930,394,US,@noahgoodatlife,https://www.youtube.com/channel/UC8xbO6Fm9FIVOAUbfmZ8dJg
UCgeB9xP1vAxlfFP9b-LNT1A,Chloe,3940,1830688,32,US,@chloe7471,https://www.youtube.com/channel/UCgeB9xP1vAxlfFP9b-LNT1A
UCK9_x1DImhU-eolIay5rb2Q,ACG,1210000,220981016,1598,US,@acgreviews,https://www.youtube.com/channel/UCK9_x1DImhU-eolIay5rb2Q
UCTjrsQgjZmBzYzWaAh0zI3Q,GamingTaylor,30800,12260904,3147,US,@gamingtaylor,https://www.youtube.com/channel/UCTjrsQgjZmBzYzWaAh0zI3Q
UClOGLGPOqlAiLmOvXW5lKbw,MandaloreGaming,997000,298632120,142,US,@mandaloregaming,https://www.youtube.com/channel/UClOGLGPOqlAiLmOvXW5lKbw
UC7eAfUjR9gdIjoaoQaS0W-A,Shirrako,2590000,2190431147,12650,GB,@shirrako,https://www.youtube.com/channel/UC7eAfUjR9gdIjoaoQaS0W-A
UCl0tFPcnLIR9H1LNoC0zPxg,MrRayhonda,23500,5486224,1914,US,@mrrayhonda,https://www.youtube.com/channel/UCl0tFPcnLIR9H1LNoC0zPxg
UCTA9LdIYhJ2-g0qYqV3eXvg,ChequioProGamer,1920000,1257909104,4600,,@chequioprogamer,https://www.youtube.com/channel/UCTA9LdIYhJ2-g0qYqV3eXvg
UC98JwkP56KVcpPEnZeJRcDw,Handheld Players,74700,74904196,7191,US,@handheldplayers,https://www.youtube.com/channel/UC98JwkP56KVcpPEnZeJRcDw
UCdiszQmnIQKrebi20Rh3W1A,Montaro Broadcasting Network,7,17693,13,,@montarobroadcastnetwork,https://www.youtube.com/channel/UCdiszQmnIQKrebi20Rh3W1A
UCbNwW4Rl_nXWmLxBKOUKihA,Gumjaw,427,148593,231,CA,@gumjaw,https://www.youtube.com/channel/UCbNwW4Rl_nXWmLxBKOUKihA
UCK2q0DClgCrwKmO4yJkueKg,NyanGames,981,322995,105,RU,@nyangames,https://www.youtube.com/channel/UCK2q0DClgCrwKmO4yJkueKg
UCVmt_GkYMH5dqisYjW7Iwrw,Weapons From Games,156000,78406433,564,PL,@weapons_from_games,https://www.youtube.com/channel/UCVmt_GkYMH5dqisYjW7Iwrw
UC8nZUXCwCTffxthKLtOp6ng,Splattercatgaming,990000,505270857,8442,,@splattercatgaming,https://www.youtube.com/channel/UC8nZUXCwCTffxthKLtOp6ng
UCDXif4eEF5_6AC9b8tWm5hw,Samuca Game,1660,914738,1553,BR,@samucabr-10,https://www.youtube.com/channel/UCDXif4eEF5_6AC9b8tWm5hw
UCpveEvkt7n-Om6yKW-NRvRw,n0mori,73,37015,95,,@nick33omori,https://www.youtube.com/channel/UCpveEvkt7n-Om6yKW-NRvRw
UC_q7x3u8O0PzLjyV8pyV8RQ,Mega Blue,5030,3472184,922,,@megablue,https://www.youtube.com/channel/UC_q7x3u8O0PzLjyV8pyV8RQ
UCsgv2QHkT2ljEixyulzOnUQ,AngryJoeShow,3220000,1799394776,4387,US,@angryjoeshow,https://www.youtube.com/channel/UCsgv2QHkT2ljEixyulzOnUQ
UCzXmMRRVTphqNcvK7my5xvw,Crystalpaw Gaming,242,153991,1111,US,@crystalpawgaming,https://www.youtube.com/channel/UCzXmMRRVTphqNcvK7my5xvw
UCID5aKswrcyFjLgDh4kRXYA,milkandcookiesTW,200000,138919703,2435,US,@milkandcookiestw,https://www.youtube.com/channel/UCID5aKswrcyFjLgDh4kRXYA
UCSodwjppL_asrFdCEwPP3xQ,Cornshaq,38600,24570587,2526,US,@cornshaqgaming,https://www.youtube.com/channel/UCSodwjppL_asrFdCEwPP3xQ
UCN9RR6aczKxd6Ks_BN1fYiA,Verociel,12300,6842610,521,SG,@verociel,https://www.youtube.com/channel/UCN9RR6aczKxd6Ks_BN1fYiA
UCx7_-TN7rVKo5nkmIf5faag,Focus Entertainment Community,30600,10919625,436,FR,@focusentertainmentcommunity,https://www.youtube.com/channel/UCx7_-TN7rVKo5nkmIf5faag
UCPqIWtMTokl0K5eipgRnvdQ,Hii Channel,879000,224399342,2123,TH,@hiichannelhii,https://www.youtube.com/channel/UCPqIWtMTokl0K5eipgRnvdQ
UCiaJznIDfoNiFSYNMjQUV6g,The Gentlebros,4940,2146793,33,SG,@thegentlebros,https://www.youtube.com/channel/UCiaJznIDfoNiFSYNMjQUV6g
UCsMfUHm4HOfd8blGqg9_LUw,Dolan Studios,1340,543825,250,,@dolanstudios,https://www.youtube.com/channel/UCsMfUHm4HOfd8blGqg9_LUw
UCqSCjiYXYZ2rbRc2wfT-B2A,God is a Geek,22200,10151220,3803,GB,@godisageek,https://www.youtube.com/channel/UCqSCjiYXYZ2rbRc2wfT-B2A
UCLNzAre9n7eX2VtCS7eAmxQ,Chaott,12900,5111013,1606,,@chaott,https://www.youtube.com/channel/UCLNzAre9n7eX2VtCS7eAmxQ
UCJHNShrJLCXF2_Fawq_VO7Q,Scrachit Gaming,421000,148769654,3099,RU,@scrachitgaming,https://www.youtube.com/channel/UCJHNShrJLCXF2_Fawq_VO7Q
UCmHYYWodYBL0tQ5gHekrPRw,JamesInDigital,3410,4788755,1650,US,@jamesindigital,https://www.youtube.com/channel/UCmHYYWodYBL0tQ5gHekrPRw
UCkYEKuyQJXIXunUD7Vy3eTw,The Leaderboard,1490000,429530310,954,US,@theleaderboard,https://www.youtube.com/channel/UCkYEKuyQJXIXunUD7Vy3eTw
UC82NOEHfqeXOLT8gNJB1mFw,Aaronitmar,627000,609192976,1821,US,@aaronitmar,https://www.youtube.com/channel/UC82NOEHfqeXOLT8gNJB1mFw
UCiZVMOinTQGb8HQu53VbV4Q,Gamer's Little Playground,3060000,1746462104,6886,US,@glp,https://www.youtube.com/channel/UCiZVMOinTQGb8HQu53VbV4Q
UC8HqzitRLbHRAEUpKA2PzCQ,Kills Eye ,25700,42965617,100,IN,@killseye,https://www.youtube.com/channel/UC8HqzitRLbHRAEUpKA2PzCQ
UCjBp_7RuDBUYbd1LegWEJ8g,XBOX,5860000,1840908807,16121,,@xbox,https://www.youtube.com/channel/UCjBp_7RuDBUYbd1LegWEJ8g
UC7_SBBnlHpafdAPtg-caIcA,Veritas Gaming,3730,2185470,787,,@veritas-gaming,https://www.youtube.com/channel/UC7_SBBnlHpafdAPtg-caIcA
UCqGAbWI6MhUb4rmXEVQM2CA,TheRoyalGorilla,132000,37052397,1194,GB,@theroyalgorilla,https://www.youtube.com/channel/UCqGAbWI6MhUb4rmXEVQM2CA
UCfAPTv1LgeEWevG8X_6PUOQ,GameXplain,1440000,1439296416,13145,,@gamexplain,https://www.youtube.com/channel/UCfAPTv1LgeEWevG8X_6PUOQ
UCnF2KWBAt2jkpH9bq-A_8_Q,xGarbanx,1010,2732913,681,ES,@xgarbanx,https://www.youtube.com/channel/UCnF2KWBAt2jkpH9bq-A_8_Q
UC9TnCYUEl76qwLqLS4mX-VA,TK REBIRTH,316000,168179280,1255,US,@tkrebirth,https://www.youtube.com/channel/UC9TnCYUEl76qwLqLS4mX-VA
UC-2wnBgTMRwgwkAkHq4V2rg,ProsafiaGaming,5340000,5680845518,2689,,@prosafiagaming,https://www.youtube.com/channel/UC-2wnBgTMRwgwkAkHq4V2rg
UCwOGO9gT1y0IvzPqKal4loQ,VTubers,3420000,3358650983,1145,US,@rwvtubers,https://www.youtube.com/channel/UCwOGO9gT1y0IvzPqKal4loQ
UCqgQlkNG6_Xs_x43D8VdhVg,4 Gamers Gaming,61000,38509539,1944,US,@4gamersgaming,https://www.youtube.com/channel/UCqgQlkNG6_Xs_x43D8VdhVg
UCrR3Pb60RA7lks1zV_LYauw,Lucky Salamander,2750000,846233154,5894,BR,@luckysalamand3r,https://www.youtube.com/channel/UCrR3Pb60RA7lks1zV_LYauw
UC9CuvdOVfMPvKCiwdGKL3cQ,GameGrumps,5450000,7434611264,10010,US,@gamegrumps,https://www.youtube.com/channel/UC9CuvdOVfMPvKCiwdGKL3cQ
UCDnkfrI7EKl4kqTzWdVpx_g,Nintendo Utopia,425000,309129407,3183,US,@nintendoutopia,https://www.youtube.com/channel/UCDnkfrI7EKl4kqTzWdVpx_g
UCJRLyQRpRQCJTRoV7oB2eHA,ColourShedProductions,127000,27901965,261,AU,@colourshedproductions,https://www.youtube.com/channel/UCJRLyQRpRQCJTRoV7oB2eHA
UCfuHLNojyt-1tgYe7HH9s7w,GameMill Entertainment,23800,16399095,311,US,@gamemillentertainment,https://www.youtube.com/channel/UCfuHLNojyt-1tgYe7HH9s7w
UCth9v6V14Fi_vspxBtdQHfA,Game Movie Land,722000,290052806,2600,FR,@gamemovieland,https://www.youtube.com/channel/UCth9v6V14Fi_vspxBtdQHfA
UCRnTaShzupujX46gLPWf5Mw,HGH Horror Games House,101000,29269029,1014,TR,@hghhorrorgameshouse,https://www.youtube.com/channel/UCRnTaShzupujX46gLPWf5Mw
UC7kwlbDRd9bLtdIcEGzmYlg,Karate Bear,2550,2548198,219,CA,@zlbluecanadianlz,https://www.youtube.com/channel/UC7kwlbDRd9bLtdIcEGzmYlg
UCYV08GZQhqe7ySLk67IQjhQ,King of Skill,459000,197834217,311,,@kingofskill,https://www.youtube.com/channel/UCYV08GZQhqe7ySLk67IQjhQ
UCILwgMbCebOqPR_6H_1m8vA,SwitchUp,430000,178003329,2863,GB,@switchupyt,https://www.youtube.com/channel/UCILwgMbCebOqPR_6H_1m8vA
UCtTD_erYtm9mgq_HF0bQdNg,LuciLilium,18000,4640733,165,US,@lucililium,https://www.youtube.com/channel/UCtTD_erYtm9mgq_HF0bQdNg
UCHpcrD104T2vmeOjnUhUpIg,Game Intros & Finales,215000,88084880,921,DE,@gameintrosfinales,https://www.youtube.com/channel/UCHpcrD104T2vmeOjnUhUpIg
UCjaFS-bhLZHuVIQhS1uCjYw,Albaz Gaming,1660,1162311,391,,@albazgaming,https://www.youtube.com/channel/UCjaFS-bhLZHuVIQhS1uCjYw
UC135_IPK8XOEEdXdtcseR4w,CKN Gaming,1490000,1618778711,757,AU,@ckngaming,https://www.youtube.com/channel/UC135_IPK8XOEEdXdtcseR4w
UCu9cHW-VIhye76lqWs7K9UA,Afanickton,379,678357,173,US,@afanickton,https://www.youtube.com/channel/UCu9cHW-VIhye76lqWs7K9UA
UCVUBUrIRzaUGM9RaGAIzyPg,Best Game Videos,210000,99624705,1687,US,@bestgamevideos,https://www.youtube.com/channel/UCVUBUrIRzaUGM9RaGAIzyPg
UCDt1kWhP6eAiyiU_RRP9ULA,You Mashub,47800,48758353,789,US,@youmashub,https://www.youtube.com/channel/UCDt1kWhP6eAiyiU_RRP9ULA
UCBwPL58BonPg_I1mQbwHXEA,JarekTheGamingDragon,245000,106092442,5055,US,@jarekthegamingdragon,https://www.youtube.com/channel/UCBwPL58BonPg_I1mQbwHXEA
UCm8U1YwDyvcoAtr8a_9tLIA,kacpi26,368000,159640617,491,GB,@kacpi26,https://www.youtube.com/channel/UCm8U1YwDyvcoAtr8a_9tLIA
UCApHvBKENHNgOjts_1LbGdg,XCageGame,671000,503484932,10656,,@xcagegame,https://www.youtube.com/channel/UCApHvBKENHNgOjts_1LbGdg
UCb69PhsHzsorirJDlxaIXlg,Combo Panda,2980000,3175159578,1762,US,@combopanda,https://www.youtube.com/channel/UCb69PhsHzsorirJDlxaIXlg
UCZpJLCV3gVP8R_sc8P30VpQ,BOTCH,350000,52921391,179,FR,@botchvideos,https://www.youtube.com/channel/UCZpJLCV3gVP8R_sc8P30VpQ
UCrJv94paJ958T9nXnO6z4hg,Swifty Unknown,347000,221232327,1290,US,@swiftyunknown,https://www.youtube.com/channel/UCrJv94paJ958T9nXnO6z4hg
UCWp3_e0cQvBHVpb_pTge5FQ,Sam Tabor Gaming,1610000,977635235,2137,US,@samtaborgaming,https://www.youtube.com/channel/UCWp3_e0cQvBHVpb_pTge5FQ
UCu22OwNLoiCTfqR4HC76cvA,Rubhen925,568000,535147249,7714,CA,@rubhen925,https://www.youtube.com/channel/UCu22OwNLoiCTfqR4HC76cvA
UCRK1PxsZXUbt1caLYas1WfA,The 8-Bit Arcade,1140000,1048221395,21023,US,@the8bitarcade,https://www.youtube.com/channel/UCRK1PxsZXUbt1caLYas1WfA
UCnozt2_C8K4wBXvRhhdhAAA,Saints Row,159000,39560865,423,US,@saintsrow,https://www.youtube.com/channel/UCnozt2_C8K4wBXvRhhdhAAA
UCA5RGaQc-a8tIX_AqTTmWdw,RGT 85,536000,259174068,3707,US,@rgt85,https://www.youtube.com/channel/UCA5RGaQc-a8tIX_AqTTmWdw
UCn2tKnx5P_o8ukE0Gs55-oA,GamingMistress,2590,3948899,139,,@gamingmistress,https://www.youtube.com/channel/UCn2tKnx5P_o8ukE0Gs55-oA
UCjFztUZFRTDd1HTHxTFIXfQ,ESO,2410000,882800766,2479,GB,@esodanny,https://www.youtube.com/channel/UCjFztUZFRTDd1HTHxTFIXfQ
UCj_pcmy3zBqzouJe9hcpmpQ,Karim Juega,11900000,11526833254,1821,,@karimjuega1037,https://www.youtube.com/channel/UCj_pcmy3zBqzouJe9hcpmpQ
UCZojkqUeuaZyAQc8KaBNrJw,Maka91Productions,464000,212217615,3202,US,@maka91productions,https://www.youtube.com/channel/UCZojkqUeuaZyAQc8KaBNrJw
UClylaoQc4gVF2WDNrt1akRw,Steven,548,342317,411,US,@theoriginalxnightmarex-666,https://www.youtube.com/channel/UClylaoQc4gVF2WDNrt1akRw
UCywBfpGBYhsczNuyyh6Cf6w,Worth A Buy,315000,133902219,2028,GB,@worthabuyreviews,https://www.youtube.com/channel/UCywBfpGBYhsczNuyyh6Cf6w
UCnE7O19M6-yzOWlTiSs0jQQ,Bibi300,94400,50850268,3273,FR,@bibi300,https://www.youtube.com/channel/UCnE7O19M6-yzOWlTiSs0jQQ
UC2pdmlMIATaSfaxNuRTL4OA,ZacCoxTV,863000,338034612,1755,US,@zaccoxtv,https://www.youtube.com/channel/UC2pdmlMIATaSfaxNuRTL4OA
UCmp5y07YIV6i2jPX4x82hVQ,Hollow,5210000,1950118852,6980,US,@hollowpoiint,https://www.youtube.com/channel/UCmp5y07YIV6i2jPX4x82hVQ
UC9PBzalIcEQCsiIkq36PyUA,Digital Foundry,1530000,824206616,4736,US,@digitalfoundry,https://www.youtube.com/channel/UC9PBzalIcEQCsiIkq36PyUA
UCHdMK5Ef2El8KbD3L_WgANg,Slogo,11700000,9600190132,7786,GB,@slogo,https://www.youtube.com/channel/UCHdMK5Ef2El8KbD3L_WgANg
UCo4DsJc_OHKGYA3CrZPKqvA,Hidden Hunters,517,327908,183,US,@hiddenhunters,https://www.youtube.com/channel/UCo4DsJc_OHKGYA3CrZPKqvA
UCHmDySLF9yQVC1oTwZKWtSQ,Alex Webb,254000,38072551,66,GB,@alexwebb101,https://www.youtube.com/channel/UCHmDySLF9yQVC1oTwZKWtSQ
UCxy8BzRC2kEiqGSASld_iew,Fisk,278000,66168576,1083,NO,@fisk,https://www.youtube.com/channel/UCxy8BzRC2kEiqGSASld_iew
UC2F7ZFr8AokTqvJ-WvYahVw,CHOPPER2N1 ,42100,38176330,2382,US,@chopper2n1,https://www.youtube.com/channel/UC2F7ZFr8AokTqvJ-WvYahVw
UCfR1x_7U3rldNcNVCoEddeA,NRMwalkthroughHD,142000,55093334,319,US,@nrmwalkthroughhd,https://www.youtube.com/channel/UCfR1x_7U3rldNcNVCoEddeA
UCkE-dO6xHVGgjICTUcmM7zA,MagdalenaMariaMonika,1040000,485872857,5846,PL,@magdalenamariamonika,https://www.youtube.com/channel/UCkE-dO6xHVGgjICTUcmM7zA
UCEVc04n4prlS29Q8_w6Lj7g,Old'n'Cozy,6200,3681872,322,US,@hevlok,https://www.youtube.com/channel/UCEVc04n4prlS29Q8_w6Lj7g
UCns4T9U8VSIRovKa1a_r7rA,GameRiot,1980000,833000410,10344,GB,@gameriot,https://www.youtube.com/channel/UCns4T9U8VSIRovKa1a_r7rA
UCHt_KzshHyDKwQVYPMXJkPQ,LadyLegendXO,295000,148977264,3053,CA,@ladylegendxo,https://www.youtube.com/channel/UCHt_KzshHyDKwQVYPMXJkPQ
UCxcoDKuRWY8Rv5Wb4wlFQQA,Scarecrow,410000,131995685,3481,US,@scarecrowthehunter,https://www.youtube.com/channel/UCxcoDKuRWY8Rv5Wb4wlFQQA
UCnoXQZ4krtA96huhCSQkMeg,KG Gaming,745000,241825011,386,US,@kendallgraygaming,https://www.youtube.com/channel/UCnoXQZ4krtA96huhCSQkMeg
UCoAxtiY4NrFBMdsvYFI_B3A,The Outer Middle Show,837000,219791328,1294,US,@theoutermiddleshow,https://www.youtube.com/channel/UCoAxtiY4NrFBMdsvYFI_B3A
UCuVxaQDraOja6xKidcmoufA,Polygon,1400000,693771439,4673,US,@polygon,https://www.youtube.com/channel/UCuVxaQDraOja6xKidcmoufA
UCf2ocK7dG_WFUgtDtrKR4rw,Drae,2620000,1089046437,4944,CA,@drae,https://www.youtube.com/channel/UCf2ocK7dG_WFUgtDtrKR4rw
UC-EWIqLzm4ttojYUAOSht9A,Nick930,560000,258936171,835,US,@nick930,https://www.youtube.com/channel/UC-EWIqLzm4ttojYUAOSht9A
UCR3P-jAyr4eyzPgszI_OrfA,AUGUST,157000,20250693,47,NG,@anarchistaugust,https://www.youtube.com/channel/UCR3P-jAyr4eyzPgszI_OrfA
UC8P9Vv4IW0gkJo2LIvid9nQ,Dunnells In The Wild,9080,6731781,1298,US,@dunnellsinthewild,https://www.youtube.com/channel/UC8P9Vv4IW0gkJo2LIvid9nQ
UCd0lHAL5RQEgtYkH9pydIqA,Denny Ayard,16400,23528482,3129,US,@dennyayard,https://www.youtube.com/channel/UCd0lHAL5RQEgtYkH9pydIqA
UCdoPCztTOW7BJUPk2h5ttXA,Call Me Kevin,3660000,2387733619,1992,IE,@callmekevin,https://www.youtube.com/channel/UCdoPCztTOW7BJUPk2h5ttXA
UCWDnlEa1QOSVY5Gjlh7k5Fg,ZIDKEY,316000,71845182,177,RU,@zidkey,https://www.youtube.com/channel/UCWDnlEa1QOSVY5Gjlh7k5Fg
UC9b5GwRO_S4Kl_3wl0X3PPQ,HoopStarGames,7810,6039426,320,ES,@hoopstargames,https://www.youtube.com/channel/UC9b5GwRO_S4Kl_3wl0X3PPQ
UCbzEOGSh4-xCvAcvAQUOcHQ,sleepyslorgs,171000,17133848,37,GB,@sleepyslorgs,https://www.youtube.com/channel/UCbzEOGSh4-xCvAcvAQUOcHQ
UCyhWX-7YhDuHqAwAhATN5tw,Mirani Gamer,642000,65976283,208,IN,@miranigamer,https://www.youtube.com/channel/UCyhWX-7YhDuHqAwAhATN5tw
UCBnaQm42TdaYipNcFBWDLxQ,Blue Winter Ninja,4520,7682493,625,GB,@bluewinterninja,https://www.youtube.com/channel/UCBnaQm42TdaYipNcFBWDLxQ
UCDwujczvdxbbVHg-V4-kC-A,XpertThief,5720000,1660806499,2346,,@xpertthief,https://www.youtube.com/channel/UCDwujczvdxbbVHg-V4-kC-A
UC50apAPjLIEsyoBAnny28Og,Ivaylo Stoyanov,729,1809384,3,BG,@ivkos,https://www.youtube.com/channel/UC50apAPjLIEsyoBAnny28Og
UCKNUScl8cNWfZP2qhCA-B3g,Istura,116000,17115762,73,GB,@istura,https://www.youtube.com/channel/UCKNUScl8cNWfZP2qhCA-B3g
UCu3_7LTNCwa89vg8qftl5nQ,mrsaintsgodzilla21,109000,37883845,547,,@mrsaintsgodzilla21,https://www.youtube.com/channel/UCu3_7LTNCwa89vg8qftl5nQ
UC2c6FqF4olAZ7LodVEUueNQ,stacyplays,2260000,1151245483,2085,US,@stacyplays,https://www.youtube.com/channel/UC2c6FqF4olAZ7LodVEUueNQ
UC62oK4gTQtOE4DvAFbFlt9Q,Shortcat,955000,1182925904,834,CA,@shortcat321,https://www.youtube.com/channel/UC62oK4gTQtOE4DvAFbFlt9Q
UCJAbkIY17zAmCTNQHH0bQoQ,Gameplayrj,8580000,4261399066,24108,BR,@gameplayrj,https://www.youtube.com/channel/UCJAbkIY17zAmCTNQHH0bQoQ
UCD4MjvxeAGoDu6M-Jj4AaGg,bungauproductions,431,688624,6,,@bungauproductions,https://www.youtube.com/channel/UCD4MjvxeAGoDu6M-Jj4AaGg
UCh0nhnxAGwpnU5MwImHsdQQ,RoboKast,520000,98256018,358,US,@robokast,https://www.youtube.com/channel/UCh0nhnxAGwpnU5MwImHsdQQ
UCOynRdpGiTCNFhCgD0RTe1w,SHIMOROSHOW,3700000,1252316617,5702,RU,@shimoroshow,https://www.youtube.com/channel/UCOynRdpGiTCNFhCgD0RTe1w
UCQhftMfy_JyFMz0bcrkWjng,Full Playthroughs,140000,74900514,384,GB,@fullplaythroughs,https://www.youtube.com/channel/UCQhftMfy_JyFMz0bcrkWjng
UCGyZblDN5afu78KyIJ0Ovbg,perpetuumworld,4360000,2126870546,8251,BY,@perpetuumworld,https://www.youtube.com/channel/UCGyZblDN5afu78KyIJ0Ovbg
UCeXqP7mVJH85vsQgNoiWGAg,Daddyezee,21700,11660887,5287,US,@daddyezee,https://www.youtube.com/channel/UCeXqP7mVJH85vsQgNoiWGAg
UCp8j4fq_3EIjFwkPvlZ6HoQ,The Wild Buck,2130,2590229,25,HU,@the-wild-buck,https://www.youtube.com/channel/UCp8j4fq_3EIjFwkPvlZ6HoQ
UCZ1zebNAQS72oSid_wb8Y8Q,Seri! Pixel Biologist!,941000,583115384,12703,US,@seripixelbiologist,https://www.youtube.com/channel/UCZ1zebNAQS72oSid_wb8Y8Q
UCW7uzYyhVWVZnp1A2-EYAVQ,Squad Busters,1610000,107857971,150,FI,@squadbusters,https://www.youtube.com/channel/UCW7uzYyhVWVZnp1A2-EYAVQ
UC0DZmkupLYwc0yDsfocLh0A,Jelly,23300000,15371316869,7047,GB,@jelly,https://www.youtube.com/channel/UC0DZmkupLYwc0yDsfocLh0A
UCam8T03EOFBsNdR0thrFHdQ,VEGETTA777,34700000,16487462771,8982,,@vegetta777,https://www.youtube.com/channel/UCam8T03EOFBsNdR0thrFHdQ
UCpUu6hoAK8axMVZ2c_jgMCQ,THQ Nordic,135000,420011032,1152,AT,@thqnordic,https://www.youtube.com/channel/UCpUu6hoAK8axMVZ2c_jgMCQ
UCFeotOhPlwEQZ9wXaJVy3Hw,Raito,472,1006900,24,,@raitostarveil,https://www.youtube.com/channel/UCFeotOhPlwEQZ9wXaJVy3Hw
UCOZfpWD7SM5t1Mmk0_aJdfw,Flippy,269000,53945501,222,,@flippy,https://www.youtube.com/channel/UCOZfpWD7SM5t1Mmk0_aJdfw
UCDlg0T0r9v2_XRCG8yqB2vQ,Galax,1950000,720930816,6960,FR,@hdgalax,https://www.youtube.com/channel/UCDlg0T0r9v2_XRCG8yqB2vQ
UCig8G8RlRw34bT9bgsXe5tw,ContraNetwork,117000,120630687,7839,,@contranetwork,https://www.youtube.com/channel/UCig8G8RlRw34bT9bgsXe5tw
UCJZPUsa6ugWTwEhl9agZnVQ,The Kiseki Nut,68900,14644956,404,GB,@thekisekinut,https://www.youtube.com/channel/UCJZPUsa6ugWTwEhl9agZnVQ
UCmTPhoY-bYX2PKU03IKcKcA,Foekoe,397000,80119171,176,NL,@foekoe,https://www.youtube.com/channel/UCmTPhoY-bYX2PKU03IKcKcA
UCOM3hIIJ3ZcpWQEKProj5Ig,CHOWH1,340000,130500651,2065,FR,@chowh1,https://www.youtube.com/channel/UCOM3hIIJ3ZcpWQEKProj5Ig
UCc0_4m8a-YtBHEcYwjEnbxw,makeUmove,1150000,295486156,363,KR,@makeumove,https://www.youtube.com/channel/UCc0_4m8a-YtBHEcYwjEnbxw
UCLMKLU-ZuDQIsbjMvR3bbog,Furious Jumper,11000000,7272597093,7857,FR,@furiousjumper,https://www.youtube.com/channel/UCLMKLU-ZuDQIsbjMvR3bbog
UCE-f0sqi-H7kuLT0YiW9rcA,TheLazyPeon,770000,285830193,826,US,@thelazypeon,https://www.youtube.com/channel/UCE-f0sqi-H7kuLT0YiW9rcA
UC18YhnNvyrU2kTwCyj9p5ag,KingK,310000,57686111,143,US,@kingklonoa,https://www.youtube.com/channel/UC18YhnNvyrU2kTwCyj9p5ag
UCGn9cTrxfHXjlQJJIch6vHQ,Kiwos YT,186000,347938861,2660,IN,@kiwos_yt,https://www.youtube.com/channel/UCGn9cTrxfHXjlQJJIch6vHQ
UCqdeBveU7H4K3EyaYvd7mnA,Tuonto,1500000,420207453,656,US,@tuonto,https://www.youtube.com/channel/UCqdeBveU7H4K3EyaYvd7mnA
UC7AtjcE6uWap-y-W0apdM_A,ScottS,53500,70813415,693,UA,@scotts_jd,https://www.youtube.com/channel/UC7AtjcE6uWap-y-W0apdM_A
UCV_n7sq7lgOnPx1LLCMZDLQ,MISS QUEEN,1100000,496856829,3659,FR,@missqueenfr,https://www.youtube.com/channel/UCV_n7sq7lgOnPx1LLCMZDLQ
UChKMCBvDxx7lzlMKF1-xQkw,COOPA,781000,226379539,769,FR,@coopa_ytb,https://www.youtube.com/channel/UChKMCBvDxx7lzlMKF1-xQkw
UC_aVpyiE-YSyezpdFgbzLJQ,piplupwater,7340,51382030,406,,@piplupwater,https://www.youtube.com/channel/UC_aVpyiE-YSyezpdFgbzLJQ
UCV2JkEBmtfSYGAIlprAhAyQ,شبكة العاب العرب | Arab Games Network,26700000,11532838492,8278,SA,@arabgamesnetwork,https://www.youtube.com/channel/UCV2JkEBmtfSYGAIlprAhAyQ
UCo_Nm4TBp1rF0DRsWr377Ww,Dr_Horse,844000,332703130,6501,FR,@dr_horse,https://www.youtube.com/channel/UCo_Nm4TBp1rF0DRsWr377Ww
UChqs6XJ0zW62GfYXV62xGOg,IlexEmily,54500,11388096,555,GB,@ilexemily,https://www.youtube.com/channel/UChqs6XJ0zW62GfYXV62xGOg
UCHLuN_JL66bD8fdJWmQ-gNw,tinyBuildGAMES,873000,388914017,1563,,@tinybuildgames,https://www.youtube.com/channel/UCHLuN_JL66bD8fdJWmQ-gNw
UCBnSIolzKHchMtU-_o-hntQ,Bo Time Gaming,439000,336696441,2378,US,@botimegaming,https://www.youtube.com/channel/UCBnSIolzKHchMtU-_o-hntQ
UCCqMS4fwmaM-yStTmQe2nfg,Mickalow,1090000,140139956,872,FR,@mickalow,https://www.youtube.com/channel/UCCqMS4fwmaM-yStTmQe2nfg
UC3xKDcL6cDmjVGJFKfi8T3w,We Got Ice,568000,940123539,874,US,@wegotice,https://www.youtube.com/channel/UC3xKDcL6cDmjVGJFKfi8T3w
UCDm0O7ty2roGmN6XSKyipZw,Kalehori,22400,33079838,334,FI,@kalehori,https://www.youtube.com/channel/UCDm0O7ty2roGmN6XSKyipZw
UCY6c18sccqyFL6PS5KVpicw,Kage848,514000,216846407,12292,,@kage848,https://www.youtube.com/channel/UCY6c18sccqyFL6PS5KVpicw
UChaOl74FnZF6cv2tanQmhgA,• . 𝙈𝙖𝙪𝙫𝙚𝙦𝙯 . • ,5690,5200447,125,,@mauveq.z,https://www.youtube.com/channel/UChaOl74FnZF6cv2tanQmhgA
UCDsh4lseyfsUW9XnA-9J5iA,Naito,869000,214223202,1641,FR,@xxnaito75xx,https://www.youtube.com/channel/UCDsh4lseyfsUW9XnA-9J5iA
UCVu2-SAuPI7oyZq5w0c3CGg,FishStickOnAStick - Gaming,198000,69567522,756,US,@fishstickonastick-gaming,https://www.youtube.com/channel/UCVu2-SAuPI7oyZq5w0c3CGg
UCD4AGYDpUmNfWbkvHj8RSBA,Hydreix,45100,35066037,247,CA,@hydreix,https://www.youtube.com/channel/UCD4AGYDpUmNfWbkvHj8RSBA
UCm7rmp60URlhcv5lsLWOgVA,Les Chroniques d'Akse,25100,6429932,2237,FR,@aksechronicles,https://www.youtube.com/channel/UCm7rmp60URlhcv5lsLWOgVA
UC1JB0XkovQwI4yeZFdJJ1bg,Clay Kramer,138000,32506764,106,US,@claykramer,https://www.youtube.com/channel/UC1JB0XkovQwI4yeZFdJJ1bg
UCF84BonyyYQbBCWxxTJgXOA,Tomek FM,275,149276,16,,@tomekfm,https://www.youtube.com/channel/UCF84BonyyYQbBCWxxTJgXOA
UC7TIkH-0TzhP1EmSD9QN3xw,Fooster,1860000,512380161,1125,GB,@thefoosterchannel,https://www.youtube.com/channel/UC7TIkH-0TzhP1EmSD9QN3xw
UCryrwBtp5cMv-Hio-pVrryw,armpoint,80100,246471790,3365,FR,@chara_ssbu,https://www.youtube.com/channel/UCryrwBtp5cMv-Hio-pVrryw
UC3XWYokXdcltBb_7Myc9r_A,Alphastar716,74500,25247902,543,US,@alphastar716,https://www.youtube.com/channel/UC3XWYokXdcltBb_7Myc9r_A
UChIjW4BWKLqpojTrS_tX0mg,Just Dance,2440000,909628861,2212,,@justdancegame,https://www.youtube.com/channel/UChIjW4BWKLqpojTrS_tX0mg
UCjQFjh9iEf-r8nLa_vpt1og,BluntForceRam,10700,3567363,735,US,@bluntforceram,https://www.youtube.com/channel/UCjQFjh9iEf-r8nLa_vpt1og
UCNNTNaVcFdZQ0iB7dcY5yEg,TruScore Gaming,16400,5605580,889,US,@truscoregaming,https://www.youtube.com/channel/UCNNTNaVcFdZQ0iB7dcY5yEg
UC9YLd0REiXxLqQQH_CpJKZQ,Instalok,1240000,697884886,235,,@instalok,https://www.youtube.com/channel/UC9YLd0REiXxLqQQH_CpJKZQ
UCihg-Aew0pQYKiAOLnPA8GA,أحمد - Nemesis,2080000,516445900,1215,SA,@ahmed.nemesis,https://www.youtube.com/channel/UCihg-Aew0pQYKiAOLnPA8GA
UCp44DeN4ZJ985V9c-kyJ6iw,Mario Game Music by Tang (Game King),2270,2857924,133,HK,@michael4023100,https://www.youtube.com/channel/UCp44DeN4ZJ985V9c-kyJ6iw
UCVYygAE9IEA8feU0BdnZgMw,GamerJGB,59800,87448223,13052,,@gamerjgb,https://www.youtube.com/channel/UCVYygAE9IEA8feU0BdnZgMw
UCaHUN81taHibK_iD__HnoAQ,LoloKit,124000,73929672,259,US,@lolo-kit,https://www.youtube.com/channel/UCaHUN81taHibK_iD__HnoAQ
UCfTaFRWOam2QpI3xcLgt1MA,- NS -,290000,89858412,795,FR,@nsproduction99,https://www.youtube.com/channel/UCfTaFRWOam2QpI3xcLgt1MA
UCBZOnpQhWnrBJYfC5Nt00Xg,favelamarek,93200,342592413,860,US,@favelamarek,https://www.youtube.com/channel/UCBZOnpQhWnrBJYfC5Nt00Xg
UC6oRub4TgKPcx1Sn7A3HOfQ,AndromalicPlay1337,1240000,564808251,5017,US,@andromalicplay-xj3zb,https://www.youtube.com/channel/UC6oRub4TgKPcx1Sn7A3HOfQ
UCEKl2Zu5s4OWS1kIfBv9o-Q,Geldi Başkan,581000,483029081,823,TR,@geldibaskan,https://www.youtube.com/channel/UCEKl2Zu5s4OWS1kIfBv9o-Q
UCSaDiRN6Z8owFIgqd0pkDDQ,STONE XD,376000,405948358,466,PK,@stone_xd,https://www.youtube.com/channel/UCSaDiRN6Z8owFIgqd0pkDDQ
UCWzfixxFUZR8bMPArErRVLA,Moopsten,393000,471024013,1199,US,@moopsten,https://www.youtube.com/channel/UCWzfixxFUZR8bMPArErRVLA
UCuQSDZP17b4yS4ZfiwtlAng,cmyksoft,6390,4456704,51,,@cmyksoft,https://www.youtube.com/channel/UCuQSDZP17b4yS4ZfiwtlAng
UCTIRUAgLCuU7pihgAA3kvEA,Rayakuzaa,764000,353612072,809,FR,@rayakuzaa,https://www.youtube.com/channel/UCTIRUAgLCuU7pihgAA3kvEA
UCYXNATshz67KTWd1O2G9PGg,rick,2860,6320581,103,,@lofarrick,https://www.youtube.com/channel/UCYXNATshz67KTWd1O2G9PGg
UCyi4XQ5eTJ4-s5idlfOwlRw,Coop Local Gaming,20500,9170785,2126,US,@bestsplitscreengames,https://www.youtube.com/channel/UCyi4XQ5eTJ4-s5idlfOwlRw
UC3ETCazlHenpXEsrEJH-k5A,The Anime Man,3270000,657430842,1745,JP,@theanimeman,https://www.youtube.com/channel/UC3ETCazlHenpXEsrEJH-k5A
UCNmv1Cmjm3Hk8Vc9kIgv0AQ,Grimbeard,161000,32594204,222,US,@gothgamernation,https://www.youtube.com/channel/UCNmv1Cmjm3Hk8Vc9kIgv0AQ
UCneq-pXhApziFpje2tIfofw,مـلـزلـز MLZLZ,3940000,831878592,1439,SA,@osh3lek,https://www.youtube.com/channel/UCneq-pXhApziFpje2tIfofw
UCSP_93G9DmDA6ck71EObrcQ,Ted Nipples,14100,5786938,67,GB,@tednipples,https://www.youtube.com/channel/UCSP_93G9DmDA6ck71EObrcQ
UCBsnHsQPGiOC5m9GPPB0m0g,Neyreyan,9800,8548861,6154,RO,@neyreyan,https://www.youtube.com/channel/UCBsnHsQPGiOC5m9GPPB0m0g
UC1e6rxtIaVgp3y0sCdhguRQ,ShabbyDoo,11000,2905324,1799,US,@shabbydoo,https://www.youtube.com/channel/UC1e6rxtIaVgp3y0sCdhguRQ
UC4plRabXFGdAE6HP-tBQKdQ,HEARTROCKER,9680000,4201534721,3353,TH,@heartrock,https://www.youtube.com/channel/UC4plRabXFGdAE6HP-tBQKdQ
UCS5oXuAy9_cxc-fclor_U2g,MindGames,209000,64076464,1376,,@letsmindplay,https://www.youtube.com/channel/UCS5oXuAy9_cxc-fclor_U2g
UCP6f9x4iXk3LH8Q1sqJmYPQ,paulsoaresjr,1480000,609034860,4921,US,@psjr,https://www.youtube.com/channel/UCP6f9x4iXk3LH8Q1sqJmYPQ
UCVEZWhEbf0DBiSyLKRl2u7Q,LubaTV Games,2610000,376485247,836,BR,@lubatvgames,https://www.youtube.com/channel/UCVEZWhEbf0DBiSyLKRl2u7Q
UC2SVI9I1L9Z79YbDgZqGIpw,Gaming Harry,559000,115737586,602,GB,@gamingharryyt,https://www.youtube.com/channel/UC2SVI9I1L9Z79YbDgZqGIpw
UCepq9z9ovYGxhNrvf6VMSjg,CinnamonToastKen,4800000,2044133906,4566,US,@cinnamontoastken,https://www.youtube.com/channel/UCepq9z9ovYGxhNrvf6VMSjg
UCApjzYvBluJ-CB52BfOxhyQ,MLMariss,15500,4770885,759,LV,@mlmariss,https://www.youtube.com/channel/UCApjzYvBluJ-CB52BfOxhyQ
UC5rUMdCFWPXYs9e8PBLzq5g,Angory Tom,264000,193419231,3809,,@angorytom,https://www.youtube.com/channel/UC5rUMdCFWPXYs9e8PBLzq5g
UCktowJfriAyOEVl1Q00cseQ,TNQDAT Channel,3920,3340648,443,CA,@tnqdat,https://www.youtube.com/channel/UCktowJfriAyOEVl1Q00cseQ
UCFzY6g8AM94Md0ugLsJREzw,100 Ngày Ngáo,28200,2201428,13,VN,@100ngayngao,https://www.youtube.com/channel/UCFzY6g8AM94Md0ugLsJREzw
UCyo4ROy9-8ymQTBWcPA5Fjg,Techzamazing,1700000,627008083,15607,IN,@techzamazing,https://www.youtube.com/channel/UCyo4ROy9-8ymQTBWcPA5Fjg
UC8b0_xuGu-4f9WPzIJeRaIw,IsMeHype,1240,323305,115,GB,@ismehype,https://www.youtube.com/channel/UC8b0_xuGu-4f9WPzIJeRaIw
UCRewoax2MnaszUCkBwFpr-Q,Tal Rimoni,36600,60186620,199,US,@talrimoni,https://www.youtube.com/channel/UCRewoax2MnaszUCkBwFpr-Q
UC9Ed9JvjK_UDDpj8C_tMaqg,Deebeegeek,402000,115106924,2771,IE,@deebeegeek,https://www.youtube.com/channel/UC9Ed9JvjK_UDDpj8C_tMaqg
UC9b9KpewX_rIZcVk0mUZwng,The Moof,1310000,378139014,3728,TH,@themoof,https://www.youtube.com/channel/UC9b9KpewX_rIZcVk0mUZwng
UCRU9vwwARx8jEACqNpi_KFA,Champs Network,711000,459967883,3055,US,@champsnetwork,https://www.youtube.com/channel/UCRU9vwwARx8jEACqNpi_KFA
UCe8QWs3f_dMlB_kNxebZphA,Atea,1980,2800293,51,RU,@ateaedits,https://www.youtube.com/channel/UCe8QWs3f_dMlB_kNxebZphA
UCbU_1OrX67hNDv2huvRUAJg,Bluesuit,4030,1458093,158,US,@bluesuit,https://www.youtube.com/channel/UCbU_1OrX67hNDv2huvRUAJg
UCcP4oLYvDIfldZL1VqAp0Eg,Kalle,610000,104880630,614,DE,@kallekoschinsky,https://www.youtube.com/channel/UCcP4oLYvDIfldZL1VqAp0Eg
UCm4WlDrdOOSbht-NKQ0uTeg,RabidRetrospectGames,1020000,847612385,11044,US,@rabidretrospectgames,https://www.youtube.com/channel/UCm4WlDrdOOSbht-NKQ0uTeg
UC4dvh4KybJbqVHh8SZWnUmw,RickyGames404,334,384818,346,,@rickygames404,https://www.youtube.com/channel/UC4dvh4KybJbqVHh8SZWnUmw
UCxsbRjOUPXeFGj7NSCOl8Cw,Super Panic Frenzy,178000,39494256,349,,@superpanicfrenzy,https://www.youtube.com/channel/UCxsbRjOUPXeFGj7NSCOl8Cw
UCmta7P7_nhD7ioavl2RGDkQ,Mediocre Milton,80700,84189675,1230,US,@mediocremilton,https://www.youtube.com/channel/UCmta7P7_nhD7ioavl2RGDkQ
UCiw3IAxa0e2sNUiqzW1hgyQ,HEDGEHOG x,454000,159071771,1594,US,@hedgehogx,https://www.youtube.com/channel/UCiw3IAxa0e2sNUiqzW1hgyQ
UCVN-EAT6WMRTJUGFWjGjnQw,Epokk,31100,16875302,683,BE,@epokk,https://www.youtube.com/channel/UCVN-EAT6WMRTJUGFWjGjnQw
UCFRo5Ivhdkm19PjzpzIJwBg,Play Games (PG),23100,10016215,1482,GB,@playgames_pg,https://www.youtube.com/channel/UCFRo5Ivhdkm19PjzpzIJwBg
UCyQTJ2EtL1mjw-JcG_fdywQ,TheBaldMan,88500,20713372,943,US,@thebaldman,https://www.youtube.com/channel/UCyQTJ2EtL1mjw-JcG_fdywQ
UCMAmhOvbcJaM9wWI6MZbcuA,Verspieltes Gnu,733000,260672799,1850,DE,@verspieltesgnu,https://www.youtube.com/channel/UCMAmhOvbcJaM9wWI6MZbcuA
UC9R8JUIQhIiWanscw6pbwYA,Corrupted,378000,140331589,1871,DE,@corrupted,https://www.youtube.com/channel/UC9R8JUIQhIiWanscw6pbwYA
UCjuRnAVSiarRGOI8DA2oJtQ,Menos Trece,2670000,1155779496,6459,ES,@menostrece,https://www.youtube.com/channel/UCjuRnAVSiarRGOI8DA2oJtQ
UCdBi65Vfm9KWF_Rt_0XIJHQ,Miss DramaQueen,1680000,1001401266,1381,US,@miss_dramaqueen,https://www.youtube.com/channel/UCdBi65Vfm9KWF_Rt_0XIJHQ
UCiZqrZGMMWVef72by3MPcyg,Leckie Play,2210,1401092,118,KZ,@leckieplay,https://www.youtube.com/channel/UCiZqrZGMMWVef72by3MPcyg
UCT6iRPtBcmLrK2f0U1iDmjg,アフロマスク,322000,282110743,9259,JP,@afromask,https://www.youtube.com/channel/UCT6iRPtBcmLrK2f0U1iDmjg
UCx8vbgWs666cAS7wsKos5sA,8-BitRyan,4400000,2074640333,3178,GB,@8bitryan,https://www.youtube.com/channel/UCx8vbgWs666cAS7wsKos5sA
UCO1ITICo8MLHGAXR1uzFwjA,OneyPlays,1470000,1286358659,4399,US,@oneyplays,https://www.youtube.com/channel/UCO1ITICo8MLHGAXR1uzFwjA
UCWKtHaeXVzUscYGcm0hEunw,BRKsEDU,9960000,2482982296,5551,BR,@brksedu,https://www.youtube.com/channel/UCWKtHaeXVzUscYGcm0hEunw
UCuIXtOS4V5bbSIcSDNzfzuA,Lt. Eddy Animations,67800,15938765,107,CA,@lteddy,https://www.youtube.com/channel/UCuIXtOS4V5bbSIcSDNzfzuA
UCsTHumek14m-dr1F83qHUWQ,Trasherk,457000,65417709,885,CL,@tiotrasherk,https://www.youtube.com/channel/UCsTHumek14m-dr1F83qHUWQ
UC6mxkJQczdMLcWkT2mvERUA,Legendary Lizzy,188000,152538808,741,GB,@legendarylizzy,https://www.youtube.com/channel/UC6mxkJQczdMLcWkT2mvERUA
UCrbdVuw_4Tt0zBE5Gmo4TwA,Father,446000,323542535,7766,,@nikolasines,https://www.youtube.com/channel/UCrbdVuw_4Tt0zBE5Gmo4TwA
UCaWCocdoPO69oLEknWicIkg,Tycen,21000,5171248,546,,@tycenyt,https://www.youtube.com/channel/UCaWCocdoPO69oLEknWicIkg
UCAmiHmhyH7irW2Yr_RoI0uA,Phân Tích Game,1040000,252732387,342,VN,@phantichgame,https://www.youtube.com/channel/UCAmiHmhyH7irW2Yr_RoI0uA
UCRYwYXPB43-IUX0jzT8jrfQ,OdysseyGamez,27500,12991463,696,,@odysseygamez,https://www.youtube.com/channel/UCRYwYXPB43-IUX0jzT8jrfQ
UCkIM7McH1EKRnG5Ipk8qr1Q,everynightxRIOT,925000,329226894,2817,US,@everynightxriot,https://www.youtube.com/channel/UCkIM7McH1EKRnG5Ipk8qr1Q
UC6H9rxgJAgZZNb3xpzVR-Wg,Athengail Gaming,44,68912,45,,@athengailgaming,https://www.youtube.com/channel/UC6H9rxgJAgZZNb3xpzVR-Wg
UCpmF3Kc52cf2WMCn2RkPzxw,ItsD,265000,48511916,171,ID,@itsderry,https://www.youtube.com/channel/UCpmF3Kc52cf2WMCn2RkPzxw
UC83AFm_0z7e91dNgj782Gvg,Game Guides Channel,237000,213414335,27318,US,@ggchannelx,https://www.youtube.com/channel/UC83AFm_0z7e91dNgj782Gvg
UC-JFdXK--gqyRhlKS5994Yw,Zunda-Moon,20400,2272637,51,,@zunda-moon,https://www.youtube.com/channel/UC-JFdXK--gqyRhlKS5994Yw
UCA0McsiXWJZu11MsiDdXvlw,DoctorGTA,539000,121064921,397,US,@thedoctorgta,https://www.youtube.com/channel/UCA0McsiXWJZu11MsiDdXvlw
UCL7Y-U_btRDbr0Vo-ln_m5w,Dalton Gaming,1260,446075,143,US,@daltongrimes6254,https://www.youtube.com/channel/UCL7Y-U_btRDbr0Vo-ln_m5w
UCdXfIAfjhU11O_sYrtWNwow,AMAAN-T,2120000,1123311181,2506,IN,@amaan-t,https://www.youtube.com/channel/UCdXfIAfjhU11O_sYrtWNwow
UC7tsxhSgwvv7tXk1nrw1EBg,ほんだぽくてのクラフトサバイバルゲーム攻略,15300,7150172,810,JP,@hondapokute,https://www.youtube.com/channel/UC7tsxhSgwvv7tXk1nrw1EBg
UCmG4y706xJCj2CVPzA22kAw,HappyCairek,409000,137104921,3281,FR,@happycairek,https://www.youtube.com/channel/UCmG4y706xJCj2CVPzA22kAw
UC8fWyZQfxhakER1VrBnMlEQ,Slapper,2080000,528978227,3130,TH,@slapperch,https://www.youtube.com/channel/UC8fWyZQfxhakER1VrBnMlEQ
UCchc7LKPkpiGG0iY9YwqMDw,Golden Reels,6100,24832585,254,CA,@goldenreelsproduction,https://www.youtube.com/channel/UCchc7LKPkpiGG0iY9YwqMDw
UCheJvizxLKUpel6IqrWslNg,Only Top Games,49200,14470523,772,UA,@onlytopgames,https://www.youtube.com/channel/UCheJvizxLKUpel6IqrWslNg
UCamS17lZeNCT0v3-iSp2vEQ,Mike Fringe,62000,32333085,3284,US,@mikefringe,https://www.youtube.com/channel/UCamS17lZeNCT0v3-iSp2vEQ
UClZrD5fF1HDyWg4zJwyYOeg,Donnay,792000,168621206,222,ID,@donnayyy,https://www.youtube.com/channel/UClZrD5fF1HDyWg4zJwyYOeg
UCWVs8Yd66FUXLy-fgaMq2cQ,Slimecicle VODS,425000,70372429,250,US,@slimeciclevods,https://www.youtube.com/channel/UCWVs8Yd66FUXLy-fgaMq2cQ
UCclJBcV34su9nHI_XXjiSvQ,pooiyx,506,893642,22,,@pooiyx,https://www.youtube.com/channel/UCclJBcV34su9nHI_XXjiSvQ
UCWB212HLA4MyZBpn0qlBpXA,BestInSlot,825000,414183437,6221,GB,@bestinslotgaming,https://www.youtube.com/channel/UCWB212HLA4MyZBpn0qlBpXA
UChUVdBih4m5GoKi-wd8pMiA,SergiuHellDragoonHQ,1650000,1248246012,17679,RO,@sergiuhelldragoonhq,https://www.youtube.com/channel/UChUVdBih4m5GoKi-wd8pMiA
UCDaCaGKaJDHHuGRU6W--jDA,WolfQuest,93700,14117017,310,US,@wolfquestgame,https://www.youtube.com/channel/UCDaCaGKaJDHHuGRU6W--jDA
UCsjYppOX23CrtHRLbDl8Caw,SnowSnooSnoob,5410,3172965,930,US,@snowsnoosnoob,https://www.youtube.com/channel/UCsjYppOX23CrtHRLbDl8Caw
UCI64EvmBHM-VBdFCziwa43w,Juiiicebox,1620,293497,6,,@juiiiceb0x_,https://www.youtube.com/channel/UCI64EvmBHM-VBdFCziwa43w
UC3t5CYZMhhOl0_8ATxCBrkg,Brian Menard,185000,83919938,4378,US,@brianmenard,https://www.youtube.com/channel/UC3t5CYZMhhOl0_8ATxCBrkg
UCltyQgCpv0wN60WQWQYfZ4Q,Bee Electricity,1990,756580,234,,@beeelectricity,https://www.youtube.com/channel/UCltyQgCpv0wN60WQWQYfZ4Q
UCYPpP-X1VORLxGluWgIJI2g,SMART On Live Vol.2,1560000,1355181078,918,TH,@smartonlivevol.2,https://www.youtube.com/channel/UCYPpP-X1VORLxGluWgIJI2g
UCiVKGBoIBsSryFR3sBZ84pg,Sergeant Kelvin,39700,12641808,1805,US,@sergeantkelvin,https://www.youtube.com/channel/UCiVKGBoIBsSryFR3sBZ84pg
UCqW50WJnFgyc3uh3lBst_Sg,CrypticFox,133000,44626628,3330,CA,@crypticfoxgaming,https://www.youtube.com/channel/UCqW50WJnFgyc3uh3lBst_Sg
UCQwiq7H18P59gSd4AednqLg,Baron Tormunda,1870,562003,491,GB,@barontormunda,https://www.youtube.com/channel/UCQwiq7H18P59gSd4AednqLg
UCS1iJ7FXYqJRWSpKSDRZmRA,top gaming z,3840,4641728,673,IN,@topgamingz-11,https://www.youtube.com/channel/UCS1iJ7FXYqJRWSpKSDRZmRA
UCw0UQkA6EJg4_wQbEFHbpYQ,RanbooVODS,656000,88473219,889,US,@ranboovods,https://www.youtube.com/channel/UCw0UQkA6EJg4_wQbEFHbpYQ
UC7MQepKND_7DTbOXDWmqU4w,BigChab,79300,11536567,411,ID,@bigchab,https://www.youtube.com/channel/UC7MQepKND_7DTbOXDWmqU4w
UCL5IGDm9JgyxgOyLRxY2UJA,JackToStudios Official,761,353862,8,,@jacktostudiosofficial9660,https://www.youtube.com/channel/UCL5IGDm9JgyxgOyLRxY2UJA
UC6y8odCwrbbnr-XOtEO40rg,SG,6380,2175853,304,US,@imstevethegamer,https://www.youtube.com/channel/UC6y8odCwrbbnr-XOtEO40rg
UC8uxFKMADMhYn80nkfpPa-w,Gssspotted,1430000,648383317,1449,TH,@gssspotted,https://www.youtube.com/channel/UC8uxFKMADMhYn80nkfpPa-w
UCBUPPrMmr9TIhEo849cQm-w,Andarilho,489000,61944044,3189,BR,@andarilhou,https://www.youtube.com/channel/UCBUPPrMmr9TIhEo849cQm-w
UCsNqARlZk9nv40opnPpVwrw,Cornelius,325000,85969610,561,DE,@cornelius7d,https://www.youtube.com/channel/UCsNqARlZk9nv40opnPpVwrw
UCqA48zxQgGz1AfON-wrn5BA,iamSometimes,522000,183016641,881,TH,@iamsometimes,https://www.youtube.com/channel/UCqA48zxQgGz1AfON-wrn5BA
UCbr7oOz5JNnJ-j4dY1Zq2PA,SepiGamer,10200,1989835,1781,ES,@sepigamer,https://www.youtube.com/channel/UCbr7oOz5JNnJ-j4dY1Zq2PA
UCZrJyW0Tmdr_MzyimLll5Ag,Yippee Ki Yay Mr Falcon,486000,175390511,7220,US,@ykymrfalcon,https://www.youtube.com/channel/UCZrJyW0Tmdr_MzyimLll5Ag
UCU8Z93Lh6dohM5PsCl5kbaQ,Adventure Wolf,4170,1657148,416,ZA,@adventurewolf1779,https://www.youtube.com/channel/UCU8Z93Lh6dohM5PsCl5kbaQ
UCeZUigzu0Aa0wLrC9tx6k8w,PLITCH – Game Trainer & Mods,28900,25387197,2659,US,@plitch,https://www.youtube.com/channel/UCeZUigzu0Aa0wLrC9tx6k8w
UC9EYldgBLKw3EqnSk95Q37w,Best Dino Games & Animal Games,83400,41786560,6427,BR,@dinoworldtv,https://www.youtube.com/channel/UC9EYldgBLKw3EqnSk95Q37w
UCzKqhLqFgxX49sQdkJBrM1Q,Tanny,180000,27465640,1120,TH,@tanny,https://www.youtube.com/channel/UCzKqhLqFgxX49sQdkJBrM1Q
UCqPN9LAkx20aBWOafwvQB-Q,Jelool,2460000,649843974,2863,ID,@jelool,https://www.youtube.com/channel/UCqPN9LAkx20aBWOafwvQB-Q
UC-Oq0W8avFSSbKFsY3iHyUA,Online Station,1150000,753024687,7648,TH,@onlinestationofficial,https://www.youtube.com/channel/UC-Oq0W8avFSSbKFsY3iHyUA
UCjL8v2oxU3xTQalGzejC5Yw,iGameplay1224,1740000,604688452,10740,TR,@igameplay1224,https://www.youtube.com/channel/UCjL8v2oxU3xTQalGzejC5Yw
UCIOTSVkAmZPD0SrQTq1lZfw,GEORGE KAGIOULIS,124,105582,225,,@kagioul10,https://www.youtube.com/channel/UCIOTSVkAmZPD0SrQTq1lZfw
UCIDIIkK99dqI_qSNe6sS3wA,Keenling,172000,24909551,56,ID,@keenling,https://www.youtube.com/channel/UCIDIIkK99dqI_qSNe6sS3wA
UCnZokmbZBUDt9TZsiXDQ6uQ,HeBizon,651,239712,116,RU,@hebizon,https://www.youtube.com/channel/UCnZokmbZBUDt9TZsiXDQ6uQ
UC4e517fIfsizbfEf_HsnFaQ,JayPlays,37600,9146896,2489,US,@jayplays535,https://www.youtube.com/channel/UC4e517fIfsizbfEf_HsnFaQ
UCg4Z4a47olaxd4p3Q7dWt5w,Just Rob,15200,10214714,1271,US,@justrobplays,https://www.youtube.com/channel/UCg4Z4a47olaxd4p3Q7dWt5w
UCNZc83EblsrXlFlZuz88zsg,Spartan-85,33500,13541136,2080,US,@spartan85,https://www.youtube.com/channel/UCNZc83EblsrXlFlZuz88zsg
UCw8BynAtBKMqczGH0sjxgyA,Reginald,43900,13122143,615,,@reginald-sc9tk,https://www.youtube.com/channel/UCw8BynAtBKMqczGH0sjxgyA
UC6dj9oOLd4LN40dJgNl98Cg,Snake9,427000,240928287,601,ID,@snake9,https://www.youtube.com/channel/UC6dj9oOLd4LN40dJgNl98Cg
UC6WgwA4jBLBhs7FrPSbEhwQ,SongSY,156000,26985410,713,TH,@songsy,https://www.youtube.com/channel/UC6WgwA4jBLBhs7FrPSbEhwQ
UCM5IjkaMn26erCF0y9eUPHw,Aquaman,2200,1938571,882,AU,@kingaquaman,https://www.youtube.com/channel/UCM5IjkaMn26erCF0y9eUPHw
UCUEBwthcpWBTQXscn8bpS6Q,Boomstick Gaming,415000,152962503,865,US,@boomstickgaming,https://www.youtube.com/channel/UCUEBwthcpWBTQXscn8bpS6Q
UCuncXc4LI5Wu1TtIgSCZMIw,Bon Chơi Tuốt,532000,259550151,888,VN,@bonchoituot,https://www.youtube.com/channel/UCuncXc4LI5Wu1TtIgSCZMIw
UCRxqYNISTIFmGIC_7BXEgTw,Infinitex,94000,18975400,106,US,@infinitexlive,https://www.youtube.com/channel/UCRxqYNISTIFmGIC_7BXEgTw
UCjUitW8oCAop-cX4l7dzjgg,ULTLE,9930,6263189,651,TH,@ultle,https://www.youtube.com/channel/UCjUitW8oCAop-cX4l7dzjgg
UCy_xkXNtIyxSPPGOqjZoHKA,Zee,807,599936,4,US,@zeeerat,https://www.youtube.com/channel/UCy_xkXNtIyxSPPGOqjZoHKA
UCyG65qDxm3iWWdvghP6ho6Q,Luka2,50000,10524043,76,NZ,@lukalukalukaofficial2,https://www.youtube.com/channel/UCyG65qDxm3iWWdvghP6ho6Q
UC5i3uWXk8NNqC6PrlgbORfA,Realistic GameZ,16200,20358886,148,GB,@realistic_gamez,https://www.youtube.com/channel/UC5i3uWXk8NNqC6PrlgbORfA
UCvnwOQj7Jkk6KG7yI6O6CTw,HeyySweet,3240,698315,361,US,@heyysweetyt,https://www.youtube.com/channel/UCvnwOQj7Jkk6KG7yI6O6CTw
UC96HuwJhXI2p-_zZi3oAR_g,Glock9,558000,207595095,1710,US,@glock9,https://www.youtube.com/channel/UC96HuwJhXI2p-_zZi3oAR_g
UCwa3SMmBSzZ6CQhHcJ-fUyQ,Spootnic,4620,713585,209,US,@spootnic1,https://www.youtube.com/channel/UCwa3SMmBSzZ6CQhHcJ-fUyQ
UC_LtqnFEM3N3SZzc2qPk2pg,Dying Light,530000,165582360,586,US,@dyinglightgameofficial,https://www.youtube.com/channel/UC_LtqnFEM3N3SZzc2qPk2pg
UCri5b4gBVVNQr5axQ8nPHCQ,SCUM Game - Official,17300,4432157,155,HR,@scumgameofficial,https://www.youtube.com/channel/UCri5b4gBVVNQr5axQ8nPHCQ
UCjmrDkN-ei69su0TagIHAOQ,Milton,139,305489,21,,@militantmilton,https://www.youtube.com/channel/UCjmrDkN-ei69su0TagIHAOQ
UCy52QBC_jHCqWa6W_LlhRCw,Evolution Curios,40600,18266456,48,US,@evolutioncurios,https://www.youtube.com/channel/UCy52QBC_jHCqWa6W_LlhRCw
UCemNS3YMuoB-NBnmGmFh2rg,Phantom Control Gaming,3750,1662300,699,GB,@phantomcontrolgaming,https://www.youtube.com/channel/UCemNS3YMuoB-NBnmGmFh2rg
UCPoypAm--xPIftx5tLAAKTQ,MrGameHunter,5750,3917867,1152,US,@mrgamehunterchannel,https://www.youtube.com/channel/UCPoypAm--xPIftx5tLAAKTQ
UCnMhaiM8zxCCp8lzcxBfepg,TheFunPimps,50100,5436264,89,,@thefunpimps,https://www.youtube.com/channel/UCnMhaiM8zxCCp8lzcxBfepg
UCJNeiS810mGG98ctG45M1WA,JaWoodle,155000,115631312,4257,AU,@jawoodle,https://www.youtube.com/channel/UCJNeiS810mGG98ctG45M1WA
UCT7NogvYZh_3vWIJs_zSfTA,JtheSlopFrog,585000,601790559,669,DE,@jtheslopfrog,https://www.youtube.com/channel/UCT7NogvYZh_3vWIJs_zSfTA
UC7BrWYurPLs1ooGLR0o1a_w,DR Grant,8590,2504605,663,NO,@drgrant1532,https://www.youtube.com/channel/UC7BrWYurPLs1ooGLR0o1a_w
UCfiqwQJ89LoQ0g6zJFS6Ruw,Wautscher,106000,101311078,8784,DE,@wautscher,https://www.youtube.com/channel/UCfiqwQJ89LoQ0g6zJFS6Ruw
UCMNEVbszv8ZyvSXoTn3yhpQ,TheBurntPeanut,2050000,619355947,1511,,@theburntpeanut,https://www.youtube.com/channel/UCMNEVbszv8ZyvSXoTn3yhpQ
UCo_IB5145EVNcf8hw1Kku7w,The Game Theorists,19600000,4755825635,932,US,@gametheory,https://www.youtube.com/channel/UCo_IB5145EVNcf8hw1Kku7w
UCDzJOrDYIlAkW9iR4Z7qKCQ,Cá Khô,463000,131352723,866,VN,@cakhoreborn,https://www.youtube.com/channel/UCDzJOrDYIlAkW9iR4Z7qKCQ
UCsB0LwkHPWyjfZ-JwvtwEXw,Achievement Hunter,1360000,2646528102,8382,US,@achievementhunter,https://www.youtube.com/channel/UCsB0LwkHPWyjfZ-JwvtwEXw
UCiufyZv8iRPTafTw0D4CvnQ,Neebs Gaming,2410000,1464911056,3279,US,@neebsgaming,https://www.youtube.com/channel/UCiufyZv8iRPTafTw0D4CvnQ
UCPf6UQ6BNtxCijKS8zjHbHA,HookAnimalxs,87700,41264246,3,ES,@bye2lifecrew,https://www.youtube.com/channel/UCPf6UQ6BNtxCijKS8zjHbHA
UC3YvY0wyvb9hj_B5AX8OLCQ,Kukumba Cat,12800,6931136,163,FI,@kukumbacat,https://www.youtube.com/channel/UC3YvY0wyvb9hj_B5AX8OLCQ
UCHs06_3AmB6D0rN-cP2ajHA,Supercali8,16300,4769618,564,US,@supercali8,https://www.youtube.com/channel/UCHs06_3AmB6D0rN-cP2ajHA
UC_lZafXCytF_A-Pytvw73YA,RayKit,80900,13623699,1640,GB,@raykit,https://www.youtube.com/channel/UC_lZafXCytF_A-Pytvw73YA
UCFFe-p1uiuRitzxpi2rT6nA,nesp,136000,11756272,81,RU,@nesp,https://www.youtube.com/channel/UCFFe-p1uiuRitzxpi2rT6nA
UCwVJr6R-2Hbezs5Ur4zmcLw,Fresh Spawns,757000,570794461,1825,GB,@freshspawns,https://www.youtube.com/channel/UCwVJr6R-2Hbezs5Ur4zmcLw
UCe7YQBoHBSAOwUiMQFrdq8Q,RRaenee,2170000,662558634,1468,TR,@rraenee,https://www.youtube.com/channel/UCe7YQBoHBSAOwUiMQFrdq8Q
UCXl48fV5Yz4O587pQhMRDxA,iSyzen,367000,64636684,381,US,@isyzen,https://www.youtube.com/channel/UCXl48fV5Yz4O587pQhMRDxA
UCdsEpn4h5QVQIuuodWGB2Dw,Lowii,25400,5230070,46,GB,@lowiigaming,https://www.youtube.com/channel/UCdsEpn4h5QVQIuuodWGB2Dw
UCAPApcWfFuhKlqyQqKGDNYQ,Josiah Turner,9480,2080468,569,US,@pathfinderplays,https://www.youtube.com/channel/UCAPApcWfFuhKlqyQqKGDNYQ
UCJCNJaSwskoZZcGR2Bw-owg,Wessex ,11500,3484864,491,BY,@wessexgames,https://www.youtube.com/channel/UCJCNJaSwskoZZcGR2Bw-owg
UC6pGvqj5xtZS4DY_9cGin_Q,zarbex Uncut,285000,107909265,1036,DE,@zarbexuncut,https://www.youtube.com/channel/UC6pGvqj5xtZS4DY_9cGin_Q
UCT4ITc4BhHL4CXHYt4Bs9jg,Siege Tales,3360000,1946920121,250,US,@siegetales,https://www.youtube.com/channel/UCT4ITc4BhHL4CXHYt4Bs9jg
UCIHfCaZ5IKNqodjiyrp5Ctw,Torak,49600,10488714,1375,SE,@torakofficial,https://www.youtube.com/channel/UCIHfCaZ5IKNqodjiyrp5Ctw
UCajKkRyy_Cq8pmrtmaAr3xQ,ODX Zero,457,229393,20,,@odxzero,https://www.youtube.com/channel/UCajKkRyy_Cq8pmrtmaAr3xQ
UCedicLbmN_7vPUmPXlvKPFg,General Sam,1550000,502711817,959,US,@generalsam,https://www.youtube.com/channel/UCedicLbmN_7vPUmPXlvKPFg
UCMQruncNZH4ad13cEMGxgPg,KrisKnot,375,408362,191,EE,@krisknot,https://www.youtube.com/channel/UCMQruncNZH4ad13cEMGxgPg
UCo5CjG5Rp_uUPng77S2E_bA,TheGamingRift,42900,24020588,1158,GB,@thegamingrift11,https://www.youtube.com/channel/UCo5CjG5Rp_uUPng77S2E_bA
UCy1Ms_5qBTawC-k7PVjHXKQ,TotalBiscuit,1900000,908173805,3398,US,@cynicalbrit,https://www.youtube.com/channel/UCy1Ms_5qBTawC-k7PVjHXKQ
UCpt6UHGn3ZJmpYgUGQ-gO-Q,GalaxiaVODs,771,160999,70,GB,@galaxiavods,https://www.youtube.com/channel/UCpt6UHGn3ZJmpYgUGQ-gO-Q
UCQeRaTukNYft1_6AZPACnog,Asmongold TV  ,4710000,5948055022,7568,US,@asmontv,https://www.youtube.com/channel/UCQeRaTukNYft1_6AZPACnog
UCi37K5Nrz9HlgNLsFBfhE-Q,Muaxh03,285000,452487555,2183,TR,@muaxh03,https://www.youtube.com/channel/UCi37K5Nrz9HlgNLsFBfhE-Q
UCD6iXv1oPZlu7oV_CpxM5ZA,PlayerEmers,280,449893,18,,@playeremers,https://www.youtube.com/channel/UCD6iXv1oPZlu7oV_CpxM5ZA
UCiYcA0gJzg855iSKMrX3oHg,CoryxKenshin,24700000,10082521060,1753,US,@coryxkenshin,https://www.youtube.com/channel/UCiYcA0gJzg855iSKMrX3oHg
UC-Oj__Ejp-vepYIj6gnKqWw,Graizy,6180,8225596,467,IN,@graizy,https://www.youtube.com/channel/UC-Oj__Ejp-vepYIj6gnKqWw
UC2ju0j2-6NZd8i8qqOIWZWA,Schwingy ,72000,10940173,125,,@schwingygaming,https://www.youtube.com/channel/UC2ju0j2-6NZd8i8qqOIWZWA
UCspY-TFjDhO-kL5lsSHT5GQ,Altek2k,9600,5038853,392,GB,@altek2k,https://www.youtube.com/channel/UCspY-TFjDhO-kL5lsSHT5GQ
UCn2kjX5BH_bboLLo5IUIhMw,iMThatOnlyBeast13,35300,14145039,855,US,@imthatonlybeast13,https://www.youtube.com/channel/UCn2kjX5BH_bboLLo5IUIhMw
UC6Yz9qyayyrYpo_tkc8V14Q,GameLight,126000,130757123,210,US,@gamelight,https://www.youtube.com/channel/UC6Yz9qyayyrYpo_tkc8V14Q
UCKk076mm-7JjLxJcFSXIPJA,outsidexbox,2660000,1529647906,4397,GB,@outsidexbox,https://www.youtube.com/channel/UCKk076mm-7JjLxJcFSXIPJA
UCt99JhY5PFRZ9apL5ImCdTg,DiferShorts,31700,84595747,141,EC,@difershorts,https://www.youtube.com/channel/UCt99JhY5PFRZ9apL5ImCdTg
UCmb0LnmFYceH7toqgmUTJDA,Vandal,3420000,2743353996,6507,ES,@vandal,https://www.youtube.com/channel/UCmb0LnmFYceH7toqgmUTJDA
UCUVfFYv8r4n3wsoaYB9W98Q,Captain Eggcellent But Shorter,47600,83374818,332,GB,@captaineggcellentbutshorter,https://www.youtube.com/channel/UCUVfFYv8r4n3wsoaYB9W98Q
UCr1Axawb4zmDbTxSYpySa_A,Woolie,289000,94839700,673,US,@woolie,https://www.youtube.com/channel/UCr1Axawb4zmDbTxSYpySa_A
UCsrWHWH8eHRjtWnY0TE3YNg,HecticSherlock Gaming,1450000,4212273934,2256,US,@hecticsg,https://www.youtube.com/channel/UCsrWHWH8eHRjtWnY0TE3YNg
UCSDZkgmigfYbdw7hJ-6Wo6A,ds lily,89900,29262512,1511,,@dslily,https://www.youtube.com/channel/UCSDZkgmigfYbdw7hJ-6Wo6A
UCgv2_w0HveLN_JgFGTqwmTw,Pohx,147000,46808802,1676,US,@pohxkappa,https://www.youtube.com/channel/UCgv2_w0HveLN_JgFGTqwmTw
UCRu9mro2nPafhMxVy2CRfXA,AboFlah Gaming,5910000,699579392,245,AE,@aboflah_gaming,https://www.youtube.com/channel/UCRu9mro2nPafhMxVy2CRfXA
UCmpTqj6b_e5XIb3qTjttXMw,Path of Exile 2 Clips,21700,50325817,857,US,@pathofexile2clips,https://www.youtube.com/channel/UCmpTqj6b_e5XIb3qTjttXMw
UCi1Tln5CFg1yExpz8djyxjA,gta2025,4680000,2713095547,1359,VE,@gta2025,https://www.youtube.com/channel/UCi1Tln5CFg1yExpz8djyxjA
UCA7X5unt1JrIiVReQDUbl_A,Path of Exile,431000,347835234,2239,,@playpathofexile,https://www.youtube.com/channel/UCA7X5unt1JrIiVReQDUbl_A
UC7_7Ch7ef_IIFAqwB2WA7_w,Angry Roleplayer,11300,12237292,1882,US,@angryroleplayer,https://www.youtube.com/channel/UC7_7Ch7ef_IIFAqwB2WA7_w
UC5UZdZV_QAmrRYeOyqcKVUw,G E N E R A IL,79200,34401295,247,,@generailgaming,https://www.youtube.com/channel/UC5UZdZV_QAmrRYeOyqcKVUw
UCwEeGz642neKIXgv7AdWggA,PC Invasion,2210,2974386,715,US,@pcinvasion,https://www.youtube.com/channel/UCwEeGz642neKIXgv7AdWggA
UCZch5b068HaaUAGW6CaU1kA,Aimsey LIVE,108000,12603093,799,,@aimseyllve,https://www.youtube.com/channel/UCZch5b068HaaUAGW6CaU1kA
UCUC1NFIMZn38gJBoMyhVNRQ,OniZombies,124000,81767735,823,US,@onizombies,https://www.youtube.com/channel/UCUC1NFIMZn38gJBoMyhVNRQ
UCn0LYvsnbm-Nk-44neVKfXg,DarthMicrotransaction TV,386000,169635112,929,US,@dmdiablo4,https://www.youtube.com/channel/UCn0LYvsnbm-Nk-44neVKfXg
UC1uug_uZrVmylfPVBLBvitQ,CarbotAnimations,2460000,1422459947,1593,CA,@carbotanimations,https://www.youtube.com/channel/UC1uug_uZrVmylfPVBLBvitQ
UC2A1530b9PvQW9rJ8DWk9Cg,WildGamerSK,236000,173437795,4531,US,@wildgamersk,https://www.youtube.com/channel/UC2A1530b9PvQW9rJ8DWk9Cg
UC5aVIcrd8YUcjlFeRMmJMsA,Lives do alanzoka,3970000,1892990413,3492,BR,@livesalanzoka,https://www.youtube.com/channel/UC5aVIcrd8YUcjlFeRMmJMsA
UCMwJJL5FJFuTRT55ksbQ4GQ,Asmongold Clips,1870000,3739160815,4771,US,@asmongoldclips,https://www.youtube.com/channel/UCMwJJL5FJFuTRT55ksbQ4GQ
UC0pBj0VuvQHBV5P9Glmxhfw,DanielTheExiled,2460,806945,104,AT,@danieltheexiled,https://www.youtube.com/channel/UC0pBj0VuvQHBV5P9Glmxhfw
UCz_SjynsQsJy7wfEoCAIEyA,Richard Dangles,63800,18385926,269,US,@richarddangles,https://www.youtube.com/channel/UCz_SjynsQsJy7wfEoCAIEyA
UCvHDrd5vBwJ4FmIo-ZnPvVQ,Kamil Orman-Janowski,19900,14185754,189,NZ,@kamilormanjanowski,https://www.youtube.com/channel/UCvHDrd5vBwJ4FmIo-ZnPvVQ
UCnU2EtUW8Z4DxSqXxJ5cMQg,Cellbit,6710000,297027034,111,BR,@cellbits,https://www.youtube.com/channel/UCnU2EtUW8Z4DxSqXxJ5cMQg
UCA26getjsMmm2N_a57KoFzg,MrJim,1670,1546715,132,GB,@mrjimgaming,https://www.youtube.com/channel/UCA26getjsMmm2N_a57KoFzg
UCgf6Dc016OsgZek6iitcSmg,Vaxo Gvenetadze,162000,34384427,220,PL,@vaxogvenetadze,https://www.youtube.com/channel/UCgf6Dc016OsgZek6iitcSmg
UCwJ1M5zrTZF46Ole55P4RLQ,ShotKick,530,1056095,219,AE,@shotkickofficial,https://www.youtube.com/channel/UCwJ1M5zrTZF46Ole55P4RLQ
UCd9TUql8V7J-Xy1RNgA7MlQ,zanny,2670000,849289785,712,PH,@theonlyzanny,https://www.youtube.com/channel/UCd9TUql8V7J-Xy1RNgA7MlQ
UCNEhG550siWdfsxzTBrK_mw,Rio Fenris,4980,6507558,530,US,@hariolu,https://www.youtube.com/channel/UCNEhG550siWdfsxzTBrK_mw
UCBf54dajrbD7T_hXvOPQqjg,Name Holder,508,1368940,9,,@name.holder,https://www.youtube.com/channel/UCBf54dajrbD7T_hXvOPQqjg
UCD6VugMZKRhSyzWEWA9W2fg,SsethTzeentach,1620000,393178731,107,DK,@ssethtzeentach,https://www.youtube.com/channel/UCD6VugMZKRhSyzWEWA9W2fg
UCrkx1FvZfCrkUjXh1zRHsiQ,MDMarqués Shorts,87600,122722931,519,ES,@mdmarquesshorts,https://www.youtube.com/channel/UCrkx1FvZfCrkUjXh1zRHsiQ
UCj4lFy4F5PqXD7d41mCKVYw,GameClips,5160000,2316493185,2562,US,@gameclips4kytt,https://www.youtube.com/channel/UCj4lFy4F5PqXD7d41mCKVYw
UCeDHLImFr-Rpvw7MUV773dg,Gurifun,46200,77176998,237,US,@gurifun,https://www.youtube.com/channel/UCeDHLImFr-Rpvw7MUV773dg
UCA0txuM5Uo2TZ0qn0tZphRg,Gamers Heroes,339000,300647764,6313,,@gamersheroes,https://www.youtube.com/channel/UCA0txuM5Uo2TZ0qn0tZphRg
UC66gApP0mkdcFqVXyyZy9KQ,MrKravin,144000,40784572,2147,US,@mrkravin,https://www.youtube.com/channel/UC66gApP0mkdcFqVXyyZy9KQ
UC0fa7jE9MkzMwDHzr6V9eYQ,Game Forensics,99700,488384430,930,CA,@gameforensics,https://www.youtube.com/channel/UC0fa7jE9MkzMwDHzr6V9eYQ
UCJmgLa3XqyHk22XJI3vkV8A,Games Over Coffee,1440,44850,92,,@gamesovercoffee,https://www.youtube.com/channel/UCJmgLa3XqyHk22XJI3vkV8A
UCgmSW3MF9RaEl9pmyZPt-Vw,JT Vega,963,373860,1673,US,@jtvega,https://www.youtube.com/channel/UCgmSW3MF9RaEl9pmyZPt-Vw
UCCuVkVd54758LQe7nZcTQyA,Archived VODS,24600,7028890,1897,BE,@archivedvods,https://www.youtube.com/channel/UCCuVkVd54758LQe7nZcTQyA
UCWcUJMh7z--7g71k9rYzd1A,The Hatman (TheHat2),1020,136277,48,US,@thehatdeux,https://www.youtube.com/channel/UCWcUJMh7z--7g71k9rYzd1A
UCG08EqOAXJk_YXPDsAvReSg,Unity,1250000,246228580,3443,,@unity,https://www.youtube.com/channel/UCG08EqOAXJk_YXPDsAvReSg
UC_2GnV06fN02xUK5XTyEoVA,Fidgety Phil,62,18917,65,AT,@fidgetyphil1760,https://www.youtube.com/channel/UC_2GnV06fN02xUK5XTyEoVA
UC1LcrnlRkQiT2csRwh-sLhQ,Glychd,4220,455631,77,US,@glychd,https://www.youtube.com/channel/UC1LcrnlRkQiT2csRwh-sLhQ
UCm_3ZoUsTz64va3TanHWWOg,KevGuueyBackupChannel,518,57213,142,US,@kevguueygame,https://www.youtube.com/channel/UCm_3ZoUsTz64va3TanHWWOg
UCId9OHNhMNQTdJs7xXyeOiw,TheMelorino,1400,631441,640,US,@themelorino,https://www.youtube.com/channel/UCId9OHNhMNQTdJs7xXyeOiw
UCg6pHvcYy4jJisuuFtpQ6-A,Mark After Dark,29000,7358806,285,CA,@markafterdark,https://www.youtube.com/channel/UCg6pHvcYy4jJisuuFtpQ6-A
UCH7Rxx-ALdqnhuPUtHBYzNA,BagheraJones Replay,65700,11063246,914,FR,@bagherajonesreplay,https://www.youtube.com/channel/UCH7Rxx-ALdqnhuPUtHBYzNA
UCbbFwA30EUO2p2U1RCnwVTA,Philza VODS,103000,18356146,1320,NL,@philza_vods,https://www.youtube.com/channel/UCbbFwA30EUO2p2U1RCnwVTA
UCA1leqY7IRVhHVBeqVAXFUQ,Apple Babble,145,13242,67,AU,@applejuice724,https://www.youtube.com/channel/UCA1leqY7IRVhHVBeqVAXFUQ
UCL7uJYw2pOXvgvbdEc4gRZQ,Hatterpillar,2070,819604,348,,@hatterpillar,https://www.youtube.com/channel/UCL7uJYw2pOXvgvbdEc4gRZQ
UCxu8PaOMwEG2cal2k6jVI8g,PressMindToPlay,24,16573,46,,@pressmindtoplay9156,https://www.youtube.com/channel/UCxu8PaOMwEG2cal2k6jVI8g
UCvybpPPGR1PJCx4uBOszeHA,SammiiCake Gaming,16700,7990361,1758,GB,@sammiicake,https://www.youtube.com/channel/UCvybpPPGR1PJCx4uBOszeHA
UCwnEDbgPD2HCjAufFO1_30Q,Tengu Drop,3470,2817262,1600,,@tengudrop,https://www.youtube.com/channel/UCwnEDbgPD2HCjAufFO1_30Q
UCU2WglD6O2U7RyguGzMf_fg,SanctuaryRemix,1550,170273,57,US,@sanctuaryremix,https://www.youtube.com/channel/UCU2WglD6O2U7RyguGzMf_fg
UCyMo0YFDb6rA-fHDLuL7t7Q,Whalewolf Gaming,42,3081,40,US,@whalewolfgaming3368,https://www.youtube.com/channel/UCyMo0YFDb6rA-fHDLuL7t7Q
UCCAhDmeviaIe2STiI2c9ikQ,KimonBL,406,959723,36,,@kimonbl3583,https://www.youtube.com/channel/UCCAhDmeviaIe2STiI2c9ikQ
UC5CYeHPLer3lbEhgonvbbAA,Noah Caldwell-Gervais,315000,48127983,108,,@broadcaststsatic,https://www.youtube.com/channel/UC5CYeHPLer3lbEhgonvbbAA
UCU7G8KJmyOqIvP6bqoaQ5Bg,M1,1930,705133,191,US,@m1account,https://www.youtube.com/channel/UCU7G8KJmyOqIvP6bqoaQ5Bg
UCc9wK_LLYSPmBJbwZIWn-6w,Sampa,148,45728,424,DE,@sampa.playing,https://www.youtube.com/channel/UCc9wK_LLYSPmBJbwZIWn-6w
UC2THf0jmDDeBujMzG1sD2-Q,The Singleplayer Squad,62000,15120810,949,AT,@thesingleplayersquad,https://www.youtube.com/channel/UC2THf0jmDDeBujMzG1sD2-Q
UCt_ffAWBnBDft3vTzMdbFJg,PolishLynx,3540,2251291,6785,PL,@polishlynx,https://www.youtube.com/channel/UCt_ffAWBnBDft3vTzMdbFJg
UCF_k3-4jHtT6aJkzQ9gnIeQ,Bruugar,193000,203177247,16781,DE,@bruugar,https://www.youtube.com/channel/UCF_k3-4jHtT6aJkzQ9gnIeQ
UCYFgLzw0y66OcLRtoLAZvcg,Corfitz FF,8300,2665723,4200,BR,@corfitzff,https://www.youtube.com/channel/UCYFgLzw0y66OcLRtoLAZvcg
UCuF7enWwwh8av444Gl6m97w,Spiteful Hopes,52100,33591000,3830,US,@spitefulhopes,https://www.youtube.com/channel/UCuF7enWwwh8av444Gl6m97w
UCpy_M-JvKG9eha8OwP_yg5Q,Disassociate,141000,23753938,254,GB,@disass,https://www.youtube.com/channel/UCpy_M-JvKG9eha8OwP_yg5Q
UCmeds0MLhjfkjD_5acPnFlQ,Giant Bomb,248000,222554339,10932,US,@giantbomb,https://www.youtube.com/channel/UCmeds0MLhjfkjD_5acPnFlQ
UCYhpZj9HM_7mQP-g7tbZM4Q,supergreatfriend,34700,32493213,3589,,@supergreatfriend,https://www.youtube.com/channel/UCYhpZj9HM_7mQP-g7tbZM4Q
UCbQ4fbi0fy3d6Hb7q2FIATw,It'sAGundam,819000,286706697,2210,US,@itsagundam,https://www.youtube.com/channel/UCbQ4fbi0fy3d6Hb7q2FIATw
UCosoXm3TM9IgXHfSO04BpjA,The ManaPandalorian,653,126514,177,US,@themanapandalorian,https://www.youtube.com/channel/UCosoXm3TM9IgXHfSO04BpjA
UCbbWM3aBN-Z0z-L1hI63e5A,Critical Proximity,48,29558,18,,@criticalproximity9470,https://www.youtube.com/channel/UCbbWM3aBN-Z0z-L1hI63e5A
UCoG_YbnFEQ3S1Le3ZtxH4Jw,MoZen,648,331595,151,US,@mozennnn,https://www.youtube.com/channel/UCoG_YbnFEQ3S1Le3ZtxH4Jw
UCm4JnxTxtvItQecKUc4zRhQ,Errant Signal,174000,18486591,182,US,@errantsignal,https://www.youtube.com/channel/UCm4JnxTxtvItQecKUc4zRhQ
UC_lkYO1SiTqRAD_ou1Tk4Eg,EnterElysium,230000,104377224,5307,GB,@enterelysium,https://www.youtube.com/channel/UC_lkYO1SiTqRAD_ou1Tk4Eg
UCSQ1C82NLsVVGmi0ayYnh_w,Crystal Longplays,23600,55861718,1852,US,@longplayshd,https://www.youtube.com/channel/UCSQ1C82NLsVVGmi0ayYnh_w
UCZHxjyGCjAGomHgwzkM_FRQ,The Indie Buffet,7860,2190990,3292,,@theindiebuffet,https://www.youtube.com/channel/UCZHxjyGCjAGomHgwzkM_FRQ
UCaX9ZIG9oL0bocymR64u_rQ,Critical Path,4110,469593,1041,US,@criticalpathproject,https://www.youtube.com/channel/UCaX9ZIG9oL0bocymR64u_rQ
UCZezR9x-LhRNvmatR1L5_lA,TheCrazyEven,3170,509115,189,US,@thecrazyeven,https://www.youtube.com/channel/UCZezR9x-LhRNvmatR1L5_lA
UCcZ_4qmnxN8JITa1IUqBC7g,GEN,5620,2881901,1706,RU,@gen1337,https://www.youtube.com/channel/UCcZ_4qmnxN8JITa1IUqBC7g
UC1kVTmpCtOmE3PL4mcNEKZw,M-Pie,655,363468,896,US,@dandyandyrockner,https://www.youtube.com/channel/UC1kVTmpCtOmE3PL4mcNEKZw
UC0uWCUBVPIhgsjai2RN1buQ,Argent,12100,4256536,2434,CA,@argent7771,https://www.youtube.com/channel/UC0uWCUBVPIhgsjai2RN1buQ
UCgUzZAhJkUtYDFGbPowrR0w,Lawrence Sonntag,107000,13128664,3760,US,@sirlarr,https://www.youtube.com/channel/UCgUzZAhJkUtYDFGbPowrR0w
UCj0AdtBhPMD2TNuZfybRasg,SeapeekayLIVE,5230,1073489,991,,@seapeekaylive,https://www.youtube.com/channel/UCj0AdtBhPMD2TNuZfybRasg
UCgHviTbRWSgjZoW5C0q0Pvw,Diowie,320,24653,154,BR,@diowie,https://www.youtube.com/channel/UCgHviTbRWSgjZoW5C0q0Pvw
UC-Te7IC6Yoj7rNpxzR9V7Ww,FiyahKitteh - Gaming With Your Favorite Cat Girl,2350,370607,1045,GB,@fiyahkitteh,https://www.youtube.com/channel/UC-Te7IC6Yoj7rNpxzR9V7Ww
UCycXqbgPJaGm7ac6DJi9Npw,Ben's Gameplay Hoard,470,151492,334,CA,@bensgameplayhoard,https://www.youtube.com/channel/UCycXqbgPJaGm7ac6DJi9Npw
UCUXfg2G-3ieiK9-lC3yZqfA,Humble Gamer,625,124125,1123,GB,@humblegamertube,https://www.youtube.com/channel/UCUXfg2G-3ieiK9-lC3yZqfA
UCqwzqfTCfposmxwpddTFzUg,WASD Boys,71,2268,26,,@wasdboys,https://www.youtube.com/channel/UCqwzqfTCfposmxwpddTFzUg
UCEq8Izumuxv6KqB59FNlouQ,Vortrox,1440000,517053634,790,US,@vortrox,https://www.youtube.com/channel/UCEq8Izumuxv6KqB59FNlouQ
UCMsu8nlUU3oq1vizYLOhsrQ,Imagi,5570,17367885,210,,@imagiragi,https://www.youtube.com/channel/UCMsu8nlUU3oq1vizYLOhsrQ
UCtCwFbBzCD6bZ2UuxGlkjHw,Hemp Depot,61,13961,129,,@chubbypirategamer513,https://www.youtube.com/channel/UCtCwFbBzCD6bZ2UuxGlkjHw
UCCrA8ZN1J3S52wuF4vthZFQ,Silvio Gamer,11400000,4936580185,1377,MX,@silviogamer,https://www.youtube.com/channel/UCCrA8ZN1J3S52wuF4vthZFQ
UCubqpKp3okBcmhFCqkllA4w,Pedguin,379000,176149949,2240,GB,@pedguin,https://www.youtube.com/channel/UCubqpKp3okBcmhFCqkllA4w
UC-A2WBfHTnWkhNvehNo-MaA,Tyrecordslol,6240000,5361250429,2245,US,@tyrecordslol,https://www.youtube.com/channel/UC-A2WBfHTnWkhNvehNo-MaA
UCHciekxM6H6F3OTPrHs6B5g,NotGamerFleet,4820000,933285681,779,IN,@notgamerfleet,https://www.youtube.com/channel/UCHciekxM6H6F3OTPrHs6B5g
UCcE5A_owKrkB8A7ty-khLiw,Aeri Andromeda,1420,6089184,44,,@aeriandromeda,https://www.youtube.com/channel/UCcE5A_owKrkB8A7ty-khLiw
UCrbVfomWS0QD5MG9n5aj1hA,Serototally ,50800,39521763,130,,@totallysero,https://www.youtube.com/channel/UCrbVfomWS0QD5MG9n5aj1hA
UCHlga8nX89bcyVVdzrons2g,3oey Gaming,113000,866601387,505,US,@3oeygaming,https://www.youtube.com/channel/UCHlga8nX89bcyVVdzrons2g
UCC-RHF_77zQdKcA75hr5oTQ,FGTeeV,25600000,26225939198,1884,US,@fgteev,https://www.youtube.com/channel/UCC-RHF_77zQdKcA75hr5oTQ
UCXPUr44A4aRJWTeefG_sKfw,Kane Carter,70700,5295401,86,GB,@kanecarter,https://www.youtube.com/channel/UCXPUr44A4aRJWTeefG_sKfw
UC2ttPYY1p3F77TpOov9X99A,Dive In Gaming,198000,489647893,499,,@diveingamingchannel,https://www.youtube.com/channel/UC2ttPYY1p3F77TpOov9X99A
UCWRmZvwkp6oNca2wW3uFcFg,SATVIK,13900000,5232610733,1042,IN,@satvik,https://www.youtube.com/channel/UCWRmZvwkp6oNca2wW3uFcFg
UCz8x29vZoz5POOkYMU14yZQ,ALASAN GAMING,2450000,468371562,1376,ID,@alasangaming,https://www.youtube.com/channel/UCz8x29vZoz5POOkYMU14yZQ
UCWH4I6WmCGLRxeTRtUaNoYg,INDIAN AWM,340000,102153374,1244,IN,@indawm,https://www.youtube.com/channel/UCWH4I6WmCGLRxeTRtUaNoYg
UCBiE5cTVhWO9iAh3LnnLnkw,Ray Narvaez Jr Shorts,51400,89584619,1366,US,@ray.narvaezjr,https://www.youtube.com/channel/UCBiE5cTVhWO9iAh3LnnLnkw
UCQdgVr3dEAeUvDbhSHAw4Gg,IULITMx,9620000,3994930691,9659,RO,@iulitm,https://www.youtube.com/channel/UCQdgVr3dEAeUvDbhSHAw4Gg
UCcjIvuxmWlS5IEQ0JdPV4Ng,Rubius Z,14800000,3891417488,1031,ES,@elrubius,https://www.youtube.com/channel/UCcjIvuxmWlS5IEQ0JdPV4Ng
UCcr9b4cbsnNYkezZZwsq6Sw,Cade,1550000,579967291,2239,ES,@cadeyoutube,https://www.youtube.com/channel/UCcr9b4cbsnNYkezZZwsq6Sw
UCZqEZgmQjT-2qiLBU1BpiRQ,Ashley Nichols Art,721000,105548234,329,US,@ashleynicholsart,https://www.youtube.com/channel/UCZqEZgmQjT-2qiLBU1BpiRQ
UCKJ9-P8-bCPO4qqRkM9kayA,vgamesgonewild,488,678373,490,,@vgamesgonewild3842,https://www.youtube.com/channel/UCKJ9-P8-bCPO4qqRkM9kayA
UCP7WsVTkbPP9EaIFIUgwngg,PK GAMERS,6850000,1487963589,2659,IN,@pkgamers0,https://www.youtube.com/channel/UCP7WsVTkbPP9EaIFIUgwngg
UCDfYcuNw-ff952Xn0VDWwDw,Dawko,2260000,899232128,3674,GB,@dawko,https://www.youtube.com/channel/UCDfYcuNw-ff952Xn0VDWwDw
UCQq2hc_aorEhHXvGk36ZhRw,Slice of Kris,1380,724499,1418,AU,@sliceofkris,https://www.youtube.com/channel/UCQq2hc_aorEhHXvGk36ZhRw
UClqrzmeA6DOuKAygb1WkRhg,Srikanta,2360000,1384103324,2026,IN,@srikanta_ff,https://www.youtube.com/channel/UClqrzmeA6DOuKAygb1WkRhg
UCUeE-EqIEFEMLshkaIMNsLA,DopplerVidya,120,118683,105,US,@dopplervidya,https://www.youtube.com/channel/UCUeE-EqIEFEMLshkaIMNsLA
UCuTQCReHy9BJH7u3VmN4WPQ,dawnstarz,46900,439761774,192,US,@dawnstarz,https://www.youtube.com/channel/UCuTQCReHy9BJH7u3VmN4WPQ
UCiuVuOjxsX-LX38tsC9UCMw,BionTV,15800,115390276,90,,@bion_tv,https://www.youtube.com/channel/UCiuVuOjxsX-LX38tsC9UCMw
UC5enhS5tdXhHNbj8s_kdBUw,FusionZGamer,5020000,2374440472,5074,US,@fusionzgamer,https://www.youtube.com/channel/UC5enhS5tdXhHNbj8s_kdBUw
UCEjTIBn0uJe2g9q_glGTolw,EthGoesBOOM,1030000,543420159,1032,AU,@ethgoesboom,https://www.youtube.com/channel/UCEjTIBn0uJe2g9q_glGTolw
